historia;cursor;fin;entradas;eventos;texto
H1;0x008a;0x0105;0;;今、僕は加賀美村へ向 かうバスの中にいる。 山は鮮やかな緑が覆い、 空はあくまで青い。 そんな景色の中を一時 間半ぐらい走っただろ うか。 バスは加賀美村へと到 着した。
H1;0x0107;0x016e;;;デイパックを開けて財 布を探していると、な にやら前の方が騒がし いようだ。 どうやら、運転手と一 人の女の子がもめてい るらしい。
H1;0x0170;0x01c8;;;女の子は白いノースリ ーブのワンピースに、 おそろいの白い帽子を 両手で胸に抱えて、落 ち着かない様子で視線 を泳がせていた。
H1;0x01ca;0x023c;;;「あの、どうしたんで すか？」 尋ねると、年配の運転 手さんは僕の方を見て、 「どないもこないも、 ないけん。 この娘さん、終点まで 来といて、金無い言う とるんやけど……」
H1;0x023e;0x0285;;;「あ、あの、申し訳あ りません……」 消え入りそうな声でや っと声を絞り出すと、 そのままうつむいてし まった。
H1;0x0287;0x02d8;;PREGUNTA (2 opciones) | OPCION -> entrada 1 (cursor 0x02d8) | OPCION -> entrada 2 (cursor 0x054e);今にも泣き出してしま いそうだ。 １．かわりに払ってあげ 　る ⇒[1] ２．「お金が足りないん 　　ですか？」 ⇒[2]
H1;0x02d8;0x0337;1;;町から、この加賀美村 までのバス代は大体二 千円ぐらいだったはず。 僕も大金は無いが、も しものために、と少し 多めに親が持たせてく れた。
H1;0x0339;0x0379;;;同じ年くらいのこの女 の子のことが少し可哀 想に思えてきた僕は、 財布の中身を確かめて 言った。
H1;0x037b;0x03e2;;;「もし、良かったら、 僕が払いましょうか」  女の子はとても驚いた 様子で僕を見た。 「あ、あの、でも、私、 その……」と、さらに うろたえてしまう。
H1;0x03e4;0x0455;;;そんなやりとりを見か ねたのだろう。運転手 は軽く手を振った。 「ああ、わかったわか った。もういいけん、 行きな。そのかわり、 帰りは払うてよ」 苦笑いをしながら、で も優しく言った。
H1;0x0457;0x04a0;;;女の子は何度も何度も 運転手と僕に礼を言っ てバスを降りた。  僕も女の子の後につづ いてバスを降りた。
H1;0x04a2;0x050e;;;見渡すかぎりの水田と、 まばらに建っている農 家。 そのど真ん中に、ぽつ んと存在するさびた時 刻表と腐りかけた木の ベンチ。
H1;0x0510;0x0548;;;山から聞こえてくるセ ミの声だけが、かろう じてそこに時間が流れ ていることを教えてい た。
H1;0x054a;0x054e;;SALTO -> entrada 3 (cursor 0x0687);
H1;0x054e;0x0583;2;;「お金が足りないんで すか？」 「いえ、その……」 女の子はまたうつむい てしまった。
H1;0x0585;0x05e7;;;それを見かねたのか運 転手は軽く手を振り、 「ああ、わかったわか った。もういいけん、 行きな。そのかわり、 帰りは払うてよ」 声をいらだたせながら、 そういった。
H1;0x05e9;0x0674;;;女の子は何度も何度も 運転手に頭を下げてバ スを降りた。 僕も女の子の後につづ いてバスを降りた。 あれっ、お金払ったっ け？ バスは走り去っていっ た…。
H1;0x0676;0x0687;;SALTO -> entrada 3 (cursor 0x0687);
H1;0x0687;0x06bc;3;;ふと我に返ると、女の 子がこちらを見ていた。 清楚な服がよく似合っ ている。
H1;0x06be;0x072b;;PREGUNTA (2 opciones) | OPCION -> entrada 4 (cursor 0x072b) | OPCION -> entrada 5 (cursor 0x07d8);僕は今までに、こんな にかわいらしい女の子 と話をしたことはなく、 少し緊張していた。 １．女の子に話しかける ⇒[4] ２．気恥ずかしくなって 　目をそらす ⇒[5]
H1;0x072b;0x0776;4;;「これからどちらへ？」  女の子は抱えていた帽 子をかぶると、少し考 えて、 「えっと…… ここはどこなのでしょ うか？」
H1;0x0778;0x07d8;;PREGUNTA (2 opciones) | OPCION -> entrada 6 (cursor 0x08b5) | OPCION -> entrada 7 (cursor 0x0915);予想外の返答に僕は少 し戸惑ったが、 １．「ここは加賀美村で 　　す」 ⇒[6] ２．「ここは……　　　 　　　　　　フフフ」 ⇒[7]
H1;0x07d8;0x0835;5;;気恥ずかしくなって、 おもわず僕は目をそら してしまった。 すると女の子の方も、 僕のことを見つめてい たことに気づいたらし く恥ずかしそうに目を そらした。
H1;0x0837;0x088b;;;このままお互い恥ずか しがっていてもしかた ない。 ここは男の僕の方から 話しかけようと思い、 「君は 　　どこからきたの？」 と聞いた。
H1;0x088d;0x08af;;;女の子は下を向いたま ま、黙ってしまった。 「あのー…」
H1;0x08b1;0x08b5;;SALTO -> entrada 8 (cursor 0x0a5f);
H1;0x08b5;0x08f0;6;;「ここは加賀美村です」 と僕は真面目に答えた。  「私、あてもなくここ まで来てしまって…」
H1;0x08f2;0x0915;;SALTO -> entrada 8 (cursor 0x0a5f);「あてもなくって……」 僕が言葉を詰まらせて いると。
H1;0x0915;0x0974;7;;「ここは……　フフフ」 女の子がふざけている ようなので、僕もふざ けることにした。 女の子と仲良くなるに は笑いを取るのが一番 手っ取り早い。
H1;0x0976;0x09b9;;;「あなたは来てはいけ ない場所へ来てしまっ たようですね」 「あなたはもう、帰る ことができないかも知 れません」
H1;0x09bb;0x09fe;;;「あなたが悩みから解 放されたとき、もしか したら帰れるかも知れ ません」 僕は適当にでまかせを 並べたてた。
H1;0x0a00;0x0a2d;;;「私は悩みから解放さ れるでしょうか？」 女の子も乗ってきたみ たいだ。
H1;0x0a2f;0x0a53;;;「すべてを語りなさい。 そして、自然に身をゆ だねるのです」
H1;0x0a55;0x0a5f;;SALTO -> entrada 8 (cursor 0x0a5f);
H1;0x0a5f;0x0a9c;8;;「私……　実は」   「私…… 家出して来たんです」
H1;0x0a9e;0x0af0;;;「これからどうしたら 良いのか…お母様は、 怒っていらっしゃるだ ろうし…」  ため息をついてうつむ く彼女。
H1;0x0af2;0x0b4d;;;「……でも、今日はも うバスも来ないよ。ど うする？　家に連絡し たいならケイタイ電話 を貸すけど」  彼女は左右に首を振っ た。
H1;0x0b4f;0x0bb1;;;「そんなこと、できま せん！　怖くって…」  「そうは言うけど、今 日泊まる所も無いんだ ろう？　お金も持って 無いみたいだし」 彼女は涙ぐみ始めた。
H1;0x0bb3;0x0c09;;PREGUNTA (2 opciones) | OPCION -> entrada 9 (cursor 0x0c09) | OPCION -> entrada 10 (cursor 0x0e04);「はい……でも、どう しよう…私、帰ったら ……」 １．とりあえず、今日の 　宿を探そう ⇒[9] ２．詳しく話を聞く ⇒[10]
H1;0x0c09;0x0c7d;9;;とりあえず、今日は帰 れないし野宿するわけ にもいかない。 「じゃあさ、今から僕 の泊まる旅館に一緒に 行こうか。とても安い 所だから、一泊分ぐら いなら出してあげられ るよ」
H1;0x0c7f;0x0cca;;;驚いた女の子は目を丸 くした。 「いえ、そんな。見ず 知らずの方にそこまで してもらっては…」 とまた首を振る。
H1;0x0ccc;0x0d0d;;;「でも、他に方法はあ るの？　それに、僕も 放っておけないよ、こ んな所に女の子ひとり だけ…」
H1;0x0d0f;0x0d54;;;困った顔で考え込んだ 女の子は、しばらくし て顔をあげる。 「……本当に、よろし いんですか……？」
H1;0x0d56;0x0d8c;;;「いいよ」  僕は女の子に信用して もらえたことが、なん だか嬉しくなった。
H1;0x0d8e;0x0de0;;;「僕は高橋尚樹。 　　　　　　　君は？」  と言って、女の子に手 を差し出した。  女の子は少し照れなが ら、僕の手を握った。
H1;0x0de2;0x0dfe;;;「私は、玲子。 よろしくお願いします」
H1;0x0e00;0x0e04;;SALTO -> entrada 11 (cursor 0x0e2c);
H1;0x0e04;0x0e2c;10;PREGUNTA (2 opciones) | OPCION -> entrada 16 (cursor 0x1cb1) | OPCION -> entrada 17 (cursor 0x1dd6);「なんで家出なんかし たの？」  ⇒[16]  ⇒[17]
H1;0x0e2c;0x0e95;11;;僕達は、だいぶ傾きか けた日差しの中を歩き 始めた。 あらかじめ、旅館はチ ェックしてある。 『一泊二食付き 　　　　　二五〇〇円』
H1;0x0e97;0x0ebc;;;ただし、村から結構離 れているし、かなり古 い建物らしい。
H1;0x0ebe;0x0f07;;;「えーと……なんて呼 んだらいいのかな。 ……玲子さん？」 「……できれば、その 呼び方は……」 彼女はうつむいた。
H1;0x0f09;0x0f4a;;;「じゃあ……玲ちゃん はどう？」 「いいですよ、それで も」 彼女は少し恥ずかしそ うに笑った。
H1;0x0f4c;0x0f8d;;;ゆるやかな坂道を二十 分ほど上っただろうか。  もう空は茜色に染まっ ていた。
H1;0x0f8f;0x0fed;;PREGUNTA (2 opciones) | OPCION -> entrada 13 (cursor 0x117e) | OPCION -> entrada 12 (cursor 0x0fed);「尚樹さんは、どうし てこの村に？」 １．「玲ちゃんに会いた 　かったから」 ⇒[13] ２．「玲ちゃんと同じよ 　うな理由かな」 ⇒[12]
H1;0x0fed;0x1004;12;;「玲ちゃんと同じよう な理由かな」
H1;0x1006;0x101c;;;もうどのくらい前だろ う。
H1;0x101e;0x108e;;;何かの番組でこの小さ な村が紹介されていた。 僕はこの小さな村にと てもひかれるものを感 じた。 なぜ、その村にひかれ たのか、その時はわか らなかった。
H1;0x1090;0x10d1;;;ある日 「その村に行ってみた い」 と両親に説明したが両 親は理解してくれなか った。
H1;0x10d3;0x111a;;;僕がどうしても行きた いと言うと、期末試験 で一定の結果を出した らということになり、  僕は今ここにいる。
H1;0x111c;0x1165;;;でも、本当はどこでも 良かったんだ。 どこかに行きたかった んじゃなくて、なにか から逃げ出したかった んだ。
H1;0x1167;0x117e;;PREGUNTA (2 opciones) | OPCION -> entrada 66 (cursor 0x6858) | OPCION -> entrada 67 (cursor 0x686f);
H1;0x117e;0x11d7;13;;「玲ちゃんに会いたか ったから」 「フフ、尚樹さんって 面白い人なんですね」  「僕は一人旅マニアな んだよ。目的もないま ま旅にでるのさ。
H1;0x11d9;0x123c;;;小学生のときに、自転 車で日本を一周し、ワ イドショーに取材され たことだってあるんだ ぜ。 夏休みやゴールデンウ ィークは僕の季節さ。
H1;0x123e;0x127e;;;できるだけ田舎の方に、 田舎の方に、と進んで きたのさ。その結果こ の村にたどり着いたっ てわけさ」
H1;0x1280;0x12b8;;;「……すごいですね、 ひとりで旅をするなん て」 玲ちゃんは心底感心し ているようだ。
H1;0x12ba;0x130a;;;「そ、そう言ってもら えるとうれしいけどね」 僕は調子に乗ってある ことないこと言ってし まったが、ちょっと後 ろめたい気分になった。
H1;0x130c;0x1315;;;でも本当は……
H1;0x1317;0x132d;;;本当はそんな理由じゃ なかった。
H1;0x132f;0x1345;;;もうどのくらい前だろ う。
H1;0x1347;0x13b7;;;何かの番組でこの小さ な村が紹介されていた。 僕はこの小さな村にと てもひかれるものを感 じた。 なぜ、その村にひかれ たのか、その時はわか らなかった。
H1;0x13b9;0x13f4;;;ある日、 「その村に行ってみた い」 と両親に説明したが両 親は理解してくれなか った。
H1;0x13f6;0x1444;;;僕がどうしても行きた いと言うと、期末試験 で一定の結果を出した らということになり、  僕は今ここにいる。
H1;0x1446;0x148f;;;でも、本当はどこでも 良かったんだ。 どこかに行きたかった んじゃなくて、なにか から逃げ出したかった んだ。
H1;0x1491;0x149b;;;でも、何から？
H1;0x149d;0x14bf;;;そんな、疑問の声が自 分の中から聞こえてき ていた。
H1;0x14c1;0x14c5;;SALTO -> entrada 14 (cursor 0x14c5);
H1;0x14c5;0x14ed;14;;しばらくすると、山の 上からトラクターが下 りて来た。
H1;0x14ef;0x1567;;;軽く会釈すると、笑顔 を返してくれた。 「よお、こんな時間か ら山歩いとんのかい？ やめとった方がええん ちゃうんかいな、この 前も熊が出て来て村中 大騒ぎだったけんなぁ」 と大声で言った。
H1;0x1569;0x159b;;;玲ちゃんが帽子を取っ て答えた。  「私達、旅館に向かっ ているんです！」
H1;0x159d;0x15e9;;;聞こえたのか聞こえな かったのか、村人はい ぶかしげな顔をしなが ら、エンジン音ととも に通り過ぎていった。
H1;0x15eb;0x163b;;;旅館までは一本道だっ たが、着いたのは午後 七時をまわっていた。 紫色の空の下、木造二 階建の建物が立ってい た。
H1;0x163d;0x16a1;;;その建物は見るからに 寂れていて人の気配も なく、廃墟のようだっ た。崩れかけた看板に は旅館と言う文字だけ 読み取ることができた。
H1;0x16a3;0x16cd;;;玄関と一階にはほのか な明かりがついている が、二階は真っ暗だ。
H1;0x16cf;0x1721;;;「……まあ、安いから しかたないよね」 玲ちゃんに向かって苦 笑いを浮かべた。 「いいえ、そんな」 彼女は笑顔を返してく れた。
H1;0x1723;0x1741;;;僕達は、旅館の門をく ぐった。
H1;0x1743;0x175d;;;ガラ　ガラ　ガラ
H1;0x175f;0x17b4;;;引き戸を開けると、意 外に広いロビーが目に 入る。  ほとんど灯がついてい ないらしく、薄暗かっ た。
H1;0x17b6;0x180d;;;「すみませーん、一晩 泊まりたいのですがー」 しばらく待ったが返事 はなかった。 玲ちゃんを見ると、彼 女は不安そうにしてい る。
H1;0x180f;0x181f;;;「すみませーん！」
H1;0x1821;0x18a2;;SALTO_CONDICIONAL +9 bytes;ズドーン その瞬間、物凄い音と 共に振動が建物を揺ら した。あまりの衝撃に 一瞬宙に浮いたような 気がした。 あちこちで何かが割れ る音がして、壁が嫌な 音をたてる。
H1;0x18a4;0x18c7;;;思わずその場にしゃが み込んだ。  「じ、地震!?」
H1;0x18c9;0x1930;;;玲ちゃんは言葉をなく して、僕の腕にしがみ ついていた。 手が震えている。 再び静寂が戻り、夜の 虫たちの声が聞こえ始 める。
H1;0x1932;0x1945;;;……今のは 　　　　　一体……？
H1;0x1947;0x1978;;;ゆっくりとあたりを見 まわすが、何事もなか ったかのように静まり 返っていた。
H1;0x197a;0x19a5;;;僕の腕を握っている玲 ちゃんの手に、徐々に 力が増すのを感じた。
H1;0x19a7;0x19c9;;;「玲ちゃ…」  言いかけて、口をつぐ んだ。
H1;0x19cb;0x19cf;;SALTO -> entrada 15 (cursor 0x19cf);
H1;0x19cf;0x19f0;15;;パシャッ  ………………
H1;0x19f2;0x1a0c;;;「…………！！」 背後で、音がした。
H1;0x1a0e;0x1a24;;;パシャッ
H1;0x1a26;0x1a3c;;;パシャッ
H1;0x1a3e;0x1a6e;;;それは、僕達が入って 来た、ガラスの引き戸 を、何かが叩いている 音だ。
H1;0x1a70;0x1a86;;;パシャッ
H1;0x1a88;0x1aaf;;;パシャッパシャッ
H1;0x1ab1;0x1ac6;;;この音…………  ……なっ、なんだ……
H1;0x1ac8;0x1af1;;;パシャッ  パシャッ
H1;0x1af3;0x1b1c;;;パシャッパシャッ
H1;0x1b1e;0x1b47;;;いる……すぐ……  うしろ……  ……に……  …………いる……
H1;0x1b49;0x1b85;;;パシャッ  パシャッ  パシャッ
H1;0x1b87;0x1bd6;;;パシャッ  パシャッ  パシャッ  パシャッ
H1;0x1bd8;0x1c6a;;;パシャパシャパシャ パシャパシャパシャ パシャパシャパシャ パシャパシャパシャ パシャパシャパシャ パシャパシャパシャ パシャパシャパシャ
H1;0x1c6c;0x1cb1;;PREGUNTA (2 opciones) | OPCION -> entrada 20 (cursor 0x1ea8) | OPCION -> entrada 19 (cursor 0x1e81);「う、うしろから」 １．振り向く ⇒[20] ２．旅館内に逃げ込む ⇒[19]
H1;0x1cb1;0x1d04;16;;「えっと、それは…、 その…」 女の子は少しためらっ たが、自分の悩みにつ いて話してくれた。 女の子の話は大体こん な感じだ。
H1;0x1d06;0x1d56;;;女の子の家は代々続く 華道の名家であり、そ この一人娘である。 幼い頃からお花の修行 を積んできた。
H1;0x1d58;0x1d87;;;母親は、跡を継いで欲 しいらしく、何でも女 の子の人生を決めてき た。
H1;0x1d89;0x1dca;;;ついには、許婚まで決 めてしまった。 それが本当は嫌で仕方 がなかったのだが、母 には逆らえなかった。
H1;0x1dcc;0x1dd6;;SALTO -> entrada 18 (cursor 0x1e2f);
H1;0x1dd6;0x1df9;17;;「えっと、それは…、 その…」 彼女は話しづらそうだ。
H1;0x1dfb;0x1e29;;;「無理に話さなくても いいよ」 それよりもこれからど うするかの方が大事だ。
H1;0x1e2b;0x1e2f;;SALTO -> entrada 9 (cursor 0x0c09);
H1;0x1e2f;0x1e6e;18;;とうとう、明日はその 許婚と会わなくてはい けなくなり、耐え切れ ずに逃げ出してきた、 という。
H1;0x1e70;0x1e81;;SALTO -> entrada 9 (cursor 0x0c09);
H1;0x1e81;0x1ea8;19;SALTO -> entrada 21 (cursor 0x1f02);「玲ちゃん、違う出口 を探そう」 「そ、そうですね……」
H1;0x1ea8;0x1ee9;20;;「なっ、なに……」 ガラスには、真っ赤な 赤ん坊の手形がびっし りとついていた。
H1;0x1eeb;0x1f02;;PREGUNTA (2 opciones) | OPCION -> entrada 63 (cursor 0x6731) | OPCION -> entrada 64 (cursor 0x67d3);
H1;0x1f02;0x1f3e;21;;僕は、はやる気持ちを 押さえつつデイバック に入っている懐中電灯 を取り出した。
H1;0x1f40;0x1fb6;;;スイッチを入れると、 薄汚れた天井が丸く映 し出された。 次にあたりを照らして みる。 壁はかなり汚れていて、 廊下は穴だらけだ。
H1;0x1fb8;0x1fe6;;;左右には沢山の客室が 並んでいる。 客室…… 　　なんだろうか。
H1;0x1fe8;0x2013;;;「ひあ……っ！」 玲ちゃんが短い悲鳴を 上げた。
H1;0x2015;0x207c;;;驚いて彼女を見ると、 すぐ隣の部屋を指差し て固まっている。 慌てて彼女の指し示す 方を照らした。 そこには朽ちた扉に紙 が貼ってあり、
H1;0x207e;0x20d9;;;恐る恐る近づいてみる。 ボロボロの扉に、確か にその紙は貼ってあっ た。 そんな…なんで僕達の 名前が…
H1;0x20db;0x212a;;;僕は部屋の中が気にな り、ドアのノブに手を かけようした。 すると玲ちゃんが服の すそを引っ張って、首 を振った。
H1;0x212c;0x2143;;PREGUNTA (2 opciones) | OPCION -> entrada 22 (cursor 0x2143) | OPCION -> entrada 23 (cursor 0x21cc);
H1;0x2143;0x2169;22;;「ね、やめましょう、 恐ろしいことが起きる ような気がします……」
H1;0x216b;0x21cc;;PREGUNTA (2 opciones) | OPCION -> entrada 24 (cursor 0x2252) | OPCION -> entrada 25 (cursor 0x25a7);僕の服をつかむ玲ちゃ んの小さな手が震えて いる…… １．それでも部屋の中が 　気になった ⇒[24] ２．玲ちゃんを気遣う ⇒[25]
H1;0x21cc;0x21f2;23;;「ね、やめましょう、 恐ろしいことが起きる ような気がします……」
H1;0x21f4;0x2252;;PREGUNTA (2 opciones) | OPCION -> entrada 24 (cursor 0x2252) | OPCION -> entrada 54 (cursor 0x5379);玲ちゃんはそう言った が、部屋から外に出ら れるかも知れない。 １．部屋の中を調べよう ⇒[24] ２．部屋を調べない ⇒[54]
H1;0x2252;0x2286;24;;「でも、ここに立って いるわけにもいかない よ。もしかしたら、外 にでれるかもしれない し」
H1;0x2288;0x22b5;;;僕は壊れかけたドアを 気遣いながら、そのノ ブに力を入れた。
H1;0x22b7;0x22e8;;;ギイイイィィィ きしむ音を立てて、ド アは開いていった。
H1;0x22ea;0x233c;;;窓からは、こうこうと 月明かりがさしこんで いた。 天井、床、全て青白い ひび割れたタイルに覆 われている。
H1;0x233e;0x2373;;;その中に、簡素なベッ ドが二つ並べて置いて あり、上には四角い… …木箱？
H1;0x2375;0x2397;;;…棺桶だった。
H1;0x2399;0x23dc;;;それぞれの棺には  『高橋尚樹』  『美咲玲子』  と書かれている。
H1;0x23de;0x23ff;;;これは…何だ…？ どんな意味があるって 言うんだ…
H1;0x2401;0x244b;;;振り向いて玲ちゃんを 見ると、呆然として、 棺桶を見つめていた。 僕は彼女をつれて、そ の部屋を出た。
H1;0x244d;0x249e;;;ドアを閉めようとする 僕の背後で、彼女がつ ぶやく。 「私達…あれに入るの かな……」  「……よせよ」
H1;0x24a0;0x2507;;;僕は少し乱暴にドアを 閉める。 「ごめんなさい……」 消えそうな声で彼女は 言った。 そうだよな……。 元はといえば、僕がこ こに誘ったんだっけ。
H1;0x2509;0x2569;;;「いや、いいんだ。僕 の方こそごめんね、こ んなことに巻きこんで しまって」 「ううん、尚樹さんの せいじゃない。親切に してくれて、私、嬉し かったです」
H1;0x256b;0x25a1;;;「出よう、ここから。 二人で」  「はい！」 彼女に、笑顔が戻った。
H1;0x25a3;0x25a7;;SALTO -> entrada 26 (cursor 0x2714);
H1;0x25a7;0x2618;25;;僕は……無神経だ。 男の僕でも恐怖を抑え るので精一杯なのに女 の子である玲ちゃんが 怖くないわけがない。 「ごめんね、 こんなことに巻きこん でしまって……」
H1;0x261a;0x2668;;;僕はノブから手を離し 玲ちゃんの震える手を 優しく握った。 玲ちゃんは少し驚いて 恥ずかしそうに僕の方 を見た。
H1;0x266a;0x26bb;;;「そんな、尚樹さんの せいじゃない。親切に してくれて、私、嬉し かったです」 彼女は真剣なまなざし で、僕を見つめながら 言った。
H1;0x26bd;0x270e;;;「出よう、ここから。 二人で」  「はい」  玲ちゃんの手はもう震 えていなかった。 そして、僕自身も…
H1;0x2710;0x2714;;SALTO -> entrada 26 (cursor 0x2714);
H1;0x2714;0x272b;26;PREGUNTA (2 opciones) | OPCION -> entrada 27 (cursor 0x272b) | OPCION -> entrada 27 (cursor 0x272b);
H1;0x272b;0x2759;27;;玲ちゃんがいることに よって、なんとか自分 を保っている。 そんな気がした。
H1;0x275b;0x279c;;;自分が頼られる。 そして、他人を頼りに する。 こんなことは、今まで の自分にはない出来事 だった。
H1;0x279e;0x27dd;;;しばらく歩いていると、 玲ちゃんが、なにかそ わそわしているのに気 づいた。
H1;0x27df;0x2835;;;「どうしたの、玲ちゃ ん」 「あの…さっきから、 何かに見られている気 がするんです……その …気になって…」
H1;0x2837;0x284f;;;僕は懐中電灯であたり を照らしてみた。
H1;0x2851;0x2871;;;彼女の表情が変わって いくのがわかった。
H1;0x2873;0x289c;;;それは……   「……！ …………………………」
H1;0x289e;0x28d7;;;見開いた目に涙をいっ ぱいに溜めて、玲ちゃ んはゆっくりと僕の方 を向いた。
H1;0x28d9;0x28f0;;PREGUNTA (2 opciones) | OPCION -> entrada 28 (cursor 0x28f0) | OPCION -> entrada 29 (cursor 0x2a60);
H1;0x28f0;0x293f;28;;こみ上げてくる恐怖を 必死に我慢して、怯え る玲ちゃんを抱き締め た。 玲ちゃんは震える手で 僕の腕を握り返す。
H1;0x2941;0x2970;;;僕達は、ともすれば崩 れてしまいそうな心を 互いの腕で繋ぎ止めて いた。
H1;0x2972;0x29bf;;;僕達は声を押し殺しな がら、その場を離れた。 しばらく進むと廊下は 行き止まりになってい た。
H1;0x29c1;0x29f3;;;あたりを見まわすと二 階へ上がる階段と、 『菊の間』と書かれた 扉が見えた。
H1;0x29f5;0x2a60;;PREGUNTA (2 opciones) | OPCION -> entrada 33 (cursor 0x2e09) | OPCION -> entrada 30 (cursor 0x2b52);「どうしますか？」 そう聞いてきた玲ちゃ んの顔に少し疲労が感 じられた。 １．「あそこの部屋で少 　し休もう」 ⇒[33] ２．「二階に上がろう」 ⇒[30]
H1;0x2a60;0x2a8b;29;;「いこう！」 僕は玲ちゃんの手を引 いてその場から逃げ出 した。
H1;0x2a8d;0x2ac9;;;どれぐらい走ったのだ ろうか。 気がつくと、廊下は行 き止まりになっていた。
H1;0x2acb;0x2b03;;;まわりを見てみると二 階へ上がる階段と、扉 が見えた。 「はあはあ…あっあの、 どうしますか」
H1;0x2b05;0x2b52;;PREGUNTA (2 opciones) | OPCION -> entrada 30 (cursor 0x2b52) | OPCION -> entrada 31 (cursor 0x2c08);玲ちゃんは不安そうに 聞いてきた。 １．「二階へ上がろう」 ⇒[30] ２．「そこの部屋に入ろ 　う」 ⇒[31]
H1;0x2b52;0x2bc5;30;;「二階へ上がろう。二 階になら避難ハシゴが あるはずだ」 「は、はい」 僕はそう言って二階に 上がり始めた。 ここは旅館だ。二階に 避難ハシゴの一つや二 つあるはずだ。
H1;0x2bc7;0x2c02;;;玲ちゃんはかなり疲れ ているみたいだったが、 一刻も早くこの旅館か ら抜け出さなければい けない。
H1;0x2c04;0x2c08;;SALTO -> entrada 36 (cursor 0x32c9);
H1;0x2c08;0x2c6e;31;;「そこの部屋に入ろう」 僕達は、『菊の間』と 書かれた部屋へと入っ ていった。 中を見ると、どこから かこうこうと月明かり がさしこんでいた。
H1;0x2c70;0x2c74;;SALTO -> entrada 32 (cursor 0x2c74);
H1;0x2c74;0x2c90;32;;窓があればそこから外 へ出られるかもしれな い。
H1;0x2c92;0x2ce6;;;そんな期待もすぐに打 ちのめされた。 窓には板が打ちつけら れており、その隙間か らは到底、人が通り抜 けることはできなさそ うだった。
H1;0x2ce8;0x2d24;;;この板さえ外れれば… 僕は渾身の力を込めて 板を引っ張るが、板は ビクともしなかった。
H1;0x2d26;0x2d47;;;「ごめん、僕の力じゃ 外れそうにない」 「そうですか」
H1;0x2d49;0x2da1;;;玲ちゃんは少しだけ残 念そうに答え、 「それでは、このお部 屋で少しだけ休みまし ょう」 と肩で息をしながらも、 笑顔で言った。
H1;0x2da3;0x2df0;;;僕と玲ちゃんは床に腰 をおろした。 玲ちゃんは少し疲れて いるみたいだった。 …体力的にも …精神的にも
H1;0x2df2;0x2e09;;PREGUNTA (2 opciones) | OPCION -> entrada 34 (cursor 0x2e73) | OPCION -> entrada 35 (cursor 0x31aa);
H1;0x2e09;0x2e1d;33;;「あそこの部屋で少し 休もう」
H1;0x2e1f;0x2e73;;SALTO -> entrada 32 (cursor 0x2c74);僕達は、『菊の間』で 一休みすることにした。 中を見ると、どこから かこうこうと月明かり がさしこんでいた。
H1;0x2e73;0x2ec7;34;;なにか面白い話でもし て少しでもリラックス させたかったが、面白 い話題が見つからない。 その間、彼女はじっと こっちを見ていた。
H1;0x2ec9;0x2f08;;;僕は少し不思議に思っ て、 「なに？」 と聞くと、玲ちゃんは うつむいていて何か少 し考えてから、
H1;0x2f0a;0x2f68;;;「少し私の話を聞いて もらえますか？」 と真剣な表情で僕に聞 いてきた。 彼女の頼みを断れるは ずもない。 「もちろん」 と僕は答えた。
H1;0x2f6a;0x2fa5;;;玲ちゃんは自分の悩み について話し出した。 玲ちゃんの話は大体こ んな感じだ。
H1;0x2fa7;0x2fec;;;玲ちゃんの家は代々続 く華道の名家であり、 そこの一人娘である。 幼い頃からお花の修行 を積んできた。
H1;0x2fee;0x3060;;;母親は、跡を継いで欲 しいらしく、何でも玲 ちゃんの人生を決めて きた。ついには、許婚 まで決めてしまった。 それが本当は嫌で仕方 がなかったのだが、母 には逆らえなかった。
H1;0x3062;0x309e;;;とうとう、明日はその 許婚と会わなくてはい けなくなり、耐え切れ ずに逃げ出してきた、 という。
H1;0x30a0;0x30fc;;;僕はたいした返答も思 いつかず、ただ頷きな がら聞いていた。 「今はここから脱出す ることだけを考えよう」 それだけ言うのが精一 杯だった。
H1;0x30fe;0x3158;;;玲ちゃんは小さく頷い て、 「そうですね」 と言った。 僕達は立ち上がり、部 屋を出ると、先程見つ けた階段を使って二階 へと向かった。
H1;0x315a;0x3198;;;玲ちゃんは言いたいこ とを言えたのがよかっ たのか、少し元気を取 り戻していた。
H1;0x319a;0x31aa;;SALTO -> entrada 36 (cursor 0x32c9);
H1;0x31aa;0x320a;35;;僕は玲ちゃんのかぶっ ていた帽子を取って、 自分がかぶり立ち上が った。 「私は、玲子。 よろしくお願いします」 と言って、ペコリと頭 を下げた。
H1;0x320c;0x325d;;;玲ちゃんは最初びっく りした顔をしていたが、 思い出したかのように くすくすと笑い出した。 僕も恥ずかしくなって、 一緒に笑い出した。
H1;0x325f;0x32bd;;;少しは玲ちゃんの緊張 をほどくことができた みたいだ。 「もうそろそろ行こう か」 玲ちゃんは小さく頷い て、 「そうですね」 と言った。
H1;0x32bf;0x32c9;;SALTO -> entrada 59 (cursor 0x5869);
H1;0x32c9;0x3331;36;;二階に上がり、廊下を 少し進むと、また客室 らしき部屋が見えてき た。 僕はこの部屋に避難ハ シゴがあることを祈り ながらドアを開けた。
H1;0x3333;0x336b;;;今まで差し込んでいた 月明かりが何かに遮ら れて光はほとんど入っ ていない。
H1;0x336d;0x3387;;;僕は、部屋の中を懐中 電灯で照らす。
H1;0x3389;0x33d7;;SALTO_CONDICIONAL +21 bytes;「イヤ、イヤァァァァ」 僕らは転がるように部 屋を飛び出すと、やみ くもに廊下を走った。
H1;0x33d9;0x33fe;;;途中、何度か床を踏み 抜いたりしたが、とに かく走った。
H1;0x3400;0x3425;;;気がつくと、横を走っ ていたはずの玲ちゃん が消えていた。
H1;0x3427;0x3470;;;「玲ちゃん…？　玲ち ゃーん！」 僕は慌てて振り向いて あたりを見まわした。
H1;0x3472;0x3498;;;目をこらすと、少し後 ろの床に大きな穴が見 えた。
H1;0x349a;0x34ec;;;急いで戻ると、その穴 の下に玲ちゃんが倒れ ているのが見える。 どうやら、床を踏み抜 いて一階に落ちてしま ったらしい。
H1;0x34ee;0x3531;;;気を失っているのか、 動かない。 「玲ちゃーん！」 呼んでも全く反応がな い。
H1;0x3533;0x35a9;;PREGUNTA (2 opciones) | OPCION -> entrada 37 (cursor 0x35a9) | OPCION -> entrada 46 (cursor 0x422c);一瞬、最悪の事態が胸 をよぎったが、よく見 ると胸のあたりが微か に上下している。 １．穴へ飛び降りよう ⇒[37] ２．冷静に救出方法を考 　える ⇒[46]
H1;0x35a9;0x35e8;37;;穴へ飛び降りて、助け にいこうと思い立ち上 がると、ちょうど外か ら月明かりが差し込ん できた。
H1;0x35ea;0x362f;;;窓があるのかと、あた りを見まわすと、押し 開かれている窓から月 明かりが差し込んでい るのが見えた。
H1;0x3631;0x3670;;;そしてその窓際に、大 きな箱のようなものが 見えた。 あれは！ 避難用のハシゴに違い ない！
H1;0x3672;0x3689;;PREGUNTA (2 opciones) | OPCION -> entrada 38 (cursor 0x3689) | OPCION -> entrada 39 (cursor 0x3748);
H1;0x3689;0x36c4;38;;黒い者が囁きかけてく る。 「逃げようぜ」それは、 僕の中のもう一人の僕 だった…
H1;0x36c6;0x36ed;;;「でも…」 「いいじゃないか、し ょせん彼女は赤の他人 さ」
H1;0x36ef;0x372f;;;「赤の他人？」 「そうだ！　あいつは 赤の他人だ！　どうな ろうと知ったこっちゃ ねえ！　そうだろ！」
H1;0x3731;0x3748;;PREGUNTA (2 opciones) | OPCION -> entrada 40 (cursor 0x37ed) | OPCION -> entrada 41 (cursor 0x3804);
H1;0x3748;0x377c;39;;黒い者が囁きかけてく る。 「逃げようぜ」それは、 僕の中のもう一人の僕 だった…
H1;0x377e;0x37a5;;;「でも…」 「いいじゃないか、し ょせん彼女は赤の他人 さ」
H1;0x37a7;0x37e7;;;「赤の他人？」 「そうだ！　あいつは 赤の他人だ！　どうな ろうと知ったこっちゃ ねえ！　そうだろ！」
H1;0x37e9;0x37ed;;SALTO -> entrada 44 (cursor 0x3bae);
H1;0x37ed;0x37fe;40;;「違う！！」
H1;0x3800;0x3804;;SALTO -> entrada 49 (cursor 0x458c);
H1;0x3804;0x3826;41;;ここで逃げたら、誰が 彼女を助けるんだ！
H1;0x3828;0x382c;;SALTO -> entrada 49 (cursor 0x458c);
H1;0x382c;0x3892;42;;それから、僕と玲ちゃ んは町の大きな病院に 収容された。 彼女は右足の骨折と数 カ所の打撲。僕の方が 彼女よりは軽かったら しい。
H1;0x3894;0x38d0;;;だが、詳しくはよくわ からなかった。 僕が目を覚ましたとき には彼女はもうこの病 院にはいなかった。
H1;0x38d2;0x3912;;;病院の人に聞くと、母 親が迎えに来たとだけ 教えてくれた。 たぶん、たっぷり怒ら れたことだろう。
H1;0x3914;0x3941;;;「お兄ちゃん！ 　　　　大丈夫？」
H1;0x3943;0x3975;;;病室のドアが開いて、 さわがしい声が飛び込 んで来た。 妹の真由美だ。
H1;0x3977;0x39aa;;;「病院から電話が来た 時は何事かと思ったよ、 もう！　で、怪我はど うなの？」
H1;0x39ac;0x3a23;;;着替えや小物の入った 袋を乱暴に下ろし、椅 子に座ると。 「お兄ちゃん女の人と 一緒だったんだって？ えへへ、やるじゃん！ でも、お父さんとお母 さん、ちょー怒ってた よ！」
H1;0x3a25;0x3a74;;;あいかわらず、騒々し い。 妹の機関銃の様なしゃ べりをぼうっと聞きな がら、これからのこと を考えていた。
H1;0x3a76;0x3ab8;;;怪我の方は意外とたい したことはなかったの で、三日ほどで退院す ることができた。
H1;0x3aba;0x3ad1;;PREGUNTA (2 opciones) | OPCION -> entrada 60 (cursor 0x58b8) | OPCION -> entrada 61 (cursor 0x5a8c);
H1;0x3ad1;0x3b2c;43;;目が覚めると僕はまだ 病室にいた。 隣には玲ちゃんがいる。 僕はベットの中にいて、 玲ちゃんはそのそばで イスに座っていた。
H1;0x3b2e;0x3b95;;;僕は体中を怪我してい たが、玲ちゃんは傷ひ とつなかった。 「やっと、退院できそ うですね」 「う、うん」 玲ちゃんは数日、つき っきりで看病してくれ ていた。
H1;0x3b97;0x3bae;;PREGUNTA (2 opciones) | OPCION -> entrada 56 (cursor 0x545e) | OPCION -> entrada 57 (cursor 0x5617);
H1;0x3bae;0x3c15;44;;「でも…」 迷っていると… 穴の下からニュッと何 かが突き出して来る。 それは、赤ん坊の手の ようだった。 その指は、何かをつか もうとしている。
H1;0x3c17;0x3c6a;;;「う……」 もう一人の僕の声が強 く響く… 「助けを呼びにいこう ぜ…　他にどうしよう もないだろう？」 どこか嬉しそうに、そ う言う。
H1;0x3c6c;0x3c7e;;;…でも、それは僕自身 なんだ…
H1;0x3c80;0x3cec;;;穴の下から数本の手が また同じように飛び出 してきた。 後から後から上がって 来る手は、みな何かを つかもうと動いている。 まるでイソギンチャク のようだ。
H1;0x3cee;0x3d79;;;僕は避難ハシゴに近づ こうと一歩踏み出した。 とたんに、全ての手が 僕の方を向いた。 あまりの恐怖にうまく 動かせない足を、なん とか動かして避難ハシ ゴまで辿り着いた。
H1;0x3d7b;0x3dfd;;;ほこりまみれの箱には 「避難用ハシゴ」と書 いてあった。 フタを開けようとする が、金具がさびていて なかなか開かない。 「くそ、開けー 　　　　このぉぉっ」
H1;0x3dff;0x3e4a;;;僕は力まかせにフタを こじ開ける。 さびた金具が弾け飛び、 フタはメキメキと音を たてて開いた。
H1;0x3e4c;0x3e8f;;;外れたフタを投げ捨て、 中の縄ハシゴをわしづ かみにし、思いっきり 窓から放り投げた。
H1;0x3e91;0x3ec6;;;縄ハシゴが地面へと垂 れ下がる。僕の心の罪 悪感と一緒に…
H1;0x3ec8;0x3ecc;;SALTO -> entrada 45 (cursor 0x3ecc);
H1;0x3ecc;0x3ef7;45;;僕は縄ハシゴを伝い地 面へと降りていった。
H1;0x3ef9;0x3f1d;;;「玲ちゃん……」 僕は門を出ると、全速 力で駆け出した。
H1;0x3f1f;0x3f6a;;;息が上がったが、とに かく走った。 一刻も早く玲ちゃんを 助けないと…… しばらく走ると、遠く に明かりが見えて来た。
H1;0x3f6c;0x3f97;;;突然ズボンのポケット から、強い振動が伝わ って来た。
H1;0x3f99;0x3ffa;;;「ハア、ハア、な、な んだ……」 僕は慌ててポケットに 手を入れ、振動してい るものを取り出した。 それは自分のケイタイ 電話だった。
H1;0x3ffc;0x40a5;;;画面に着信のメッセー ジが出ている。 しかし同時に「圏外」 の表示も出ていた。 僕は少しためらったが 通話ボタンを押し、荒 れた息のまま、返事を した。 「……はい」
H1;0x40a7;0x40fa;;;ガタン、  ズル… ズル… ズル…  ドサ…
H1;0x40fc;0x413b;;;ズル… ズル… ズル… ズル…
H1;0x413d;0x4169;;;…な、なんの音だ？  電話の向こうからは、 何かの物音が聞こえて きた。
H1;0x416b;0x41db;;;ガタン、 ガタン、 ズル… ズル… ギー… ドサ…  何なんだ、これは…？
H1;0x41dd;0x4206;;;「もしもし……？」  静かになった。 一体、これは……
H1;0x4208;0x4226;;;「また逃げるのね 　　　　　尚樹さん」
H1;0x4228;0x422c;;SALTO -> entrada 62 (cursor 0x5c9d);
H1;0x422c;0x426c;46;;「くそ！」 すぐにでも飛び降りて 助けにいきたい衝動に 耐え、冷静に救出方法 を考える……
H1;0x426e;0x42c3;;;まわりを見まわすと、 突き当たりの壁際に、 大きな箱のようなもの が見える。 あれだ！ 避難用のハシゴに違い ない！
H1;0x42c5;0x433b;;;「うわっ！」 穴の下からニュッと何 かが突き出して来る。 それは、赤ん坊の手の ようだった。 その指は、何かをつか もうとしている。 「う……」
H1;0x433d;0x4396;;;穴の下から数本の手が また同じように飛び出 してきた。 後から後から上がって 来る手は、みな何かを つかもうと動いている。
H1;0x4398;0x43fc;;PREGUNTA (2 opciones) | OPCION -> entrada 47 (cursor 0x43fc) | OPCION -> entrada 51 (cursor 0x50d1);まるでイソギンチャク のようだ。 １．避難ハシゴを使って 　玄関から助けに行く ⇒[47] ２．手の中に突っ込むし 　かない ⇒[51]
H1;0x43fc;0x444e;47;;僕は避難ハシゴに近づ こうと一歩踏み出した。 その時 「いやぁぁぁ！　尚樹 さあぁん助けてえぇ！」
H1;0x4450;0x44bb;;;階下から玲ちゃんの悲 鳴が響いた。 悲鳴の最後は、何かに 遮られたようだ。 全ての手があざ笑うか のようにゆれている。
H1;0x44bd;0x44fc;;;「う……」 恐怖が僕の心を蝕んで いく……。 「逃げようぜ」僕の中 のもう一人の僕が語り かけてくる。
H1;0x44fe;0x4515;;PREGUNTA (2 opciones) | OPCION -> entrada 52 (cursor 0x51f4) | OPCION -> entrada 53 (cursor 0x52c3);
H1;0x4515;0x453c;48;;一瞬、玲ちゃんの笑顔 が胸をよぎる。
H1;0x453e;0x4573;;;その思いは恐怖という 黒い固まりに飲みこま れそうになりながらも、 きらきらと輝いていた。
H1;0x4575;0x4586;;;「……いこう」
H1;0x4588;0x458c;;SALTO -> entrada 50 (cursor 0x464a);
H1;0x458c;0x45d0;49;;意を決して穴に向き直 ると、穴から無数の赤 ん坊らしき手が這い出 してきた。
H1;0x45d2;0x4644;;;「いやぁぁぁ！　尚樹 さあぁん助けてえぇ！」 階下から玲ちゃんの悲 鳴が響いた。 悲鳴の最後は、何かに 遮られたようだ。 「くっそぉう！」
H1;0x4646;0x464a;;SALTO -> entrada 50 (cursor 0x464a);
H1;0x464a;0x468e;50;;僕は無我夢中で穴の中 へ飛び込んだ。  無数の手を振り払いな がら、階下へと落ちて いった。
H1;0x4690;0x46ef;;;着地は思いのほかうま くいった。 あたりを確認する。 玲ちゃんがいるはずの 床には、異常な塊だけ が存在した。
H1;0x46f1;0x476d;;;「こ、これは……」 それは、赤ん坊の山だ った。 その隙間から、わずか に玲ちゃんらしき女の 子が見える。 赤ん坊達は、その女の 子の胸を奪い合うよう にうごめいていた。
H1;0x476f;0x47af;;;「玲ちゃん！　今、助 けるよ！」 僕は玲ちゃんに群がる 赤ん坊をはがして投げ 捨てた。
H1;0x47b1;0x481b;;;「これで、最後だ！」 僕は全ての塊をはがし 終わると、玲ちゃんを 抱き上げた。 「しっかり！　玲ちゃ ん、玲ちゃん！　起き るんだ！」
H1;0x481d;0x485e;;;彼女はゆっくりと目を 開いた。最初は、わけ が解らなかったようだ が、僕の顔を見つける と、しがみついてきた。
H1;0x4860;0x488b;;;「尚樹さん！うわぁぁ ぁー怖かった、怖かっ たよぉ！」
H1;0x488d;0x48d9;;;僕は玲ちゃんが落ち着 くまで、しばらくの間 抱きしめていた。 本当は僕の方が落ち着 きたかったのかも知れ ない。
H1;0x48db;0x4934;;;とにかく脱出方法を探 さないと。 僕は部屋の中を見まわ し奥の方から光がもれ ているのを見つけた。 その光はどこかからも れた月の光らしい。
H1;0x4936;0x496f;;;あそこから外へでられ るかも！ 僕は玲ちゃんの手を引 いて、光のある方向に 歩き出した。
H1;0x4971;0x49aa;;;近寄ってみると、その 光は、窓から差し込ん でいた。 僕達の歩く速さはだん だん速くなっていく。
H1;0x49ac;0x4a00;;;「ひっ！」 窓まで数歩というとこ ろで僕達の歩みは止ま った。 玲ちゃんの心の震えが、 手から伝わってくる。
H1;0x4a02;0x4a3d;;;「私の赤ちゃんを 　　　　　　返して」  一瞬、誰が喋っている のかわからなかった。
H1;0x4a3f;0x4a8b;;;…かつん  「私の赤ちゃんを 　　　　　　返して」  その声は窓の近くの人 影から聞こえてくる。
H1;0x4a8d;0x4ad9;;;僕は覚悟を決めて、一 歩前に足を踏み出すと、 窓からもれていた淡い 光は徐々に強くなり、 人影をあらわにしてい った。
H1;0x4adb;0x4b58;;;そこには鬼のような形 相の女性がこちらをに らんでいた。 「に、逃げましょう」 「うっ、うん」 後ろを振り返ると、そ の先に二階に上がる階 段が見える。
H1;0x4b5a;0x4b84;;;僕は玲ちゃんの手を引 っぱるようにして、階 段へと走り始めた。
H1;0x4b86;0x4be6;;;かつん  「私の赤ちゃんを 　　　　　　返して」  足下には先ほど投げ捨 てた赤ん坊達が、這い ずりまわっていて行く 手を阻んでいた。
H1;0x4be8;0x4c30;;;赤ん坊達をよけながら なんとか階段まで辿り 着き、後ろを確認する と、すぐ真後ろに鬼女 は立っていた。
H1;0x4c32;0x4c59;;;その女は上半身しかな く、松葉杖で体を支え ていた。
H1;0x4c5b;0x4ca4;;;僕は慌てて階段を上が っていった。 かつん、かつん、 　かつん、かつん、  背後から松葉杖の音が 迫ってくる。
H1;0x4ca6;0x4ce8;;;とにかく走った。 玲ちゃんの手を必要以 上に引っ張る。後ろを 振り向かせるわけには いかない。
H1;0x4cea;0x4d20;;;かつん、かつん、 　かつん、かつん、 松葉杖の音は、すぐ後 ろを離れずについてき た。
H1;0x4d22;0x4d5c;;;「はあはあ」  かつん、かつん、 　かつん、かつん、  「はあはあ」  かつん、かつん、 　かつん、
H1;0x4d5e;0x4d96;;;「はあはあはあ」 心臓が破裂しそうに痛 い。 玲ちゃんもすでに限界 へ近づいていた。
H1;0x4d98;0x4de6;;;玲ちゃんの落ちた穴を 飛び越え、廊下を少し 行くとそこには、さっ き見つけた箱があった。  「避難ハシゴだ！」
H1;0x4de8;0x4e00;;;「赤ちゃんを返せ！！」
H1;0x4e02;0x4e4a;;;ハシゴを降ろしている 時間なんかない。 僕は玲ちゃんを抱え上 げると、窓をぶち破っ て飛び降りた！
H1;0x4e4c;0x4eb1;;SALTO_CONDICIONAL +20 bytes;「キャァァァァァァ！」 背後でものすごい衝突 音が響き、僕らは庭へ 叩きつけられた。
H1;0x4eb3;0x4ee8;;;全身に激痛が走る。  一瞬意識が遠くなった が、なんとか持ちこた えた。
H1;0x4eea;0x4f2c;;;玲ちゃんは……？ 見まわすと、少し離れ た場所で倒れこんでい た。 命に別状は無さそうだ。
H1;0x4f2e;0x4f6c;;;その時、まぶしい光が ふたつ、僕らを照らし 出した。  今度は何だ！
H1;0x4f6e;0x4fa4;;;光の向こうから声が聞 こえた。 「ありゃまあ、いける んかい、あんたら！」  「……あ」
H1;0x4fa6;0x4fd5;;;光の向こうから顔をの ぞかせたのは、行きが けにすれちがった農家 の人だ。
H1;0x4fd7;0x503f;;;「山の上に旅館やあっ たかいなとおもうて、 家へ帰ってばあさんに 聞いてみたら、ばあさ んの子供の頃になくな ってもうぉたいうから 心配できてみたら、な んか落ちてくるけん」
H1;0x5041;0x507b;;;「うおっ！あんたら、 どえらい怪我しとるや んけ！わしが車で運ん だるから、しっかりし な！」
H1;0x507d;0x50ab;;;僕と玲ちゃんは顔を見 合わせて微笑みあうと、 安心して気絶した。
H1;0x50ad;0x50d1;;PREGUNTA (2 opciones) | OPCION -> entrada 42 (cursor 0x382c) | OPCION -> entrada 43 (cursor 0x3ad1);
H1;0x50d1;0x510d;51;;意を決して飛び込もう としたその時、 「逃げようぜ」 僕の中のもう一人の僕 が語りかけてきた。
H1;0x510f;0x5136;;;「でも…」 「いいじゃないか、し ょせん彼女は赤の他人 さ」
H1;0x5138;0x5178;;;「赤の他人？」 「そうだ！　あいつは 赤の他人だ！　どうな ろうと知ったこっちゃ ねえ！　そうだろ！」
H1;0x517a;0x51f4;;PREGUNTA (2 opciones) | OPCION -> entrada 55 (cursor 0x53c8) | OPCION -> entrada 58 (cursor 0x5852);「いやぁぁぁ！　尚樹 さあぁん助けてえぇ！」 階下から玲ちゃんの悲 鳴が響いた。 悲鳴の最後は、何かに 遮られたようだ。  ⇒[55]  ⇒[58]
H1;0x51f4;0x521b;52;;「でも…」 「いいじゃないか、し ょせん彼女は赤の他人 さ」
H1;0x521d;0x525d;;;「赤の他人？」 「そうだ！　あいつは 赤の他人だ！　どうな ろうと知ったこっちゃ ねえ！　そうだろ！」
H1;0x525f;0x526f;;;「……そうなのかもし れない」
H1;0x5271;0x52c3;;PREGUNTA (2 opciones) | OPCION -> entrada 48 (cursor 0x4515) | OPCION -> entrada 45 (cursor 0x3ecc);心が闇に沈みはじめ、 身体が逃げたいと願い はじめた。 １．それでも… ⇒[48] ２．とりあえず… ⇒[45]
H1;0x52c3;0x52ea;53;;「でも…」 「いいじゃないか、し ょせん彼女は赤の他人 さ」
H1;0x52ec;0x532c;;;「赤の他人？」 「そうだ！　あいつは 赤の他人だ！　どうな ろうと知ったこっちゃ ねえ！　そうだろ！」
H1;0x532e;0x5373;;;僕の心が徐々に黒く塗 りつぶされていく。 …そうだ誰か助けを呼 びに行こう… 僕一人ではどうにもな らない。
H1;0x5375;0x5379;;SALTO -> entrada 45 (cursor 0x3ecc);
H1;0x5379;0x53c2;54;;「わかったよ」 そう言ってノブを離そ うとした時、服をつか む玲ちゃんの小さな手 が、震えているのには じめて気づいた。
H1;0x53c4;0x53c8;;SALTO -> entrada 25 (cursor 0x25a7);
H1;0x53c8;0x53d3;55;;「ちっくしょう！」
H1;0x53d5;0x5403;;;勇気を奮い立たせる為 に吠えるが、身体がい うことを聞いてくれな い。
H1;0x5405;0x5458;;;僕にはどうしようもな いのか。 恐怖が僕の心を蝕んで いく……。 心が闇に沈みはじめ、 身体が逃げたいと願い はじめた。
H1;0x545a;0x545e;;SALTO -> entrada 45 (cursor 0x3ecc);
H1;0x545e;0x54ca;56;;「私、家に帰って母に 謝ります」 彼女の家出の理由を思 い出した僕は、 「自分の思っているこ とを伝えた方がいいと 思うよ。きっとお母さ んもわかってくれるよ」 と言った。
H1;0x54cc;0x5510;;;「はい。頑張ってみま す」 「きっとわかってくれ るよ」 たいしたアドバイスの できない自分がもどか しい。
H1;0x5512;0x555a;;;「とにかく、看病をし てくれて、どうもあり がとう」 「いえいえ、どういた しまして」 彼女は微笑みながらそ う言った。
H1;0x555c;0x5586;;;次の日、彼女は帰って いった。 そして、僕はまだベッ ドの中。
H1;0x5588;0x55dc;;;玲ちゃんは前進をして いて、僕は立ち止まっ ている。 手がとどきそうでとど かない。 そんなもどかしさだけ が、僕の中を駆け巡っ た。
H1;0x55de;0x5610;;;僕はいつか、それに手 がとどくのだろうか、  そして、もう一度彼女 に…
H1;0x5617;0x5650;57;;「私、家に帰って母に 謝ります」 彼女が家出をしていた ことを、僕はすっかり 忘れていた。
H1;0x5652;0x56a4;;;「看病をしてくれて、 どうもありがとう」 僕は素直にお礼を言っ た。 「いえいえ、どういた しまして」 彼女は微笑みながらそ う言った。
H1;0x56a6;0x56fd;;;今日の夕方、彼女は帰 っていった。 僕はため息をつきなが ら、あの日のことを考 えていた。 すべてが、夢物語だっ たそんな気がする。
H1;0x56ff;0x572e;;;パシャッ  「…………！！」 背後で、音がした。
H1;0x5730;0x5757;;;パシャッパシャッ
H1;0x5759;0x5775;;;それは、病室の窓ガラ スから聞こえてくる
H1;0x5777;0x579e;;;いる……すぐ……  うしろ……  ……に……  また……いる……
H1;0x57a0;0x5817;;;パシャ　　　パシャ 　　　パシャ パシャ　　　パシャ パシャパシャパシャ 　　　パシャ パシャパシャパシャ 　　　パシャパシャ
H1;0x5819;0x584b;;;僕は思わず振り返った。  ガラスには………
H1;0x5852;0x5863;58;;「ちっくしょう！」
H1;0x5865;0x5869;;SALTO -> entrada 50 (cursor 0x464a);
H1;0x5869;0x58a6;59;;僕達は立ち上がり、部 屋を出ると、先程見つ けた階段を使って二階 へと向かった。
H1;0x58a8;0x58b8;;SALTO -> entrada 36 (cursor 0x32c9);
H1;0x58b8;0x5924;60;;……… あれからどれぐらいの 月日がたったのだろう。 少したてば忘れるだろ うと思っていたが、時 がたてばたつほど会い たいと思う気持ちは強 くなっていく。
H1;0x5926;0x5a8c;;;時の流れは早く、まわ りの景色は早送りのよ うに進んでいった。 行く先々で、彼女を捜 している自分だけが時 の流れから取り残され ていた。  「尚樹さん」   どこからか彼女の声が 聞こえる。  「尚樹さん」   その声は僕の頭の中へ と響いていった。  「高橋尚樹さん」   僕は声のする方へ振り 向いた。そこには、  微笑んだ彼女がいた。  「やっと会えたね」  僕は彼女の微笑みの中 に探していたものを見 つけた。
H1;0x5a8c;0x5adf;61;;……… あれからどれぐらいの 月日がたったのだろう。 時の流れは早く、まわ りの景色は早送りのよ うに進んでいく。
H1;0x5ae1;0x5b22;;;あれは現実だったのか、 夢だったのか。 残された彼女の帽子だ けが、彼女の存在を肯 定していた。
H1;0x5b24;0x5c9d;;;僕と彼女の帽子は、時 の流れから取り残され、 探しているものすらわ からなくなっていた。そして、僕と彼女の帽 子は、今日も街の中を そして僕の中をさまよ いつづけていく。  「尚樹さん」   どこからか彼女の声が 聞こえる。  「尚樹さん」   その声は僕の頭の中へ と響いていった。  「高橋尚樹さん」   僕は声のする方へ振り 向いた。そこには、  微笑んだ彼女がいた。  「帽子返してくれませ んか」  僕は彼女の微笑みの中 に探していたものを見 つけた。
H1;0x5c9d;0x5ce0;62;;「違うんだ、今助けを 呼びに！」  「……………」  通話が途切れた。
H1;0x5ce2;0x5d53;;;僕は呆然とケイタイ電 話を見つめていた。。  今のは確かに玲ちゃん の声だ。 「違う、逃げたんじゃ ないんだ、玲ちゃん。 …逃げたんじゃ……」
H1;0x5d55;0x5da2;;;僕は自分に言い聞かせ るようにつぶやいてい た。 そうでもしないと壊れ てしまう、弱い自分を、 覆い隠すように…
H1;0x5da4;0x5e14;;;力の抜けた身体でふら ふらと歩いていると、 光がこちらに迫ってく る。 目の前までくると、そ れは行きがけにすれち がったトラクターだっ た。
H1;0x5e16;0x5e43;;;さきほどのおじさんの 他に、別の知らないお じさんが、ふたり乗っ ていた。
H1;0x5e45;0x5ebc;;;「おお、さっきのあん たか、山の上に旅館や あったかいなとおもう て、家に帰ってばあさ んに聞いたら、旅館は ばあさんの子供のころ になくなってもぉた言 うけん、心配で来てみ たんやけど」
H1;0x5ebe;0x5eee;;;「旅館てわしよう知っ とるぞ。汚れた緑色の 悲しい感じのする旅館 かっ！」
H1;0x5ef0;0x5f27;;;「おっさん、おっさん、 それ全然違う旅館じゃ。 いま子供のころなくな ったていうとるやんけ」
H1;0x5f29;0x5f9c;;;「ありゃ？　連れのべ っぴんさんはどないし たんかいな」 僕はおじさん達に、山 の上の旅館のこと、そ こにまだ女の子が残っ ていることを話し、一 緒に助けに行ってくれ るように頼んだ。
H1;0x5f9e;0x5ff6;;;すると彼らの顔色がさ っと変わり、顔を見あ わせた。 「ちょっと聞くけど… あんたの連れの名前は、 なんて言うんぞい？」 「れいこです」
H1;0x5ff8;0x604a;;;僕の答えを受け、彼ら はなにか話しあいを始 めた。 トラクターのエンジン 音がうるさくてその内 容は聞くことができな い。
H1;0x604c;0x60bb;;;「玲ちゃんが危ないん です、助けてください」 待ちきれず、僕は叫ん だ。 「……わかっとるけん。 はよ乗りな……」 僕とおじさんたち三人 を乗せたトラクターは 旅館へと向かった。
H1;0x60bd;0x6142;;;おじさんがぽつりとつ ぶやく。 「……間違いともかぎ らんけどなぁ」 やがてトラクターは旅 館の前へと到着した。 僕はトラクターを飛び 降り、真っ先に玄関へ 向った。
H1;0x6144;0x617f;;;「くそっ、開けー！」 扉を開けようと力を込 めるが、開く気配すら ない。
H1;0x6181;0x61c6;;;「ぼうず、 　　　のいとれっ！」 振り向くとトラクター が凄い勢いで扉へと突 っ込んできた。
H1;0x61c8;0x61e9;;;トラクターは見事に扉 をぶち抜いていた。
H1;0x61eb;0x6242;;;すぐに旅館内へ入り込 むと、入口に血塗れの 棺桶がおいてありそこ には、  『美咲玲子』  と書かれていた。
H1;0x6244;0x629b;;;僕は無意識のうちにフ タに手をかけ、ゆっく りと開いた。 その中には、血塗れの 玲ちゃんが入っていた。
H1;0x629d;0x62e8;;;僕は全身の毛穴から魂 が抜けて行くのを感じ た。 ああ……  間にあわなかった……  玲ちゃん……
H1;0x62ea;0x6316;;;僕はその場で座り込み しばらくの間、放心状 態だった。
H1;0x6318;0x6371;;;「な…お…き…さん」 僕の頬に冷たいものが ふれた。 それは、玲ちゃんの手 だった。 その手は驚くほど冷た かった。
H1;0x6373;0x63b5;;;そしてその声も。 「やっぱり逃げたのね。 なおきさん」 僕はなにもいわずに玲 ちゃんを見つめていた。
H1;0x63b7;0x6410;;;玲ちゃんはみるみる年 老いていき、そして腐 敗していった。 僕の目の前がだんだん 真っ白になっていく。
H1;0x6412;0x648a;;;僕が意識を回復したと き、そこは病院だった。 いったい何が起きたの だろう。 僕には何がなんだかわ からなくなっていた。 どれが事実で、どれが 夢だったのか。
H1;0x648c;0x64c5;;;この病院の人はあの旅 館のことをみんな知っ ているみたいだったが、 多くは語ってはくれな かった。
H1;0x64c7;0x6501;;;あの旅館の場所には昔、 療養所が建っていてそ こに名家の女の子が療 養していたこと。
H1;0x6503;0x652e;;;その女の子は妊娠して いて、お腹の子は望ま れた子ではなかったこ と。
H1;0x6530;0x6566;;;出産は成功したが、結 局二人ともその数日後 に亡くなってしまった ということだった。
H1;0x6568;0x65d3;;;その日の午後、両親が 迎えに来た。 僕は外傷こそなかった ものの、精神的なダメ ージは大きかった。 両親はそんなこと気に もとめず、僕を頭ごな しに叱りつけた。
H1;0x65d5;0x661a;;;どんなに怒られても、 気にならなかった。 家に帰れるんだ。 家に帰るのが、こんな に幸せだと思ったこと はなかった。
H1;0x661c;0x6689;;;僕は両親とともに、車 に乗り込んだ。 見渡すかぎりの水田と、 まばらに建っている農 家。 窓の外には、村の風景 が広がっていた。 そこには……
H1;0x668b;0x66fb;;;白い服に、白い帽子。 すれ違いざま、彼女は こちらを見た。 唇がかすかに動く。 声は届かなかったが、 何を言ったのかはわか った。
H1;0x66fd;0x6724;;;「また逃げるのね」  　　　　　　と……
H1;0x6731;0x676b;63;;ここから速く離れよう。 本能がそう訴えかけて きた。 その時、なにかが僕の 腕をつかんできた。
H1;0x676d;0x67c7;;;それは震えた玲ちゃん の手だった。 「玲ちゃん、心配しな いで、別の場所から必 ず出られるよ」 僕は玲ちゃんの手を両 手で握った。
H1;0x67c9;0x67d3;;SALTO -> entrada 65 (cursor 0x6822);
H1;0x67d3;0x6816;64;;「れ、玲ちゃん。 　他の出口を探そう」 僕は、震える声を必死 に押さえながら旅館内 へ逃げ込んだ。
H1;0x6818;0x6822;;SALTO -> entrada 21 (cursor 0x1f02);
H1;0x6822;0x684c;65;;「は、はい」 玲ちゃんは少し落ち着 きを取り戻したみたい だった。
H1;0x684e;0x6858;;SALTO -> entrada 21 (cursor 0x1f02);
H1;0x6858;0x686f;66;SALTO -> entrada 67 (cursor 0x686f);そう、彼女と同じ様に
H1;0x686f;0x687b;67;;でも、何から？
H1;0x687d;0x68cb;;;「…少し、わかります」  「えっ！」 僕は少し驚いた。 どうも、知らず知らず のうちに口からもれて いたようだ。
H1;0x68cd;0x68fd;;;僕は恥ずかしくなって うつむいてしまった。  そして、彼女も黙って しまった。
H2;0x011e;0x0152;0;;郵便受けを開けて中を のぞいてみると、封筒 が一通だけ入っていた。
H2;0x0154;0x01a2;;;普通の茶封筒にボール ペンで  『大槻　史奈　様』 　　　（ふみな）  と、私の名前が書いて ある。
H2;0x01a4;0x01d4;;;差し出し人の名前は書 かれていない。 しかし、これは私が待 ち望んでいた手紙だ。
H2;0x01d6;0x01fc;;;私はエレベーターで三 階にある自分の部屋に 急いだ。
H2;0x01fe;0x0246;;;「ただいま」 暖かい光に包まれたリ ビングから美佳が出て きて私を迎えてくれた。
H2;0x0248;0x02a8;;;美佳は私のいとこに当 たる。歳が近いせいか、 私たちは小さい頃から よく一緒に遊んだ。 美佳はすでに就職して、 マンションに一人暮ら ししている。
H2;0x02aa;0x02e5;;;私は両親が海外へ赴任 している間、彼女のマ ンションにやっかいに なっているのだった。
H2;0x02e7;0x0349;;PREGUNTA (2 opciones) | OPCION -> entrada 1 (cursor 0x0349) | OPCION -> entrada 2 (cursor 0x03ec);「お帰りなさい。疲れ たでしょ。ご飯できて るよ」 １．「うん、お腹すいて 　たんだ」 ⇒[1] ２．「ごめん、食べてき 　た」 ⇒[2]
H2;0x0349;0x0397;1;;「うん、お腹すいてた んだ」 お昼に食べたサンドイ ッチ以外何も口にして いないので、お腹はペ コペコだった。
H2;0x0399;0x03e6;;;私たちはすぐにテーブ ルに着き、夕食を食べ ながら、今日起きた事 など、他愛のない会話 を楽しんでいた。
H2;0x03e8;0x03ec;;SALTO -> entrada 3 (cursor 0x04f2);
H2;0x03ec;0x0433;2;;「ごめん、食べてきた んだ」 部活の帰り、友達に誘 われてファーストフー ドに寄ってきてしまっ たのだ。
H2;0x0435;0x0473;;;「そう、残念。ちょっ と優しいお姉さんを気 取ってみたんだけどな」 美佳は少し寂しげに笑 う。
H2;0x0475;0x049d;;;私はあわててフォロー した。 「あ、で、でも、少し なら入るかも」
H2;0x049f;0x04ec;;;たちまち美佳に笑顔が 戻った。 「本当!?　じゃ、食べ よ」 美佳は私をテーブルま で引っ張っていった。
H2;0x04ee;0x04f2;;SALTO -> entrada 3 (cursor 0x04f2);
H2;0x04f2;0x055e;3;;ドンッドンッドン！ 連続した重低音に耳が 痛くなる。窓ガラスが 振動でビリビリと震え る。耳だけでなく、身 体で空気の振動が感じ られるほどだ。
H2;0x0560;0x0576;;;美佳が耳を押さえて顔 をしかめる。
H2;0x0578;0x058c;;;「また、始まった……」
H2;0x058e;0x05ad;;;この数日、私たちはこ の重低音に悩まされて いる。
H2;0x05af;0x060c;;;数日前、隣りに引っ越 してきた人が、夜にな ると凄まじい音量でス テレオをならすのだ。 当然、文句を言いに行 った。
H2;0x060e;0x0626;;;が、まったく部屋から 出てこようとしない。
H2;0x0628;0x0674;;PREGUNTA (2 opciones) | OPCION -> entrada 5 (cursor 0x0754) | OPCION -> entrada 4 (cursor 0x0674);「もう、毎日毎日！ 今度こそ文句言ってや る」 １．ま、待ってよ ⇒[5] ２．やめようよ ⇒[4]
H2;0x0674;0x06f4;4;;「や、やめなよ。美佳 ちゃん」 隣の部屋の騒音を注意 しに行き、言い争いに なった挙げ句、殺され る。そんな事件を耳に した事がある。自分た ちがそうならない保証 はないのだ。
H2;0x06f6;0x074e;;;ドンッドン…… そうこうしているうち にステレオは止まり、 私たちは安堵のタメ息 をついたのだった。
H2;0x0750;0x0754;;SALTO -> entrada 6 (cursor 0x08a5);
H2;0x0754;0x0792;5;;「ま、待ってよ！」 矢のように飛び出して いった美佳の後を追い、 私もおずおずと廊下へ 出る。
H2;0x0794;0x07de;;;廊下では、美佳が喚き ながら隣の部屋を叩い ていた。が、呼べど叫 べど隣人は出てこない。
H2;0x07e0;0x082d;;;私たちがしばらくそう していると、 ドンッドン…… 始まった時と同様にス テレオは唐突になり止 んだ。
H2;0x082f;0x0861;;;「女だと思って、なめ られてるのかしら」 苛立った美佳が隣人を 罵倒する。
H2;0x0863;0x089f;;;それからはもうステレ オのなる気配はなかっ たので、私たちはホッ として部屋に引き返し た。
H2;0x08a1;0x08a5;;SALTO -> entrada 6 (cursor 0x08a5);
H2;0x08a5;0x08f5;6;;その後、私は自分の部 屋に戻って鞄から先ほ どの封筒を取り出し、 さっそく開封してみた。
H2;0x08f7;0x096f;;;『大槻　史奈様 　お手紙受け取りまし 　た。 　たいへん申し訳ござ 　いません。 　多分、あなたに迷惑 　をかけたのは、僕の 　部屋に居候している 　友人でしょう。
H2;0x0971;0x09c1;;;僕は仕事が忙しく、 　家と仕事場の往復の 　毎日です。ですから、 　そんな事になってい 　るとは全然知りませ 　んでした。
H2;0x09c3;0x0a15;;;友人には、僕から言 　っておきます。ただ、 　彼は僕にとって唯一 　の友人なんです。今 　の関係を自分から壊 　したくはないのです。
H2;0x0a17;0x0a4a;;;きっと何とかします。 　お願いです。時間を 　ください。 　　　　久保　俊郎』
H2;0x0a4c;0x0ad6;;SALTO_CONDICIONAL +7 bytes;ニャアア 手紙に夢中になってい た私は驚いて顔を上げ た。またか、と苦笑し てカーテンを開けてみ ると、ベランダで猫が ガラス戸ごしに私を見 上げていた。
H2;0x0ad8;0x0b0f;;;どこかの飼い猫だろう に、毎日エサをねだり にこの部屋に来る。
H2;0x0b11;0x0b5a;;;それは、まあ、いいの だけれど、この前、部 屋に上がり込んで大暴 れし、美佳の大事な花 瓶を壊しそうになった のだ。
H2;0x0b5c;0x0bc0;;PREGUNTA (2 opciones) | OPCION -> entrada 8 (cursor 0x0c18) | OPCION -> entrada 7 (cursor 0x0bc0);それから、エサをやろ うとすると美佳に怒ら れるのだけれど… １．怒られるからエサは 　やらない ⇒[8] ２．かわいいからエサを 　あげる ⇒[7]
H2;0x0bc0;0x0c12;7;;私は台所から夕飯の残 りを持ってきてやった。 猫は特に感謝するそぶ りも見せず、小皿に盛 られた残飯を平らげて いく。
H2;0x0c14;0x0c18;;SALTO -> entrada 9 (cursor 0x0c5c);
H2;0x0c18;0x0c56;8;;猫は切なそうに私を見 上げている。が、私は 美佳のいいつけ通りに エサをやらなかった。  「ごめんね」
H2;0x0c58;0x0c5c;;SALTO -> entrada 9 (cursor 0x0c5c);
H2;0x0c5c;0x0cdc;9;PREGUNTA (2 opciones) | OPCION -> entrada 11 (cursor 0x0e23) | OPCION -> entrada 10 (cursor 0x0cdc);私はしばらく猫の様子 を眺めた後、机に向か い、再び手紙を出すた めにペンをとった。  １．優柔不断な彼を非難 　する ⇒[11] ２．彼の立場に同情する ⇒[10]
H2;0x0cdc;0x0d04;10;;『久保　俊郎様 　お返事ありがとうご 　ざいます。
H2;0x0d06;0x0d57;;;あなたの気持ち、よ 　くわかります。私に 　も一緒に住んでる人 　がいます。彼女は私 　のいとこですが、私 　にとっては大切な人 　です。
H2;0x0d59;0x0dad;;;そういう人との関係 　を壊したくないと思 　うのは、私も同じで 　す。ですが、その大 　切な人が迷惑してい 　るのを見るのも辛い 　んです。
H2;0x0daf;0x0e1d;;;時間がかかってもか 　まいません。お友達 　に、ステレオをひか 　えるように、一言、 　勇気を出して言って 　ってもらえないでし 　ょうか。 　　　　大槻　史奈』
H2;0x0e1f;0x0e23;;SALTO -> entrada 12 (cursor 0x0f48);
H2;0x0e23;0x0e77;11;;『久保　俊郎様 　お返事ありがとうご 　ざいます。 　あなたの気持ちはよ 　くわかります。私に 　もそういう人がいま 　すから。
H2;0x0e79;0x0eb4;;;でも、だからといっ 　て、私たちがステレ 　オに迷惑しているこ 　とに変わりはないん 　です。
H2;0x0eb6;0x0efa;;;ここは集合住宅です 　から、その辺りのこ 　とをもう少し考え、 　お友達に言うべきで 　はないでしょうか。
H2;0x0efc;0x0f3c;;;時間がかかってもか 　まいません。勇気を 　出してもらえません 　か。 　　　　大槻　史奈』
H2;0x0f3e;0x0f48;;SALTO -> entrada 12 (cursor 0x0f48);
H2;0x0f48;0x0fc5;12;;それから俊郎と私は手 紙で意見を交わすよう になった。俊郎にとっ て、同居人は恩人とも 言うべき人らしかった。 そのために、俊郎はな かなか友人をいさめる ふんぎりがつかないよ うだったが、
H2;0x0fc7;0x1000;;;私が度々はげましてい くうち、ついに決心を 固めたようだった。
H2;0x1002;0x1035;;;『今夜あたり、同居人 　にステレオをやめる 　ように言ってみます。
H2;0x1037;0x105d;;;あれから、色々と考 　えていましたが、や 　っと勇気が出ました。
H2;0x105f;0x10c2;;;もし、彼が僕の親友 　なら、それくらいで 　今までの関係が壊れ 　る、なんて事は無い 　はずですよね。きっ 　と、僕の言う事を聞 　いてくれます。
H2;0x10c4;0x10e5;;;僕だって、彼を拒絶 　した事なんてないん 　だから。
H2;0x10e7;0x1117;;;だから、もう少し我 　慢してください。 　　　　久保　俊郎』
H2;0x1119;0x116c;;;平穏な日が帰ってくる のを喜んでいると、い つものように重低音が 轟いた。が、すぐにそ れはなり止んだ。
H2;0x116e;0x11bf;;;静寂が戻ってくる。 うれしくなって、思わ ず笑みがこぼれる。 その日は久しぶりに落 ち着いて布団に入った。
H2;0x11c1;0x1202;;;どれくらい眠ったのだ ろう、ふと目を覚ます と、周りは依然として 暗闇に包まれていた。
H2;0x1204;0x1208;;SALTO -> entrada 13 (cursor 0x1208);
H2;0x1208;0x122d;13;;猫がベランダでやかま しくないている。
H2;0x122f;0x128f;;;安眠を邪魔されて少々 苛立ちながらも、わざ わざ布団から出て追い 立てるのも面倒くさい ので、そのまま目を閉 じてまどろみ始める。
H2;0x1291;0x12d8;;PREGUNTA (2 opciones) | OPCION -> entrada 23 (cursor 0x265b) | OPCION -> entrada 24 (cursor 0x273a);ギャアアァァァ！ １．悲鳴!? ⇒[23] ２．猫、でしょ？ ⇒[24]
H2;0x12d8;0x1355;14;;その日もマンションに 着いたのは、日が沈ん でからだった。すでに 習慣になっているよう に郵便受けをのぞいて 見ると、中には見慣れ た茶封筒が入っていた。
H2;0x1357;0x13b2;;;エレベーターに乗って いるうちに、なんだか 緊張してきた。ひょっ として、また何か仕掛 けられているんじゃな いかしら。
H2;0x13b4;0x13f6;;;重い鉄の扉が開く。 その先にはいつも通り の光景しかなかった。 自分の心配性に苦笑す る。
H2;0x13f8;0x144e;;;冷たい蛍光灯の照らす 廊下を通って、自分の 部屋のドアを開ける。 「ただいま」
H2;0x1450;0x1454;;SALTO -> entrada 34 (cursor 0x364e);
H2;0x1454;0x14bd;15;SALTO_CONDICIONAL +11 bytes;シャワーから出ても美 佳は帰ってこなかった。 部屋が広く感じる。こ んなとき、猫でも来て くれたらいいのに…… ピンポーン
H2;0x14bf;0x14c3;;SALTO -> entrada 19 (cursor 0x18e9);
H2;0x14c3;0x1564;16;;いきなりドアが開き、 私は驚いた。が、ドア はチェーンロックがか かっているのでほんの 少ししか開かない。 すると、今度はその隙 間から手を差し入れ、 チェーンをはずそうと している。
H2;0x1566;0x1579;;;私は隙間から外をうか がった。
H2;0x157b;0x15e6;;;「美佳ちゃん？」 ドアの外には驚いた顔 の美佳が立っていた。 美佳は私の顔を見るや、 いかにも怒っていると いった感じで、腰に手 を当てて言った。
H2;0x15e8;0x163d;;;「ひどいよ。チェーン かけたら入れないじゃ ない」 「ご、ごめん」 私は急いでチェーンを はずすと、美佳を中に 入れた。
H2;0x163f;0x1643;;SALTO -> entrada 17 (cursor 0x1643);
H2;0x1643;0x16b8;17;;美佳は右足にぐるぐる と包帯を巻き付けてい た。傷が痛むらしく、 歩く度に顔をしかめる。 私は孤独から解放され て嬉しく思った反面、 美佳の具合が気になっ た。
H2;0x16ba;0x1709;;;「大丈夫？　何があっ たの？」 「走り出してすぐ、車 に突っ込んじゃったの よ。自転車のブレーキ が効かなかったの。
H2;0x170b;0x172e;;;向こうが急ブレーキ踏 んでくれたからよかっ たけど……」
H2;0x1730;0x1789;;;「ブレーキって、今ま で異常に気がつかなか ったの？」 「昨日まではなんとも なかったのよ。それで 調べてみたら、ワイヤ ーに細工されてた」
H2;0x178b;0x17d1;;;私は、もしもの光景を 想像して絶句した。 急ブレーキが間に合っ たからよかったものの、 一歩間違ったら……
H2;0x17d3;0x185c;;;「ねぇ史奈、何かあっ たの？」 私が黙っていると、今 度は美佳が尋ねてきた。 私は先ほどの無言電話 の事を美佳に話した。 「自転車に無言電話。 嫌がらせにしちゃ度が 過ぎてるわね」
H2;0x185e;0x18c2;;;「誰なんだろう。やっ ぱり……」  「隣の仕業に決まって るじゃない！」  美佳は吐き捨てるよう に言った。
H2;0x18c4;0x18c8;;SALTO -> entrada 18 (cursor 0x18c8);
H2;0x18c8;0x18e9;18;PREGUNTA (3 opciones) | OPCION -> entrada 21 (cursor 0x1f82) | OPCION -> entrada 20 (cursor 0x19b5) | OPCION -> entrada 22 (cursor 0x22c3);
H2;0x18e9;0x1915;19;;……甲高い音が部屋中 に響きわたり、私は飛 び上がった。
H2;0x1917;0x193a;;;美佳を待っているうち にいつの間にか眠って しまったようだ。
H2;0x193c;0x1960;;SALTO_CONDICIONAL +11 bytes;ピンポーン また、呼び鈴がなる。
H2;0x1962;0x19af;;;誰だろう、美佳なら鍵 をもっているはずだ。 私は無意識に足音をた てないようにしながら、 ゆっくりとドアに近づ く。
H2;0x19b1;0x19b5;;SALTO -> entrada 16 (cursor 0x14c3);
H2;0x19b5;0x1a1f;20;;隣……　そうだ、手紙。 私は俊郎から手紙が来 ていた事を思い出した。 鞄の中から、俊郎の封 筒を取り出す。 美佳が不思議そうな顔 で私を見ている。
H2;0x1a21;0x1a72;;;「史奈、それって……」 「ちょっと待って。詳 しい事は、後で話すよ」 私は美佳を手で制する と、手紙を取り出し読 み始めた。
H2;0x1a74;0x1ae5;;;『大槻　史奈様 　謝らなければならな 　いことがあります。 　友人にステレオをや 　めさせようと努力し 　たのですが、僕のい 　うことは聞き入れて 　もらえませんでした。
H2;0x1ae7;0x1b21;;;それどころか、今ま 　での事を知り、あな 　たたちに対して報復 　しようとしています。
H2;0x1b23;0x1b67;;;僕にはもう友人を止 　められません。 　ハッキリ言って、友 　人は物騒な連中とも 　付き合いがあります。
H2;0x1b69;0x1ba5;;;このままではあなた 　たちが危険です。逃 　げてください。 　　　　久保　俊郎』
H2;0x1ba7;0x1bee;;;「ねぇ史奈、何なの？」 私が手紙に目を通して いると、美佳がじれっ たそうに声をかけてき た。
H2;0x1bf0;0x1c21;;;私は今までの事情を話 し、手に持った手紙を 美佳に手渡した。
H2;0x1c23;0x1c88;;;美佳は黙って手紙に目 を落としていたが、読 み終わった途端に憤慨 した。 「冗談じゃないわ！　 なんて言いぐさよ！　 後から引っ越してきた くせに！
H2;0x1c8a;0x1cf1;;;私もう限界、耐えられ ない。これ、立派な犯 罪だよ。大家さんと話 し合いましょ。 場合によったら、警察 に訴えてもいいわ」
H2;0x1cf3;0x1d3f;;;「ちょ、ちょっと待っ て！　彼らがやったっ ていう証拠はないのよ。 それに、嫌がらせをし てるのは俊郎さんのお 友達よ。
H2;0x1d41;0x1d5f;;;俊郎さんまで追い出し てしまうのはかわいそ うよ」
H2;0x1d61;0x1d88;;;「史奈はねぇ、あまい よ。そんなの、向こう の都合じゃない」
H2;0x1d8a;0x1dbc;;;私は興奮している美佳 を必死になだめたが、 美佳は納得がいかない ようだった。
H2;0x1dbe;0x1e0d;;;「だ、だから、もう一 度だけ手紙を出してみ ない？　それで私たち の意志をきちんと伝え ようよ。 それでだめなら……」 「警察ね」
H2;0x1e0f;0x1e2d;;;美佳は渋々だけれど、 首を縦にふってくれ た。
H2;0x1e2f;0x1e5f;;;その後、私は部屋に戻 ると、さっそく机に向 かった。
H2;0x1e61;0x1e8c;;;『久保　俊郎様 　ご忠告はありがたく 　受け取っておきます。
H2;0x1e8e;0x1ede;;;ですが、お友達が私 　たちにしてきている 　のは、犯罪とも言え 　る嫌がらせです。私 　たちはこんな暴力に 　は決して屈しません。
H2;0x1ee0;0x1f3d;;;これ以上嫌がらせを 　続けるようなら、こ 　ちらにも考えがあり 　ますよ。 　あなたができないの 　なら、私たちがお友 　達と話し合ってもか 　まいません。
H2;0x1f3f;0x1f7c;;;ですから、もう一度、 　お友達と話し合って 　みてください。 　　　　大槻　史奈』
H2;0x1f7e;0x1f82;;SALTO -> entrada 58 (cursor 0x5726);
H2;0x1f82;0x1fef;21;;「私、もう限界。これ、 立派な犯罪だよ。大家 さんと話し合いましょ う。場合によったら、 警察に訴えてもいいわ」 「ちょ、ちょっと待っ て！」
H2;0x1ff1;0x2057;;;今までの一連の嫌がら せは、俊郎ではなく、 同居人の仕業だ。 その同居人を俊郎はい さめてくれると約束し てくれたのだ。友人と の関係を壊してでも… …
H2;0x2059;0x20a4;;;私は決心し、今までの 事を美佳にうち明け、 必死に俊郎の弁明をし ようとした。 が、私の言葉は遮られ た。
H2;0x20a6;0x2107;;;「あのね、そうだった としても、それが私た ちになんの関係がある っていうの。だいたい 史奈、どうして隣のヤ ツのカタなんか持つわ け。
H2;0x2109;0x212d;;;史奈はその俊郎って人 と私と、いったいどっ ちが大切なの？」
H2;0x212f;0x2179;;;「か、カタなんて持っ てないよ。ただ……」 「ただ？」 それだけ言うのが精一 杯だった。私は自分の 部屋にかけ込んだ。
H2;0x217b;0x21c7;;;俊郎、そうだ、手紙。 私は俊郎から手紙が来 ている事を思い出した。 さっそく封筒をとりだ し、開けてみる。
H2;0x21c9;0x2215;;;『史奈さんへ 　やりました！　直也 　は、僕の友人はわか 　ってくれました。や 　っぱり勇気を出して 　よかった。
H2;0x2217;0x2239;;;これで、あなたたち 　にも迷惑をかけずに 　済みます。
H2;0x223b;0x22aa;;;これもあなたが勇気 　をくれたおかげです。 　お礼を言います。 　今度はぜひ、直に会 　ってお話したいもの 　ですね。そのうちに、 　お詫びに行きます。 　　　　久保　俊郎』
H2;0x22ac;0x22c3;;PREGUNTA (2 opciones) | OPCION -> entrada 47 (cursor 0x43b7) | OPCION -> entrada 135 (cursor 0xb496);
H2;0x22c3;0x2329;22;;「私、もう限界。これ、 立派な犯罪だよ。大家 さんと話し合いましょ う。場合によったら、 警察に訴えてもいいわ」 「ちょ、ちょっと待っ て！」
H2;0x232b;0x2398;;;今までの一連の嫌がら せは、俊郎ではなく、 同居人の仕業だ。 その同居人を俊郎はい さめてくれると約束し てくれたのだ。友人と の関係を壊してでも… …
H2;0x239a;0x23df;;;私は今までの事を美佳 にうち明け、必死に俊 郎の弁明をしようとし た。 が、私の言葉は遮られ た。
H2;0x23e1;0x244a;;;「あのね、そうだった としても、それが私た ちになんの関係がある っていうの。だいたい、 俊郎って人は、本当に そのろくでもないお友 達に注意してくれたの かしら？
H2;0x244c;0x2493;;;だったら、なんでこん な事ばかり起きるの？ 結局、親友にも腹を割 って話せない人に任せ ておいたらダメなのよ」
H2;0x2495;0x2515;;;私はその言葉に鉄棒で 頭を殴られたかのよう な衝撃を受けた。 今までの関係が壊れる のを恐れ、親友にも言 いたい事を言えない。 それは、美佳に対する 私と同じではないだろ うか。
H2;0x2517;0x254b;;;「……わからないん だよ」  「…え？」  「美佳ちゃんにはわか らないんだよ！」
H2;0x254d;0x25c4;;;私はキョトンとしてい る美佳に背を向けて、 自分の部屋に駆け込ん だ。 部屋に戻ると祈るよう な思いでペンを取った。
H2;0x25c6;0x2642;;;『俊郎さん、もう限界 　です。お願いします、 　はやくお友達を止め 　てください。もし、 　それができないなら、 　彼があなたを拒むよ 　うなら、彼とは別れ 　てしまった方がいい 　です』
H2;0x2644;0x265b;;PREGUNTA (2 opciones) | OPCION -> entrada 136 (cursor 0xb7d7) | OPCION -> entrada 88 (cursor 0x7cd3);
H2;0x265b;0x2681;23;;悲鳴!? 驚いて身を起こし、私 は凍りついた。
H2;0x2683;0x26f3;;;月光に照らされたベラ ンダから、何者かが私 の部屋をうかがってい る。カーテンごしに映 る影は、明らかに猫と は違うものだ。
H2;0x26f5;0x273a;;PREGUNTA (2 opciones) | OPCION -> entrada 25 (cursor 0x2915) | OPCION -> entrada 26 (cursor 0x29ae);影は微動だにせず、私 をジッと見つめている。 １．だ、誰？ ⇒[25] ２．美佳ちゃん？ ⇒[26]
H2;0x273a;0x277f;24;;猫がベランダのサボテ ンでも踏んだのかしら。 私は大して気にも止め ず、再び目を閉じる。
H2;0x2781;0x2807;;;「きゃあああ」 私が目を閉じてからす ぐ、今度こそ絹を裂く ような悲鳴が聞こえて きた。 美佳ちゃん！ 私は布団から飛び起き ると、美佳の部屋へと 急ぐ。
H2;0x2809;0x2853;;;部屋の中では、美佳が ガラス戸を見つめ、棒 立ちになっていた。 「どうしたの」 「べ、ベランダに…人 が！」
H2;0x2855;0x28b8;;;私はガラス戸にかかっ ているカーテンを勢い よく引き開けた。 ベランダにはいつもの 静かな住宅街の眺めが あるだけで、人影など 影も形もない。
H2;0x28ba;0x28d3;;;美佳は自分の腕を抱え て震えている。
H2;0x28d5;0x2909;;;……その後、私たちは 漠然とした不安を抱い たまま、再び眠りにつ いたのだった。
H2;0x290b;0x2915;;SALTO -> entrada 29 (cursor 0x2c25);
H2;0x2915;0x2936;25;;いったい、誰なの。 私は恐怖のあまり、動 けないでいる。
H2;0x2938;0x297f;;;そうしてどれくらいの 時が流れたのか、影は 現れた時と同様、唐突 に消えた。
H2;0x2981;0x29a8;;;私は呪縛を解かれたか のように、布団に頭か ら潜り込んだ。
H2;0x29aa;0x29ae;;SALTO -> entrada 30 (cursor 0x2d76);
H2;0x29ae;0x29ed;26;;「美佳ちゃん？」 私は布団から出ると、 怖々とガラス戸のカー テンを引き開ける。
H2;0x29ef;0x2a68;;;……誰もいない。 ベランダには、いつも 通りの住宅街の夜景が 広がっているだけだっ た。気のせいだったの だろうか。なんとなく 釈然としないまま、私 は再び布団に潜り込ん だ。
H2;0x2a6a;0x2a6e;;SALTO -> entrada 27 (cursor 0x2a6e);
H2;0x2a6e;0x2adc;27;;カーテンの隙間から光 がもれてくる。頭の中 に靄がかかっているよ うな感覚のまま、布団 から起きあがると、私 はあらためてカーテン を開けてみた。
H2;0x2ade;0x2b4d;;;ガラス戸の向こうには いつもと同じ、さわや かな朝の風景が広がっ ている。 やっぱり見間違いだっ たのだろうか。 私は朝食の用意をしよ うとキッチンに向かっ た。
H2;0x2b4f;0x2b53;;SALTO -> entrada 28 (cursor 0x2b53);
H2;0x2b53;0x2bb2;28;;トースターからいい匂 いが漂ってきた頃、美 佳が眠そうに部屋から 顔を出した。私は早速 昨夜の事を美佳に話し た。
H2;0x2bb4;0x2c1f;;;「本当？ 見間違いじゃないの。 ここ、三階よ」 「よくわからないよ。 暗かったし」 「嫌だな。とにかく、 これからは注意しよ」 「うん。じゃあ私、時 間だから」
H2;0x2c21;0x2c25;;SALTO -> entrada 32 (cursor 0x3389);
H2;0x2c25;0x2c69;29;;翌朝、私は目覚まし時 計のベルに起こされた。 夜中にあんな事があっ たから、寝起きは最悪。
H2;0x2c6b;0x2cb4;;;まだ頭がハッキリしな いままリビングに行く と、同じようにけだる そうな美佳が既に起き てきていた。
H2;0x2cb6;0x2d22;;;「おはよう。眠れた？」 「ぜんぜん。何だか気 になっちゃって」 私たちはそのまま、し ばし沈黙した。が、二 人とも考えている事は 同じだろう。やがて美 佳が先に口を開いた。
H2;0x2d24;0x2d70;;;「とにかく、これから は気をつけたほうがよ さそうね。史奈も気を つけて。帰りが遅いん だから」 「うん、じゃあ行って きます」
H2;0x2d72;0x2d76;;SALTO -> entrada 32 (cursor 0x3389);
H2;0x2d76;0x2db8;30;;カーテンの隙間から朝 日がこぼれている。 私はいつの間にか眠っ てしまったようだ。
H2;0x2dba;0x2e0f;;;寝起きでまだ思考がハ ッキリとしないまま、 私は布団から起きあが ると、ガラス戸にかか っているカーテンを勢 いよく開けた。
H2;0x2e11;0x2e22;;;「きゃああああ！」
H2;0x2e24;0x2ea3;;;ガラス戸を隔てた外の 光景が目に飛び込んで 来て、私は悲鳴を上げ た。 朝日に照らされたベラ ンダの、物干し竿から それは吊られていた。
H2;0x2ea5;0x2ee2;;;風のせいか、それ自身 の重みのせいか、毛む くじゃらのそれは、空 中でゆらゆらと揺れて いる。
H2;0x2ee4;0x2f1d;;;つい最近まで元気にベ ランダではねまわって いた猫のあわれな姿が、 私の目に焼き付いた。
H2;0x2f1f;0x2fa6;;;「どうしたの!?」 そのうち、私の悲鳴を 聞きつけた美佳が、部 屋に飛び込んできた。 が、ベランダの光景を 見たとたん、息をのん でその場に立ちつくす。
H2;0x2fa8;0x2ff2;;;私たちの目の前で、も はや物言わぬ躯と化し た猫は、白濁した目を カッと見開いて虚空を 眺め続けていた……
H2;0x2ff4;0x2ffe;;SALTO -> entrada 31 (cursor 0x2ffe);
H2;0x2ffe;0x304c;31;;ショックも覚めやらぬ まま、私たちはリビン グに座り込んだ。 美佳は黙り込んだまま、 一言も発しない。
H2;0x304e;0x30a3;;;私はというと、本当な ら朝食の用意をしてい るところだが、猫の無 惨な姿が目に焼き付い たまま忘れられず、そ れどころではなかった。
H2;0x30a5;0x30fc;;;テーブルに着いてもし ばらくは黙ったままだ った。 美佳は天井を見ながら、 私はテーブルを見つめ ながら、それぞれ物思 いにふけっている。
H2;0x30fe;0x311b;;;いったい、誰があんな 事をしたんだろう。
H2;0x311d;0x314e;;;やはり昨晩のあの人影 がやったのだろうか。 そういえばまだ美佳に は話していない。
H2;0x3150;0x318f;;;「あのね、美佳ちゃん ……」 私は昨晩ベランダで目 撃した影の事を美佳に 話して聞かせた。
H2;0x3191;0x31d1;;;美佳は腕組みをしなが らジッと私の話に聞き 入っていたが、私が話 し終わると唐突に口を 開く。
H2;0x31d3;0x3229;;;「嫌がらせ、ね」 「嫌がらせ？」 「そうよ。隣のヤツが 嫌がらせしたに決まっ てるわ！」 美佳は苛立たしげにテ ーブルを叩いた。
H2;0x322b;0x3271;;;「なんてヤツなのかし ら！　元々は自分が悪 いんじゃない！」 美佳のあまりの剣幕に、 私は少々鼻白む。
H2;0x3273;0x32b2;;;「と、とにかく、これ からは注意しようよ」 「そうね。史奈も気を つけて。帰りが遅いん だから」
H2;0x32b4;0x32f4;;;学校へ行く時間をだい ぶ過ぎた事に気づき、 私は急いで駅に向かっ た。
H2;0x32f6;0x3321;;;道すがら、俊郎の事を 考える。友人の説得は 失敗したのだろうか。
H2;0x3323;0x337d;;;もしかして、そのせい でひどい目にあっては いないか。 とにかく、帰ったらも う一度手紙を書いてみ よう。私はそう思い、 電車に乗りこんだ。
H2;0x337f;0x3389;;SALTO -> entrada 14 (cursor 0x12d8);
H2;0x3389;0x33ef;32;;私が外に出ようとドア を開けた途端、目の前 をカラスが数羽、バサ バサと飛び立っていっ た。
H2;0x33f1;0x3447;;;一瞬、何があったのか わからなかったが、部 屋の前の状態を見て呆 然と立ちつくす。背後 から美佳がどうしたの、 と玄関に顔を出す。
H2;0x3449;0x34c2;;;「なによこれ！」  生ぐさい臭いが辺りに 漂う。そこは、さなが らゴミ溜めのように、 大量の野菜くずや魚の 残骸がまき散らかされ ていた。
H2;0x34c4;0x352c;;;私たちは、しばし何も 言えずに廊下を見つめ ていた。 美佳がタメ息をつく。 「私がかたづけとくか ら、史奈はもう行って。 遅刻しちゃうよ」
H2;0x352e;0x3573;;;私はまだショックから 立ち直れないでいたの だが、美佳の言うがま ま駅への道をトボトボ と歩き始めた。
H2;0x3575;0x35c7;;;道すがら俊郎の事を考 える。とにかく、帰っ たらもう一度、俊郎に 手紙を書いてみよう。 私はそう決意し、電車 に乗り込んだ。
H2;0x35c9;0x35d3;;SALTO -> entrada 14 (cursor 0x12d8);
H2;0x35d3;0x3648;33;;郵便受けの中には何も 入っていなかった。 「ただいま」 冷たい蛍光灯の照らす 廊下を通って、自分の 部屋のドアを開けると、
H2;0x364a;0x364e;;SALTO -> entrada 34 (cursor 0x364e);
H2;0x364e;0x3692;34;;そこには暗闇が待って いるだけだった。いつ ものような温かい光も、 出迎えてくれる美佳も いない。
H2;0x3694;0x36b5;;;出かけてるのかしら。 伝言もないなんて、美 佳らしくない。
H2;0x36b7;0x36f1;;;留守番電話のボタンを 押してみるが、やはり メッセージは入ってい ない。
H2;0x36f3;0x36f7;;SALTO -> entrada 35 (cursor 0x36f7);
H2;0x36f7;0x3767;35;;寂しさをまぎらわせた くて、テレビのスイッ チを入れる。司会者や 観客の楽しげな笑い声 が、私以外だれもいな い部屋に響く。
H2;0x3769;0x37b5;;;しばらく画面を眺めて いたが、美佳の帰って くる気配は一向になく、 孤独感はつのるばかり だった。
H2;0x37b7;0x37bb;;SALTO -> entrada 36 (cursor 0x37bb);
H2;0x37bb;0x3823;36;;シャワーでも浴びよう。 私はバスルームに入っ た。 コックをひねると、最 初はぬるく、徐々に熱 いお湯が私の身体を伝 い、流れていく。
H2;0x3825;0x3875;;;シャワーを浴びている うちに、少し気分が落 ち着いてきた。 美佳……　いったいど こで何をやっているの だろう。
H2;0x3877;0x38a8;;;突然、お湯の流れ落ち る音に混じって、ベル の音が聞こえてきた。
H2;0x38aa;0x38f5;;PREGUNTA (2 opciones) | OPCION -> entrada 37 (cursor 0x38f5) | OPCION -> entrada 38 (cursor 0x3a26);リビングで電話が鳴っ ているのか… １．バスルームを出る ⇒[37] ２．バスルームを出ない ⇒[38]
H2;0x38f5;0x397c;37;;ろくに身体も拭かずに、 バスタオルだけ巻いて シャワーから飛び出す。 小走りでリビングまで 急ぎ、受話器に手をの ばした途端、電話は沈 黙した。
H2;0x397e;0x39e3;;SALTO_CONDICIONAL +14 bytes;ひょっとしたら美佳だ ったのかもしれない。 タイミング悪い…… トュルルルル  静寂の中、再びベルが なり響いた。
H2;0x39e5;0x3a20;;;「もしもし」 受話器から流れてくる のは沈黙のみだ。
H2;0x3a22;0x3a26;;SALTO -> entrada 39 (cursor 0x3b5e);
H2;0x3a26;0x3a75;38;;電話には出ない事にし た。 シャワーを浴び始めた ばかりだったし、電話 は留守番電話にしてあ る。
H2;0x3a77;0x3add;;;しばらくお湯を浴びて いると、すっかりリラ ックスできた。 私はコックをひねって お湯を止め、バスルー ムを出る。
H2;0x3adf;0x3b07;;;と、図ったかのように 再び電話がなり始める。
H2;0x3b09;0x3b1e;;;ひょっとしたら美佳か もしれない。
H2;0x3b20;0x3b58;;;私は受話 器を取り上げた。 「もしもし？」
H2;0x3b5a;0x3b5e;;SALTO -> entrada 44 (cursor 0x40ee);
H2;0x3b5e;0x3baa;39;;しばらくそのままでい るが、電話の向こうに いる相手は一言も発し ない。私は不安と緊張 にかられて受話器を置 いた。
H2;0x3bac;0x3bd9;;;十秒もしないうちに、 ベルがなり始める。
H2;0x3bdb;0x3c4a;;PREGUNTA (2 opciones) | OPCION -> entrada 40 (cursor 0x3c4a) | OPCION -> entrada 41 (cursor 0x3d41);また無言電話かもしれ ない。でも、ひょっと したら美佳がかけてき たのかもしれない。 １．美佳かもしれないか 　ら出る ⇒[40] ２．無言電話よ。出ない ⇒[41]
H2;0x3c4a;0x3c8a;40;;私は少しためらったが、 結局、恐る恐る受話器 を取り上げた。
H2;0x3c8c;0x3cf0;;;「……もしもし」 だが、やはり相手は押 し黙ったまま、何もし ゃべらない。静寂が私 を包み込む。私は震え る手で受話器を置いた。
H2;0x3cf2;0x3d41;;PREGUNTA (2 opciones) | OPCION -> entrada 43 (cursor 0x4004) | OPCION -> entrada 42 (cursor 0x3e1c);また、ベルがなり始め る。 １．つき合っていられな 　い ⇒[43] ２．いい加減にして ⇒[42]
H2;0x3d41;0x3d8d;41;;電話は延々となりつづ けた。 一回一回のベルが、私 をしめつける。 早く止まってくれ、と 祈らずにはいられない。
H2;0x3d8f;0x3db4;;;やがてベルは止まった。 ホッとため息をつく。
H2;0x3db6;0x3e1c;;PREGUNTA (2 opciones) | OPCION -> entrada 42 (cursor 0x3e1c) | OPCION -> entrada 43 (cursor 0x4004);が、安心したのもつか の間、再びけたたまし く電話がなり響く。 １．いい加減にして ⇒[42] ２．つき合っていられな 　い ⇒[43]
H2;0x3e1c;0x3e68;42;;緊張に耐えられなくな った私は、受話器を乱 暴に取り上げると、大 声で怒鳴りつけた。
H2;0x3e6a;0x3ec6;;;「いい加減にしてくだ さい！」 「…ふ、史奈？」 あっけにとられたよう な声は美佳だった。 「どうしたの？　大き な声出して」
H2;0x3ec8;0x3f00;;;「美佳ちゃん？ どこに……　どこにい るの？」 安堵して、思わず涙声 になる。
H2;0x3f02;0x3f41;;;「ああ、ごめん。ちょ っとゴタゴタしちゃっ て。今、病院にいるの よ。事故っちゃってさ あ。
H2;0x3f43;0x3f88;;;今から帰るけど、遅く なりそうなの。詳しい 事は帰ってから話すよ。 だから、もうちょっと 待ってて。 じゃあね」
H2;0x3f8a;0x3feb;;;急に寒気を感じて、身 体が震える。 私は自分がバスタオル 一枚でいるのに気づき、 もう一度熱いお湯を浴 びにシャワーへ戻った。
H2;0x3fed;0x4004;;PREGUNTA (2 opciones) | OPCION -> entrada 15 (cursor 0x1454) | OPCION -> entrada 134 (cursor 0xb419);
H2;0x4004;0x407f;43;;これ以上ここにいると、 頭がおかしくなりそう だ。美佳が帰ってくる まで、コンビニにでも 退散しよう。 私は急いで服をまとう と、逃げるようにして 玄関に向かった。
H2;0x4081;0x40c3;;;私が靴をはこうとした とき、廊下から人の足 音が聞こえてきた。 まるで足を引きずって いるような歩き方だ。
H2;0x40c5;0x40e8;;;……その足音は私の部 屋の前で止まった。
H2;0x40ea;0x40ee;;SALTO -> entrada 16 (cursor 0x14c3);
H2;0x40ee;0x413a;44;;だが、受話器の向こう の相手は沈黙したまま、 一言も発しない。 私は緊張と嫌悪感とで 語気を荒げた。
H2;0x413c;0x4185;;;「もしもし！」 が、やはり相手は沈黙 したまま応答はない。 私は苛立って受話器を 乱暴に置いた。
H2;0x4187;0x41d7;;;十秒もしないうちに再 びけたたましい音がな り響いた。 私は耳をふさいで、部 屋のすみにうずくまる。
H2;0x41d9;0x4227;;PREGUNTA (2 opciones) | OPCION -> entrada 45 (cursor 0x4227) | OPCION -> entrada 43 (cursor 0x4004);電話はいつまでたって もなりやまない。 １．こうしていても仕方 　ない ⇒[45] ２．つき合っていられな 　い ⇒[43]
H2;0x4227;0x42bd;45;;こうしていても仕方が ない。私は意を決して 受話器を取り上げた。 「もしもし……」 「あぁ、史奈？」 「美佳……ちゃん？」 電話の主は美佳だった。 ホッとして、体の力を 抜く。
H2;0x42bf;0x4318;;;「いったい、どこにい るの？」 「ごめんごめん、連絡 してるヒマがなくって。 実は事故っちゃってさ、 今病院にいるのよ」 「病院？」
H2;0x431a;0x4360;;;「詳しい話は家に帰っ てからするわ。今、公 衆電話だし。 じゃあね」 美佳はそう言って電話 を切った。
H2;0x4362;0x4394;;;また一人きりになった 私は、漠然とした不安 を抱いたまま美佳を待 ち続けた。
H2;0x4396;0x43a0;;SALTO -> entrada 19 (cursor 0x18e9);
H2;0x43a0;0x43b7;46;PREGUNTA (2 opciones) | OPCION -> entrada 14 (cursor 0x12d8) | OPCION -> entrada 33 (cursor 0x35d3);
H2;0x43b7;0x4409;47;;文面には、猫や自転車 に関する記述はひとつ もなかった。とにかく、 手紙を書いて俊郎に聞 いてみよう。私は机に 向かった。
H2;0x440b;0x4482;;;『俊郎さんへ 　ステレオの事はお礼 　を言います。ですが、 　私たちは未だに迷惑 　を被っています。 　私の友人はそのせい 　で怪我をしてしまい 　ました。
H2;0x4484;0x44d7;;;あなたのお友達を疑 　うようで心苦しいの 　ですが、もう一度問 　いただしてはもらえ 　ないでしょうか。  　　　　大槻　史奈』
H2;0x44d9;0x4548;;;「おはよう」 翌朝、私が朝食の用意 をしていると、美佳が 部屋から顔をだした。 昨日あんな事があった から、何となく顔を会 わせづらい。
H2;0x454a;0x4596;;;「お、おはよう」 「今日さ、私、会社休 むから」 美佳はまだ怪我が痛む らしく、右足をひきず っている。
H2;0x4598;0x45d3;;;「それでさあ、悪いん だけど、早めに帰って きてくれないかな。 足がこうだと何かと不 便なのよ」
H2;0x45d5;0x4625;;;もともと、私は帰宅時 に寄り道をするほうで はない。昨日損ねた美 佳の機嫌を取り戻すた めにも、当然、私はそ れを承知した。
H2;0x4627;0x466d;;;夕方、私は部活も休み、 友達の誘いも振り切っ て、美佳との約束通り すぐさま家路についた。
H2;0x466f;0x46bc;;;急いでマンションに戻 ると、郵便受けをのぞ いてみる。中には見慣 れた茶封筒が入ってい た。
H2;0x46be;0x46fb;;PREGUNTA (2 opciones) | OPCION -> entrada 48 (cursor 0x46fb) | OPCION -> entrada 49 (cursor 0x4741);昨日の返事だろうか。 １．部屋に急ごう ⇒[48] ２．これは… ⇒[49]
H2;0x46fb;0x473b;48;;だが、今は美佳が待っ ているかも知れない。 私は手紙を手に取ると、 自分の部屋へと急いだ。
H2;0x473d;0x4741;;SALTO -> entrada 50 (cursor 0x489d);
H2;0x4741;0x47c0;49;;私はその場で封筒を開 け、読み始めた。 『史奈さんへ 　手紙、読みました。 　ハッキリ言って、誤 　解です。たしかに、 　友人はあなたたちに 　迷惑をかけたかもし 　れません。
H2;0x47c2;0x47f8;;;しかし、自転車に細 　工するような人間で 　はありません。それ 　は別人だと思います。
H2;0x47fa;0x4841;;;お詫びがてら、今日 　会いませんか？ 　もし、僕たちでよけ 　れば、力になります 　よ。 　　　　久保　俊郎』
H2;0x4843;0x4897;;;別人の仕業？ もしそれが本当ならば、 私たちに恨みを持って いる人間が他にいるの だろうか。 私は急いで部屋に戻っ た。
H2;0x4899;0x489d;;SALTO -> entrada 50 (cursor 0x489d);
H2;0x489d;0x492b;50;;部屋に入ると、中は真 っ暗だった。蛍光灯の スイッチを手探りで入 れる。が、明かりはつ かない。どうやらブレ ーカーがとんでいるよ うだ。 私は目をこらし室内を うかがった。
H2;0x492d;0x4950;;;美佳はどこに行ったの だろう？　歩くのも辛 そうだったのに。
H2;0x4952;0x4969;;PREGUNTA (2 opciones) | OPCION -> entrada 137 (cursor 0xb946) | OPCION -> entrada 138 (cursor 0xb96c);
H2;0x4969;0x49ab;51;;「美佳ちゃん、私、何 かした？　気に入らな い事したなら、あやま るから……」 思わず、涙声になる。
H2;0x49ad;0x49db;;;「気に入らない事？ 私にとってはあんたの やる事なす事が気に入 らなかったわ！
H2;0x49dd;0x4a12;;;子供の頃からそうよ。 私の背中に隠れて、私 がいなけりゃ何もでき なかったじゃない。
H2;0x4a14;0x4a70;;;それなのに、昨日のあ の態度はなに！　 私とその俊郎ってやつ を天秤にかけたわね！ あんたはねぇ、私の後 ろでピーピー泣いてり ゃいいのよ！
H2;0x4a72;0x4ac9;;;よけいな手紙なんか出 さずにね」  信じられなかった。こ れが美佳の本当の姿だ ったのだろうか？
H2;0x4acb;0x4b33;;;美佳は床に倒れたまま の私に、ギラリと光る ナイフを突きつけた。 「お願い、やめて！」 「大丈夫。殺しはしな いわ。一生消えない傷 をつけるだけ。
H2;0x4b35;0x4b7c;;;でも、安心して。私は あんたを見捨てたりは しないから……」  美佳はナイフを私の頬 に押し当てた。
H2;0x4b7e;0x4bf9;;;もうだめ！　私が半ば あきらめかけた時だっ た。  玄関の呼び鈴がなった。 美佳が緊張に身を固く する。呼び鈴は、二度 三度となり続けた。
H2;0x4bfb;0x4bff;;SALTO -> entrada 53 (cursor 0x4e7e);
H2;0x4bff;0x4c71;52;;さすがの私も頭にきた。 激情にまかせてまくし たてる。 「調子にのってる!?　 お仕置き!?　冗談じゃ ないわ！　私は美佳ち ゃんのおもちゃじゃな いのよ！」
H2;0x4c73;0x4c90;;;美佳は予想しなかった 私の反撃に鼻白んだ。
H2;0x4c92;0x4ce8;;;「な、なによ。人の世 話になっておきながら、 その口の聞き方は！」 私の頬を平手で叩く。 一度流れ出した感情は もう止まらなかった。
H2;0x4cea;0x4d18;;;反射的に私も美佳の頬 をはる。美佳と喧嘩す るなんて、初めてだっ た。
H2;0x4d1a;0x4d74;;;美佳が鬼のような形相 で隠してあったナイフ を抜いた。私がハッと しているうちに、再び 美佳の平手が飛んでき た。
H2;0x4d76;0x4df4;;;反動で床に倒れる。 「一生消えない傷を付 けてやる」 美佳は白刃を私の頬に 押し当てた。 「や、やめて！」 「大丈夫。私はあんた を見捨てたりはしない から……」
H2;0x4df6;0x4e72;;;もうだめ！私が半ばあ きらめかけた時だった。  ピンポーン。  玄関の呼び鈴がなる。 美佳が緊張に身を固く する。呼び鈴は、二度 三度となり続けた。
H2;0x4e74;0x4e7e;;SALTO -> entrada 53 (cursor 0x4e7e);
H2;0x4e7e;0x4ef4;53;;美佳は舌打ちして、近 くにあったガムテープ をつかむと、それで私 を縛った。口にもテー プをはられ、声を上げ る事もできない。 私はそのまま自分の部 屋に放り込まれた。
H2;0x4ef6;0x4f40;;;「大人しくしてないと、 後でひどいわよ」 美佳はすごみをきかせ てそう言うと、部屋の ドアを閉めた。
H2;0x4f42;0x4f8a;;;私は暗闇に一人取り残 された。 一体誰が来たんだろう。 耳をすます。ドアを隔 てて声が聞こえてくる。
H2;0x4f8c;0x4fe0;;;「大槻史奈さんは、い らっしゃいますか？」 「まだ、帰ってきてお りません」 「あれ、おかしいなあ。 手紙がなくなってたか ら、てっきり……」
H2;0x4fe2;0x502f;;PREGUNTA (2 opciones) | OPCION -> entrada 54 (cursor 0x502f) | OPCION -> entrada 55 (cursor 0x5046);ひょっとして、俊郎さ ん！ １．お願い、気がついて 　！ ⇒[54] ２．何か知らせる方法は 　… ⇒[55]
H2;0x502f;0x5046;54;PREGUNTA (2 opciones) | OPCION -> entrada 56 (cursor 0x53f9) | OPCION -> entrada 55 (cursor 0x5046);
H2;0x5046;0x50b0;55;;私は何とかして俊郎に 知らせようとしたが、 手足は自由にならなか った。 しかたなく、床にころ がされたまま、大人し く成り行きを見守るこ とにする。
H2;0x50b2;0x50fc;;;しばらくすると壁を隔 てた向こうでドアが閉 まる音がした。 ダメだ、俊郎さんは帰 ってしまった。
H2;0x50fe;0x5126;;;「あなたの俊郎さんは 帰ったわ」 美佳が部屋に戻ってき た。
H2;0x5128;0x518f;;;「あんたあの男に期待 したでしょう。いつも そう。他人を当てにし てる。でもね、本当に あんたの事をわかって いるのは私なの。なの に、他のヤツになびく なんて　……」
H2;0x5191;0x51e1;;;美佳はテーブルに置い たナイフを握った。 私はもう何もしなかっ た。ここまできたら運 命を受け入れるしかな い。
H2;0x51e3;0x520e;;;「いい子ね。最初から こうしていたらよかっ たのに」 美佳は冷たく笑った。
H2;0x5210;0x522c;;;……と、その表情が凍 りついた。
H2;0x522e;0x525a;;;美佳はベランダの外を 見つめている。 美佳の視線を私も追う。
H2;0x525c;0x526d;;;そこに見知らぬ男性が いた。
H2;0x526f;0x52d5;;;彼は鉢植えを振り上げ ると、ガラス戸に向か って振り下ろす。 ガラスが砕け散る。 開いた隙間から、その 人は部屋に足を踏み入 れた。
H2;0x52d7;0x5327;;;「史奈さんだね」 私は必死にうなずいた。 「今、わかったよ、き みに迷惑をかけていた 人は、すぐ隣にいたん だ……」
H2;0x5329;0x5345;;;美佳が白刃をふりかざ し彼に躍りかかる。
H2;0x5347;0x537a;;;彼は軽くそれをよけ、 美佳の手首をつかんだ。 そして腹に突きをたた き込む。
H2;0x537c;0x5399;;;美佳は苦痛の声も上げ ずに倒れ込んだ。
H2;0x539b;0x53d1;;;「大丈夫？」 彼はすぐ私の戒めを解 いてくれた。 そして私を見つめ、に っこり笑った。
H2;0x53d3;0x53f3;;;「初めまして。久保俊 郎です」
H2;0x53f5;0x53f9;;SALTO -> entrada 57 (cursor 0x564a);
H2;0x53f9;0x5457;56;;お願い、気づいて！ 手足を必死に動かす。 「じゃあ、また来ます。 史奈さんによろしくお 伝えください、あ、そ れから……」 指先に何かが触れた。
H2;0x5459;0x54c5;;;これはラジカセ！ 私は夢中で、後ろ手に 再生ボタンを押す。ボ リュームを一気に最大 までひねる。大音量で 曲が流れ始めた。
H2;0x54c7;0x5544;;;扉の向こうで言い争う 声が聞こえる。 私は自由にならぬ身を 動かして、何とかドア に体当たりした。反動 でドアが開き、私は床 に転がり出た。
H2;0x5546;0x55bb;;;玄関には、美佳と俊郎 とおぼしき男性が立っ ていた。 美佳は私が転がり出て きたのを見ると、こち らに向かって走って くる。その憤怒の形相 に、私は戦慄した。
H2;0x55bd;0x5629;;;次に気がついた時、美 佳はその男性に羽交い じめにされていた。美 佳は懸命に俊郎をふり ほどこうとするが、男 の力にはかなわない。
H2;0x562b;0x5644;;;私はその親友の姿を見 て、涙を流した。
H2;0x5646;0x564a;;SALTO -> entrada 139 (cursor 0xbc90);
H2;0x564a;0x56a9;57;;これで見納めかと思う と少し寂しいような気 がして、私はもう一度 後ろを振り向いた。 たった今、出てきたマ ンションがそこにはあ った。
H2;0x56ab;0x5719;;;たった数ヶ月だったが、 ここでの経験は一生忘 れられないだろう。失 ったモノはあまりにも 大きい。思わず涙ぐむ。 が、それをぐっとこら え、私は前に踏み出し た。
H2;0x5726;0x5766;58;;翌朝、怪我をしている というのに、美佳はい つも通り玄関まで見送 りに出てきてくれた。
H2;0x5768;0x57ee;;;美佳は右足のケガがひ どく痛むらしく、今日 は会社を休むらしい。 あんな手紙が来た後で、 美佳を一人部屋に残し ておくのは少し気が引 けたが、美佳はそれを 理由に私が学校を休む のを許さなかった。
H2;0x57f0;0x5845;;;「本当に一人で大丈夫 なの？」 「平気平気。しっかり 戸じまりしておくから」 「本当に気をつけてね。 じゃあ、行ってきます」
H2;0x5847;0x589e;;;しかし、学校には出た ものの、やはり不安は 拭えなかった。 夕方、部活が終わると、 私はすぐさま家路につ いた。
H2;0x58a0;0x58d8;;;駅から降り、マンショ ンまでの道は、知らず 知らず小走りになった。
H2;0x58da;0x5938;;;手紙の返事が来ていな いか、と郵便受けの戸 を開けると、中にはむ き出しのレポート用紙 が一枚入っているだけ だった。
H2;0x593a;0x593e;;SALTO -> entrada 59 (cursor 0x593e);
H2;0x593e;0x5956;59;;私はいぶかしく思い、 すぐにそれを読んだ。
H2;0x5958;0x599b;;;『もし、これを読んで 　いるのが史奈さんな 　ら、すぐに逃げてく 　ださい。
H2;0x599d;0x5a1e;;PREGUNTA (2 opciones) | OPCION -> entrada 61 (cursor 0x5a6a) | OPCION -> entrada 60 (cursor 0x5a1e);友人はいよいよ本格 　的に、あなたたちに 　報復するつもりです。 　あなただけでも、逃 　げて』 １．警察に通報 ⇒[61] ２．部屋に急ぐ ⇒[60]
H2;0x5a1e;0x5a64;60;;私は手紙を読むのもそ こそこ、急ぎ、部屋に 向かった。階段、廊下 を一気に駆け抜ける。
H2;0x5a66;0x5a6a;;SALTO -> entrada 62 (cursor 0x5bd9);
H2;0x5a6a;0x5ae3;61;;私は近くの公衆電話ま で走ると、受話器を乱 暴に取り上げ、１１０ 番をプッシュした。 コールが始まる。警察 に通報するなんて生ま れて初めてだ。
H2;0x5ae5;0x5b46;;;ほどなく、太い声が応 対してくれる。 「はい１１０番です」 「あ、あの……」 私は緊張と焦りとでし どろもどろになりなが ら事情を説明した。
H2;0x5b48;0x5b78;;;警察は私が話が終える と、すぐパトカーをよ こすと言って電話を切 った。
H2;0x5b7a;0x5bcd;;;ドッと疲れが出る。複 雑な状況を説明するの に思った以上に時間が かかってしまった。私 はすぐさま自分の部屋 に向かった。
H2;0x5bcf;0x5bd9;;SALTO -> entrada 62 (cursor 0x5bd9);
H2;0x5bd9;0x5c1e;62;;合図の呼び鈴を指先に 力をこめて押す。 今日は居るはずなのに ……
H2;0x5c20;0x5c6a;;;再び押す。 部屋から返事はない。 先ほどの手紙が頭をよ ぎる。美佳は無事だろ うか。
H2;0x5c6c;0x5c9f;;;意を決してドアノブを ひねると、カギはかか っていない。
H2;0x5ca1;0x5cb1;;;「……どうして……」
H2;0x5cb3;0x5ccb;;;背筋に冷気が走る。
H2;0x5ccd;0x5cea;;;ノブを握った手が固く なって震えている。
H2;0x5cec;0x5d33;;;部屋の中は暗闇に包ま れていた。手探りで電 源のスイッチを入れる。 天井から光は降り注い でこない。
H2;0x5d35;0x5da0;;;私は目をこらした。窓 から差し込む光にも助 けられ、だんだんと目 が慣れてくる。 暗闇に包まれたダイニ ングを見て、私は息を のんだ。
H2;0x5da2;0x5def;;;部屋の中は、まるで台 風が通り過ぎたような 有様だった。皿やコッ プの残骸が床に散乱し ている。
H2;0x5df1;0x5e31;;;私は不安にかられ、美 佳の部屋に向かおうと した。途端、何かにつ まずき、床に倒れる。
H2;0x5e33;0x5e9d;;PREGUNTA (2 opciones) | OPCION -> entrada 63 (cursor 0x5e9d) | OPCION -> entrada 64 (cursor 0x5f8f);こんなところにこんな 大きなものは置いてい なかったハズだ。 まさか…… １．まさか…美佳？ ⇒[63] ２．奧へ急ごう ⇒[64]
H2;0x5e9d;0x5ede;63;;私は改めて床にあるも のを手探りで確かめた。 ぬるりとしたものが掌 を濡らす。そしてこの 感触は……
H2;0x5ee0;0x5efd;;;人間の髪の毛！
H2;0x5eff;0x5f83;;;「美佳ちゃん！」 だがそれは、美佳では なかった。見た事もな い男が、床に倒れてい る。後頭部から流れ出 た血が、床に血だまり をつくっている。 　　報復！
H2;0x5f85;0x5f8f;;SALTO -> entrada 65 (cursor 0x6009);
H2;0x5f8f;0x5fb7;64;;私は周りを警戒しなが ら、ゆっくりと、慎重 に奧へと進んだ。
H2;0x5fb9;0x5fec;;;と、奧の部屋の方から 押し殺したうめき声が 耳に入ってきた。
H2;0x5fee;0x6009;;SALTO -> entrada 66 (cursor 0x6056);聞き慣れた声……  美佳ちゃん！
H2;0x6009;0x603d;65;;背筋が凍り、鉛を飲ん だように重い身体は腰 を落したまま動けない。
H2;0x603f;0x6056;;SALTO -> entrada 66 (cursor 0x6056);ただ、血だまりを見つ めるだけだ。
H2;0x6056;0x606d;66;PREGUNTA (2 opciones) | OPCION -> entrada 67 (cursor 0x606d) | OPCION -> entrada 68 (cursor 0x60c3);
H2;0x606d;0x608f;67;;もう私一人じゃどうす る事もできない。 人を呼んでこよう。
H2;0x6091;0x60bd;;;私はそう判断してきび すを返し、小走りでド アに向かった。
H2;0x60bf;0x60c3;;SALTO -> entrada 69 (cursor 0x60fa);
H2;0x60c3;0x60fa;68;PREGUNTA (2 opciones) | OPCION -> entrada 72 (cursor 0x67d2) | OPCION -> entrada 67 (cursor 0x606d);１．美佳を助けなきゃ ⇒[72] ２．助けを呼んだほうが 　いい ⇒[67]
H2;0x60fa;0x6111;69;PREGUNTA (2 opciones) | OPCION -> entrada 70 (cursor 0x6111) | OPCION -> entrada 71 (cursor 0x64e2);
H2;0x6111;0x6151;70;;リビングを通り抜けよ うとしたとき、私はふ とある事に気が付いた。 死体がない？
H2;0x6153;0x61da;;;死んではいなかったの だろうか？　とりあえ ず今は人を呼ぼう。 私はその場を後にし、 ドアから外に出ようと した。 突然、玄関脇にある洗 面所の扉が開き、人影 が飛び出してきた！
H2;0x61dc;0x625a;;;顔面を血に染めたその 男は私にのしかかる。 私は男を支えきれずに 床に倒れた。 「きゃああああ」 男は今度こそ本当に死 んでしまったのだろう か、ピクリとも動かな い。
H2;0x625c;0x62b5;;;血なまぐさい臭いがす る。私は必死になって もがくが、完全に男の 下敷きになってしまっ ているので、なかなか 抜け出せない。
H2;0x62b7;0x6303;;;カチャッとドアの開く 音が聞こえてきた。 私はもがくのをやめ、 ジッと奧の暗闇に目を こらした。
H2;0x6305;0x638b;;;暗闇の向こう、美佳の 部屋から、新たな人影 が姿を現した。男は私 を見つけると、ゆっく りと近づいてくる。右 手にギラリと光るナイ フを持って。 「逃げろって、言った のに……」
H2;0x638d;0x63ee;;;男は私の前に立つと、 泣き笑いの表情を浮か べた。 「しかたなかったんだ。 君の大切な人を守ろう として…… でも、失いたくもなか ったんだ！
H2;0x63f0;0x6464;;;お前のせいだ。お前が 僕をたきつけなければ、 こんな事にはならなか った！」 男は自分の言葉に興奮 したのか、急に怒声を 上げて白刃を振りかざ す。
H2;0x6466;0x64b9;;;私はまだ下敷きになっ ていて、動けない。 もうだめだ、私が目を 閉じたとき、私にのし かかっていた男が再び 起きあがった。 「俊郎！」
H2;0x64bb;0x64e2;;SALTO -> entrada 73 (cursor 0x696e);そう叫ぶと、白刃を持 った男に飛びかかって いく。
H2;0x64e2;0x6558;71;;リビングを通り抜けよ うという時、私はなに かに足をとられ、つん のめった。 見れば、床に人がうつ ぶせに倒れている。 私はその人物に足首を ガッチリと掴まれたの だ。
H2;0x655a;0x65da;;;目をこらしてみるが、 美佳ではない。見たこ ともない男性が、そこ に倒れていた。 私は恐怖にかられ、必 死に振りほどこうとす ると、私を捕らえてい る人がゆっくりと顔を 上げた。
H2;0x65dc;0x660e;;;男の顔は血にまみれ、 目はどんよりと濁って 焦点が合っていない。 「きゃああ」
H2;0x6610;0x6660;;;私は悲鳴を上げた。す ると、それを合図にし たかのように、奧の扉 がバンッと開き、もう 一人、別の男が飛び出 してきた。
H2;0x6662;0x66d4;;;男は床にへたりこんで いる私を見つけると、 うなるように叫びなが ら、私に駆け寄って来 た。 「逃げろって言ったの に！　なんで、みんな 僕の言う事を聞いてく れないんだ！」
H2;0x66d6;0x6725;;;逃げろ？　じゃあ、こ の人が！ 男は右手に持った白刃 を振り上げる。私は未 だに足首を捕まれ、逃 げられない！
H2;0x6727;0x6783;;;わずかな光に反射する 刃を見て、私が半ば諦 めて目を閉じようとし たとき、私を捕まえて いた男がバネ仕掛けの ように立ち上がった。
H2;0x6785;0x679e;;;「俊郎！　よくもやり やがったな……！」
H2;0x67a0;0x67d2;;SALTO -> entrada 73 (cursor 0x696e);かすれた声でそう叫ぶ と、ナイフを持った男 につかみかかった。
H2;0x67d2;0x685f;72;;その時、奧の方から押 し殺したような声が聞 こえてきた。 「う……、うう……」 「み、美佳…ちゃん？」 私は美佳の部屋の方に 耳をすました。 恐る恐る美佳の部屋の ドアを開ける。
H2;0x6861;0x68d6;;;暗闇を凝視すると、部 屋の真ん中で誰かが床 に転がってもがいてい るのが見えた。 「美佳ちゃん！」 手を縛られ、口にガム テープをはられた美佳 だった。
H2;0x68d8;0x6920;;;駆け寄って、ガムテー プをはがそうとする。 その時、美佳が私の後 ろを見てうめき声を上 げた。
H2;0x6922;0x6968;;;気配を感じて振り向く と、いつの間にか背後 に人影が立っていた。 人影は右手を振り上げ る。
H2;0x696a;0x696e;;SALTO -> entrada 76 (cursor 0x6a59);
H2;0x696e;0x6985;73;PREGUNTA (2 opciones) | OPCION -> entrada 74 (cursor 0x6985) | OPCION -> entrada 75 (cursor 0x6a23);
H2;0x6985;0x69c9;74;;私は二人の男がもみ合 っているスキをついて、 脱兎のごとくその場か ら逃げ出した。
H2;0x69cb;0x6a1d;;;とにかく誰か人を呼ぼ う。 「だれか、だれか！ 助けてください！」 私は大声で叫びながら 廊下を駆け抜けた。
H2;0x6a1f;0x6a23;;SALTO -> entrada 81 (cursor 0x7221);
H2;0x6a23;0x6a59;75;PREGUNTA (2 opciones) | OPCION -> entrada 84 (cursor 0x7742) | OPCION -> entrada 74 (cursor 0x6985);１．美佳を助けなきゃ ⇒[84] ２．誰かに助けを求めよ 　う ⇒[74]
H2;0x6a59;0x6ac8;76;;私は悲鳴を上げ、床に 倒れるようにして一撃 を避ける。左腕に鋭い 痛みを感じる。血が流 れ出すのがわかる。 私は床を這うようにし て人影から離れた。
H2;0x6aca;0x6b1f;;;人影はゆっくりと私の ほうへ近づいてくる。 「逃げろっていったの に…… 逃げろって……」 逃げろ？　ではこの人 が……
H2;0x6b21;0x6b61;;;「俊郎さん!?」 人影は倒れたままの私 に飛び掛かかってきた。 私はとっさに身をよじ る。
H2;0x6b63;0x6bb4;;;顔のすぐ近くの床に凶 刃が突き刺ささる。 男は私にのしかかった まま、顔を近づけてう なり続けている。
H2;0x6bb6;0x6bf8;;;「仕方なかったんだ。 君たちを守るためだっ たんだ。でも、でも、 俺はアイツを失いたく なかったんだ　！」
H2;0x6bfa;0x6c69;;;男の息が顔にかかる。 やはり、この男は俊郎 なのだろうか。私は必 死になって身をよじっ たが、男の力にはかな わない。それでも逃れ ようと上体を動かすと、 手に何かが触れた。
H2;0x6c6b;0x6cd4;;;花瓶だ。 「なんで俺の言う事を 聞いてくれないんだ。 親友だと思っていたの に。直也……」 俊郎は何かに取りつか れたかのようにつぶや き続けている。
H2;0x6cd6;0x6d1c;;;私は俊郎の後頭部めが けて、思い切り花瓶で 殴り付けた。衝撃が手 に伝わってくる。
H2;0x6d1e;0x6d43;;;「ギャッ」 俊郎は後頭部を押さえ てのたうちまわる。
H2;0x6d45;0x6d49;;SALTO -> entrada 77 (cursor 0x6d49);
H2;0x6d49;0x6dba;77;;ようやく俊郎から逃れ る事が出来た私は、美 佳を立たせて玄関に走 った。 うめき声が聞こえる。 後ろを見れば、男が美 佳の部屋からゆっくり と出てくる。
H2;0x6dbc;0x6df2;;;後頭部から流れ出した 血に染まり、悪鬼のよ うな形相で白刃を振り 上げる。
H2;0x6df4;0x6e6e;;;私たちは廊下に転がり 出た。急いでエレベー ターまで走り、ボタン を押す。エレベーター は一階からゆっくりと 上昇してくる。 ガチャリ、と部屋のド アが開いた。
H2;0x6e70;0x6eae;;;俊郎がのそり、と出て くる。 俊郎は私たちの姿を認 めると、廊下を走って こちらに向かってきた。
H2;0x6eb0;0x6f17;;;エレベーターはまだ来 ない。俊郎は凶刃をふ りあげた。 その時、ガチャリと扉 が開いて、もう一人、 男が出てきた。この人 は……同居人？
H2;0x6f19;0x6f40;;;男は助けを求めるかの ように、こちらに向か って手をさしのべる。
H2;0x6f42;0x6fb3;;;私たちが背後を凝視し ているのに気づいて、 俊郎も振り向いた。部 屋から出てきた男はゆ っくりと近づいてくる。 「うわああああ」 と叫んだのは俊郎だっ た。
H2;0x6fb5;0x7001;;;部屋から出てきた男に 抱きつく。男は俊郎に 抱きかかえられたまま、 ドゥッと廊下に崩れ落 ちた。
H2;0x7003;0x704f;;;俊郎は、男にすがって 泣き始めた。 「悪かった！　俺が悪 かった！　俺はお前に 嫌われたくなかっただ けなんだ！」
H2;0x7051;0x7055;;SALTO -> entrada 78 (cursor 0x7055);
H2;0x7055;0x706c;78;PREGUNTA (2 opciones) | OPCION -> entrada 79 (cursor 0x706c) | OPCION -> entrada 80 (cursor 0x710e);
H2;0x706c;0x70ad;79;;その時、エレベーター が開いて、扉を背にし ていた私たちは支えを 失って中に倒れ込んだ。
H2;0x70af;0x7108;;;「動くな！」 私が上体を起こすと、 二人の警官に俊郎が押 え込まれていた。 俊郎のすすり泣きが静 かな夜空に響いていた。
H2;0x710a;0x710e;;SALTO -> entrada 140 (cursor 0xc0b3);
H2;0x710e;0x7181;80;;「あ、あんたたち、何 やってるの！」 突然の第三者の声に驚 いて目をやると、この フロアに住んでいる主 婦がドアからうろたえ たような顔をのぞかせ ていた。
H2;0x7183;0x71eb;;;その人は、血塗れの男 や、ボロボロの私たち を見て、近所中に響く 声で騒ぎ始めた。 「だ、誰か！　警察！」 騒ぎを聞きつけて近所 の人が顔を出す。
H2;0x71ed;0x721b;;;俊郎のすすり泣きが、 静かな夜空に響いてい た。
H2;0x721d;0x7221;;SALTO -> entrada 140 (cursor 0xc0b3);
H2;0x7221;0x7238;81;PREGUNTA (2 opciones) | OPCION -> entrada 82 (cursor 0x7238) | OPCION -> entrada 83 (cursor 0x7517);
H2;0x7238;0x72a2;82;;いつもならものの数秒 で駆け抜けてしまう廊 下も、今はものすごく 長く感じる。 エレベーターにたどり 着いたところで、私は 後ろを振り向いた。
H2;0x72a4;0x72ec;;;廊下は冷たい蛍光灯に 照らされて、不気味な 沈黙を守ったままだ。 私の部屋から男が出て くる気配はない。
H2;0x72ee;0x7339;;;私が部屋の様子をうか がっていると、背後の エレベーターの扉が開 いて警官が二人現れた。
H2;0x733b;0x739f;;;私はすがりつく。 「どうしました？」 いつもは威圧的で近寄 りがたい制服が、今は とても頼もしく思える。 私は焦りでしどろもど ろになりながら状況を 説明した。
H2;0x73a1;0x7416;;;警官たちは顔を見合わ せる。私は警官の一人 の手を引っ張って自分 の部屋へと連れていっ た。 扉を開けると、いきな り玄関で血塗れの男が 倒れていた。
H2;0x7418;0x7465;;;警官はその惨状を見て、 表情を引きしめた。 突然、どこに隠れてい たのか、男が飛び出し てきた。
H2;0x7467;0x74be;;;虚をつかれて警官たち も対応できない。男は 信じられない速さで廊 下を逃げていった。警 官の一人がスグに後を 追う。
H2;0x74c0;0x7511;;;私は部屋の中へと駆け 込んだ。 美佳は……？ 美佳の部屋のドアを開 け、私は絶叫した。
H2;0x7513;0x7517;;SALTO -> entrada 129 (cursor 0xadf7);
H2;0x7517;0x7566;83;;騒ぎを聞きつけて近所 の住民が顔を出した。 中年の女性が私に声を かけてくる。 「いったい、どうした の！」
H2;0x7568;0x7591;;;私は焦りと緊張とでし どろもどろになりなが ら、状況を説明した。
H2;0x7593;0x75fc;;;女性は私の話を聞くと、 すぐさま部屋に駆け込 んで警察に通報してく れた。野次馬も徐々に 集まってくる。 私は気が気ではなかっ た。美佳はどうなった のだろう。
H2;0x75fe;0x7647;;;間もなく警官が二人、 駆けつけてくれた。私 は自ら自分の部屋に案 内した。警官は慎重に ドアを開ける。
H2;0x7649;0x767e;;;部屋の中は相変わらず 暗かった。聞き耳をた ててみるが、何も聞こ えてこない。
H2;0x7680;0x76af;;;警官達は顔を見合わせ ると、中に入っていっ た。 私は玄関で待ち続けた。
H2;0x76b1;0x76e4;;;やがて、警官の驚く声 が聞こえると、居ても 立っても居られなくな り中に入った。
H2;0x76e6;0x773c;;;警官は、美佳の部屋に 立ちつくしていた。私 は警官の足下に転がっ ているものを見て、絶 叫した。
H2;0x773e;0x7742;;SALTO -> entrada 129 (cursor 0xadf7);
H2;0x7742;0x77c2;84;;私は二人がもみ合って いるうちに美佳の部屋 にかけ込んだ。 やはり中は暗かったが、 既に暗闇に慣れている 私の目は部屋の真ん中 で誰かが床に転がって もがいているのを見つ けた。
H2;0x77c4;0x782f;;;「美佳ちゃん！」 それは、手を縛られ、 口にガムテープをはら れた美佳だった。私は 急いで美佳に駆け寄る と、ガムテープをはが そうとする。
H2;0x7831;0x78ae;;;その時、美佳が目を見 開き、ガムテープの下 から叫び声を上げた。 とっさに振り向くと、 部屋の入り口に人影が 立っていた。 男は血がしたたる刃を 右手に下げている。
H2;0x78b0;0x78f6;;;私は美佳を守るように 抱きかかえた。 男は右手を振り上げる。 暗闇に白刃が光った！ その時
H2;0x78f8;0x78fc;;SALTO -> entrada 85 (cursor 0x78fc);
H2;0x78fc;0x7913;85;PREGUNTA (2 opciones) | OPCION -> entrada 86 (cursor 0x7913) | OPCION -> entrada 87 (cursor 0x7a85);
H2;0x7913;0x7994;86;;甲高いチャイムの音が 響き、続いてドアを叩 く音が聞こえてきた。 「もしもし！　警察で す！」 俊郎はハッとして身を 固くした。ドアの方を 向いて、立ちつくして いる。
H2;0x7996;0x79fc;;;「助けて！　助けてく ださい！」 私は、今まで出したこ とのないような大声で 叫んだ。 「くそっ」 男はきびすを返すと、 部屋を飛びだしていっ た。
H2;0x79fe;0x7a45;;;助かった…… 私は美佳をギュッと抱 きしめた。美佳も身を 震わせている。 入り口から、怒声が聞 こえてくる。
H2;0x7a47;0x7a7f;;;私が部屋から怖々顔を 出してみると、入り口 で男が制服警官に取り 押さえられていた。
H2;0x7a81;0x7a85;;SALTO -> entrada 133 (cursor 0xb14f);
H2;0x7a85;0x7adf;87;;甲高いチャイムの音が 部屋中になり響いた。 突然の第三者の闖入に、 その場にいた者は一瞬 身を固くする。
H2;0x7ae1;0x7b1f;;;「本間さん！　夜に騒 ぐなんて迷惑ですよ！」 入り口から女性の怒鳴 り声が聞こえてきた。
H2;0x7b21;0x7b42;;;男はその声に気を取ら れ、私たちから注意が そがれた。
H2;0x7b44;0x7b7c;;;「助けて、助けてくだ さい！　殺される！」 私はあらん限りの声で 叫んだ。
H2;0x7b7e;0x7bf1;;;男は憎々しげに舌打ち し、慌てて部屋を飛び 出していく。私は呆然 とその後ろ姿を見てい た。助かった？ 「きゃああ」 急に入り口でした喚き 声が私を現実にお引き 戻した。
H2;0x7bf3;0x7c5c;;;急いで部屋を出てみる と、男と、文句を言い に来たのであろう中年 の女性が尻餅を付いて いた。 女性は、部屋の中の惨 状を目にすると、金切 り声を上げた。
H2;0x7c5e;0x7ccd;;;「ひぃっ！　人殺し！」 尋常でない叫び声に、 近所中の人たちが扉を 開けた。 「つ、捕まえて！」 もはや逃げ場を失った 男は、観念したかのよ うに泣き崩れた。
H2;0x7ccf;0x7cd3;;SALTO -> entrada 133 (cursor 0xb14f);
H2;0x7cd3;0x7d45;88;;私が朝食の食パンを焼 いていると、いつも通 り美佳が部屋から出て きた。彼女が無言でテ ーブルに着くと、私も 押し黙ったまま彼女の 前に皿を出す。
H2;0x7d47;0x7d6b;;;あれから美佳と私の関 係はどこかぎくしゃく してしまった。
H2;0x7d6d;0x7dc6;;;俊郎からの返事も返っ てこない。あんな事を 書いたから、気を悪く したのだろうか。 私はなんとなく、気ま ずい日々を過ごしてい た。
H2;0x7dc8;0x7df2;;;寂しい…… こんな時にかぎって、 何故か猫もやって来な い。
H2;0x7df4;0x7e68;;;やがて学校に行く時間 が来たので、私は黙っ て席を立った。 「ねえ、史奈。例のこ となんだけれど……」 ふいに美佳が声をかけ てきた。つとめて、普 通に振る舞おうとして いるのがわかる。
H2;0x7e6a;0x7e6e;;SALTO -> entrada 91 (cursor 0x7ef3);
H2;0x7e6e;0x7e85;89;PREGUNTA (2 opciones) | OPCION -> entrada 90 (cursor 0x7e85) | OPCION -> entrada 91 (cursor 0x7ef3);
H2;0x7e85;0x7ea3;90;;私は聞こえないふりを して、その場を後にし た。
H2;0x7ea5;0x7eed;;;ちょっと冷たかっただ ろうか…… 罪悪感で心が痛む。 その日は一日、なんだ か後ろめたい気持ちで いっぱいだった。
H2;0x7eef;0x7ef3;;SALTO -> entrada 95 (cursor 0x86a2);
H2;0x7ef3;0x7f14;91;;だが、私は聞こえない ふりをして、その場を 後にした。
H2;0x7f16;0x7f5a;;;私が外に出ようとして ドアを開けようとする と、外側に何か置かれ ているらしく、かすか な重みを感じた。
H2;0x7f5c;0x7fa7;;;またゴミか何か置かれ ているのか、と半ばあ きらめ気味に、半ば苛 立って、かまわずに勢 いをつけてドアを開け る。
H2;0x7fa9;0x8025;;;途端、吐き気すら催す ひどい悪臭が鼻につき、 私は口を押さえる。 ふと廊下に目を落とす と、ペンキをハケで塗 ったときのように、赤 黒い跡がドアの下につ いていた。
H2;0x8027;0x8055;;;ちょうど外側にあった ものが、ドアに引きず られてついたようだ。
H2;0x8057;0x8088;;;いったい何が置かれて いるのか、信じたくは なかったが、私にはそ れが予想できた。
H2;0x808a;0x80cb;;PREGUNTA (2 opciones) | OPCION -> entrada 92 (cursor 0x80cb) | OPCION -> entrada 93 (cursor 0x8302);心臓が脈打つ。 １．いったい何が… ⇒[92] ２．…見ないほうがいい ⇒[93]
H2;0x80cb;0x80ee;92;;私は震える手でドアを 閉め、向こう側をのぞ き見た。
H2;0x80f0;0x817c;;;「きゃあああああ！」 血にまみれ、ぐんにゃ りとしたものがそこに あった。いつもエサを あげていた猫。残忍に も首から上が切り取ら れて、まさに人形のよ うにうち捨てられてい る。
H2;0x817e;0x81a2;;;流れ出た血が大きなシ ミとなって廊下に広が っていた。
H2;0x81a4;0x821a;;;尋常でない私の悲鳴を 聞きつけて、美佳も部 屋から飛び出して来た。 が、廊下の惨状を見て、 やはり絶句したまま動 けない。 「何よ、これ……」
H2;0x821c;0x827b;;;私の目は死骸に釘付け となっていた。目を背 けたいのに、背けるこ とができない。心臓が 早鐘のようになってい る。 「史奈、史奈しっかり して！」
H2;0x827d;0x82fc;;;体をゆすられて顔をあ げると、蒼白な顔をし た美佳が私を見つめて いた。私をつかむ手が 震えている。私は思わ ず美佳にすがりついた。 喧嘩の事なんて、きれ いに頭から消えてなく なっていた……
H2;0x82fe;0x8302;;SALTO -> entrada 94 (cursor 0x85a6);
H2;0x8302;0x8343;93;;私はそのまま部屋の中 に引き返した。そっと ドアを閉め、胸に手を やって深呼吸をする。
H2;0x8345;0x838f;;;「どうしたの？　忘れ 物？」 美佳がいぶかしげな顔 でやって来る。私は何 と説明していいかわか らなかった。
H2;0x8391;0x8407;;;美佳は黙ったままの私 を見てため息をつく。 まだ私がへそを曲げて いると思っただろうか。 違う、そんなんじゃな い。私はなんとか状況 を説明しようとしたが、 焦れば焦るほど言葉は どもった。
H2;0x8409;0x842d;;;「ドド、ドア……」 「ドアがどうかした？」 「ダメッ」
H2;0x842f;0x8478;;;私の制止の声は間に合 わず、美佳はドアを開 けて廊下に出てしまっ た。 その表情が、一瞬にし て青ざめる。
H2;0x847a;0x84b4;;;「……見なくて正解だ わ。そこで待ってなさ い」 美佳はリビングでどこ かに電話をかけだした。
H2;0x84b6;0x851b;;;それからしばらく、美 佳は管理会社や保健所 の人を呼んで、色々と 話し合っていた。 私は登校するときに、 保健所の人が麻袋に何 か入れているのを見た。
H2;0x851d;0x858a;;;マンションに帰る途中 に、また朝の事を思い 出した。 あそこに何があったの か、大体の予想はつい ている。が、何故そん な事をされるのか、私 には身に覚えがない。
H2;0x858c;0x85a0;;;いや、ある。もしかし て、お隣か……
H2;0x85a2;0x85a6;;SALTO -> entrada 95 (cursor 0x86a2);
H2;0x85a6;0x85c8;94;;その後、私は美佳に後 をまかせて学校に登校 した。
H2;0x85ca;0x8602;;;学校にいる間は友達の おかげもあって、猫の 事は頭の隅に追いやっ ていられたのだが…
H2;0x8604;0x8654;;;下校時、だんだんマン ションが近づいてくる につれ、今朝の光景が 鮮明に思い出されてき て、いささか気分が悪 くなった。
H2;0x8656;0x869c;;;私は少々自己嫌悪に陥 った。どんなに強がり を言ってみても、いざ という時は結局美佳を 頼ってしまっている。
H2;0x869e;0x86a2;;SALTO -> entrada 95 (cursor 0x86a2);
H2;0x86a2;0x870d;95;;考えているうちにいつ しかマンションに到着 していた。私はもはや 習慣になってしまって いるように、手紙がき ているかどうかを見に 行き、そこでぎょっと した。
H2;0x870f;0x8784;;;郵便受けいっぱいにむ き出しのメモ用紙が入 っていた。無理矢理に 詰め込まれた手紙が、 入りきらずにあふれか えり、床にまで散らば っている。
H2;0x8786;0x8800;;;私は震える手で床に散 らばっているうちの一 つを拾い上げ、目を通 した。 『殺してやる。殺して 　やる。殺してやる。 　殺してやる。殺して 　……』
H2;0x8802;0x880c;;SALTO -> entrada 96 (cursor 0x880c);
H2;0x880c;0x8872;96;;私はすぐさまエレベー ターのボタンを押す。  五階、四階、三階……  じれったくなって、階 段をかけ登る。
H2;0x8874;0x889f;;;肺が悲鳴をあげている。 私はかまわず廊下を走 った。
H2;0x88a1;0x8904;;;ふと、隣りの部屋の前 にころがっているモノ が目に入った。普段な ら見落としてしまうよ うな小さなものであっ たが、今の私にはやけ に大きく見えた。
H2;0x8906;0x8938;;;あれは……美佳のサン ダル！
H2;0x893a;0x893e;;SALTO -> entrada 97 (cursor 0x893e);
H2;0x893e;0x89cd;97;;私は隣の部屋の呼び鈴 をならした。勘違いだ ってかまわない。二回、 三回。五秒と置かずに ベルを押す。 だが、いつもと同じよ うにお隣は出てこない。
H2;0x89cf;0x89d3;;SALTO -> entrada 98 (cursor 0x89d3);
H2;0x89d3;0x8a43;98;;私は自分の部屋にかけ 込んだ。もし美佳がそ こに居てくれれば、私 の心配は杞憂に終る。 出迎えてくれなくても いい。ただ、居てくれ さえすれば……
H2;0x8a45;0x8a5d;;;だが、私を出迎えたの は、暗闇であった。
H2;0x8a5f;0x8a92;;;その時、かすかではあ るが悲鳴が聞こえた。 聞き間違えるはずがな い。
H2;0x8a94;0x8ad0;;PREGUNTA (2 opciones) | OPCION -> entrada 99 (cursor 0x8ad0) | OPCION -> entrada 100 (cursor 0x8c81);あの声は！ １．隣に乗り込む ⇒[99] ２．警察を呼んだほうが 　いい ⇒[100]
H2;0x8ad0;0x8b0d;99;;もう、迷っていられな い。私は意を決し、ガ ラス戸からベランダに 飛び出した。
H2;0x8b0f;0x8b7e;;;ベランダは防火壁で区 切られているので、柵 の外を伝って行く。 地上十メートル以上、 足がすくむ。ゆっくり と、しかし確実に進ん でいく。
H2;0x8b80;0x8ba2;;;ほんの数十センチがこ うも長く感じるなんて ……
H2;0x8ba4;0x8c1a;;;私にとっては気の遠く なるような時間が過ぎ た後、ようやく隣のベ ランダに降り立った。 ガラス戸の中をうかが うが、カーテンがかか っていて中は見えない。
H2;0x8c1c;0x8c45;;;私は恐る恐るガラス戸 に手をかけてみる。
H2;0x8c47;0x8c5f;;;カラ、 とガラス戸は開いた。
H2;0x8c61;0x8c7b;;;私は慎重に中へ身を滑 り込ませた。
H2;0x8c7d;0x8c81;;SALTO -> entrada 101 (cursor 0x8dbb);
H2;0x8c81;0x8cf0;100;;私はリビングまで急ぎ 走ると、受話器を乱暴 に取り上げ、１１０を プッシュした。コール が始まる。警察に通報 するなんて生まれて初 めてだ。
H2;0x8cf2;0x8d52;;;ほどなく、太い声が応 対してくれた。 「はい１１０番です」 「あ、あの……」 私は緊張と焦りでども りながらも、なんとか 事情を説明した。
H2;0x8d54;0x8d85;;;警察はすぐパトカーを よこすと言って電話を 切った。 ドッと疲れが出る。
H2;0x8d87;0x8dbb;;SALTO -> entrada 102 (cursor 0x8dd2);複雑な状況を説明する のに思った以上に時間 がかかってしまった。
H2;0x8dbb;0x8dd2;101;PREGUNTA (2 opciones) | OPCION -> entrada 103 (cursor 0x8de9) | OPCION -> entrada 104 (cursor 0x8eda);
H2;0x8dd2;0x8de9;102;PREGUNTA (2 opciones) | OPCION -> entrada 105 (cursor 0x90bb) | OPCION -> entrada 106 (cursor 0x9505);
H2;0x8de9;0x8e38;103;;中は暗く、目が慣れる まで時間がかかった。 間取りが同じにも関わ らず、他人の部屋はま るきり別空間だ。
H2;0x8e3a;0x8e57;;;私は目をこらした。は たして美佳はいるのだ ろうか。
H2;0x8e59;0x8e89;;;すると、どこからとも なく、押し殺したよう なうめき声が聞こえて きた。
H2;0x8e8b;0x8ed4;;;声のする方に目を向け ると、部屋の隅に人が 倒れているのを見つけ た。 あれは……美佳！
H2;0x8ed6;0x8eda;;SALTO -> entrada 107 (cursor 0x9530);
H2;0x8eda;0x8f50;104;;中は暗く、目が慣れる まで時間がかかった。 間取りが同じにも関わ らず、他人の部屋はま るきり別空間だ。私が 美佳を探そうとした途 端、部屋の中にある水 槽が目に入った。
H2;0x8f52;0x8fa1;;;私は悲鳴を上げそうに なった。水槽にはられ た水の中をゆらゆらと 漂う毛むくじゃらのモ ノと目が合う。
H2;0x8fa3;0x8fde;;;白濁した目をカッと見 開き、牙をむきだした 猫の首がそこにはあっ た。
H2;0x8fe0;0x903e;;;ひどくすえた臭いが鼻 につく。 悲鳴を上げ、逃げ出し たい気持ちをグッと押 さえる。美佳の安否を 確かめるまでは、逃げ るわけにはいかない。
H2;0x9040;0x9073;;;すると、どこからとも なく、押し殺したよう なうめき声が聞こえて きた。
H2;0x9075;0x90af;;;声のする方に目をこら すと、部屋の隅に人が 倒れているのを見つけ た。 あれは……美佳！
H2;0x90b1;0x90bb;;SALTO -> entrada 107 (cursor 0x9530);
H2;0x90bb;0x90e4;105;;私は警察が来るまで部 屋の中でジッとしてい た。
H2;0x90e6;0x911a;;;隣からはあれきり何も 聞こえてこない。 静寂が怖い。 警察はまだなのだろう か……
H2;0x911c;0x916c;;;「ああああぁぁ……」 不意に、ひときわ甲高 い悲鳴が響き渡り、私 は身を震わせた。 再び静寂が訪れる。
H2;0x916e;0x91b3;;;まさか、まさか……  ピンポーン  突然のチャイムに私は 再び飛び上がった。
H2;0x91b5;0x9217;;;やっと来た！ 私は小走りに玄関へ急 ぎ、ドアを開ける。 そこには制服を着た警 官が二人、厳しい顔を して立っていた。 「通報したのはあなた ですね」
H2;0x9219;0x9281;;;「と、隣りです。隣り に美佳ちゃんが……」 私は隣りを指さし、震 える声で説明する。 警官は顔を見合わせる と、隣の部屋へ向かっ た。私も彼らの後に続 く。
H2;0x9283;0x92da;;;「久保さん、警察です。 すこしお話を……」 警官はドアを叩くがや はりお隣は出てこない。 警官は顔を見合わせた。 その時、
H2;0x92dc;0x9330;;;ガチャリ、とついにド アが開き、初めてお隣 が顔を見せた。 「久保俊郎さん、です か？」 「はい」 「少しお話を……」
H2;0x9332;0x93ac;;;突然、耳が痛くなるよ うな音量でステレオが なり出した。その場に いた全員が飛び上がる。 「いったい何事だ！」 警官が耳を押さえて怒 鳴る。 「ス、ステレオです」
H2;0x93ae;0x9405;;;聞き慣れているとは言 え、直で聞くとこうも すごいとは。私も耳を 押さえる。 と、男の足下に私の知 っているものを見つけ た。 やっぱり！
H2;0x9407;0x9466;;;私は警察に弁明してい る男の脇をすり抜け、 部屋の中に上がり込ん だ。 「ま、待て！」 男が制止の声を上げる が、私は無視して奧へ 進む。
H2;0x9468;0x94b5;;;背後で男と警官の言い 争う声が聞こえる。 私は部屋の中のドアを 片っ端から開けていっ た。
H2;0x94b7;0x94ff;;;そして私は美佳を見つ けた。血にまみれ、床 にぐったりと横たわっ た美佳を。 「きゃあああああ」
H2;0x9501;0x9505;;SALTO -> entrada 129 (cursor 0xadf7);
H2;0x9505;0x9530;106;PREGUNTA (2 opciones) | OPCION -> entrada 105 (cursor 0x90bb) | OPCION -> entrada 108 (cursor 0x96e0);１．警察を待つ ⇒[105] ２．隣に乗り込む ⇒[108]
H2;0x9530;0x9550;107;;「美佳ちゃん！」 私は慌てて美佳に駆け 寄った。
H2;0x9552;0x95d1;;;美佳は手足をガムテー プで縛られていた。恐 怖に大きく目を見開い て私を見ている。たい した怪我はないようだ。 私は胸をなで下ろし、 美佳を縛るガムテープ をはがそうとした。
H2;0x95d3;0x965a;;;その時、背後でガサリ と何かが動く気配がし て、私は息をのんだ。  ジットリと冷や汗が出 る。美佳を探すのに夢 中で、他に人がいる可 能性を完全に失念して いた。
H2;0x965c;0x96da;;;ふと、目の前のサイド ボードに立てかけてあ る鏡に目がいった。 怯える私の顔が映って いる。その脇、私のす ぐ後で影が動いた。 美佳がガムテープの下 から悲鳴を上げる。
H2;0x96dc;0x96e0;;SALTO -> entrada 109 (cursor 0x98b9);
H2;0x96e0;0x973f;108;;警官を待っていたら手 遅れになってしまうか もしれない。私は意を 決してベランダに飛び 出した。 表から行っても、出て くるとは思えない。
H2;0x9741;0x97b1;;;ベランダは防火壁で区 切られているので、柵 の外側を伝っていく。 地上十メートル以上、 足がすくむ。ゆっくり と、しかし確実に進ん でいく。
H2;0x97b3;0x97d5;;;ほんの数十センチがこ うも長く感じるなんて ……
H2;0x97d7;0x9856;;;私にとっては気の遠く なるような時間が過ぎ た後、ようやく隣のベ ランダに降り立てた。 ガラス戸から中をうか がうが、カーテンがか かっていて中は見えな い。
H2;0x9858;0x98b3;;;私は恐る恐るガラス戸 に手をかけてみる。 カラ、とガラス戸は開 いた。私は慎重に中へ 身を滑り込ませた。
H2;0x98b5;0x98b9;;SALTO -> entrada 101 (cursor 0x8dbb);
H2;0x98b9;0x9905;109;;私はハッとして振り向 く。その瞬間、影が疾 風のように動いたかと 思うと、私はあっとい う間に組み伏せられて いた。
H2;0x9907;0x991f;;;必死になってもがくが、 びくともしない。
H2;0x9921;0x9979;;;「まったく迷惑なやつ らだなあ。夜中にドア をドンドン叩いたり、 ベランダから進入した り。これは不法侵入だ ぜ、史奈さん」
H2;0x997b;0x99c0;;;影は背中にねじり上げ た私の両腕に、幾重に もガムテープを巻き付 けながら、あざけるよ うに言った。
H2;0x99c2;0x99f0;;PREGUNTA (2 opciones) | OPCION -> entrada 110 (cursor 0x99f0) | OPCION -> entrada 111 (cursor 0x9b06);こ、この人は…… １．俊郎だ ⇒[110] ２．同居人だ ⇒[111]
H2;0x99f0;0x9a27;110;;「と、俊郎さん!?」 「俊郎？　……ククク。 そうさ、俺が久保俊郎 だよ」
H2;0x9a29;0x9a8d;;;「こ、これはどういう 事なんです？　美佳ち ゃんをさらうなんて」 「さらうだなんて、人 聞きの悪い。彼女は自 分からここにきたんだ よ。俺を説得しようと してね。
H2;0x9a8f;0x9ad3;;;涙ぐましいね、一日中 見張っていたらしいぜ」 　 美佳ちゃんが？ もしかして、私のため に……
H2;0x9ad5;0x9b00;;;しかし、この俊郎の変 貌は、どうしたのだろ う。同居人は？
H2;0x9b02;0x9b06;;SALTO -> entrada 112 (cursor 0x9bf3);
H2;0x9b06;0x9b4d;111;;「あなたが同居してる っていう……」 「同居してるっていう のはどっちの事だい。 俊郎か？　それとも… …
H2;0x9b4f;0x9b76;;;まあ、どっちでもいい けどね」 「どうして、どうして こんな事するの」
H2;0x9b78;0x9ba4;;;「どうしてだって！ どいつもこいつも、な んで俺の事わかってく れないんだ」
H2;0x9ba6;0x9bf3;;PREGUNTA (2 opciones) | OPCION -> entrada 116 (cursor 0xa0bb) | OPCION -> entrada 117 (cursor 0xa117);男は頭を掻きむしりヒ ステリックに怒鳴った。 １．この人、やっぱり… ⇒[116] ２．俊郎さんは… ⇒[117]
H2;0x9bf3;0x9c53;112;;「お友達は、あなたの お友達は……」 「お友達、ねぇ…… ハハハハ。アイツはも ういないよ。ウダウダ うるさかったんだよ。 友人面しやがって。
H2;0x9c55;0x9c6c;;;親友ごっこをしていた だけだったのさ。
H2;0x9c6e;0x9c99;;;利用していたにすぎな いんだ。君らだってそ うなんだろ。ハハハハ」
H2;0x9c9b;0x9cf4;;PREGUNTA (2 opciones) | OPCION -> entrada 113 (cursor 0x9cf4) | OPCION -> entrada 114 (cursor 0x9dd2);男は身動きの出来ない 私を見下ろしながら、 面白くもなさそうに笑 った。 １．ううん、違う ⇒[113] ２．そうかもしれない ⇒[114]
H2;0x9cf4;0x9d22;113;;「ちがう……」 私は動けないまでも、 顔をキッと上げて言っ た。
H2;0x9d24;0x9d64;;;「一回や二回、喧嘩し たからって、それで終 わりなんかじゃない。 またわかり合う事はで きる。
H2;0x9d66;0x9dcc;;;美佳ちゃんはわかって くれたもの。私、あん なひどい事言ったのに ……」 「うるせぇっ！」 男はそう叫ぶと、私に 向かって飛びかかって きた。
H2;0x9dce;0x9dd2;;SALTO -> entrada 115 (cursor 0x9f3d);
H2;0x9dd2;0x9e29;114;;そうかもしれない。 私は美佳がいなくては 何もできない。 いつも美佳に頼ってき た。 いつも美佳を利用して きたのだ。
H2;0x9e2b;0x9e44;;;だから、今度は私が美 佳を助ける番だ。
H2;0x9e46;0x9e89;;;「そうかもしれない」 私はつぶやいた。 男はそれを聞くと勝ち 誇ったように笑った。 「でもね、」 と私は続ける。
H2;0x9e8b;0x9ef1;;;「それだけじゃないっ て事もわかった。 今まで安穏と人の愛情 というものに私は甘え ていたのよ。 今度は私が恩返しをす る番」 男はその言葉に激高し た。
H2;0x9ef3;0x9f31;;;「ウルセェッ。そんな 恰好で何が出来る！」 男は逆上して私に襲い かかってきた。
H2;0x9f33;0x9f3d;;SALTO -> entrada 115 (cursor 0x9f3d);
H2;0x9f3d;0x9fb4;115;;私はなんとか自由にな ろうと身をよじった。 が、手を縛っているガ ムテープはなかなかは がれない。 男は私の首に両手をか け、すごい力でしめ上 げてくる。
H2;0x9fb6;0xa00f;;;――苦しい。気管に指 がくい込む。何とか息 をしようとするが、空 気が肺に流れてこない。 こめかみの血管が脈打 つのがわかる。
H2;0xa011;0xa027;;;だんだん目の前が暗く なっていく……。
H2;0xa029;0xa09f;;;出し抜けに床を揺るが すような轟音が響きだ した。 男は突然の出来事に、 一瞬何が起きたのかわ からず、あたりを見回 した。 「ステレオがっ。何で っ――」
H2;0xa0a1;0xa0bb;;SALTO -> entrada 118 (cursor 0xa22c);のどにかかっていた男 の手がゆるむ。
H2;0xa0bb;0xa111;116;;もしかして、この人は 俊郎なのかもしれない。 私があんな手紙を出し たから、友人との板挟 みになってしまったの かも…… だとしたら同居人は？
H2;0xa113;0xa117;;SALTO -> entrada 112 (cursor 0x9bf3);
H2;0xa117;0xa17a;117;;「俊郎さんは？　あな たのお友達がこんなこ とを見たら……」 「お友達、ねぇ…… ハハハハ。そんなヤツ もういないよ。 ウダウダうるさかった んだよ。
H2;0xa17c;0xa1a5;;;友人面しやがって。本 当は親友ごっこをして いただけだったのさ。
H2;0xa1a7;0xa1d2;;;利用していたにすぎな いんだ。君らだってそ うなんだろ。ハハハハ」
H2;0xa1d4;0xa22c;;PREGUNTA (2 opciones) | OPCION -> entrada 113 (cursor 0x9cf4) | OPCION -> entrada 114 (cursor 0x9dd2);男は身動きの出来ない 私を見下ろしながら、 面白くもなさそうに笑 った。 １．それは違う ⇒[113] ２．そうかもしれない ⇒[114]
H2;0xa22c;0xa243;118;PREGUNTA (2 opciones) | OPCION -> entrada 119 (cursor 0xa243) | OPCION -> entrada 120 (cursor 0xa3f1);
H2;0xa243;0xa289;119;;私はそのスキをつき、 男の手をふりほどくと 一目散にドアに向かっ て走った。
H2;0xa28b;0xa2cf;;;「ま、まて、うわっ」 男が制止の声を上げた かと思うと、ドスンと いう衝撃が床を振るわ せた。
H2;0xa2d1;0xa326;;;運悪く、男は何かにつ まづいて転んだらしい。 運悪く？　いや、違う。 「くそっ！　大人しく していろ！」 男の毒づく声が聞こえ る。
H2;0xa328;0xa3a3;;;私は玄関のドアまでた どり着くと、縛られた 手でカギを外そうと試 みた。なかなかカギを つかめない。気持ちだ けが焦る。落ち着いて、 落ち着いて……自分に 言い聞かせる。
H2;0xa3a5;0xa3eb;;;ガチャリ、と音が響く。 私はようやく自由への 扉を開ける事が出来た。 が、その時、
H2;0xa3ed;0xa3f1;;SALTO -> entrada 121 (cursor 0xa41e);
H2;0xa3f1;0xa41e;120;PREGUNTA (2 opciones) | OPCION -> entrada 119 (cursor 0xa243) | OPCION -> entrada 124 (cursor 0xa57d);１．逃げたほうがいい ⇒[119] ２．立ち向かう ⇒[124]
H2;0xa41e;0xa435;121;PREGUNTA (2 opciones) | OPCION -> entrada 122 (cursor 0xa435) | OPCION -> entrada 123 (cursor 0xa4fb);
H2;0xa435;0xa4a4;122;;「あああぁぁ……！」 奧の部屋、さっきまで 私のいた所から、声に ならない絶叫が聞こえ てきた。私はその場に 凍りついた。一瞬、我 を忘れる。
H2;0xa4a6;0xa4f5;;;信じられない現実を、 私は認めなくてはなら なかった。 頭をふって迷いを断ち 切る。私は転がるよう にして外に出た。
H2;0xa4f7;0xa4fb;;SALTO -> entrada 125 (cursor 0xa808);
H2;0xa4fb;0xa577;123;;蝶番がきしみ、さっき まで私がいた部屋から、 男が顔を出した。 その憤怒の形相に、私 は戦慄した。 捕まったら今度こそ殺 される。 私は廊下に飛び出した。
H2;0xa579;0xa57d;;SALTO -> entrada 125 (cursor 0xa808);
H2;0xa57d;0xa5b2;124;;私はそのスキをつき、 渾身の力をこめて体ご と男にぶつかっていっ た。
H2;0xa5b4;0xa5da;;;私たちはもつれあいな がら、押入にどうと倒 れ込んだ。
H2;0xa5dc;0xa605;;;襖が壊れ、押入の中か ら何かがドサリとのし かかってくる。
H2;0xa607;0xa662;;;私はようやく男の手か ら解放された。 欠乏した酸素を求め、 思い切り息を吸いこむ と、ものすごい臭気が 鼻を刺激する。 「うわあああああ」
H2;0xa664;0xa698;;;絶叫が聞こえ、かすむ 目で見てみると、男が 床に座り込んだまます すり泣いていた。
H2;0xa69a;0xa6f2;;;「悪かった、俺が悪か った！　もののはずみ だったんだ……」 私は自分に覆い被さっ ているものを見て、悲 鳴をあげた。
H2;0xa6f4;0xa739;;;青白い顔の男性が、淀 んだ、そのくせ恐ろし いほど恨みのこもった 目で私たちを見つめて いる。
H2;0xa73b;0xa780;;;ナイフか何かで刺され たのであろうか、その 着衣には赤黒く変色し た血がいたるところに こびりついている。
H2;0xa782;0xa802;;;私は恐怖のために言葉 を失った。自分でも驚 くほどの力で、死体を はねのける。  その時、部屋のドアを ドンドンとたたく音が 聞こえた。
H2;0xa804;0xa808;;SALTO -> entrada 130 (cursor 0xaf20);
H2;0xa808;0xa81f;125;PREGUNTA (2 opciones) | OPCION -> entrada 126 (cursor 0xa81f) | OPCION -> entrada 127 (cursor 0xaa6b);
H2;0xa81f;0xa882;126;;廊下に飛び出た私は、 一目散にエレベーター に向かって、冷たい光 に照らされた廊下を駆 け抜けた。急いでボタ ンを押す。
H2;0xa884;0xa8d5;;;階数を指し示すランプ が点灯する。 一階…… 二階…… エレベーターはゆっく りと上昇してくる。
H2;0xa8d7;0xa945;;;カチャリと背後で音が 聞こえた。冷や汗が出 る。後ろへ振り向くと、 隣りの部屋のドアが開 いて白刃を手にした男 が飛び出てきた。
H2;0xa947;0xa96d;;;男は私を見つけると、 白刃を振り上げ廊下を 走ってきた。
H2;0xa96f;0xa999;;;エレベーターはまだ来 ない。 私は目をつぶり、身を 固くした。
H2;0xa99b;0xa9fc;;;その時、エレベーター が開いて、扉を背にし ていた私は支えを失っ て中に倒れ込んだ。 突然の事に何が起きた のかわからない。
H2;0xa9fe;0xaa65;;;「大人しくしろ！」 怒声が響く。私が上体 を起こすと、二人の警 官に男が押え込まれて いた。 「チクショウ！」 男の叫びが静かな夜空 に響いていた。
H2;0xaa67;0xaa6b;;SALTO -> entrada 128 (cursor 0xade0);
H2;0xaa6b;0xaadd;127;;廊下に出ると、私は一 目散にエレベーターに 向かって廊下を駆け抜 けた。どこに行こうと いうわけではない。た だその場から離れなく てはという意識だけが 働いていた。
H2;0xaadf;0xab39;;;が、気ばかりが先走り、 焦った私は足をもつれ させて廊下につんのめ った。必死に立ち上が ろうとするが、手を縛 られているためにうま くいかない。
H2;0xab3b;0xaba2;;;私が床でもがいている と、部屋の中から恐ろ しい顔をした男が現れ た。男は私を見つける と、恐ろしい顔で大股 に私に近づいてくる。
H2;0xaba4;0xac08;;;私は懸命に逃げようと 床を這いずるが、あっ という間に追いつかれ た。男の屈強な腕が私 の胸ぐらを掴む。 私があきらめて目をつ ぶったとき、
H2;0xac0a;0xac4e;;;「あんたたち、何やっ てるの！」 いつの間にか近所に住 んでいる主婦がドアか ら顔を出していた。
H2;0xac50;0xac81;;;私は一筋の光明を見い だし、声をふりしぼっ て叫んだ。 「助けてください！」
H2;0xac83;0xacf4;;;私の悲鳴をキッカケに、 その人は近所中に響く 声で叫び始めた。 「だ、誰か！　け、警 察！」 騒ぎを聞きつけ、その フロアにあるドアが次 々と開く。
H2;0xacf6;0xad1b;;;男は形勢不利と見ると、 私を突き飛ばして走り 出した。
H2;0xad1d;0xad53;;;だが、次々と表に出て きた住民が、走り去ろ うとする男を取り押さ えた。
H2;0xad55;0xad76;;;「警察を呼べ！」 誰か男の人が叫んだ。
H2;0xad78;0xadb7;;;「あんた、大丈夫!?」 最初に顔を出した主婦 が私を拘束しているガ ムテープをはがしてく れる。
H2;0xadb9;0xadda;;;私は廊下にへたりこん で、何も言う事ができ なかった。
H2;0xaddc;0xade0;;SALTO -> entrada 128 (cursor 0xade0);
H2;0xade0;0xadf7;128;PREGUNTA (2 opciones) | OPCION -> entrada 129 (cursor 0xadf7) | OPCION -> entrada 133 (cursor 0xb14f);
H2;0xadf7;0xae3a;129;;「ただいま」 学校から帰ってドアを 開けると、そこに待っ ていたのは暗闇だけだ った。
H2;0xae3c;0xae99;;;美佳がいなくなってか らもう数週間、一人き りの生活にも最近は慣 れっこになってしまっ て、特に寂しいとも感 じなくなっている。
H2;0xae9b;0xaebf;;;そんな自分が、薄情な 気がして少し嫌になる。 そして……
H2;0xaec1;0xaf0d;;;ドンッドンッドンッ 今夜もどこからかステ レオの音が響いてくる ……
H2;0xaf20;0xaf37;130;PREGUNTA (2 opciones) | OPCION -> entrada 131 (cursor 0xaf37) | OPCION -> entrada 132 (cursor 0xb09d);
H2;0xaf37;0xaf63;131;;「もしもし、久保さん。 警察です。少しお話を」
H2;0xaf65;0xafce;;;警察だ！　やっと警察 が来てくれた！ 「助けてください！」 　 私は必死でドアまで這 っていき、後ろ手にな んとか鍵をはずすと、 外に転がり出る。
H2;0xafd0;0xb042;;;廊下には二人の警官が 立っていた。警官は縛 られ、着衣の乱れた私 を見ると表情を引きし めた。 「何があったんです！」 「な、中に、まだ友だ ちが！」
H2;0xb044;0xb097;;;警官のひとりが部屋の 中に突入する。 部屋の中で男はただひ とり、かつての親友に すがりつき、泣き崩れ ていた。
H2;0xb099;0xb09d;;SALTO -> entrada 141 (cursor 0xc4bc);
H2;0xb09d;0xb109;132;;「どうしたんですか！ 久保さん!?」 「助けてください！」 　 私は必死でドアまで這 っていき、後ろ手にな んとか鍵をはずすと、 外に転がり出た。
H2;0xb10b;0xb149;;;部屋の中で男はただひ とり、かつての親友に すがりつき、泣き崩れ ていた。
H2;0xb14b;0xb14f;;SALTO -> entrada 141 (cursor 0xc4bc);
H2;0xb14f;0xb1b8;133;;「おはよう」 朝日に満たされたリビ ングに、眠そうに目を こすりながら、美佳が 顔を出した。 「おはよう」 私は微笑んで返事を返 す。
H2;0xb1ba;0xb1d7;;;なにげない日常が、今 の私にはうれしく思え る。
H2;0xb1d9;0xb24a;;;あれから数日、警察の 事情聴取やら何やらで 落ち着かない日々が過 ぎ、やっと戻ってきた、 ささやかな日常風景。 いつものように、二人 で朝食を楽しむ。
H2;0xb24c;0xb2ab;;;ふと、私はトーストを かじっている美佳を見 た。 美佳がそれに気付いて 不思議そうな顔をする。 「何？」 「ううん、なんでもな い。もう、行くね」
H2;0xb2ad;0xb2d7;;;なんだか照れくさくな って、私は足早にドア に向かった。
H2;0xb2d9;0xb31c;;;外には久しぶりの青空 が待っていた。 途中、廊下ですれ違う 人にも声をかける。
H2;0xb31e;0xb34b;;;「おはようございます」 相手の男性も軽く会釈 を返す。
H2;0xb34d;0xb3af;;;私はエレベーターに乗 り込んで、閉ボタンを 押した。 ゆっくりとドアが閉ま っていく。ふと、その 隙間から男性の姿が見 える。
H2;0xb3b1;0xb3d8;;;その男性はゆっくりと した足取りである部屋 に入っていった。
H2;0xb3da;0xb40c;;;美佳と私の、隣の部屋 へと……
H2;0xb419;0xb48a;134;SALTO_CONDICIONAL +11 bytes;シャワーから出ても美 佳は帰ってこなかった。 部屋が広く感じる。私 はふと死んだ猫の事を 思い出した。 ピンポーン
H2;0xb48c;0xb496;;SALTO -> entrada 19 (cursor 0x18e9);
H2;0xb496;0xb4ec;135;;文面には、生ゴミや自 転車に関する記述はひ とつもなかった。とに かく、手紙を書いて俊 郎に聞いてみよう。私 は机に向かった。
H2;0xb4ee;0xb55f;;;『俊郎さんへ 　ステレオの事はお礼 　を言います。ですが、 　私たちは未だに迷惑 　を被っています。 　私の友人はそのせい 　で怪我をしてしまい 　ました。
H2;0xb561;0xb5b4;;;あなたのお友達を疑 　うようで心苦しいの 　ですが、もう一度問 　いただしてはもらえ 　ないでしょうか。  　　　　大槻　史奈』
H2;0xb5b6;0xb625;;;「おはよう」 翌朝、私が朝食の用意 をしていると、美佳が 部屋から顔をだした。 昨日あんな事があった から、何となく顔を会 わせづらい。
H2;0xb627;0xb673;;;「お、おはよう」 「今日さ、私、会社休 むから」 美佳はまだ怪我が痛む らしく、右足をひきず っている。
H2;0xb675;0xb6b0;;;「それでさあ、悪いん だけど、早めに帰って きてくれないかな。 足がこうだと何かと不 便なのよ」
H2;0xb6b2;0xb702;;;もともと、私は帰宅時 に寄り道をするほうで はない。昨日損ねた美 佳の機嫌を取り戻すた めにも、当然、私はそ れを承知した。
H2;0xb704;0xb750;;;夕方、私は部活も休み、 友達の誘いも振り切っ て、美佳との約束通り すぐさま家路についた。
H2;0xb752;0xb799;;;急いでマンションに戻 ると、郵便受けをのぞ いてみる。中には見慣 れた茶封筒が入ってい た。
H2;0xb79b;0xb7d7;;PREGUNTA (2 opciones) | OPCION -> entrada 49 (cursor 0x4741) | OPCION -> entrada 48 (cursor 0x46fb);昨日の返事だろうか。 １．これは… ⇒[49] ２．部屋に急ぐ ⇒[48]
H2;0xb7d7;0xb849;136;;私が朝食の食パンを焼 いていると、いつも通 り美佳が部屋から出て きた。彼女が無言でテ ーブルに着くと、私も 押し黙ったまま彼女の 前に皿を出す。
H2;0xb84b;0xb86f;;;あれから美佳と私の関 係はどこかぎくしゃく してしまった。
H2;0xb871;0xb8ca;;;俊郎からの返事も返っ てこない。あんな事を 書いたから、気を悪く したのだろうか。 私はなんとなく、気ま ずい日々を過ごしてい た。
H2;0xb8cc;0xb940;;;やがて学校に行く時間 が来たので、私は黙っ て席を立った。 「ねえ、史奈。例のこ となんだけれど……」 ふいに美佳が声をかけ てきた。つとめて、普 通に振る舞おうとして いるのがわかる。
H2;0xb942;0xb946;;SALTO -> entrada 90 (cursor 0x7e85);
H2;0xb946;0xb961;137;;ふと、昨日の事を思い 出す。
H2;0xb968;0xb96c;;SALTO -> entrada 138 (cursor 0xb96c);
H2;0xb96c;0xb9e4;138;;「美佳ちゃん？」  返事はない。手探りで 奧に進む。ダイニング の中央まで来たとき カギのかかる音…… 驚いて振り向く。暗闇 の中に何かが動いた。
H2;0xb9e6;0xba40;;;と思った途端、頭に衝 撃が走って私は床に昏 倒した。 殴られたところがガン ガンする。
H2;0xba42;0xba9e;;;突然、部屋の中が電気 で照らされた。 まぶしさで目がくらむ。 「少し強すぎたかしら」 聞き慣れた声が聞こえ た。ようやく目が慣れ てくる。
H2;0xbaa0;0xbb1d;;;そこには美佳が悠然と 私を見下ろしていた。 「美佳ちゃん？　これ はいったい……」 「ん、ちょっと。最近、 アンタ調子に乗ってる みたいだから」 美佳の目は嘲笑を含ん でいる。
H2;0xbb1f;0xbb7d;;;こんな美佳を見るのは、 初めてだ。驚いている 私を後目に美佳は話し 始めた。 「私にも大切な人がい ます、か。私にとって はうざったいだけだっ た。
H2;0xbb7f;0xbbbb;;;でもね、長年一緒にい ると愛着がわくじゃな い。だから、ずっと手 元に置いておこうと思 って。
H2;0xbbbd;0xbbf3;;;それで、おじさんとお ばさんが海外に行くっ て聞いたとき、一緒に 住もうって誘ったのよ。
H2;0xbbf5;0xbc0a;;;それなのに、私から逃 れようとしてる。
H2;0xbc0c;0xbc3e;;;だから、ここらでお仕 置きしておこうと思っ たのよ」
H2;0xbc40;0xbc90;;PREGUNTA (2 opciones) | OPCION -> entrada 51 (cursor 0x4969) | OPCION -> entrada 52 (cursor 0x4bff);頭が混乱する。美佳は いったい何を言ってい るのだろう。 １．美佳ちゃん… ⇒[51] ２．冗談じゃないわ ⇒[52]
H2;0xbc90;0xbcbb;139;;数週間ぶりに私はマン ションにやってきてい た。
H2;0xbcbd;0xbcdb;;;あの後、私は全てを知 った。
H2;0xbcdd;0xbd2b;;;ステレオを大音量でな らしていたのは、直也 さんだった。 私は俊郎さんと手紙の やりとりをし、それを 伝えた。
H2;0xbd2d;0xbd95;;;俊郎さんは直也さんに、 ステレオをやめるよう 注意した。 直也さんは、周囲に迷 惑をかけていた事に気 づき、すぐ深夜のステ レオをやめた。
H2;0xbd97;0xbdbe;;;だが、美佳は私達の手 紙をすべて盗み読んで いた。
H2;0xbdc0;0xbdeb;;;美佳は、私が美佳に頼 らず、自分で行動した のが気に入らなかった。
H2;0xbded;0xbe28;;;そして私に「お仕置き」 をしようと考えた。 隣人の仕業に見せかけ、 様々な嫌がらせを続け た。
H2;0xbe2a;0xbe51;;;そして私を傷つけよう とし……、俊郎さんに 阻止されたのである。
H2;0xbe53;0xbe7d;;;精神的にも、肉体的に もつらい日々が続いた。
H2;0xbe7f;0xbea5;;;そんな中、私を支えて くれたのは、俊郎さん と直也さんだった。
H2;0xbea7;0xbef1;;;「史奈さーん、この荷 物はどうするの？」 そう私に聞いたのは、 段ボールを抱えた俊郎 さんだ。
H2;0xbef3;0xbf22;;;「こっちです」 と言って、段ボールを 受け取り、トラックに 積みこむ。
H2;0xbf24;0xbf8c;;;今日は引っ越しの日だ った。さすがに事件が あった部屋に住み続け る事はできなかった。 といっても引っ越すの はすぐ近くの女性専用 マンションだけど……。
H2;0xbf8e;0xbfe9;;;「どうせ近くなんだか らさ、困った事があっ たら助けになるよ」 ふたりはそう言ってく れている。 実際に会って話してみ ると、気のいい人たち だった。
H2;0xbfeb;0xc043;;;信頼できる人が近くに いるのはうれしい。 でもあまり頼りになる つもりもない。 近くにいてくれる安心 感があれば、ひとりで なんでもできるからだ。
H2;0xc045;0xc0a6;;;「積み残しはない？」 と、俊郎さんが聞いて くる。 「はい。ありません」 新しいマンションに向 かい、トラックは走り 出した。
H2;0xc0b3;0xc0d0;140;;事件から数週間がたっ た。
H2;0xc0d2;0xc10f;;;マンションのリビング には、引っ越し関係の 雑誌が積まれている。
H2;0xc111;0xc14d;;;しかしこれらはもう必 要のないものだ。 私は雑誌をひもで縛る と、古新聞の上に重ね た。
H2;0xc14f;0xc170;;;事件の経緯は複雑だっ た。
H2;0xc172;0xc1b1;;;夜中にステレオをなら していたのは久保俊郎 の友人、山崎直也とい う人だった。
H2;0xc1b3;0xc1e1;;;俊郎は私との手紙のや りとりで奮起し、直也 に注意した。
H2;0xc1e3;0xc21a;;;だが直也は、その言葉 を聞かなかった。 それどころか私達に嫌 がらせをはじめた。
H2;0xc21c;0xc24d;;;俊郎はそれをやめさせ ようとしたが、直也は エスカレートするばか りだった。
H2;0xc24f;0xc277;;;そしてついには、私達 に危害を加えようと部 屋にまで進入した。
H2;0xc279;0xc2be;;;俊郎はそれをとめよう として直也ともみあい になり、直也を刺して しまった。
H2;0xc2c0;0xc2fc;;;混乱した俊郎は、すべ ての責任は、私にある と考え、私に襲いかか ってきた……。
H2;0xc2fe;0xc354;;;「その雑誌捨てちゃう の？」 美佳が部屋に入ってき た。 「うん。だっていらな いでしょ」 私も答える。
H2;0xc356;0xc386;;;新しいマンションへの 引っ越しを提案したの は、私でなく美佳だっ た。
H2;0xc388;0xc3a2;;;ここから逃げ出すよう で、いやだったのだ。
H2;0xc3a4;0xc3ca;;;「私がついてるじゃな い」 その一言で美佳も納得 してくれた。
H2;0xc3cc;0xc43c;;;「じゃあ、行って来ま す」 「うん、気をつけて」 ドアを開けると、外に は青空が広がっていた。 いつも通りの登校風景。 でも、私には以前と少 し違って感じられる。
H2;0xc43e;0xc4a3;;;全てはあの一通の手紙 から始まったのだ。 私はエレベーターを降 りると、ふと、郵便受 けに目をやった。 そこには……
H2;0xc4bc;0xc4f1;141;;「お父さん考えたんだ けどね、こっちに戻っ てこようと思うんだ」
H2;0xc4f3;0xc532;;;「ね、史奈、また一緒 に暮らしましょう。 やっぱり女の子のふた り暮らしは危険すぎる わ……」
H2;0xc534;0xc58e;;;私は、帰国した両親を、 マンションに案内して いるところだった。 半年ぶりの再会だとい うのに、話題はひとつ だけだった。
H2;0xc590;0xc5c1;;;空港から電車、駅から マンションまでと、同 じ事をしゃべり続けて いる。
H2;0xc5c3;0xc610;;;「ね、いいでしょう、 史奈」 両親は今度の事件に驚 き、海外勤務をやめ、 日本に帰ってくるつも りなのだそうだ。
H2;0xc612;0xc633;;;今回はその準備のため に一時帰国したのだっ た。
H2;0xc635;0xc660;;;あとで聞いた事件の経 緯は意外に複雑だった ……。
H2;0xc662;0xc69d;;;夜中にステレオをなら していたのは久保俊郎 の友人、山崎直也だっ た。
H2;0xc69f;0xc70a;;;俊郎は私の手紙にうな がされ、直也にそれを 注意した。 注意はやがて口論とな り、直也は俊郎を殺し てしまった…
H2;0xc70c;0xc72d;;;直也は友人を殺してし まい、ショックを受け た。
H2;0xc72f;0xc764;;;死体を隠すと、久保俊 郎になりすまし、私と 手紙の交換を続けてい たのだ。
H2;0xc766;0xc7b6;;;事件にショックを受け たのは、山崎直也だけ でなく、両親だけでも なく、私も同じだった。 でも、私には支えてく れる人がいた。
H2;0xc7b8;0xc807;;;「帰ってくる事なんて ないよ。向こうで一緒 に住んでればいいじゃ ない」 私は両親にそういった。
H2;0xc809;0xc868;;;「だからってな……、 あんな事件があって、 親が娘を心配するのは 当たり前だろう」 と同じ事を繰り返して いる。こんな会話をず っと続けてきたのだ。
H2;0xc86a;0xc8a4;;;「ねぇ、なんでいやな の？　お父さんとお母 さんが嫌い？」 「そんなわけないでし ょ」
H2;0xc8a6;0xc8df;;;遠くにマンションが見 えてきた。 そして入り口に人の姿 が見える。
H2;0xc8e1;0xc926;;;「史奈、おじさん、お ばさん！」 美佳が私達を迎えてく れていた。 私は美佳の元に走り出 した。
H2;0xf1b1;0xf1b3;;;ぬ
H3;0x00f0;0x0105;0;;「アハハハハハ……」
H3;0x0107;0x016d;;;「礼香ったら、真面目 な顔してお化け屋敷が 怖いなんて言うの。 子供なのねぇ、全部作 りものなのに」 真未がクリクリの大き な目を輝かせて言った。
H3;0x016f;0x01e3;;;「お化け屋敷ねえ。遊 園地のだったら小さい ころ行ったことあるけ ど、怖いって記憶はな かったなぁ」 それに続く江美子もキ リリと端の切り上がっ た形の良い目元を細め てうなずいている。
H3;0x01e5;0x0201;;;土曜日の昼下がり。
H3;0x0203;0x0258;;;私達はいつもの公園に 集まっていた。 三人とも、学年が違う こともあって、学校で 行動をともにすること はほとんどない。
H3;0x025a;0x0287;;;そんな私達が一緒に行 動するようになったの は、今年の夏の学園祭。
H3;0x0289;0x030b;;;それぞれが学年代表の 実行委員として、何度 も顔を合わせているう ちにすっかり意気投合 して、いつの間にか三 人でいることがごく自 然であるかのようにな っていた。
H3;0x030d;0x0341;;;対等にしゃべりあう私 達を見て学年の違いな ど感じる人などまず、 いないと思う。
H3;0x0343;0x03ac;;;私は二人の会話にただ 笑って相づちを打ちな がら、内心では、この 話題が早く終わってく れないかと、ビクビク しながら祈っていた。
H3;0x03ae;0x03f7;;;幽霊とかお化けとか呪 いとか、祟りとか。は っきり言って大嫌い。 もちろん信じていない けどそういう問題では なかった。
H3;0x03f9;0x0456;;;「あそこの遊園地に新 しくできたお化け屋敷 さあ、何か噂があるら しいのよ。屋敷に入っ たっきり帰ってこない とか」 真未が縁起でもないこ とを言う。
H3;0x0458;0x0482;;;「行ってみようか？」  「え、えぇっ？」
H3;0x0484;0x04ae;;;焦りの声を上げる私を よそに、二人の心はす でにその気になってい た。
H3;0x04b0;0x04ea;;;「そうねえ、一度確か めてみないとね」 二人が同時にニッコリ 笑って振り向いた。
H3;0x04ec;0x0536;;PREGUNTA (2 opciones) | OPCION -> entrada 1 (cursor 0x0536) | OPCION -> entrada 2 (cursor 0x05b5);「もちろん行くわよね。 礼香！」 １．「うっ、うん…」 ⇒[1] ２．「えーっ、やだよぉ」 ⇒[2]
H3;0x0536;0x0576;1;;「うっ…うん。もちろ んっ」 なんで、思ってもない ことを言ってしまうん だろう。
H3;0x0578;0x05af;;;二人は私の言葉に満足 して、早速向かってい った。 私もしかたなく、あと を追いかけた。
H3;0x05b1;0x05b5;;SALTO -> entrada 3 (cursor 0x0713);
H3;0x05b5;0x062c;2;;「えーっ、やだよお」 素直に私は二人に言っ た。二人とも私より年 上だったが、それを気 にする間柄ではない。 確かに私は二人よりも あまり自己主張する事 はなかったけれども…
H3;0x062e;0x067b;;;二人は、いよいよおか しいというようにケラ ケラ笑った。 「やだ、本当なのね」 真未がちょっとびっく りしたように言った。
H3;0x067d;0x06d5;;;「でも礼香、お姉様が 行きたいと言っている のであれば、我々二人 は喜んで行かなければ いけません」 江美子がオーバーに胸 を張って言った。
H3;0x06d7;0x070d;;;「わかったわよー」 私は半ば自棄になって そう答えていた。
H3;0x070f;0x0713;;SALTO -> entrada 3 (cursor 0x0713);
H3;0x0713;0x0791;3;;木々の間を通り抜ける と、その先に例のお化 け屋敷らしき建物が姿 を現した。 それは想像よりもずっ と小さく、遊園地内で なければそれと気づか ずに通りすぎてしまい そうだった。
H3;0x0793;0x07f6;;;まわりを木々に囲まれ ているせいか、そこは 薄暗く、心持ち空気も 重たく感じる。 「ヘぇ、思ったよりず っと雰囲気あるね」 「他に誰もいないのか しら？」
H3;0x07f8;0x0849;;;ひっそりとした門の前 まで行くと、確かに、 【小さなお化け屋敷】 と書かれた木の看板が なんだか遠慮がちに立 てられていた。
H3;0x084b;0x088e;;PREGUNTA (2 opciones) | OPCION -> entrada 4 (cursor 0x088e) | OPCION -> entrada 5 (cursor 0x097e);私はちょっとあたりを 見まわした。 １．建物を見る ⇒[4] ２．他に誰かいないのか 　な ⇒[5]
H3;0x088e;0x08f9;4;;【小さなお化け屋敷】 は遊園地にあるアトラ クションの建物風では なく、酉洋の洋館その ままという外見だった。 うろこの屋根に三角窓、 実にいい雰囲気だ。
H3;0x08fb;0x0978;;;事実、定礎にはプレー トがあって、米国ニュ ーイングランド地方の セイレムから十八世紀 初頭の民家を移築した と書いてあった。 もっともこれも演出な のかもしれないけれど。
H3;0x097a;0x097e;;SALTO -> entrada 6 (cursor 0x0a52);
H3;0x097e;0x09e5;5;;他に誰かいないのかな。 それだけで随分と怖く なくなるのだけど。 ちょっと期待したけれ ど人の気配はなかった。 そのかわり何か本当に 出そうな雰囲気に包ま れていた。
H3;0x09e7;0x0a4c;;;「自分たちしかいない お化け屋敷って結構、 怖くない？」 声をかけるが、二人は 面白そうに私を見るだ けで一向に意に介さな い。 私はちょっと肩を落と した。
H3;0x0a4e;0x0a52;;SALTO -> entrada 6 (cursor 0x0a52);
H3;0x0a52;0x0aa5;6;;「静かすぎるわね、 本当にやってるのかし ら？」 真未がそう言った時、 鉄で出来た格子の扉が 重そうな音をたてて内 側に開いた。
H3;0x0aa7;0x0b37;;;ギギギギギィイイイ… 『ようこそお化け屋敷 へ。勇気のあるお方は この門をくぐって中へ お入りください』 扉の上の黒い物からカ チカチという機械音と 共に低いアナウンスが 流れてきた。
H3;0x0b39;0x0b9f;;;よく見ると扉の上の黒 い物は作りもののカラ スだった。 「良くできてるね」 感心して江美子が言う。 「本当だぁ」 真未が相づちをうつ。
H3;0x0ba1;0x0c06;;;二人の声にもう一度カ ラスを見上げた。 首だけを奇妙に曲げて 私達のほうを向いたさ まはカラスそのものだ った。 良くできているだけに 気味が悪い。
H3;0x0c08;0x0c83;;;中庭を通って玄関口ま で行く。 重い鉄の扉の前に、今 度はメイド風の蠟人形 が待っていた。 人形の手に料金箱らし き物がある。 ふたりは次々と箱にお 金を入れる。
H3;0x0c85;0x0ccf;;;私はちょっとためらい つつも、観念してお金 を入れた。 ギギギィィ きしんだ音をたてて入 り口が開いた。
H3;0x0cd1;0x0d52;;;『勇気あるお嬢さん。 幸運を祈ります』 メイドの人形がカタン と音をたてて頭を下げ た。その顔はニィと笑 ったかのようだった。 逃げだしたい気持ちで 私は二人の後を追った。
H3;0x0d54;0x0dac;;;中は三人で歩くにはち ょっと窮屈なうえに、 暗く湿った通路が続い ていた。急に不安にな った私は強引に二人と 手をつないだ。
H3;0x0dae;0x0e2a;;;「礼香ったら、もう怖 くなったの？」 おかしそうに江美子が 言う。真未が続ける。 「後ろが怖いならかわ ろうか？」 笑いながら二人は手を 握り返してくれるので、 ホッと息を吐いた。
H3;0x0e2c;0x0e60;;;ギギギィィ 背後の扉が閉まると、 途端に視界が真っ暗に なった。
H3;0x0e62;0x0eb4;;;「やだ、なんにも見え ないよぉ」 「うん、平衡感覚が崩 れる感じ…」 慌てる私をよそに江美 子はいたって冷静であ る。
H3;0x0eb6;0x0ee2;;;『ようこそ、 　　　　我が屋敷へ』 頭の上から声がした。
H3;0x0ee4;0x0f35;;;見上げると青いライト に照らされた紳士風の ブロンズ像が、カラク リの目玉をギロリと光 らせていた。
H3;0x0f37;0x0f93;;;『ここはいくつもの空 間の扉が集まる館です。 どこへ行くのもあなた 次第。この屋敷が気に 入っていただけたなら ここの住人になるのを 歓迎致します。
H3;0x0f95;0x0fdf;;;ただし、くれぐれも他 の住人を怒らせたりな さいませんよう、お気 をつけください。さぁ、 最初の扉が開きます』
H3;0x0fe1;0x104a;;;ギギギギギィィィ フッとライトが消え、 私達の足元をぼんやり と青い光が照らした。 お互いの顔が不気味に 照らしだされる。
H3;0x104c;0x10c4;;;「真未の顔、怖いよぉ」 私は怖さを押さえよう とわざと明るく言った。 「何よ、これからじゃ ない」 真未もこれから始まる 期待と不安に興奮して いるように言い返す。
H3;0x10c6;0x10ff;;;お互いをつつきながら 先へと進むと、足元の 光も私達にあわせて移 動してきた。
H3;0x1101;0x1156;;;古びた造りの外観から は思ってもみないハイ テクなそれは、怖いと いうよりむしろ人の手 が造ったものだという 親近感すら感じさせた。
H3;0x1158;0x11b8;;;それにしても、これだ け凝っている見せ物だ。 テレビや雑誌が喜んで 取り上げていそうなも のなのに、やっぱり私 達以外に人のいる気配 は全くなかった。
H3;0x11ba;0x11fc;;;まあ、人がいない方が 怖さも増すのだろうけ ど…案の定、前の二人 は楽しんでるようでそ の足取りも軽い。
H3;0x11fe;0x1279;;;ヒタヒタヒタヒタ… なにか小さな音が聞こ えたような気がした。 「……ねえ、いま何か 聞こえなかった？」 「何かって？」 真未が笑いながら答え る。
H3;0x127b;0x12cf;;PREGUNTA (2 opciones) | OPCION -> entrada 7 (cursor 0x12cf) | OPCION -> entrada 8 (cursor 0x1527);「まだお化け屋敷は、 はじまってもないんじ ゃないの？」 「そうかな……」 １．先に行く ⇒[7] ２．二人についていく ⇒[8]
H3;0x12cf;0x1348;7;;バタンッ 今度こそ何かの音がし た。 それを確かめる間もな く、天井から黒いもの が降ってきた。 「キャーッ」 思わずふたりに抱きつ く。
H3;0x134a;0x13b0;;;「礼香、礼香、見てみ なさいよ」 私は恐る恐る振り向い た。 それは侍の人形だった。 天井から逆さまに落下 し、床にぶつかる寸前 で止まっている。
H3;0x13b2;0x1404;;;人形の造りは先ほどと 同じく精巧だった。 特にその表情、顔に浮 かべた苦悶が、なんと もいえない気味悪さを 表していた。
H3;0x1406;0x1459;;;パッと照明が赤に変わ った。 それまでピン、と伸び ていたその侍の手足が 力を無くしたように、 ダランと垂れた。
H3;0x145b;0x14ca;;;それは、いかにも今ま で力を入れてふんばっ ていたかのように見え た。背筋に冷たいもの が走った。 ガクン、と侍は揺れて、 ガラガラと天井に引き 上げられていった。
H3;0x14cc;0x1521;;;「よくできてるね」 真未が感心する。 「これはこのあとも期 待できるかも……」 江美子が答える。 私は、期待はずれの方 がいいんだけど……。
H3;0x1523;0x1527;;SALTO -> entrada 9 (cursor 0x179f);
H3;0x1527;0x159b;8;;バタンッ 真上の天井が回転した かと思うと、ガラガラ と音をたてて、逆さに 吊された侍の人形が落 ちてきた。 床にぶつかる寸前で止 まる。
H3;0x159d;0x15e7;;;「きゃあ」 真未が跳び退いて後ず さった。 私もつられて壁にへば りつく。 「あぁ、びっくりした ぁ」
H3;0x15e9;0x1621;;;一度は驚いた真未、人 形とわかると、笑いな がらその出来具合をじ っくり見た。
H3;0x1623;0x1680;;;さっきの人形と同じく その造りはなかなかの 物で、侍の苦しそうな 顔が何ともいえない気 持ち悪さを表していた。 江美子もそれを見て、 感心している。
H3;0x1682;0x16d5;;;パッと照明が赤に変わ った。 それまでピン、と伸び ていたその侍の手足が 力を無くしたように、 ダランと垂れた。
H3;0x16d7;0x1746;;;それは、いかにも今ま で力を入れてふんばっ ていたかのように見え た。背筋に冷たいもの が走った。 ガクン、と侍は揺れて、 ガラガラと天井に引き 上げられていった。
H3;0x1748;0x1799;;;「こんな形のお化け屋 敷なんて初めてだわ、 すごく凝ってるもの」 真未が楽しそうな声を 上げる。 「私も。これは先も期 待できそう」
H3;0x179b;0x179f;;SALTO -> entrada 9 (cursor 0x179f);
H3;0x179f;0x17e3;9;;私達は暗い順路を先へ と進んだ。 「あれ、なに？」 真未が前方を指さした。 私は目を凝らして見て みる。
H3;0x17e5;0x1845;;;壁の両側にズラリとお 面が並べられていた。 能に使われている面の ようなもので、その表 情からは喜怒哀楽は、 はっきりとはわからな い。
H3;0x1847;0x18a7;;;下からのライトに照ら され、浮かび上がる表 情は、恐怖に歪んだ顔 にしか見えなかった。 ふたりの目にはそれが 楽しそうに見えている かもしれないけど…。
H3;0x18a9;0x18ec;;;「また和モノか……」 真未がそんな風につぶ やく。そして急に立ち 止まった。 「あれ？　行き止まり だ」
H3;0x18ee;0x191a;;;お面の通路の先には、 壁が待ちかまえていた。 これでは進みようがな い。
H3;0x191c;0x195f;;;「これは、何かあるわ ね」 真未が楽しそうにいう。 何か……。 私はふたりの肩越しに、 まわりを確認した。
H3;0x1961;0x19be;;;…それらしきものがあ った。 お面のひとつに、目の 光っているものがある。 あれをどうかすれば、 先に進めるのかもしれ ない。 私はふたりにそれを伝 えた。
H3;0x19c0;0x19f7;;;「このお面を……どう するんだろうね」 「そりゃ、かぶるんで しょ」 ふたりは笑いあった。
H3;0x19f9;0x1a4a;;PREGUNTA (2 opciones) | OPCION -> entrada 10 (cursor 0x1a4a) | OPCION -> entrada 11 (cursor 0x1b29);「どう、かぶってみる、 礼香？」 江美子が意地悪く言う。 １．かぶってみる ⇒[10] ２．年長者にゆずる ⇒[11]
H3;0x1a4a;0x1a90;10;;怖がってばかりもいら れない。 私はそのお面に手をの ばした。 冷たい光が私をにらん でいる。
H3;0x1a92;0x1ac5;;;「あれっ？」 お面は壁からはずれな かった。そのかわり、 右にひねることができ た。
H3;0x1ac7;0x1b23;;;ゴゴゴゴゴ… 正面の壁が開いていく。 そこに通路があらわれ た。 「じゃ、行こうか」 私達は先へと進んだ。
H3;0x1b25;0x1b29;;SALTO -> entrada 12 (cursor 0x1c4c);
H3;0x1b29;0x1b77;11;;「年長者にゆずります」 「もう、礼香は。仕方 がないなあ」 江美子は自らお面に手 をかけた。
H3;0x1b79;0x1bc7;;;「あれっ？」 お面は壁からはずれな いらしい。 江美子はしばらく首を ひねっていたが、ひら めいたように、面に手 をのばした。
H3;0x1bc9;0x1be7;;;「これはこうするのよ」 江美子が面を右にまわ す。
H3;0x1be9;0x1c46;;;ゴゴゴゴゴ… 正面の壁が開いていく。 そこに通路があらわれ た。 「さっ、進みましょ」 私達は先へと進んだ。
H3;0x1c48;0x1c4c;;SALTO -> entrada 12 (cursor 0x1c4c);
H3;0x1c4c;0x1c7d;12;;通路の先は広い部屋に なっていて、そこに迷 路状の通路が広がって いた。
H3;0x1c7f;0x1cec;;;入り口と書かれた所か ら入ると一人が精一杯 といった細い道になっ ている。 ビクビクしてる私を見 かねて前に江美子、後 ろに真未と、二人の間 に挟まれる形で歩き始 めた。
H3;0x1cee;0x1d60;;;しばらく真っすぐ行く とぼんやり照らされた 壁がパタン、と反転し て中から白い着物を着 た長髪の女の人形が三 味線を抱えて飛び出し てきた。
H3;0x1d62;0x1da8;;;「きゃ、…びっくりし た」 前を歩いていた江美子 の方が私よりも驚いた ようで、笑いながら頭 をかく。
H3;0x1daa;0x1dd9;;;等身大のその人形はカ クカクと右手を動かし 三味線の弦をはじいた。
H3;0x1ddb;0x1e37;;;ベベン、ベベン 高い音を鳴らし始める。 それは徐々に速度を増 し、悲鳴のように響い てその場を圧倒する。
H3;0x1e39;0x1e60;;;ピィ〜ン 張り詰めた弦が切れる。
H3;0x1e62;0x1ec2;;;カクリ その余韻と共に人形の 首が垂れ、動きが止ま った。 照明がゆっくり赤にな りその白い着物がまる で血に染まったように 見えた。
H3;0x1ec4;0x1ef3;;;「ここの人形はホント よくできてるね」 真未がいう。 それは私も同感だった。
H3;0x1ef5;0x1f37;;PREGUNTA (2 opciones) | OPCION -> entrada 13 (cursor 0x1f37) | OPCION -> entrada 14 (cursor 0x1fa6);「どうなってるの？」 真未が人形に手をのば す。 １．止める ⇒[13] ２．一緒に見る ⇒[14]
H3;0x1f37;0x1fa0;13;;「ね、触ったら駄目な んじゃない？」 私は真未に声をかけた。 こういったところで人 形に触るのはマナー 違反だと思う。 「それもそうね」 真未がこちらを向いた ときだった。
H3;0x1fa2;0x1fa6;;SALTO -> entrada 15 (cursor 0x1fe4);
H3;0x1fa6;0x1fde;14;;ここまで精巧にできて ると、興味が出てくる。 私と真未は、ふたりし て人形をのぞきこんだ。
H3;0x1fe0;0x1fe4;;SALTO -> entrada 15 (cursor 0x1fe4);
H3;0x1fe4;0x1ffb;15;PREGUNTA (2 opciones) | OPCION -> entrada 16 (cursor 0x1ffb) | OPCION -> entrada 17 (cursor 0x20be);
H3;0x1ffb;0x2058;16;;人形が顔を起こし、こ ちらをうらめしげな目 でにらみつけた。 バタン！ 壁が再び反転する。 人形は壁の中に戻って いった。
H3;0x205a;0x2092;;;「いまのは……、怖か った」 「というより、驚いた ね」 安堵とともに、私達は 笑いあった。
H3;0x2094;0x20b8;;;と、次の部屋への扉が 開いた。 私達は先へと進んだ。
H3;0x20ba;0x20be;;SALTO -> entrada 21 (cursor 0x2630);
H3;0x20be;0x2120;17;;三味線女の目がカッと 見開いた。手をのばし、 背後から真未を抱きす くめる。 「キャーッ」 当然のごとく、真未は 悲鳴をあげた。
H3;0x2122;0x2162;;;バタン！ 再び壁が反転する。 人形は壁の中に消えて いった。 真未とともに……。
H3;0x2164;0x219e;;;「ちょっと、これどう なってるの!?　真未、 真未！」 江美子が壁をドンドン と叩く。
H3;0x21a0;0x2215;;;「…どうしよう」 私は青くなった。 「仕方ない……、先に 進みましょう。どうせ あとで再会できるわ」 私は納得したわけでは なかったが、江美子と ともに歩き始めた。 真未を残したまま。
H3;0x2217;0x221b;;SALTO -> entrada 22 (cursor 0x28e2);
H3;0x221b;0x221f;18;SALTO -> entrada 38 (cursor 0x445c);
H3;0x221f;0x227d;19;;鏡の向こうに真未と江 美子の姿があった。 三人違う場所に落ちて きたのかな？ 最初はそう思っていた が、途中でおかしいこ とに気がついた。
H3;0x227f;0x22e5;;;二人の隣には私にそっ くりな誰かが映ってい る。 「ねえ、早く先にいこ うよ！」 「どうしたの礼香、急 に積極的になって」 「ほんと、なにかあっ たの？」
H3;0x22e7;0x234d;;;「なんでもないよ」 真未と江美子は、私に 似た誰かに手を引かれ、 鏡の部屋から出ていっ た。 私は鏡の中で、私に似 た誰かが遠ざかってい くのを見守っていた。
H3;0x234f;0x2377;;;そして、私の隣には… 真未と江美子にそっく りな誰かがいた……
H3;0x237e;0x23ca;20;;通路の先はらせん階段 になっていた。 石の壁に、燭台のロウ ソクと、いままでとは 雰囲気が違っている。
H3;0x23cc;0x23ff;;;その先に待ちかまえて いた部屋もまた、いま までとはまったく違っ ていた。
H3;0x2401;0x2480;;;大理石で造られた洋風 の広い部屋になってい て、高い天井にはまぶ しいほどのシャンデリ アがいくつも吊るされ ている。 壁には、磨きあげられ た金の装飾品がズラリ と並べられていた。
H3;0x2482;0x24fa;;;まるで中世の貴族を思 わせる豪華な部屋。 そのいたるところで彩 り鮮やかな衣装を着飾 った男女の蠟人形たち が、寄り添って流れる 曲に合わせて踊ってい る。
H3;0x24fc;0x2545;;;それぞれターンをする たびにカクンカクンと 音が響いていた。 「なんかいきなり洋風 になったわね」 真未が言う。
H3;0x2547;0x256f;;;と、蠟人形の一体がこ ちらにやってきた。優 雅に手をさしのべる。
H3;0x2571;0x25d3;;;それは貴族の男性の人 形だった。整った顔立 ちに、上品な装い。 生身の人間なら、王子 さまというところだ。 しかし人形では、気持 ちが悪いだけだった。
H3;0x25d5;0x2630;;PREGUNTA (3 opciones) | OPCION -> entrada 23 (cursor 0x2b98) | OPCION -> entrada 24 (cursor 0x2ca0) | OPCION -> entrada 80 (cursor 0x942c);「礼香、ダンスに誘わ れてるよ」 １．ダンスを受ける ⇒[23] ２．壁の花になる ⇒[24] ３．二人の後ろに隠れる ⇒[80]
H3;0x2630;0x267c;21;;通路の先はらせん階段 になっていた。 石の壁に、燭台のロウ ソクと、いままでとは 雰囲気が違っている。
H3;0x267e;0x26b1;;;その先に待ちかまえて いた部屋もまた、いま までとはまったく違っ ていた。
H3;0x26b3;0x2732;;;大理石で造られた洋風 の広い部屋になってい て、高い天井にはまぶ しいほどのシャンデリ アがいくつも吊るされ ている。 壁には、磨きあげられ た金の装飾品がズラリ と並べられていた。
H3;0x2734;0x27ac;;;まるで中世の貴族を思 わせる豪華な部屋。 そのいたるところで彩 り鮮やかな衣装を着飾 った男女の蠟人形たち が、寄り添って流れる 曲に合わせて踊ってい る。
H3;0x27ae;0x27f7;;;それぞれターンをする たびにカクンカクンと 音が響いていた。 「なんかいきなり洋風 になったわね」 真未が言う。
H3;0x27f9;0x2821;;;と、蠟人形の一体がこ ちらにやってきた。優 雅に手をさしのべる。
H3;0x2823;0x2885;;;それは貴族の男性の人 形だった。整った顔立 ちに、上品な装い。 生身の人間なら、王子 さまというところだ。 しかし人形では、気持 ちが悪いだけだった。
H3;0x2887;0x28e2;;PREGUNTA (3 opciones) | OPCION -> entrada 23 (cursor 0x2b98) | OPCION -> entrada 24 (cursor 0x2ca0) | OPCION -> entrada 80 (cursor 0x942c);「礼香、ダンスに誘わ れてるよ」 １．ダンスを受ける ⇒[23] ２．壁の花になる ⇒[24] ３．二人の後ろに隠れる ⇒[80]
H3;0x28e2;0x292e;22;;通路の先はらせん階段 になっていた。 石の壁に、燭台のロウ ソクと、いままでとは 雰囲気が違っている。
H3;0x2930;0x2963;;;その先に待ちかまえて いた部屋もまた、いま までとはまったく違っ ていた。
H3;0x2965;0x29e4;;;大理石で造られた洋風 の広い部屋になってい て、高い天井にはまぶ しいほどのシャンデリ アがいくつも吊るされ ている。 壁には、磨きあげられ た金の装飾品がズラリ と並べられていた。
H3;0x29e6;0x2a5e;;;まるで中世の貴族を思 わせる豪華な部屋。 そのいたるところで彩 り鮮やかな衣装を着飾 った男女の蠟人形たち が、寄り添って流れる 曲に合わせて踊ってい る。
H3;0x2a60;0x2a89;;;それぞれターンをする たびにカクンカクンと 音が響いていた。
H3;0x2a8b;0x2ad0;;;「いま、真未がいなか った？」 江美子が言う。 私は人形達を見た。 まわりながら踊ってい るので、よくわからな い。
H3;0x2ad2;0x2afa;;;と、蠟人形の一体がこ ちらにやってきた。優 雅に手をさしのべる。
H3;0x2afc;0x2b5e;;;それは貴族の男性の人 形だった。整った顔立 ちに、上品な装い。 生身の人間なら、王子 さまというところだ。 しかし人形では、気持 ちが悪いだけだった。
H3;0x2b60;0x2b98;;PREGUNTA (2 opciones) | OPCION -> entrada 25 (cursor 0x2d7e) | OPCION -> entrada 26 (cursor 0x2ea6);「…一緒に踊ってみた ら？」 １．踊る ⇒[25] ２．江美子に任せる ⇒[26]
H3;0x2b98;0x2bd4;23;;私はそっと人形の手を 握った。 なま暖かい感覚が伝わ ってくる。ものすごく 気持ち悪かった。
H3;0x2bd6;0x2c04;;;人形が私の体を引き寄 せる。ここまでよくで きてる必要なんてない のに……。
H3;0x2c06;0x2c43;;;私はたっぷり人形との ダンスをする羽目にな った。 横では、真未と江美子 がはやし立てている。
H3;0x2c45;0x2c9a;;;やがて……、音楽が消 えた。 ギギギィィ 同時に次の部屋への扉 が開く。 私たちはその扉をくぐ った。
H3;0x2c9c;0x2ca0;;SALTO -> entrada 27 (cursor 0x2fab);
H3;0x2ca0;0x2cd8;24;;「仕方ない。私がいく か」 江美子が進み出て、人 形の手を握った。 そして踊り始める。
H3;0x2cda;0x2d36;;;江美子は、人形など足 元にも及ばないほど、 ダンスがうまかった。 「しょせんは人形ね」 余裕の笑みを浮かべな がら、そんなことをつ ぶやく。
H3;0x2d38;0x2d78;;;やがて音楽は止まった。 ギギギィィ そして、次の部屋への ドアが開いた。
H3;0x2d7a;0x2d7e;;SALTO -> entrada 27 (cursor 0x2fab);
H3;0x2d7e;0x2dea;25;;私はそっと人形の手を 握った。 なま暖かい感覚が伝わ ってくる。ものすごく 気持ち悪かった。 人形が私の体を引き寄 せる。ここまでよくで きてる必要なんてない のに……。
H3;0x2dec;0x2e47;;;私は踊りながら、真未 の姿を探した。 すれ違う人形達の顔を のぞきこむ。 しかしどこにも真未は 見あたらなかった。 やがて……、音楽が消 えた。
H3;0x2e49;0x2ea0;;;ギギギィィ 同時に次の部屋 への扉が開く。 「真未は？」 江美子が聞いてくる。 私は頭を振り、その扉 をくぐった。
H3;0x2ea2;0x2ea6;;SALTO -> entrada 28 (cursor 0x3092);
H3;0x2ea6;0x2f0b;26;;「仕方ない。私がいく か」 江美子が進み出て、人 形の手を握った。 そして踊り始める。 江美子は、人形など足 元にも及ばないほど、 ダンスがうまかった。
H3;0x2f0d;0x2f76;;;まわりに気を配り、真 未の姿を探している。 やがて音楽が止まり、 ギギギィィ 次の部屋へのドアが開 いた。 踊り終わった江美子が 近づいてくる。
H3;0x2f78;0x2fa5;;;「真未はいなかった…」 私はうなずき、いま開 いたばかりの扉をくぐ った。
H3;0x2fa7;0x2fab;;SALTO -> entrada 28 (cursor 0x3092);
H3;0x2fab;0x3013;27;;闇の中を、通路が続い ている。 「どうなってるのかな」 私はつい不安の声を漏 らしてしまう。早く出 口につかないか、そん なことばかりを考えて いた。
H3;0x3015;0x3092;;PREGUNTA (2 opciones) | OPCION -> entrada 29 (cursor 0x317a) | OPCION -> entrada 30 (cursor 0x3420);しばらく進むと、Ｔ字 路にさしかかった。 右の方は若い男の顔で、 左の方は年老いた男の 顔が並んでいる。 １．若さの右 ⇒[29] ２．渋さの左 ⇒[30]
H3;0x3092;0x30fa;28;;闇の中を、通路が続い ている。 「どうなってるのかな」 私はつい不安の声を漏 らしてしまう。早く出 口につかないか、そん なことばかりを考えて いた。
H3;0x30fc;0x317a;;PREGUNTA (2 opciones) | OPCION -> entrada 31 (cursor 0x35cb) | OPCION -> entrada 32 (cursor 0x362c);しばらく進むと、Ｔ字 路にさしかかった。 右の方は若い男の顔で、 左の方は年老いた男の 顔が並んでいる。 １．若さの右 ⇒[31] ２．年寄りの左 ⇒[32]
H3;0x317a;0x31ac;29;;「右に行こうか」 私は提案した。 「ま、どっちでもいい けどね」 真未が答える。
H3;0x31ae;0x31d4;;;私達は右に曲がると、 そのまま道を進んで いった。
H3;0x31d6;0x3239;;;しばらく進むと、途中 から壁がボロボロにな っていた。 「なんだろうね？」 壁に触れてみる。 それは装飾というより も、なにかにひっかか れたようにも思えた。
H3;0x323b;0x326c;;;ガタン 大きな機械音が鳴り、 あたりの照明が消えて しまった。
H3;0x326e;0x32ac;;;ゴゴゴゴゴ… 暗闇の中に大きな音が 響いてくる。 「なに？　何がどうな ってるのっ」
H3;0x32ae;0x3312;;;大声で叫んでも誰も返 事はしてくれない。そ のうち足元が小刻みに 揺れ始めた。 そしてそれは足元だけ でなく、壁や天井まで もビリビリと共鳴させ た。
H3;0x3314;0x3358;;;私の肩に誰かがぶつか った。 「どうしたの？」 「…なにが？」 「誰か私にぶつからな かった？」 返事はない。
H3;0x335a;0x33a5;;;再び、肩になにかがぶ つかった。それは人で はない。 壁だった。 暗いからわからないが ……壁が迫ってきてい る！
H3;0x33a7;0x33ea;;;「走って！」 私はふたりを押すよう に走り出した。 前方に明るい光が見え てきた。 そこに飛び込む。
H3;0x33ec;0x3414;;;「……危なかったね」 もう壁がせまってくる ことはなかった。
H3;0x3416;0x3420;;SALTO -> entrada 70 (cursor 0x7cce);
H3;0x3420;0x344c;30;;「左にしましょう」 私がいう前に、江美子 がいった。 私も異存はない。
H3;0x344e;0x34c0;;;三人同時に歩き出す。 そして左に曲がったと たん…、人影が私達を 待っていた。 「きゃぁぁぁ」 あまりに突然なので、 悲鳴をあげてしまった。
H3;0x34c2;0x3517;;;それは鎧武者だった。 兜の奥に鬼火のような 目を光らせながら、こ っちに歩いてくる。 「やだ、やだ、戻ろう よー」 私は二人にすがりつく。
H3;0x3519;0x3573;;;「何言っているのよ、 従業員の人じゃない」 江美子が笑って鎧武者 に近寄っていく。 何か一言二言話したか と思うと江美子は戻っ てきた。
H3;0x3575;0x35bf;;;真未が首を傾げ聞いた。 「どうしたの」 「改装中だって…」 鎧武者がペコリと頭を 下げる。
H3;0x35c1;0x35cb;;SALTO -> entrada 89 (cursor 0xa35e);
H3;0x35cb;0x3626;31;;「…右に行こうか」 私は提案した。 「どっちでもいいけど ……」 江美子が答える。 私達は右に曲がると、 そのまま道を進んでい った。
H3;0x3628;0x362c;;SALTO -> entrada 81 (cursor 0x95f2);
H3;0x362c;0x3658;32;;「左にしましょう」 私がいう前に、江美子 がいった。 私も異存はない。
H3;0x365a;0x36c6;;;ふたり同時に歩き出す。 そして左に曲がったと たん…、人影が私達を 待っていた。 「きゃぁぁぁ」 あまりに突然なので、 悲鳴をあげてしまった。
H3;0x36c8;0x3720;;;それは鎧武者だった。 兜の奥に鬼火のような 目を光らせながら、こ っちに歩いてくる。 「やだ、やだ、戻ろう よー」 私は江美子にすがりつ く。
H3;0x3722;0x377c;;;「何言っているのよ、 従業員の人じゃない」 江美子が笑って鎧武者 に近寄っていく。 何か一言二言話したか と思うと江美子は戻っ てきた。
H3;0x377e;0x37c4;;;私は江美子に尋ねた。 「どうしたの」 「改装中だって…」 鎧武者がペコリと頭を 下げる。
H3;0x37c6;0x37fc;;;「はあ」 一気に私は毒気を抜か れてしまった。 仕方なく私達は右の道 を行くことにした。
H3;0x37fe;0x3808;;SALTO -> entrada 81 (cursor 0x95f2);
H3;0x3808;0x3867;33;;中は真っ暗ではなく、 ほのかに明かりが灯っ ていた。 壁はすべて鏡になって いて、私の姿が映し出 されている。 …なんてイヤな設計な んだろう。
H3;0x3869;0x38c8;;;トンネルを抜け、下に 足が着いた。 顔を出すと、そこには 壁一面の鏡がいろんな 角度で敷き詰められて いた。 わぁ、と思わず声を上 げた。
H3;0x38ca;0x391d;;;鏡に私の姿がいくつも 重なって映りこんでい る。そのどれもがまっ たく違った映り方だっ た。 上下に伸びていたり、 左右だったり。
H3;0x391f;0x3946;;;かと思えば逆に潰れて 見えたりと、異様な姿 が散らばっていた。
H3;0x3948;0x3969;;PREGUNTA (3 opciones) | OPCION -> entrada 19 (cursor 0x221f) | OPCION -> entrada 35 (cursor 0x3990) | OPCION -> entrada 36 (cursor 0x3a42);
H3;0x3969;0x3990;34;PREGUNTA (3 opciones) | OPCION -> entrada 20 (cursor 0x237e) | OPCION -> entrada 37 (cursor 0x3f28) | OPCION -> entrada 37 (cursor 0x3f28);１． ⇒[20] ２． ⇒[37] ３． ⇒[37]
H3;0x3990;0x39d7;35;;と、真未の姿が見あた らない。 どこにいったのか。こ の複雑な鏡の世界では、 探せなくて当然だろう。
H3;0x39d9;0x3a3c;;;そんなことを考えてい るうちに、江美子が上 から滑りおりてきた。 「真未は？」 私は首を横に振った。 「もう先に行ってるの かもね」 なるほどそうかもしれ ない。
H3;0x3a3e;0x3a42;;SALTO -> entrada 37 (cursor 0x3f28);
H3;0x3a42;0x3aa4;36;;三人が滑り終わると、 光が灯り、鏡がキラキ ラと反射し出した。 「ここすごいよね」 真未が目をキラキラさ せながら話しかけてき た。
H3;0x3aa6;0x3af5;;;ミラーハウスの類に入 ったことはあるが、こ こまで複雑で凝ったも のとなるとはじめてだ。 「じゃ、先に進もうか」 と真未。
H3;0x3af7;0x3b58;;;「でもどっちに？」 改めて無数の鏡を眺め ると、三人の姿がゴチ ャゴチャになって、ど れが誰だかわからない ほど歪み、目がくらん でしまいそうだった。
H3;0x3b5a;0x3bc2;;;まるで自分の体が本当 に曲がったような錯覚 を起こしてしまう。 「もぉぉいいのぉ？」 後ろのトンネルから間 延びしたような声が小 さく響いた。
H3;0x3bc4;0x3bf2;;;一瞬、私達の動きが止 まり、一斉にトンネル の出口を振り返った。
H3;0x3bf4;0x3c29;;;「いいいよおぉぉ」 今度は大きな声がすぐ かたわらから聞こえた。
H3;0x3c2b;0x3c6e;;;「きやああああぁ」 私は目をつぶって真未 にしがみついた。 トンネルから何が降り てくる？
H3;0x3c70;0x3cb7;;;私達は走った。 すると、前方の鏡がい きなり開いた。ここが 部屋の出口らしい。 私達はそこに飛び込ん だ。
H3;0x3cb9;0x3d08;;;次の部屋は、また人形 の部屋になっていた。 長いテーブル越しに蠟 人形たちが食事をして いる。
H3;0x3d0a;0x3d8d;;;カクンカクンカクン 私達が入ると同時にま た音をたてて人形が動 き始める。 ダンスの部屋と違い、 華やかさはない。 痩せた男女が黙々とパ ンや食器を上げたり下 げたりしていた。
H3;0x3d8f;0x3dd5;;;消えそうなろうそくの 光が一層その場を不気 味にしていた。 部屋には、からくりの 音だけが静かに響いて いた。
H3;0x3dd7;0x3e0d;;;カクンカクンカクン 何か音をたててはいけ ないような気がして、 慎重に歩き始める。
H3;0x3e0f;0x3e52;;;カタカタカタカタ… 奥の死角になっていた テーブルの影から子供 らしい人形が進んでき た。
H3;0x3e54;0x3e76;;;そして私に向かって真 っ赤なリンゴを差し出 した。
H3;0x3e78;0x3ece;;;その人形は何とも言い がたい表情で笑ってい て、その目が足元の青 いライトに不気味に反 射していた。
H3;0x3ed0;0x3f28;;PREGUNTA (2 opciones) | OPCION -> entrada 39 (cursor 0x4856) | OPCION -> entrada 40 (cursor 0x496f);カタカタカタ… なおも少女の人形は私 に向かってリンゴを差 し出してきた。 １．ありがとう ⇒[39] ２．いらない ⇒[40]
H3;0x3f28;0x3f49;37;;「じゃ、先にいこう」 と江美子。 「でも…、どっちに？」
H3;0x3f4b;0x3fa6;;;改めて無数の鏡を眺め ると、ふたりの姿がゴ チャゴチャになって、 どれが自分だかわから ないほど歪み、目がく らんでしまいそうだっ た。
H3;0x3fa8;0x3fee;;;「もぉぉいいのぉ？」 後ろのトンネルから間 延びしたような声が小 さく響いた。 真未の声だ！
H3;0x3ff0;0x404e;;;「真未！　あたしたち よ！　下りてきて！」 江美子が叫び返す。 私達は真未が下りてく るのを待った。 しかし、いつまでたっ ても彼女は来なかった。
H3;0x4050;0x40ad;;;「……どうしたんだろ う？」 不審に思って、トンネ ルをのぞきこむ。 ドン！ 私の顔に真未の靴がめ りこんだ。タイミング が悪い……。
H3;0x40af;0x40ec;;;「キャーッ！」 顔を押さえながら、上 体を起こそうとしたと き、江美子の悲鳴がと どろいた。
H3;0x40ee;0x4116;;;その理由はすぐにわか った。 下りてきたのは真未で はなかった。
H3;0x4118;0x4154;;;子どもの人形だった。 リアルで気味の悪い人 形だ。 人形は私の膝の上に、 よじ登ろうとしていた。
H3;0x4156;0x41ad;;;「きゃああああ！」 私達は走った。 すると、前方の鏡がい きなり開いた。ここが 部屋の出口らしい。 私達はそこに飛び込ん だ。
H3;0x41af;0x41f8;;;次の部屋は、また人形 の部屋になっていた。 長いテーブル越しに蠟 人形たちが食事をして いる。
H3;0x41fa;0x427d;;;カクンカクンカクン 私達が入ると同時にま た音をたてて人形が動 き始める。 ダンスの部屋と違い、 華やかさはない。 痩せた男女が黙々とパ ンや食器を上げたり下 げたりしていた。
H3;0x427f;0x42c5;;;消えそうなろうそくの 光が一層その場を不気 味にしていた。 部屋には、からくりの 音だけが静かに響いて いた。
H3;0x42c7;0x42fd;;;カクンカクンカクン 何か音をたててはいけ ないような気がして、 慎重に歩き始める。
H3;0x42ff;0x4342;;;カタカタカタカタ… 奥の死角になっていた テーブルの影から子供 らしい人形が進んでき た。
H3;0x4344;0x436b;;;さきほど、トンネルか ら下りてきた人形と同 じものだ……。
H3;0x436d;0x4390;;;人形は私に向かって真 っ赤なリンゴを差し出 した。
H3;0x4392;0x4402;;;よく見てみると、その 表情は不気味にゆがん でいた。 どうやら笑っているら しい。 その目は足元の青いラ イトに反射し、不気味 に輝いていた。
H3;0x4404;0x445c;;PREGUNTA (2 opciones) | OPCION -> entrada 41 (cursor 0x4acc) | OPCION -> entrada 42 (cursor 0x4bdd);カタカタカタ… なおも少女の人形は私 に向かってリンゴを差 し出してきた。 １．ありがとう ⇒[41] ２．いらない ⇒[42]
H3;0x445c;0x44ba;38;;先に進むしかなかった が、どちらに進めばい いのかわからない。 改めて無数の鏡を眺め ると、怯える私自身の 姿がいくつも映しださ れた。
H3;0x44bc;0x4509;;;客観的にそれを見て、 私は少しだけ冷静にな ることができた。 足元をよくみれば、ど こに進めばいいのかも、 だいたいはわかる。
H3;0x450b;0x455e;;;しかしそれもこの声が 響くまでのことだった。 「もぉぉいいのぉ？」 背後のトンネルから間 延びしたような声が響 く。
H3;0x4560;0x4591;;;「いいいよおぉぉ」 今度は大きな声がすぐ かたわらから聞こえた。
H3;0x4593;0x45e2;;;私は悲鳴をおさえなが ら、走った。 すると、前方の鏡がい きなり開いた。ここが 部屋の出口らしい。 私はそこに飛び込んだ。
H3;0x45e4;0x4633;;;次の部屋は、また人形 の部屋になっていた。 長いテーブル越しに蠟 人形たちが食事をして いる。
H3;0x4635;0x46b6;;;カクンカクンカクン 私が入ると同時にまた 音をたてて人形が動き 始める。 ダンスの部屋と違い、 華やかさはない。 痩せた男女が黙々とパ ンや食器を上げたり下 げたりしていた。
H3;0x46b8;0x46fe;;;消えそうなろうそくの 光が一層その場を不気 味にしていた。 部屋には、からくりの 音だけが静かに響いて いた。
H3;0x4700;0x4736;;;カクンカクンカクン 何か音をたててはいけ ないような気がして、 慎重に歩き始める。
H3;0x4738;0x477b;;;カタカタカタカタ… 奥の死角になっていた テーブルの影から子供 らしい人形が進んでき た。
H3;0x477d;0x479f;;;そして私に向かって真 っ赤なリンゴを差し出 した。
H3;0x47a1;0x47fb;;;見上げると人形は何と も言いがたい表情で笑 っていて、その目が足 元の青いライトに不気 味に反射していた。
H3;0x47fd;0x4856;;PREGUNTA (2 opciones) | OPCION -> entrada 43 (cursor 0x4ca9) | OPCION -> entrada 44 (cursor 0x4e25);カタカタカタ… なおも少女の人形は私 に向かってリンゴを差 し出してきた。 １．ありがとう ⇒[43] ２．いらないわ ⇒[44]
H3;0x4856;0x48a6;39;;「あ、ありがとう…」 私は差し出されるまま にリンゴを受け取った。 そのリンゴは本物で、 一口だけかじった跡が あった。
H3;0x48a8;0x48d8;;;少女人形は満足げにう なずくと食べるのを促 すように私を見つめ続 けた。
H3;0x48da;0x4934;;;「何よ…、そんなもの いらないわ」 真未は私からリンゴを 奪い取ると、その場に 投げつけた。 食卓の人形が一斉に私 達をにらみつける。
H3;0x4936;0x4969;;;ギギギィィ 私達は逃げるように、 次の扉を開けた。
H3;0x496b;0x496f;;SALTO -> entrada 45 (cursor 0x4f3b);
H3;0x496f;0x49d0;40;;「い、いらないわ」 気持ち悪さに首を振っ た。 それでも少女はリンゴ を私に突きつけてくる。 「もうっ来ないでっ！」 真未が叫び声をあげる。
H3;0x49d2;0x4a32;;;ギギギィィ 背後で扉の開く音がし た。 私達はすきまから入り 込み、開き切らないう ちに三人の肩や背中で、 力任せに扉を押した。
H3;0x4a34;0x4a63;;;やっとのことで重い鉄 がふたつの空間を遮っ た時、足元に鈍い音が した。
H3;0x4a65;0x4ac0;;;そちらを見ると少女の 人形のリンゴを持った ままの腕がへし曲がっ て転がっていた。 私達は声を出すことも 出来ずにしばらくそれ を見ていた。
H3;0x4ac2;0x4acc;;SALTO -> entrada 45 (cursor 0x4f3b);
H3;0x4acc;0x4b1c;41;;「あ、ありがとう…」 私は差し出されるまま にリンゴを受け取った。 そのリンゴは本物で、 一口だけかじった跡が あった。
H3;0x4b1e;0x4b4e;;;少女人形は満足げにう なずくと食べるのを促 すように私を見つめ続 けた。
H3;0x4b50;0x4b83;;;「捨てちゃえば？」 江美子がいう。 「う、うん」 私はリンゴをその場に 捨てた。
H3;0x4b85;0x4bd7;;;食卓の人形が一斉に私 達をにらみつける。 ギギギィィ 私達は逃げるように、 次の扉を開けた。
H3;0x4bd9;0x4bdd;;SALTO -> entrada 46 (cursor 0x52a6);
H3;0x4bdd;0x4c1e;42;;「い、いらないわ」 気持ち悪さに首を振っ た。 それでも少女はリンゴ を私に突きつけてくる。
H3;0x4c20;0x4c4f;;;「いらないっていって るでしょ！」 江美子はそういってリ ンゴを払いのけた。
H3;0x4c51;0x4ca3;;;食卓の人形が一斉に私 達をにらみつける。 ギギギィィ 私達は逃げるように、 次の扉を開けた。
H3;0x4ca5;0x4ca9;;SALTO -> entrada 46 (cursor 0x52a6);
H3;0x4ca9;0x4cf9;43;;「あ、ありがとう…」 私は差し出されるまま にリンゴを受け取った。 そのリンゴは本物で、 一口だけかじった跡が あった。
H3;0x4cfb;0x4d2b;;;少女人形は満足げにう なずくと食べるのを促 すように私を見つめ続 けた。
H3;0x4d2d;0x4d8d;;;私はその視線をさける ように、次の扉へと向 かった。 すると少女人形も一緒 になってついてきた。 私がリンゴを食べるか どうかをじっと観察し ている。
H3;0x4d8f;0x4ded;;;このままでは、扉の外 までついてくるかもし れない。 私はリンゴを思いっき り投げた。 人形達の視線が、放物 線を描く赤い物体に集 中する。
H3;0x4def;0x4e1f;;;ギギギィィ 私は、そのすきをつい て扉から外に出た。
H3;0x4e21;0x4e25;;SALTO -> entrada 47 (cursor 0x56e6);
H3;0x4e25;0x4e64;44;;「い、いらないわ」 気持ち悪さに首を振っ た。 食卓の人形が一斉に私 達をにらみつける。
H3;0x4e66;0x4eda;;;ギギギィィ 背後で扉の開く音がし た。 転がるように入り込み、 扉を力いっぱいしめる。 やっとのことで重い鉄 がふたつの空間を遮っ た時、足元に鈍い音が した。
H3;0x4edc;0x4f35;;;そちらを見ると少女の 人形のリンゴを持った ままの腕がへし曲がっ て転がっていた。 私は声を出すことも出 来ずにしばらくそれを 見ていた。
H3;0x4f37;0x4f3b;;SALTO -> entrada 47 (cursor 0x56e6);
H3;0x4f3b;0x4f87;45;;私達はしばらくの間無 言のままで通路を進ん だ。 真未も江美子も次第に 笑顔が減りつつあった。
H3;0x4f89;0x4fcf;;;次になにが待ちかまえ ているのか、それを思 うと気が重かった。 「あたし、もう限界…」 と、思わず本音が出て しまう。
H3;0x4fd1;0x5011;;;真未と江美子は顔を見 合わせた。 「礼香も怖がってるし …出ましょうか」 「そうね、でもどうや って出る？」
H3;0x5013;0x5073;;;お化け屋敷は、災害な どにそなえ、非常口を 設置しているはずだ。 そこから逃げることも できる。 でも、ここまで来て、 そんなものは見たこと がなかった。
H3;0x5075;0x50e3;;;「あっ！」 江美子が前方を指さし た。その指を追うよう に見る。 そこには、お化け屋敷 にふさわしくないもの が置いてあった。 電話ボックスだ。
H3;0x50e5;0x5154;;;「よかった。あれで係 員の人に連絡できるか もしれない」 真未が電話ボックスに 走り寄っていった。私 と江美子も続く。 「でも……、普通こん なところに電話ボック ス置く？」
H3;0x5156;0x51b3;;;トゥルルルル！ 急に電話が鳴りだした。 私達は顔を見合わせる。 真未が受話器に手をの ばした。 「もしもし…？」
H3;0x51b5;0x51fb;;;『ごきげんよう、お嬢 さん方』 その声は、お化け屋敷 の入り口にいたブロン ズ像のものだった。
H3;0x51fd;0x524c;;;『いまだ三人でおられ るとは、一同感服いた しました！』 「…すいません。ここ から出してください」 真未が疲れたようにい う。
H3;0x524e;0x52a6;;PREGUNTA (2 opciones) | OPCION -> entrada 48 (cursor 0x5a59) | OPCION -> entrada 49 (cursor 0x5aff);『そんなわけにはまい りません。そんなこと よりも、私達の仲間に 加わりませんか？』 １．加わらない ⇒[48] ２．加わる ⇒[49]
H3;0x52a6;0x5311;46;;私達は無言のままで通 路を進んだ。 「真未はどこだろう」 江美子もそんな言葉を つぶやく。 次になにが待ちかまえ ているのか、それを思 うと気が重かった。
H3;0x5313;0x5337;;;「あたし、もう限界… …」 と、思わず本音が出て しまう。
H3;0x5339;0x5381;;;「……もう出ようか。 真未も先に出てるかも しれない」 私はもうこれ以上進み たくはなかった。 「でもどうやって出よ う？」
H3;0x5383;0x53f4;;;お化け屋敷などは、災 害などにそなえ、非常 口を設置しているはず だ。そこから逃げるこ ともできる。 でも、お化け屋敷内を ここまで進んで来て、 そんなものは見たこと がなかった。
H3;0x53f6;0x5464;;;「あっ！」 江美子が前方を指さし た。その指を追うよう に見る。 そこには、お化け屋敷 にふさわしくないもの が置いてあった。 電話ボックスだ。
H3;0x5466;0x54aa;;;「よかった。あれで係 員の人に連絡できるか もしれない」 江美子と私は電話ボッ クスに走り寄っていっ た。
H3;0x54ac;0x54e7;;;しかし私の頭をかすめ ることがあった。 なんでこんなところに 電話ボックスがおいて あるんだろう…。
H3;0x54e9;0x554d;;;トゥルルルル！ 急に電話が鳴りだした。 私達は顔を見合わせる。 江美子がゆっくりと受 話器に手をのばした。 「もしもし…？」
H3;0x554f;0x5597;;;『ごきげんよう、お嬢 さん方！』 その声は、お化け屋敷 の入り口にいたブロン ズ像のものだった。
H3;0x5599;0x55ed;;;『おふたりで、よくぞ ここまでがんばりまし た！』 『…私達もうここから 出ます。出してくださ い……』 江美子が疲れたように いう。
H3;0x55ef;0x565e;;;『そんなわけにはまい りません！　それより もあなた方が仲間にな るのなら喜んで私の屋 敷に加えてさしあげま しょう』 「私達を出して！　真 未は、真未はどこにい ったの!?」
H3;0x5660;0x56e0;;;『拒否されるならしか たありません。私には 優秀な部下がおります。 彼に任せましょう』 プツリと電話は途切れ た。江美子の受話器を 置く手が震えている。 怖くても進むしかなか った。
H3;0x56e2;0x56e6;;SALTO -> entrada 53 (cursor 0x5f85);
H3;0x56e6;0x574b;47;;私は無言のままで通路 を進んだ。 真未や、江美子はどこ にいるんだろう。 そして、次にはなにが 待ちかまえているのか。 それを思うと気が重か った。
H3;0x574d;0x579d;;;もう限界だ…… 外に出たい。 でも脱出口はおろか、 非常口すら見あたらな かった。普通なら備え つけられてると思うん だけど……。
H3;0x579f;0x57e8;;;そんな私の目に奇妙な ものが飛びこんできた。 ガラスの壁でできた立 方体。 最初はそれがなにかは わからなかった。
H3;0x57ea;0x5828;;;それは電話ボックスだ った。 こんなところにあると は、あからさまにあや しい。
H3;0x582a;0x5866;;;私はそっと近づいてい った。 この電話が本物なら、 外部や係員の人に連絡 をとることもできる。
H3;0x5868;0x58dd;;;トゥルルルル！ 急に電話が鳴りだした。 私は固まってしまう。 やはりここはお化け屋 敷なのだ。 他にどうしようもなく、 受話器を手に取る。 「もしもし…？」
H3;0x58df;0x5925;;;『ごきげんよう、お嬢 さん！』 その声は、お化け屋敷 の入り口にいたブロン ズ像のものだった。
H3;0x5927;0x5966;;;『ついに、おひとりに なられてしまいました ね』 「…私をここから、出 してください……」 私は疲れていた。
H3;0x5968;0x59d7;;;『そんなわけにはまい りません！　それより もあなたが仲間になり たいのなら喜んで私の 屋敷に加えてさしあげ ましょう！』 「私達を出して。真未 は、江美子はどこにい ったの？」
H3;0x59d9;0x5a53;;;『拒否されるならしか たありません。私には 優秀な部下がおります。 彼に任せましょう』 プツリと電話は途切れ た。受話器を戻す。 怖くても先に進むしか なかった。
H3;0x5a55;0x5a59;;SALTO -> entrada 54 (cursor 0x6395);
H3;0x5a59;0x5acb;48;;「出してって言ってる でしょう！」 『拒否されるならしか たありません。私には 優秀な部下がおります。 彼に任せておくことに しましょう』 プツリと電話は途切れ た。
H3;0x5acd;0x5af3;;;受話器を置く手が震え る。 怖くても進むしかなか った。
H3;0x5af5;0x5aff;;SALTO -> entrada 52 (cursor 0x5b71);
H3;0x5aff;0x5b63;49;;「わかったわ」 真未は笑いながら、答 えた。 『わかりました。それ ではお待ちしておりま す』 このお化け屋敷は本当 に凝った作りだなと感 心した。
H3;0x5b65;0x5b69;;SALTO -> entrada 52 (cursor 0x5b71);
H3;0x5b69;0x5b6d;50;SALTO -> entrada 53 (cursor 0x5f85);
H3;0x5b6d;0x5b71;51;SALTO -> entrada 54 (cursor 0x6395);
H3;0x5b71;0x5bdb;52;;しばらく進むと、また 怪しげな部屋へとたど り着いた。 赤い照明が部屋全体を ぼんやりと照らしだし ている。 私はしばらくまわりを 見渡した。
H3;0x5bdd;0x5c0e;;;そこは今までのものよ り格段に狭く、見える 限り、蠟人形は一体も なかった。
H3;0x5c10;0x5c84;;;その代わり、壁に並び 立てられた様々な形を したものが私達の足を 震わせた。 それは過去、何度かテ レビや本で見た事のあ る酉洋の拷問器具だっ た。
H3;0x5c86;0x5cb2;;;この円柱状の部屋全体 が、拷問部屋として再 現されていた。
H3;0x5cb4;0x5d17;;;見たところこの先の扉 はなかった。 壁にズラリと並べられ た拷問道具は、年季の 入った重みのある色を していて、実際に使わ れていたかのように見 えた。
H3;0x5d19;0x5d7c;;;大小の刃物から刺のつ いた人型の棺桶。天井 からはいくつもの古い ロープが垂れ下がって いる。そして 奥にはギロチン台が置 いてあった。
H3;0x5d7e;0x5dc8;;;どれも気味が悪く血の 跡のようなものがこび りついていた。 どこへ進めばいいのか 分からず部屋の中心に 歩み寄る。
H3;0x5dca;0x5e2d;;;江美子も真未も凍りつ いたように立ちつくし ていた。 「どうしよう？　出口 がないんじゃない？」 私の声が反響する。 しばらく待ったが扉が 現れる気配はなかった。
H3;0x5e2f;0x5eb2;;;私達は顔を見合わせた。 ゴゴゴゴゴ… 突然、横の壁が動き出 し、そこから覆面をつ けた筋骨隆々の男が現 れた。 おそらく…、この部屋 の担当者なのだろう。
H3;0x5eb4;0x5efb;;;「意外にいい人なんじ ゃない？」 彼は一歩一歩私達のほ うへ近づいてくる。 真未の冗談も耳には入 らなかった。
H3;0x5efd;0x5f3d;;;「ひとり選べ」 男は震えるような低い 声でいった。 「選べってなによ」 真未は怒ったように叫 んだ。
H3;0x5f3f;0x5f85;;PREGUNTA (2 opciones) | OPCION -> entrada 55 (cursor 0x67ca) | OPCION -> entrada 56 (cursor 0x69a8);「ひとり選べ」 男は再び繰り返した。 １．一歩、前に出る。 ⇒[55] ２．静かに見守る ⇒[56]
H3;0x5f85;0x5fae;53;;しばらく進むと、また 怪しげな部屋へとたど り着いた。
H3;0x5fb0;0x601a;;;赤い照明が部屋全体を ぼんやりと照らしだし ている。 私はしばらくまわりを 見渡した。 そこは今までのものよ り格段に狭く、人形の 類は置いてなかった。
H3;0x601c;0x6090;;;その代わり、壁に並び 立てられた様々な形を したものが私達の足を 震わせた。 それは過去、何度かテ レビや本で見た事のあ る酉洋の拷問器具だっ た。
H3;0x6092;0x60be;;;この円柱状の部屋全体 が、拷問部屋として再 現されていた。
H3;0x60c0;0x6124;;;見たところ、この先の 扉はなかった。 壁にズラリと並べられ た拷問道具は、年季の 入った重みのある色を していて、実際に使わ れていたかのように見 えた。
H3;0x6126;0x6186;;;大小の刃物から刺のつ いた人型の棺桶。天井 からいくつもの古いロ ープが垂れ下がってい る。そして奥にはギロ チン台が置いてあった。
H3;0x6188;0x61d2;;;どれも気味が悪く血の 跡のようなものがこび りついていた。 どこへ進めばいいのか 分からず部屋の中心に 歩み寄る。
H3;0x61d4;0x6223;;;江美子は途方にくれた ように立ちつくしてい た。 「どうしよう？　ひょ っとしたら出口がない んじゃ……」 私の声が反響する。
H3;0x6225;0x6254;;;しばらく待ったが扉が 現れる気配はなかった。 私と江美子は顔を見合 わせた。
H3;0x6256;0x62ac;;;ゴゴゴゴゴ… 突然、横の壁が動き出 し、そこから覆面をつ けた筋骨隆々の男が現 れた。
H3;0x62ae;0x62e5;;;おそらく…、この部屋 の担当者なのだろう。 なにを専門にしてるか はすぐに察しがつく。
H3;0x62e7;0x6323;;;彼は一歩一歩私達のほ うへ近づいてきた。 「どちらかを選べ」 男は低い声で震えるよ うにいった。
H3;0x6325;0x634e;;;「何をどういうふうに 選ぶの？」 江美子は疲れたように いった。
H3;0x6350;0x6395;;PREGUNTA (2 opciones) | OPCION -> entrada 57 (cursor 0x6c11) | OPCION -> entrada 58 (cursor 0x6e06);「どちらかを選べ」 男は再び繰り返した。 １．一歩、前に出る。 ⇒[57] ２．助けを待つ ⇒[58]
H3;0x6395;0x63ff;54;;しばらく進むと、また 怪しげな部屋へとたど り着いた。 赤い照明が部屋全体を ぼんやりと照らしだし ている。 私はしばらくまわりを 見渡した。
H3;0x6401;0x645d;;;そこは今までのものよ り格段に狭く、人形の 類は置いてなかった。 その代わり、壁に並び 立てられた様々な形を したものが私の足を震 わせた。
H3;0x645f;0x64cc;;;それは過去、何度かテ レビや本で見た事のあ る酉洋の拷問器具だっ た。 この円柱状の部屋全体 が、拷問部屋として再 現されていた。
H3;0x64ce;0x6532;;;見たところ、この先の 扉はなかった。 壁にズラリと並べられ た拷問道具は、年季の 入った重みのある色を していて、実際に使わ れていたかのように見 えた。
H3;0x6534;0x6594;;;大小の刃物から刺のつ いた人型の棺桶。天井 からいくつもの古いロ ープが垂れ下がってい る。そして奥にはギロ チン台が置いてあった。
H3;0x6596;0x65e0;;;どれも気味が悪く血の 跡のようなものがこび りついていた。 どこへ進めばいいのか 分からず部屋の中心に 歩み寄る。
H3;0x65e2;0x6612;;;どこにも出口はなかっ た。 待ってみても、次への 扉が現れる気配もなか った。
H3;0x6614;0x6687;;;ゴゴゴゴゴ… 突然、横の壁が動き出 し、そこから覆面をつ けた筋骨隆々の男が現 れた。 おそらく…、この部屋 の担当者なのだろう。
H3;0x6689;0x66bc;;;なにを専門にしてるか はすぐに察しがつく。 彼は一歩一歩私のほう へ近づいてきた。
H3;0x66be;0x66df;;;「どちらかを選べ」 男は低い声で震えるよ うにいった。
H3;0x66e1;0x672a;;;私の目に飛びこんでき たのは、ふたつの拷問 具だった。 ひとつはギロチン、こ れは何に使うのかわか りやすい。
H3;0x672c;0x6786;;;もうひとつは人型の棺 桶だった。 内部に鉄製のトゲがい くつもついている。 中に入り、扉を閉める と、全身くし刺しにな る設計だ…。
H3;0x6788;0x67ca;;PREGUNTA (2 opciones) | OPCION -> entrada 59 (cursor 0x7085) | OPCION -> entrada 60 (cursor 0x7309);「どちらかを選べ」 男は再び繰り返した。 １．ギロチン ⇒[59] ２．棺桶 ⇒[60]
H3;0x67ca;0x67ea;55;;私が一歩前に出ると、 ふたりは驚いたように 私をみた。
H3;0x67ec;0x6837;;;男は何も言わず、私の 肩をつかんだ。ものす ごい力で抵抗などでき ない。 「礼香っ！」 真未と江美子の声が響 く。
H3;0x6839;0x687f;;;私は棺桶の前に立たさ れた。 その棺桶は人型で、フ タには金属のトゲトゲ がついている。
H3;0x6881;0x68ca;;;おそらく、この中に入 って扉を閉めると、全 身くし刺しになるのだ ろう…。 男は私をその棺桶の中 に押し込んだ。
H3;0x68cc;0x68f5;;;「キャーッ」 その悲鳴は私のものだ ったのか、それとも…
H3;0x68f7;0x6937;;;バタン 扉が閉まる。 しかし……、私の体に は何も突き刺さらなか った
H3;0x6939;0x6985;;;どういう仕組みになっ ているのか、気がつく と廊下に出ていた。 どこかで棺桶と廊下が つながっているのだろ う。
H3;0x6987;0x69a8;;PREGUNTA (3 opciones) | OPCION -> entrada 64 (cursor 0x74c1) | OPCION -> entrada 108 (cursor 0xc2e1) | OPCION -> entrada 107 (cursor 0xc245);
H3;0x69a8;0x69f8;56;;「……私がいくわ」 一歩前にでたのは、や はり真未だった。 「私をどうする気？」 「いい度胸だ」 男は真未の腕を強引に つかんだ。
H3;0x69fa;0x6a3b;;;「やめなさい！　変な ことしたら怒るわよ！」 男は真未をそのまま棺 桶の中に放り込んだ。
H3;0x6a3d;0x6a9c;;;そして扉を閉める。 「キャァァァァ」 真未の長い悲鳴がとど ろいた。 棺桶のフタには、鋭い トゲがたくさんついて いた。
H3;0x6a9e;0x6ae5;;;棺桶の隙間から、血が あふれ出す……。 男は仕事を終え、満足 したように部屋から出 ていった。
H3;0x6ae7;0x6b25;;;「真未！」 私達は棺桶に飛びつい た。でも中のことを想 像すると、開けること ができない……。
H3;0x6b27;0x6b60;;;「えい！」 江美子は目をつぶって 棺桶の扉を開け放った。 「あ、あれ？」
H3;0x6b62;0x6bb8;;;まるで手品だった。 真未の姿はそこにはな い。死体どころかなに もなかった。 「……どこかとつなが っているみたいね」 おそらくそうなのだろ う。
H3;0x6bba;0x6bf8;;;「探さなきゃ」 私と江美子は、男が去 っていった所から部屋 を出た。 「真未…！」
H3;0x6bfa;0x6c11;;PREGUNTA (2 opciones) | OPCION -> entrada 109 (cursor 0xc3c8) | OPCION -> entrada 110 (cursor 0xc4a1);
H3;0x6c11;0x6c36;57;;「私がいく！」 と叫ぶ。 江美子は驚いたように 私をみた。
H3;0x6c38;0x6c93;;;「礼香、大丈夫なの」 「多分、大丈夫だよ」 私は力なく笑った。 男は何も言わず、私の 肩をつかんだ。ものす ごい力で、抵抗などで きない。
H3;0x6c95;0x6ce2;;;「礼香っ！」 私は棺桶の前に立たさ れた。 その棺桶は人型で、中 には金属のトゲトゲが ついている。
H3;0x6ce4;0x6d2d;;;おそらく、この中に入 って扉を閉めると、全 身くし刺しになるのだ ろう…。 男は私をその棺桶の中 に押し込んだ。
H3;0x6d2f;0x6d58;;;「キャーッ」 その悲鳴は私のものだ ったのか、それとも…
H3;0x6d5a;0x6d9a;;;バタン 扉が閉まる。 しかし……、私の体に は何も突き刺さらなか った
H3;0x6d9c;0x6ded;;;どういう仕組みになっ ているのか、気がつく と廊下に出ていた。 おそらく、どこかで棺 桶と廊下がつながって いるのだろう。
H3;0x6def;0x6e06;;PREGUNTA (2 opciones) | OPCION -> entrada 111 (cursor 0xc579) | OPCION -> entrada 65 (cursor 0x767a);
H3;0x6e06;0x6e51;58;;「…私がいくわ」 江美子が前に出た。 「ここはお化け屋敷よ。 死んだりしないわ」 男はそんな江美子の腕 を強引につかんだ。
H3;0x6e53;0x6ec0;;;男は江美子をそのまま 棺桶の中に押し込んだ。 そして扉を閉める。 バタン 男は仕事を終え、満足 したように部屋から出 ていった。
H3;0x6ec2;0x6f2d;;;私は棺桶の前に立ちつ くした。 棺桶の隙間から、血が あふれ出す。 この棺桶の中には、た くさんのトゲトゲがつ いていた。 江美子は……。
H3;0x6f2f;0x6f65;;;私は卒倒しそうになり ながらも、棺桶のフタ に手をかけた。 ゆっくりと開ける。
H3;0x6f67;0x6fa7;;;「……あれ？」 まるで手品だった。 江美子の姿はそこには ない。死体どころかな にもなかった。
H3;0x6fa9;0x700a;;;安心して、棺桶に倒れ かかる。トゲトゲが私 の鼻に触れた。痛い。 思わずのびあがる。 このトゲは本物だ。 どういう仕組みになっ ているんだろう。
H3;0x700c;0x706c;;;そんなことを考えても、 江美子と別れ別れにな ってしまったことには 変わりない。 江美子を、それと真未 も探さなければ。 私は部屋の外へと出た。
H3;0x706e;0x7085;;PREGUNTA (2 opciones) | OPCION -> entrada 112 (cursor 0xc607) | OPCION -> entrada 69 (cursor 0x7bf5);
H3;0x7085;0x70f3;59;;私はギロチンのほうを ちらっと見た。 すると男は何も言わず、 私の肩をつかんだ。 ものすごい力で抵抗な どできない。 「放してっ！」 私にできたのは、叫ぶ ことくらいだ。
H3;0x70f5;0x7165;;;男は私をギロチン台に くくりつけた。身動き もできない。 私の目の前には、ロー プがたれ下がっていた。 このロープを引いたら、 刃が落ち、同時に私の 首を飛ばすのだろう。
H3;0x7167;0x71db;;;「自分でやれ」 男はそう言った。そし て部屋から出ていった。 自分でやれ？ 私自身の手でこのロー プを引けということか。 私は不自由な手をのば し、ロープを握った。
H3;0x71dd;0x7223;;;一瞬、躊躇したのち、 思いっきり引く。 シャーッ！ 金属の走る音。 私は目を閉じずにはい られなかった。
H3;0x7225;0x7260;;;ジャキンッ！ なにかのはじける音が 響く。 私の首は…、無事のよ うだ。
H3;0x7262;0x72af;;;体を起こす。 手足を縛っていた縛め が、すべてはずれてい た。 ロープを引くと、縛め がとれるようになって いたらしい。
H3;0x72b1;0x7303;;;やはりここはお化け屋 敷なのだ。 最初は驚かせても、最 後には安心させるよう になっている。 私は部屋を出て、通路 を進むことにした。
H3;0x7305;0x7309;;SALTO -> entrada 63 (cursor 0x74aa);
H3;0x7309;0x736c;60;;私が棺桶の方に目をや ると、男は何も言わず、 私の肩をつかんだ。 ものすごい力で抵抗な どできない。 「放してっ！」 私にできたのは、叫ぶ ことくらいだ。
H3;0x736e;0x73a5;;;男は私をその棺桶の中 に押し込んだ。身動き ひとつする暇もなかっ た。
H3;0x73a7;0x73e7;;;バタン 扉が閉まる。 しかし……、私の体に は何も突き刺さらなか った
H3;0x73e9;0x7435;;;どういう仕組みになっ ているのか、気がつく と廊下に出ていた。 どこかで棺桶と廊下が つながっているのだろ う。
H3;0x7437;0x7476;;;やはりここはお化け屋 敷なのだ。実際に、身 の危険が及ぶようなこ とはない。 怖くても先に進もう。
H3;0x7478;0x747c;;SALTO -> entrada 63 (cursor 0x74aa);
H3;0x747c;0x7493;61;PREGUNTA (2 opciones) | OPCION -> entrada 66 (cursor 0x77d2) | OPCION -> entrada 69 (cursor 0x7bf5);
H3;0x7493;0x74aa;62;PREGUNTA (2 opciones) | OPCION -> entrada 66 (cursor 0x77d2) | OPCION -> entrada 69 (cursor 0x7bf5);
H3;0x74aa;0x74c1;63;PREGUNTA (2 opciones) | OPCION -> entrada 66 (cursor 0x77d2) | OPCION -> entrada 69 (cursor 0x7bf5);
H3;0x74c1;0x751b;64;;棺桶の扉が閉まり、周 囲は闇につつまれた。 私は……無事だ。 多分、なにかの仕掛け があり、トゲがささら ないようになっている のだろう。
H3;0x751d;0x7553;;;「まみーーーーっ！」 すさまじい悲鳴が響く。 それは江美子のものだ った。
H3;0x7555;0x759f;;;「やめてぇぇぇぇぇぇ ぇ！」 江美子の悲鳴が途中で とぎれた。 そして棺桶の外は静か になった。
H3;0x75a1;0x75c6;;;外で何が起きたのだろ う。 真未は、そして江美子 は……。
H3;0x75c8;0x762a;;;その時、私の手になに かの液体が触れた。 棺桶の隙間から入って きたものだ。 その匂いをかいでみる。 血だった。 私は棺桶から出ること ができなかった。
H3;0x762c;0x766d;;;「いやぁぁぁぁぁー」 その後、私の耳には、 江美子の悲鳴が延々と こだましつづけた。
H3;0x767a;0x76d4;65;;棺桶の扉が閉まり、周 囲は闇につつまれた。 私は……無事だ。 多分、なにかの仕掛け があり、トゲがささら ないようになっている のだろう。
H3;0x76d6;0x7730;;;「助けてえーーーっ！」 すさまじい悲鳴が響く。 それは江美子のものだ った。 「やめてぇぇぇぇぇ！」 悲鳴が途中でとぎれる。
H3;0x7732;0x7764;;;そして棺桶の外は静か になった。 外で何が起きたのだろ う。 江美子は……。
H3;0x7766;0x77cb;;;「さっきの女はもっと ねばったんだがな。 まあいいか、もう一人 いるしな」 足音が近づいてくる。 私の頭の中には、その 足音が延々とこだまし つづけていた。
H3;0x77d2;0x7822;66;;その時、廊下から高く 響く靴の音が聞こえて きた。 私は急いで部屋の中へ と戻った。 あの男が帰ってきたの だ。
H3;0x7824;0x7864;;;私は棺桶の中へと隠れ ることにした。 そっと身を滑り込ませ る。 これで私がいるとはわ からないだろう。
H3;0x7866;0x78ca;;;男の足跡が響く。 ガシャン そして小さな金属の音 が聞こえた。 ……まさか。 私は扉を押してみた。 開かない。 あの男が鍵をかけたの だ！
H3;0x78cc;0x7913;;;「開けて！」 力いっぱい扉を叩く。 その時、棺桶の向こう から小さな話し声が聞 こえた。
H3;0x7915;0x7978;;;「礼香、ここにもいな いね…」 江美子の声だ。 私はここよ！ さらに強く扉を叩く。 「ねぇ、江美子。 その棺桶動いてるよ」 気づいてくれた？
H3;0x797a;0x79e9;;;「たすけて！ ここよ！　開けて！」 私は大声を上げて 扉を叩き続けた。 「こった仕掛けね」 「そんなことより、早 く礼香を探そう」 「うん、そうだね」
H3;0x79eb;0x7a63;;;さらに力を込め、 声を張り上げ、扉を叩 き続ける。 しかし、ふたりの声は 遠ざかっていく… これからどうなるんだ ろう。 暗闇の中、ただ泣き崩 れるだけだった。
H3;0x7a70;0x7ae1;67;;私達は再び廊下を進み 出した。 ヒタリ、ヒタリ 何かの音が後ろから近 づいてきた。 恐る恐る振り向いても 淡い光だけではその先 まで見えない。
H3;0x7ae3;0x7b3d;;PREGUNTA (2 opciones) | OPCION -> entrada 73 (cursor 0x7f65) | OPCION -> entrada 74 (cursor 0x8127);その音の主を確かめる のは怖いような気もす るけど、分からないま まはもっと怖い。 １．振り向く ⇒[73] ２．二人に聞いてみる ⇒[74]
H3;0x7b3d;0x7bb5;68;;私達は再び廊下を進み 出した。 ヒタリ、ヒタリ 何かの音が後ろから近 づいてきた。 恐る恐る振り向いても 淡い光だけではその先 まで見えない。
H3;0x7bb7;0x7bf5;;PREGUNTA (2 opciones) | OPCION -> entrada 84 (cursor 0x9aa1) | OPCION -> entrada 85 (cursor 0x9c87);ひょっとしたら真未か もしれない。 １．振り向く ⇒[84] ２．江美子に聞く ⇒[85]
H3;0x7bf5;0x7c36;69;;私は通路を進むことに した。 暗い道が続いている。 ヒタリ、ヒタリ
H3;0x7c38;0x7c75;;;何かの音が後ろから近 ついてきた。 恐る恐る振り向いても 淡い光だけではその先 まで見えない。
H3;0x7c77;0x7cce;;PREGUNTA (2 opciones) | OPCION -> entrada 90 (cursor 0xa3a7) | OPCION -> entrada 91 (cursor 0xa574);ひょっとしたら、真未 か江美子が追いかけて きたのかもしれない。 １．振り向く ⇒[90] ２．怖いので振り向かな 　い ⇒[91]
H3;0x7cce;0x7d21;70;;しばらく進むと今度は 狭いトンネルの前に出 てきた。 どうもそれは一人ずつ しか通り抜けられない ようだった。
H3;0x7d23;0x7d5d;;PREGUNTA (2 opciones) | OPCION -> entrada 71 (cursor 0x7d5d) | OPCION -> entrada 72 (cursor 0x7df7);「誰が先に行く？」 １．「礼香、一番乗り」 ⇒[71] ２．お先にどうぞ ⇒[72]
H3;0x7d5d;0x7dc5;71;;「礼香、一番乗り」 私は、恐怖をかき消す ように明るく言った。 こんな所に、一人で残 されては大変である。 「おー、どうしたの、 急に」 江美子が嬉しそうに聞 いてくる。
H3;0x7dc7;0x7df1;;;「礼香、いきまーす」 私は暗いすべり台に体 重を預けた。
H3;0x7df3;0x7df7;;SALTO -> entrada 33 (cursor 0x3808);
H3;0x7df7;0x7e33;72;;私は答えず、じっとし ていた。 「しょうがない。私か ら行くか」 そう申し出たのは、真 未だった。
H3;0x7e35;0x7e67;;;「じゃあ、下についた ら呼ぶから。よろしく」 真未はそういってすべ りおりていった。
H3;0x7e69;0x7e96;;;しばらく待つと、下か ら声が響いた。 「もぉいいよぉぉぉぉ ぉぉ」
H3;0x7e98;0x7ed8;;;江美子がすべり台の前 に立った。 「じゃ、私が先に行く ね」 うん、といいかけ、あ ることを思いたった。
H3;0x7eda;0x7f2d;;;江美子が先に行ってし まっては、ここにひと りで残されてしまう！ 「江美子、私が先に行 くから」 慌てて江美子をとめる。 「そう？」
H3;0x7f2f;0x7f5f;;;私は江美子を押しのけ るように、トンネルへ と体をもぐらせた。
H3;0x7f61;0x7f65;;SALTO -> entrada 33 (cursor 0x3808);
H3;0x7f65;0x7fdb;73;;もう一度振り返る。 だが、やはり姿は見え ない。 ヒタヒタヒタ 音がする。 裸足の足音のように聞 こえる。 私達は顔を見合わせ、 足早に歩きだす。
H3;0x7fdd;0x8026;;;だが、その音も速度を 上げてついてきた。 怖さの余り、最後はつ いに駆け足になる。 だが、すぐに追いつか れてしまった。
H3;0x8028;0x80ad;;;ヒタヒタヒタヒタ…  ヒタヒタヒタヒタ…  ヒタヒタヒタヒタ…
H3;0x80af;0x8121;;;「きゃああああ」 私達はいっせいに悲鳴 をあげ、膝を抱えてし ゃがみこんだ。 するとその音は私達の かたわらを通りすぎ、 壁の向こうへ吸い込ま れるように消えていっ た。
H3;0x8123;0x8127;;SALTO -> entrada 75 (cursor 0x8385);
H3;0x8127;0x8174;74;;「ねえ、後ろに誰かい た？」 江美子は小さく首を横 に振った。 「ストーカーじゃない の？」 真未がおどけて言う。
H3;0x8176;0x8195;;;「あのねぇ」 私は怖いのも忘れて苦 笑してしまう。
H3;0x8197;0x81e9;;;私たちが揃って脚を止 めると、後ろの音もピ タリと止まる。顔を見 合わせて足早に歩きだ すと、その音も速度を 上げてついてきた。
H3;0x81eb;0x823a;;;それは裸足の足音のよ うに聞こえた。怖さの あまり駆け足になる。 するとその音はさらに スピードを上げて向か ってきた。
H3;0x823c;0x8284;;;私達はつきあたりまで 走り、そこで行き場を 失った。それでも姿の 無いそれは、なおも速 度を上げて近づいてき た。
H3;0x8286;0x830b;;;ヒタヒタヒタヒタ…  ヒタヒタヒタヒタ…  ヒタヒタヒタヒタ…
H3;0x830d;0x837f;;;「きゃああああ」 私達はいっせいに悲鳴 をあげ、膝を抱えてし ゃがみこんだ。 するとその音は私達の かたわらを通りすぎ、 壁の向こうへ吸い込ま れるように消えていっ た。
H3;0x8381;0x8385;;SALTO -> entrada 75 (cursor 0x8385);
H3;0x8385;0x840a;75;;その後、しばらく行く と、扉の前まで来た。 ギギギィィ 真未は手前の扉を開け た。 部屋の中には、私達を 驚かせるような物は特 になかった。どうやら 書斎のようだった。
H3;0x840c;0x8452;;;少し拍子抜けしながら も恐る恐る中に入る。 三方の壁は本棚になっ ていて隙間無く本が並 べられている。
H3;0x8454;0x84a9;;;本はみんな洋書のよう で、私に読めそうなも のはなさそうだ。 窓際には机があり、真 未が興味深そうにすた すたと歩み寄ると、声 をあげた。
H3;0x84ab;0x84f7;;PREGUNTA (2 opciones) | OPCION -> entrada 76 (cursor 0x84f7) | OPCION -> entrada 77 (cursor 0x8660);「ノートがあるよ」 だけど本にもちょっと 興味があった。 １．ノートを見る ⇒[76] ２．本を見る ⇒[77]
H3;0x84f7;0x8549;76;;私達は集まってそのノ ートを開いてみた。 どうやらこのお化け屋 敷に入った人たちが書 く物らしい。ボールペ ンも一緒に置いてある。
H3;0x854b;0x8586;;;「…なに、これ…」 江美子が声をあげた。 ノートの中に書かれて いたのは、ただ二つの 単語だけ。
H3;0x8588;0x85d3;;;助けて助けて助けて  助けて助けて助けて  助けて助けて助けて  助けて助けて助けて
H3;0x85d5;0x8607;;;出して出して出して  出して出して出して  出して出して出して  出して出して出して
H3;0x8609;0x865a;;;私は身動きとれず、声 もあげられないほどだ った。 「礼香…」 「もう大丈夫」 私はあまり大丈夫では なかったが、そう答え た。
H3;0x865c;0x8660;;SALTO -> entrada 78 (cursor 0x87b7);
H3;0x8660;0x86a6;77;;私は英語の本らしきそ れをちらりと見た。 タイトルは横文字ばか りだった。 私はその中の一冊を手 に取った。
H3;0x86a8;0x86da;;;「きゃっ、気持ち悪い」 その本は、目玉がつい ていて、私をにらみつ けてきた。
H3;0x86dc;0x872c;;;その他の本はオカルト 関係の書物ばかりのよ うだ。 まあ、お化け屋敷なん だから、これくらいの 雰囲気作りは分かるけ ど…
H3;0x872e;0x8792;;;ノートを見ていた二人 は無言で戻ってきた。 「なにか書いてあった の？」 私は何気なく訊いた。 「礼香は…見ない方が いいと思う」 江美子の顔が青ざめて いた。
H3;0x8794;0x87b1;;;二人の顔を見るかぎり、 見ない方が良さそうだ。
H3;0x87b3;0x87b7;;SALTO -> entrada 78 (cursor 0x87b7);
H3;0x87b7;0x8803;78;;「……とっとと先に進 みましょう」 真未が提案する。 ……その声に混じり、 私は何かの音を聞いた。
H3;0x8805;0x8843;;;「何か聞こえない？」 私より先に声をあげた のは江美子だった。 「何か聞こえるよね」 と同意する。
H3;0x8845;0x8896;;;「まさか……」 真未の顔が蒼白になっ ていく。 そのまま部屋の隅に走 ると、次の部屋に進む ドアのノブに手をかけ た。
H3;0x8898;0x88f2;;;「あつっ！」 真未はノブに触れた手 をすぐに引っ込めた。 「ど、どうしたの？」 「……火事よ」 私はその言葉に衝撃を 受けた。
H3;0x88f4;0x894a;;;確かに炎が燃えさかる ような音にも聞こえる。 「でも……、これもア トラクションなんじゃ ない？」 江美子が消えいるよう な声でいった。
H3;0x894c;0x89a6;;;「……音だけじゃない の。ノブが熱かった。 火はドアの外まで来て るっていうことよ」 お化け屋敷が火事にな るなんて……。気が遠 くなりかけた。
H3;0x89a8;0x8a13;;;真未はハンカチ越しに ノブをつかんで開けよ うとした。 「ダメ、鍵がかかって いる」 「来た方から逃げまし ょう」 江美子は入ってきたド アのほうに走った。
H3;0x8a15;0x8a4e;;;「こっちも開かない！」 他にドアはない。 ……私達はこの部屋に 閉じこめられてしまっ た。
H3;0x8a50;0x8ab5;;;「ふたりとも落ち着い て。どうすれば助かる かじっくり考えましょ う」 真未が私達の目を見つ めながら言う。 その言葉は真未自身に 語りかけているように も思えた。
H3;0x8ab7;0x8ace;;PREGUNTA (2 opciones) | OPCION -> entrada 115 (cursor 0xd2cf) | OPCION -> entrada 79 (cursor 0x8ace);
H3;0x8ace;0x8b31;79;;「……こっちのドアを 破りましょう」 真未はそういうと、二、 三歩下がり、自らドア に体当たりした。 そう簡単には開かない。 再び二’三歩下がる。
H3;0x8b33;0x8b85;;;私達も真未の横に並ん だ。 「せー、のっ！」 三人同時に体当たりす る。 ……やはり開かなかっ た。映画のようにはい かない。
H3;0x8b87;0x8bbc;;;「女三人じゃダメだわ」 「これを使いましょう」 真未が部屋の机を指さ した。
H3;0x8bbe;0x8c09;;;「こっちのほうがよく ない？」 江美子がソファを指さ す。 確かに、ドアにぶつけ るにはこっちのほうが 良さそうだ。
H3;0x8c0b;0x8c68;;;「そうしよう」 私達はソファを持ち上 げた。 「それっ！」 ソファを勢いよく、ド アにぶつける。 ものすごい音が響いた。 これならいけそうだ。
H3;0x8c6a;0x8cc4;;;私達はソファを持ち上 げ、もう一度ドアにぶ つける体勢を整えた。 「せー、のっ！」 ドア目がけて突進する。 その瞬間ドアが開いた。
H3;0x8cc6;0x8d2c;;;「助けに来ました！」 ドアから顔を出したの は、先ほど拷問部屋に いた男だった。 その言葉から察するに、 私達を助けに来てくれ たに違いない。
H3;0x8d2e;0x8da0;;;だが…彼はその任務を 果たせないだろう。 ソファは勢いよく男に 衝突した。 ドーン！ 彼は廊下の反対側の壁 まで吹き飛び……、気 絶した。
H3;0x8da2;0x8e00;;;「あらー、やっちゃっ た！」 真未が叫んだ。 「助けに来た人、吹っ 飛ばしちゃった…」 私は涙が出そうになっ た。 気まずい空気が流れる。
H3;0x8e02;0x8e43;;;「まあいいわ。ドアも 開いたことだし、さっ さと逃げましょう」 真未の言葉とともに、 私達は走り出した。
H3;0x8e45;0x8e8c;;;「……ちょっとストッ プ。あの人はどうする の？」 私はいったん立ち止ま り、背後で気絶する男 を指さした。
H3;0x8e8e;0x8eb4;;;……結局、私達は彼を ひきずっていかなくて はならなかった。
H3;0x8eb6;0x8f19;;;「どっちに逃げればい いのよ」 江美子が、悲鳴に近い 質問をあげる。 それは誰にもわからな い。知っているはずの 人は、いまここで気絶 している。
H3;0x8f1b;0x8f64;;;私達は燃えさかる屋敷 の中を、できるだけ火 のない方へと進んでい った。 重い荷物があるので、 なかなか進まない…。
H3;0x8f66;0x8fd0;;;その時、ドタドタと人 の走ってくる音が聞こ えた。 私達を助けに来てくれ たのだろう。 「こっちです！」 と、真未が叫んだ。 廊下の前方から彼らは 走ってきた。
H3;0x8fd2;0x901b;;;侍、鎧武者、魔女、な どなど、いろいろなお 化けたちがこちらに向 かって殺到する。
H3;0x901d;0x906c;;;「キャーッ！」 私達は逃げ始めた。 「いったい、なんなの よ！」 真未が叫ぶ。 それは私も知りたかっ た……。
H3;0x906e;0x90ac;;;狭い通路を抜け、階段 を降り、部屋を横切る。 それでもオバケ達は、 私達を追いかけてきた。
H3;0x90ae;0x9105;;;「ねえ、礼香！」 走りながら、江美子が 叫ぶ。 「あの人たちも逃げて るんじゃないの!?」 「え？」 その言葉はすぐ頭には 入らなかった。
H3;0x9107;0x9169;;;「私達が出口を知って ると思ってるんじゃな い!?」 …そうかもしれない。 あの人達はここの従業 員なんだけど、逃げ場 がわからず私達につい てきてるのかも。
H3;0x916b;0x91b8;;;私達は止まった。 「えーっと、すいませ ん！」 真未が彼らを押しとど めようとする。 しかし、彼らの勢いは 止まらなかった。
H3;0x91ba;0x9220;;;ガシャン！ …きっと外で見ていた 人たちは驚いたと思う。 窓から人やオバケが落 ちてくる風景などそう 見れるものではない。
H3;0x9222;0x9278;;;気がつくと、私は芝生 の上にいた。 「ちょっと、礼香、ど いてよ！」 どこも痛くないと思っ たら、私は江美子の上 に落ちていた。慌てて どく。
H3;0x927a;0x92e9;;;『いかがでしたかな、 お嬢さん方！』 突如、声が響いた。そ れはブロンズ像の声だ った。 『お化け屋敷の最後は お楽しみいただけまし たかな！』
H3;0x92eb;0x9333;;;最後？ 私は建物の方を見た。 ……燃えている。 黒い煙をもうもうと上 げながら、本当にお化 け屋敷は燃えていた。
H3;0x9335;0x9378;;;『今日を最後に、お化 け屋敷は終わりです！ 究極の恐怖、炎の演出 はお楽しみいただけま したかな？』
H3;0x937a;0x93a7;;;…まさか、 今日がお化け屋敷の終 わりで、本当に火をつ けたのでは……。
H3;0x93a9;0x941f;;;ブロンズ像の高笑いが 響く。 「う、うそぉ!?」 私達は同時に叫んだ。 建物の入り口が崩れた。 ブロンズ像が転がる。 それでもブロンズ像は 笑い続けていた。
H3;0x942c;0x9465;80;;私は二人の後ろに隠れ た。 ダンスなんてやったこ ともないのに、うまく 踊れるはずがない。
H3;0x9467;0x9496;;;「私が踊るわ」 真未はそう言って、人 形の手を握った。 そして踊り始める。
H3;0x9498;0x94f8;;;真未の踊りはお世辞に も上手とは言えなかっ た。 「アハハハハハ、 　　　イヒヒヒヒヒ」 しばらくすると、まわ りから笑い声が聞こえ てきた。
H3;0x94fa;0x955f;;;その笑いはあきらかに、 真未に向けられたもの だった。 真未は、ダンスをやめ ると、 「人形のクセに生意気 ね」 と言って、人形を突き 飛ばした。
H3;0x9561;0x95b9;;;倒れた人形の首がもげ、 そこから、赤い液体が 流れ出してきた。 そして、音楽は止まっ た。 真未の顔は少し青ざめ ていた。
H3;0x95bb;0x95ec;;;ギギギィィ そして、次の部屋への ドアが開いた。
H3;0x95ee;0x95f2;;SALTO -> entrada 27 (cursor 0x2fab);
H3;0x95f2;0x9645;81;;しばらく進むと今度は 狭いトンネルの前に出 てきた。 どうもそれは一人ずつ しか通り抜けられない ようだった。
H3;0x9647;0x967b;;PREGUNTA (2 opciones) | OPCION -> entrada 82 (cursor 0x967b) | OPCION -> entrada 83 (cursor 0x9853);「どっちが先に行く？」 １．先に行く ⇒[82] ２．後で行く ⇒[83]
H3;0x967b;0x96ca;82;;「私が先に行く…」 私はおずおずといった。 次の部屋に何が待って いるのかわからないが、 ここでひとりになるの もイヤだった。
H3;0x96cc;0x9703;;;「うん…。わかった。 気をつけてね」 私は、うなずいて、滑 り台に飛び込んだ。
H3;0x9705;0x9761;;;中は真っ暗ではなく、 ほのかに明かりが灯っ ていた。 壁はすべて鏡になって いて、私の姿が映し出 されている。 …なんてイヤな設計な んだろう。
H3;0x9763;0x97ab;;;トンネルを抜け、下に 足が着いた。 顔を出すと、そこには 壁一面の鏡がいろんな 角度で敷き詰められて いた。
H3;0x97ad;0x9801;;;わぁ、と思わず声を上 げた。 鏡に私の姿がいくつも 重なって映りこんでい る。そのどれもがまっ たく違った映り方だっ た。
H3;0x9803;0x984d;;;上下に伸びていたり、 左右だったり。 かと思えば逆に潰れて 見えたりと、異様な私 の姿が無数に散らばっ ていた。
H3;0x984f;0x9853;;SALTO -> entrada 103 (cursor 0xc072);
H3;0x9853;0x9896;83;;「江美子、先にいって」 と、私は頼んだ。 「しょうがない。行く か」 江美子は、すべり台の ところに座った。
H3;0x9898;0x98c9;;;「下についたら呼ぶか らね」 その言葉を残し、江美 子はすべりおりていっ た。
H3;0x98cb;0x9917;;;私はひとり残されてし まった。 かなりの時間がすぎた。 下から江美子の声が響 く。 「もぉいいよぉぉぉぉ ぉぉ」
H3;0x9919;0x9961;;;私は急いで、トンネル の中へと身を躍らせた。 中は真っ暗ではなく、 ほのかに明かりが灯っ ていた。
H3;0x9963;0x999c;;;壁はすべて鏡になって いて、私の姿が映し出 されている。 …なんてイヤな設計な んだろう。
H3;0x999e;0x99fa;;;トンネルを抜け、下に 足が着いた。 顔を出すと、そこには 壁一面の鏡がいろんな 角度で敷き詰められて いた。 わぁ、と思わず声を上 げた。
H3;0x99fc;0x9a56;;;鏡に私の姿がいくつも 重なって映りこんでい る。そのどれもがまっ たく違った映り方だっ た。 上下に伸びていたり、 左右だったり。
H3;0x9a58;0x9a88;;;かと思えば逆に潰れて 見えたりと、異様な私 の姿が無数に散らばっ ていた。
H3;0x9a8a;0x9aa1;;PREGUNTA (2 opciones) | OPCION -> entrada 105 (cursor 0xc15b) | OPCION -> entrada 106 (cursor 0xc1bf);
H3;0x9aa1;0x9b1a;84;;私は期待して、もう一 度振り返る。 だが、やはり姿は見え ない。 ヒタヒタヒタ 裸足の足音のように聞 こえる。 私達は顔を見合わせ、 足早に歩きだす。
H3;0x9b1c;0x9b65;;;だが、その音も速度を 上げてついてきた。 怖さの余り、最後はつ いに駆け足になる。 だが、すぐに追いつか れてしまった。
H3;0x9b67;0x9bec;;;ヒタヒタヒタヒタ…  ヒタヒタヒタヒタ…  ヒタヒタヒタヒタ…
H3;0x9bee;0x9c28;;;「きゃああああ」 私と江美子はいっせい に悲鳴をあげ、膝を抱 えてしゃがみこんだ。
H3;0x9c2a;0x9c81;;;するとその音は私達の かたわらを通りすぎ、 壁の向こうへ吸い込ま れるように消えていっ た。 私と江美子はまわりを 警戒しつつ先に進んだ。
H3;0x9c83;0x9c87;;SALTO -> entrada 86 (cursor 0x9ebc);
H3;0x9c87;0x9caf;85;;「ねえ、後ろに誰かい た？」 江美子は小さく首を横 に振った。
H3;0x9cb1;0x9d03;;;私たちが揃って脚を止 めると、後ろの音もピ タリと止まる。顔を見 合わせて足早に歩きだ すと、その音も速度を 上げてついてきた。
H3;0x9d05;0x9d2d;;;それは裸足の足音のよ うに聞こえた。怖さの あまり駆け足になる。
H3;0x9d2f;0x9d53;;;するとその音はさらに スピードを上げて向か ってきた。
H3;0x9d55;0x9d9d;;;私達はつきあたりまで 走り、そこで行き場を 失った。それでも姿の 無いそれは、なおも速 度を上げて近づいてき た。
H3;0x9d9f;0x9e24;;;ヒタヒタヒタヒタ…  ヒタヒタヒタヒタ…  ヒタヒタヒタヒタ…
H3;0x9e26;0x9e5d;;;「きゃああああ」 私達はいっせいに悲鳴 をあげ、膝を抱えてし ゃがみこんだ。
H3;0x9e5f;0x9eb6;;;するとその音は私達の かたわらを通りすぎ、 壁の向こうへ吸い込ま れるように消えていっ た。 私と江美子はまわりを 警戒しつつ先に進んだ。
H3;0x9eb8;0x9ebc;;SALTO -> entrada 86 (cursor 0x9ebc);
H3;0x9ebc;0x9f3d;86;;その後、しばらく行く と、扉の前まで来た。 ギギギィィ 私は手前の扉を開けた。 部屋の中には、私達を 驚かせるような物は特 になかった。どうやら 書斎のようだった。
H3;0x9f3f;0x9f85;;;少し拍子抜けしながら も恐る恐る中に入る。 三方の壁は本棚になっ ていて隙間無く本が並 べられている。
H3;0x9f87;0x9fdf;;;カーテンを開けて、窓 から外を見てみると、 そこには森と斜面が広 がっていた。 その風景の中に明かり が一つ、二つと灯り始 めた。
H3;0x9fe1;0xa00c;;;そしてそれは次第に大 きくなり、合流してこ の館に集まりつつあっ た。
H3;0xa00e;0xa075;;;「ここには何も仕掛け がないのかしら」 江美子がほっとしなが らいった。 本棚の本はみんな洋書 のようで、私に読めそ うなものはなさそうだ し、机が一つあるだけ だった。
H3;0xa077;0xa0be;;PREGUNTA (2 opciones) | OPCION -> entrada 87 (cursor 0xa0be) | OPCION -> entrada 88 (cursor 0xa239);よくみると、その机の 上にノートが置いてあ った。 １．ノートをみる ⇒[87] ２．本をみる ⇒[88]
H3;0xa0be;0xa110;87;;私達は集まってそのノ ートを開いてみた。 どうやらこのお化け屋 敷に入った人たちが書 く物らしい。ボールペ ンも一緒に置いてある。
H3;0xa112;0xa14d;;;「…なに、これ…」 江美子が声をあげた。 ノートの中に書かれて いたのは、ただ二つの 単語だけ。
H3;0xa14f;0xa19a;;;助けて助けて助けて  助けて助けて助けて  助けて助けて助けて  助けて助けて助けて
H3;0xa19c;0xa1ce;;;出して出して出して  出して出して出して  出して出して出して  出して出して出して
H3;0xa1d0;0xa1f0;;;私は身動きとれず、声 もあげられないほどだ った。
H3;0xa1f2;0xa233;;;「礼香…」 江美子が気遣ってくれ た。 「もう大丈夫」 私はあまり大丈夫では なかったが、そう答え た。
H3;0xa235;0xa239;;SALTO -> entrada 96 (cursor 0xacaa);
H3;0xa239;0xa27f;88;;私は英語の本らしきそ れをちらりと見た。 タイトルは横文字ばか りだった。 私はその中の一冊を手 に取った。
H3;0xa281;0xa2b3;;;「きゃっ、気持ち悪い」 その本は、目玉がつい ていて、私をにらみつ けてきた。
H3;0xa2b5;0xa305;;;その他の本はオカルト 関係の書物ばかりのよ うだ。 まあ、お化け屋敷なん だから、これくらいの 雰囲気作りは分かるけ ど…
H3;0xa307;0xa358;;;ノートを見ていた江美 子は無言で戻ってきた。 「なにか書いてあった の？」 私は何気なく訊いた。 江美子は首を振るばか りだった。
H3;0xa35a;0xa35e;;SALTO -> entrada 96 (cursor 0xacaa);
H3;0xa35e;0xa39b;89;;「はあ」 一気に私は毒気を抜か れてしまった。 仕方なく私達は右の道 を行くことにした。
H3;0xa39d;0xa3a7;;SALTO -> entrada 70 (cursor 0x7cce);
H3;0xa3a7;0xa3cf;90;;私は期待して、もう一 度振り返る。 だが、やはり姿は見え ない。
H3;0xa3d1;0xa41a;;;ヒタヒタヒタ 音がする。 裸足の足音のように聞 こえる。 私は足早に歩きだす。
H3;0xa41c;0xa465;;;だが、その音も速度を 上げてついてきた。 怖さの余り、最後はつ いに駆け足になる。 だが、すぐに追いつか れてしまった。
H3;0xa467;0xa4ec;;;ヒタヒタヒタヒタ…  ヒタヒタヒタヒタ…  ヒタヒタヒタヒタ…
H3;0xa4ee;0xa555;;;「きゃああああ」 私は悲鳴をあげ、膝を 抱えてしゃがみこんだ。 するとその音は私のか たわらを通りすぎ、 壁の向こうへ吸い込ま れるように消えていっ た。
H3;0xa557;0xa56e;;;私はまわりを警戒しつ つ先に進んだ。
H3;0xa570;0xa574;;SALTO -> entrada 92 (cursor 0xa710);
H3;0xa574;0xa5d0;91;;それは裸足の足音のよ うに聞こえた。 私が脚を止めると、後 ろの音もピタリと止ま る。 足早に歩きだすと、そ の音も速度を上げてつ いてきた。
H3;0xa5d2;0xa603;;;思わず駆け足になる。 するとその音はさらに スピードを上げて向か ってきた。
H3;0xa605;0xa68a;;;ヒタヒタヒタヒタ…  ヒタヒタヒタヒタ…  ヒタヒタヒタヒタ…
H3;0xa68c;0xa6f1;;;「きゃああああ」 私は悲鳴をあげ、膝を 抱えてしゃがみこんだ。 するとその音は私のか たわらを通りすぎ、壁 の向こうへ吸い込まれ るように消えていった。
H3;0xa6f3;0xa70a;;;私はまわりを警戒しつ つ先に進んだ。
H3;0xa70c;0xa710;;SALTO -> entrada 92 (cursor 0xa710);
H3;0xa710;0xa794;92;;その後、しばらく行く と、扉の前まで来た。 ギギギィィ 私は手前の扉を開けた。 部屋の中には、私を驚 かせるような物は特に なかった。 どうやら書斎のようだ った。
H3;0xa796;0xa7dc;;;少し拍子抜けしながら も恐る恐る中に入る。 三方の壁は本棚になっ ていて隙間無く本が並 べられている。
H3;0xa7de;0xa836;;;カーテンを開けて、窓 から外を見てみると、 そこには森と斜面が広 がっていた。 その風景の中に明かり が一つ、二つと灯り始 めた。
H3;0xa838;0xa863;;;そしてそれは次第に大 きくなり、合流してこ の館に集まりつつあっ た。
H3;0xa865;0xa8ca;;;「ここはびっくりさせ られるものはないみた いね」 私は少し安心した。 本棚の本はみんな洋書 のようで、私に読めそ うなものはなさそうだ し、机が一つあるだけ だった。
H3;0xa8cc;0xa913;;PREGUNTA (2 opciones) | OPCION -> entrada 93 (cursor 0xa913) | OPCION -> entrada 94 (cursor 0xaa42);よくみると、その机の 上にノートが置いてあ った。 １．ノートを見る ⇒[93] ２．本を見る ⇒[94]
H3;0xa913;0xa95e;93;;私はそのノートを開い てみた。 どうやらこのお化け屋 敷に入った人たちが書 く物らしい。ボールペ ンも一緒に置いてある。
H3;0xa960;0xa998;;;「…なに、これ…」 私は声をあげた。 ノートの中に書かれて いたのは、ただ二つの 単語だけ。
H3;0xa99a;0xa9e5;;;助けて助けて助けて  助けて助けて助けて  助けて助けて助けて  助けて助けて助けて
H3;0xa9e7;0xaa19;;;出して出して出して  出して出して出して  出して出して出して  出して出して出して
H3;0xaa1b;0xaa3c;;;私は身動きがとれず、 声もあげられないほど だった。
H3;0xaa3e;0xaa42;;SALTO -> entrada 95 (cursor 0xab14);
H3;0xaa42;0xaa88;94;;私は英語の本らしきそ れをちらりと見た。 タイトルは横文字ばか りだった。 私はその中の一冊を手 に取った。
H3;0xaa8a;0xaabc;;;「きゃっ、気持ち悪い」 その本は、目玉がつい ていて、私をにらみつ けてきた。
H3;0xaabe;0xab0e;;;その他の本はオカルト 関係の書物ばかりのよ うだ。 まあ、お化け屋敷なん だから、これくらいの 雰囲気作りは分かるけ ど…
H3;0xab10;0xab14;;SALTO -> entrada 95 (cursor 0xab14);
H3;0xab14;0xab65;95;;ひとりで怖がっていて も仕方がない。 早く、真未と江美子を 探さなくては……。 と、何かの音が聞こえ た。
H3;0xab67;0xabd8;;;耳を澄ましてみる。 私は首をひねりつつも、 次の部屋へ進むため、 ドアのノブを握った。 「あ……っ！」 その手をすぐに引っ込 めた。 ドアノブはものすごく 熱かった。
H3;0xabda;0xac3c;;;「まさか……」 まさか、火事ではない だろうか。 この音は火が燃える音 のようにも聞こえる。 お化け屋敷が火事にな るなんて……。気が遠 くなりかける。
H3;0xac3e;0xaca4;;;私はいま入ってきたド アのほうに飛びついた。 ノブは熱くなっていな い。 しかし鍵がかかってい て、開くことはなかっ た。 「閉じこめられた…」 絶望が私を包む。
H3;0xaca6;0xacaa;;SALTO -> entrada 100 (cursor 0xb21a);
H3;0xacaa;0xace5;96;;「……次の部屋にいこ う」 江美子が言う。 と、何かの音が聞こえ た。
H3;0xace7;0xad23;;;耳を澄ましてみる。 何の音だろう。 「何か聞こえない？」 江美子にも、その音は 届いているようだ。
H3;0xad25;0xad89;;;私は首をひねりつつも、 次の部屋へ進むため、 ドアのノブを握った。 「あ……っ！」 その手をすぐに引っ込 めた。 ドアノブはものすごく 熱かった。
H3;0xad8b;0xadc8;;;「まさか……」 まさか、火事ではない だろうか。 この音は火が燃える音 のようにも聞こえる。
H3;0xadca;0xae1e;;;江美子の顔も青ざめて いる。彼女もその可能 性に思い至ったのだろ う。 お化け屋敷が火事にな るなんて……。気が遠 くなりかける。
H3;0xae20;0xae86;;;私はいま入ってきたド アのほうに飛びついた。 ノブは熱くなっていな い。しかし鍵がかかっ ていて、開くことはな かった。 「閉じこめられた…」 絶望が私達を包む。
H3;0xae88;0xae8c;;SALTO -> entrada 97 (cursor 0xae8c);
H3;0xae8c;0xaec1;97;;「ひっひっひっひ」 突然、部屋中に気味悪 い笑い声が反響した。
H3;0xaec3;0xaf1c;;;「こんな夜にお客さん とはね」 私達は振り向いた。 いつのまに入ったのか、 窓際の椅子に、おばあ ちゃんが腰かけていた。
H3;0xaf1e;0xaf79;;;おとぎ話に出てくるよ うな三角帽子に黒い服。 彼女を一言でいうと、 魔女だった。 「そう、私は魔女さ」 と、私の心を見透かし たように言う。
H3;0xaf7b;0xafcd;;;「あたしの最後の夜に 来てくれたお客様だか らね…丁重にお出迎え しないと」 老婆はガタガタの歯並 びを見せて笑った。
H3;0xafcf;0xb032;;;「それってどういうこ と？」 江美子が声をあげた。 「外を見なかったのか い？　今夜は魔女狩り の夜だよ。今夜この館 は燃え落ちるのさ…、 ひっひっひ」
H3;0xb034;0xb085;;;老婆はおかしくてたま らないらしく腹を抱え て笑った。 「そんな……、逃げ道 はないんですか」 江美子が懇願するよう に尋ねる。
H3;0xb087;0xb0c8;;;「もう遅いよ」 老婆のその言葉を合図 にしたかのように、窓 の外が赤く染まった。 もう長くはもたない。
H3;0xb0ca;0xb10c;;;「でもまあ出口を知ら ないことはないね。そ こから逃げるかい？」 「もちろん！」 私達は声をあわせて答 えた。
H3;0xb10e;0xb167;;;すると、老婆は再び楽 しそうに笑った。 「あんたら忘れてるん じゃないのかい。あた しは魔女なんだよ。そ れを承知であたしを信 じるのかい？」
H3;0xb169;0xb1b9;;PREGUNTA (2 opciones) | OPCION -> entrada 98 (cursor 0xb1b9) | OPCION -> entrada 99 (cursor 0xb1d0);確かに……、老婆の言 葉がウソでないとも限 らない。 １．江美子に任せる ⇒[98] ２．自分で決める ⇒[99]
H3;0xb1b9;0xb1d0;98;PREGUNTA (2 opciones) | OPCION -> entrada 117 (cursor 0xe064) | OPCION -> entrada 116 (cursor 0xd914);
H3;0xb1d0;0xb201;99;;「私はこのおばあさん についていくべきだと 思う」 私の言葉に江美子もう なずいた。
H3;0xb203;0xb21a;;PREGUNTA (2 opciones) | OPCION -> entrada 118 (cursor 0xe08d) | OPCION -> entrada 113 (cursor 0xc6c5);
H3;0xb21a;0xb24f;100;;「ひっひっひっひ」 突然、部屋中に気味 悪い笑い声が反響した。
H3;0xb251;0xb2a7;;;「こんな夜にお客さん とはね」 私は振り向いた。 いつのまに入ったのか、 窓際の椅子におばあち ゃんが腰かけていた。
H3;0xb2a9;0xb304;;;おとぎ話に出てくるよ うな三角帽子に黒い服。 彼女を一言でいうと、 魔女だった。 「そう、私は魔女さ」 と、私の心を見透かし たように言う。
H3;0xb306;0xb358;;;「あたしの最後の夜に 来てくれたお客様だか らね…丁重にお出迎え しないと」 老婆はガタガタの歯並 びを見せて笑った。
H3;0xb35a;0xb3bb;;;「それってどういうこ ですか？」 と聞いてみる。 「外を見なかったのか い？　今夜は魔女狩り の夜だよ。今夜この館 は燃え落ちるのさ…、 ひっひっひ」
H3;0xb3bd;0xb410;;;老婆はおかしくてたま らないらしく腹を抱え て笑った。 「そんな……、どうや って逃げればいいんで すか!?」 懇願するように尋ねる。
H3;0xb412;0xb453;;;「もう遅いよ」 老婆のその言葉を合図 にしたかのように、窓 の外が赤く染まった。 もう長くはもたない。
H3;0xb455;0xb487;;;「でもまあ出口を知ら ないことはないね」 「本当に……？　本当 に脱出できるの？」
H3;0xb489;0xb4cf;;;「まっ、確実とはいえ ないけどね。そこから 逃げるかい」 「もちろん！」 私は不安だったものの、 はっきり答えた。
H3;0xb4d1;0xb52a;;;すると、老婆は再び楽 しそうに笑った。 「あんた、忘れてるん じゃないのかい。あた しは魔女なんだよ。そ れを承知であたしを信 じるのかい？」
H3;0xb52c;0xb58d;;;確かに……、老婆の言 葉がウソでないとも限 らない。 しかし、ここは最後の 望みを託すしかない。 信じなかったとしても 助かる方法はみあたら なかった。
H3;0xb58f;0xb5a6;;PREGUNTA (2 opciones) | OPCION -> entrada 101 (cursor 0xb5a6) | OPCION -> entrada 102 (cursor 0xbd5e);
H3;0xb5a6;0xb605;101;;「私、おばあさんにつ いていくわ」 「いい子だ。その言葉、 確かに聞いたからね」 老婆がゆっくり立ち上 がると、ドアが開いた。 ギギギィィ
H3;0xb607;0xb661;;;酸素を求め、炎が部屋 に進入する。 「キャーッ！」 炎は私に迫り……、そ の直前でふたつに割れ た。
H3;0xb663;0xb696;;;「!?」 「さ、いこうか、こっ ちだよ」 老婆が扉から出ると、 炎の中に道ができた。
H3;0xb698;0xb6f0;;;「大丈夫だよ。こっち においで」 私は、恐る恐る老婆の あとを追った。熱かっ たものの、実際に焼か れたり、息苦しくなる ことはなかった。
H3;0xb6f2;0xb740;;;老婆は見たことのない 道を通っていった。 「この部屋だよ」 と、老婆は扉を開けた。 その部屋は真っ暗だっ た。
H3;0xb742;0xb7b1;;;「ここを進むんだね」 私は部屋の中をのぞき こんだ。真っ暗で何も 見えない。 慎重に歩き始めた。 「？」 何かに足を引っかけた。 それは頭蓋骨だった。
H3;0xb7b3;0xb840;;;「キャーッ！」 私は頭蓋骨を蹴飛ばし、 悲鳴をあげた。 「落ち着きなさい！」 老婆が私を一喝する。 「いちいちびくつくん じゃない。ここは倉庫 みたいなものさ。この 奥に出口がある」
H3;0xb842;0xb892;;;「…おばあさんは来な いんですか？」 「私の出口とは違うん だよ。いいかい何があ っても驚くんじゃない よ。まっすぐに進みな さい」
H3;0xb894;0xb8f5;;;その言葉を残し、老婆 は扉を閉めた。 そのとたん、闇が周囲 を支配し…、何者とも しれない悲鳴が耳に届 く。 思わず泣きそうになっ てしまう。
H3;0xb8f7;0xb945;;;私は怖々ながらも、進 むしかなかった。 歩いても、歩いても、 先の扉にはつかなかっ た。 暗さに時間の感覚もな くなってしまった。
H3;0xb947;0xb998;;;しかし、どこからか光 がもれているのだろう か。 だんだん目もなれてく る。 足元には、何だかわか らない物体が色々と置 いてあった。
H3;0xb99a;0xb9f5;;;私はそれを蹴飛ばさな いように、慎重に足元 を確かめた。 コン 下ばかり見ていたら、 頭に何かがぶつかった。 なんだろう？ と、手をのばす。
H3;0xb9f7;0xba50;;;それは丸かった。丸く てやわらかい物体が宙 に浮いている。 私はそれと目があった。 「……！」 なんとか悲鳴を押さえ る。
H3;0xba52;0xba88;;SALTO_CONDICIONAL +9 bytes;ズドーン 突然、轟音がとどろい た。様々な音が私の耳 を直撃する。
H3;0xba8a;0xbaf9;;;私は耳をふさいで走っ た。 と、すべての音がやむ。 そして扉の開く音が聞 こえた。前方から赤い 光がさしこむ。 脱出路が開いたのだ。 私は出口に向かって走 った。
H3;0xbafb;0xbb66;;;ドアに目前まで近づい て、私は扉が自動的に 開いたのではないこと に気がついた。 しわがれた手が、ドア ノブにぶら下がってい る。この手がドアを開 けてくれたらしい。
H3;0xbb68;0xbbbd;;;ご親切に…… 私は目に涙をためなが ら、扉をくぐった。 そこは炎の世界だった。 せっかく脱出したと思 ったのに……。
H3;0xbbbf;0xbc25;;;生きる希望がしぼんで いく。もう少しでその 場に倒れるところだっ た。 しかし、ま正面に、お 化け屋敷の出口が見え た。 これで出られる！ 私は全力で走った。
H3;0xbc27;0xbc8c;;;髪も服も焦げているこ とだろう。 でも私は屋敷から飛び 出すことができた。 「よかった……助かっ たんだ」 転がるように芝生にへ たりこむ。
H3;0xbc8e;0xbce3;;;お化け屋敷から抜け出 すことができたし、火 事で死ぬこともなかっ た。 安堵のあまり涙が出て くる。 しかし私は、大切なも のを忘れてきた。
H3;0xbce5;0xbd51;;;真未と江美子。 ふたりはどこに行って しまったんだろう。 「まみーっ！　えみこ ーっ！」 私は火事を見物してい る野次馬の中で、真未 と江美子の名前を呼び 続けた。
H3;0xbd5e;0xbdbd;102;;「私、おばあさんにつ いていくわ」 「いい子だ。その言葉、 確かに聞いたからね」 老婆がゆっくり立ち上 がると、ドアが開いた。 ギギギィィ
H3;0xbdbf;0xbe19;;;酸素を求め、炎が部屋 に進入する。 「キャーッ！」 炎は私に迫り……、そ の直前でふたつに割れ た。
H3;0xbe1b;0xbe4e;;;「!?」 「さ、いこうか、こっ ちだよ」 老婆が扉から出ると、 炎の中に道ができた。
H3;0xbe50;0xbea8;;;「大丈夫だよ。こっち においで」 私は、恐る恐る老婆の あとを追った。熱かっ たものの、実際に焼か れたり、息苦しくなる ことはなかった。
H3;0xbeaa;0xbeef;;;老婆は見たことのない 道を通っていった。 「この先だよ」 老婆は通路の先を指さ した。その先に扉があ った。
H3;0xbef1;0xbf33;;;「出口だよ」 私は走り出した。 これで出られる……。 その想いが私を支配し ていた。 私は扉を開け放った。
H3;0xbf35;0xbf9f;;;「そ、そんな……」 そこは元の書斎だった。 「あんた、私を信じな かったね」 そんな老婆の声が響く。 バタン と同時にドアは閉まっ た。
H3;0xbfa1;0xbfea;;;反射的に、ノブをつか んだが、ドアは開かな かった。 私の頭の中には、二つ の言葉だけしか残され ていなかった。
H3;0xbfec;0xc031;;;助けて助けて助けて  助けて助けて助けて  助けて助けて助けて  助けて助けて助けて
H3;0xc033;0xc065;;;出して出して出して  出して出して出して  出して出して出して  出して出して出して
H3;0xc072;0xc0bf;103;;「もぉぃいいい？」 上の方から、江美子の 声が聞こえてきた。 「もーいーよー」 と答える。 すぐに江美子もすべり おりてきた。
H3;0xc0c1;0xc0c5;;SALTO -> entrada 37 (cursor 0x3f28);
H3;0xc0c5;0xc0f1;104;;「もーいーよー」 私はトンネルの上にい る江美子に向かって叫 んだ。
H3;0xc0f3;0xc118;;;……返事がない。 いくら待っても、江美 子は降りてこなかった。
H3;0xc11a;0xc15b;;SALTO -> entrada 38 (cursor 0x445c);「えみこーっ！」 大声で叫んでも返事は ない。 ひとりでも進むしかな いのだろうか。
H3;0xc15b;0xc1b9;105;;「ここすごいよね」 先におりていた江美子 が話しかけてきた。 ミラーハウスの類に入 ったことはあるが、こ こまで複雑で凝ったも のとなるとはじめてだ。
H3;0xc1bb;0xc1bf;;SALTO -> entrada 37 (cursor 0x3f28);
H3;0xc1bf;0xc1e0;106;;私はあたりをみまわし た。 江美子はどこにいるん だろう。
H3;0xc1e2;0xc23f;;;真未に続いて江美子と もはぐれてしまったん じゃ……。 「えみこーっ！」 大声で叫んでも返事は ない。 ひとりでも進むしかな いのだろうか。
H3;0xc241;0xc245;;SALTO -> entrada 38 (cursor 0x445c);
H3;0xc245;0xc29a;107;;「れいかーっ！」 廊下の向こうから、真 未と江美子が走ってき た。 「よかった、死んだの かと思ったわ」 私は少し笑顔を浮かべ た。
H3;0xc29c;0xc2db;;;「遊園地で死ぬわけな いでしょう」 「それもそうね」 緊張がはじける。 私達はしばらく笑いあ った。
H3;0xc2dd;0xc2e1;;SALTO -> entrada 67 (cursor 0x7a70);
H3;0xc2e1;0xc348;108;;「れいかーっ！」 廊下の向こうから、江 美子が走ってきた。 「よかった、死んだの かと思ったわ」 私は少し笑顔を浮かべ た。 「遊園地で死ぬわけな いでしょう」
H3;0xc34a;0xc39f;;;そういえば、真未が見 あたらない。 「真未は？　どこに行 ったの」 「私は礼香と一緒だと 思ってたんだけど…」 どうやらはぐれてしま ったらしい。
H3;0xc3a1;0xc3c2;;;「……しかたない。先 にいきましょうか」 「そうだね……」
H3;0xc3c4;0xc3c8;;SALTO -> entrada 68 (cursor 0x7b3d);
H3;0xc3c8;0xc422;109;;拷問部屋を探しても、 廊下を探しても、真未 は見あたらなかった。 「真未がいなくなっち ゃった…」 私と江美子は途方にく れた
H3;0xc424;0xc46a;;;「…まあ、死んだわけ じゃないし、先にいる かもしれないね」 さすがは江美子。 すぐにいつもの江美子 に戻っていた。
H3;0xc46c;0xc49b;;;それももっともだ。 こんなところでウロウ ロしていても、仕方が ないだろう。
H3;0xc49d;0xc4a1;;SALTO -> entrada 68 (cursor 0x7b3d);
H3;0xc4a1;0xc519;110;;返事は意外にもすぐ返 ってきた。 廊下の反対側から、真 未がかけてくる。棺桶 は廊下とつながってい たようだ。 「よかった、真未…」 私は思わず泣きそうに なってしまった。
H3;0xc51b;0xc573;;;「なに言ってるのよ。 私が死ぬはずないでし ょ」 自信満々に言う。先ほ どものすごい悲鳴をあ げたのと、同一人物と はとても思えなかった。
H3;0xc575;0xc579;;SALTO -> entrada 67 (cursor 0x7a70);
H3;0xc579;0xc5b4;111;;「れいかーっ！」 廊下の向こうから、江 美子が走ってきた。 「よかった、死んだの かと思ったわ」
H3;0xc5b6;0xc601;;;「遊園地で死ぬわけな いでしょう」 私は答えて、笑顔を浮 かべた。 緊張がはじける。 私達はしばらく笑いあ った。
H3;0xc603;0xc607;;SALTO -> entrada 68 (cursor 0x7b3d);
H3;0xc607;0xc644;112;;「礼香!?」 廊下の向こうから走っ てきたのは江美子だっ た。 「よかった無事だった のね」
H3;0xc646;0xc680;;;「よかったって……、 江美子のほうこそ、大 丈夫？」 「うん、棺桶通ったら 廊下に出たんだ」
H3;0xc682;0xc6bf;;;私はしばらくの間、再 会を喜びあった。 でも真未は見つからな いし、いつまでもここ にいたくなかった。
H3;0xc6c1;0xc6c5;;SALTO -> entrada 68 (cursor 0x7b3d);
H3;0xc6c5;0xc710;113;;「いい子らだ。その言 葉、確かに聞いたから ね」 老婆がゆっくり立ち上 がると、鍵が閉まって たはずのドアが開いた。
H3;0xc712;0xc76c;;;「こっちだよ」 老婆はよたよたとドア から出ていった。 慌てて追いかける。 こんな簡単に開くなん て……。 なんとなく騙されてい るような気がした。
H3;0xc76e;0xc7e7;;;老婆を先頭に通路を進 んで行く。 見たこともない通路な ので、どこを通ってい るのかも分からない。 そのかわり、このあた りに火はきてないし、 熱くもないし、煙もな かった。
H3;0xc7e9;0xc832;;;「この先だよ」 老婆は通路の先を指さ した。 そこには扉が私達を待 っていた。 「出口だよ」 私達は走り出した。
H3;0xc834;0xc8aa;;;これで出られる……。 その想いが私達を支配 していた。 私達は扉を開け放った。 扉の向こうは屋外だっ た。 目の前には森が広がっ ている。 静かで誰もいない。
H3;0xc8ac;0xc8d3;;;よかった……出られた んだ。 私達は安堵に胸をなで 下ろした。
H3;0xc8d5;0xc910;;;老婆は森の方を指さし た。 「森を抜けるんだね。 そうすりゃ、あんたら の世界に戻れるよ」
H3;0xc912;0xc95a;;;「おばあさんはどうす るの？」 私は尋ねた。 「ここは私の家、一緒 に焼け死ぬさ」 そういって彼女は扉を 閉めた。
H3;0xc95c;0xc9c3;;;「行こう」 江美子にうながされ、 私は走り出した。 森に入る寸前に振り返 る。 そこは私達の入ったお 化け屋敷ではなかった。 洋館だが、お化け屋敷 とは違っている。
H3;0xc9c5;0xca1a;;;とにかく進もう。私達 は森を走った。 木々が日光を遮り、昼 間だというのに暗かっ た。 そのかわり下生えなど がないので走りやすい。
H3;0xca1c;0xca72;;;このままどこに行けば いいんだろう…。 と、私は何かにつまず いた。勢い余って、地 面へと倒れる。 私を転ばせたのは、江 美子の足だった。
H3;0xca74;0xcaa1;;;「待って！」 江美子は私が転んだの にも気づかず、どんど ん走っていった。
H3;0xcaa3;0xcaeb;;;「魔女だ」 人のささやきが聞こえ た。 「あれが魔女か」 森の闇に人が潜み、私 をうかがってた。 その数は多い。
H3;0xcaed;0xcb20;;;手に手に松明や、槍や 鍬を持っている。服装 が現代人のものではな かった。
H3;0xcb22;0xcb8a;;;「殺せ」 　　「殺せ」 　　　「殺せ」 　「殺せ」 　　　　「殺せ」 「殺せ」 　「殺せ」 完全に囲まれている。
H3;0xcb8c;0xcbfe;;;私は縄でくくられると、 人がごった返している 広場まで連れていかれ た。 「礼香！」 上を見上げるとそこに は、はりつけにされた 真未がいた。
H3;0xcc00;0xcc62;;;「さあ、焼いておしま い」 号令のもとに火がつけ られる。 「キャー！　助けてー」 私は、どうすることも できずにただ呆然と焼 けていく真未をみてい た。
H3;0xcc64;0xccd2;;;「さあ、次はそいつだ よ」 先程から指示を出して いるのは、私達を助け てくれた老婆だった。 「これで、魔女もいな くなる。平和が訪れる よ。イヒヒヒヒヒヒ」
H3;0xccd4;0xcd06;;;私は業火の中で、やっ と気づいた。 魔女にだまされたのだ と………
H3;0xcd16;0xcd61;114;;「いい子らだ。その言 葉、確かに聞いたから ね」 老婆がゆっくり立ち上 がると、鍵が閉まって たはずのドアが開いた。
H3;0xcd63;0xcdbd;;;「こっちだよ」 老婆はよたよたとドア から出ていった。 慌てて追いかける。 こんな簡単に開くなん て……。 なんとなく騙されてい るような気がした。
H3;0xcdbf;0xce38;;;老婆を先頭に通路を進 んで行く。 見たこともない通路な ので、どこを通ってい るのかも分からない。 そのかわり、このあた りに火はきてないし、 熱くもないし、煙もな かった。
H3;0xce3a;0xce6d;;;「この先だよ」 老婆は通路の先を指さ した。 そこには扉が私達を待 っていた。
H3;0xce6f;0xcebe;;;「出口だよ」 私達は走り出した。 これで出られる……。 その想いが私達を支配 していた。 私達は扉を開け放った。
H3;0xcec0;0xcef4;;;そこは屋外だった。 小さな広場になってい て、その先に森が続い ている。
H3;0xcef6;0xcf40;;;そして大勢の人々が、 私達を待っていた。 手に手に松明や、槍や 鍬を持っている。服装 が現代人のものではな い。
H3;0xcf42;0xcfb4;;;みすぼらしい格好をし ているわけではないが、 私達のものとは全く違 っている。 彼らは、私達が扉から 出ると同時に、私達を にらみつけてきた。そ して警戒するように、 にじり寄ってくる。
H3;0xcfb6;0xd016;;;「こっちじゃない！ 裏だ！　裏へまわれ！」 そう叫んだのは老婆だ った。 すると彼らは、それに 呼応するように、屋敷 の裏へと走り去ってい った。
H3;0xd018;0xd07b;;;「さっ、行こうかね」 老婆は私達を森の方へ と案内した。 木々が日光を遮り、昼 間だというのに暗かっ た。 そのかわり下生えなど がないので歩きにくい。
H3;0xd07d;0xd0c0;;;「どこまで行くんです か？」 そう聞こうと思ったと きだった。 「あれ……」 老婆の姿が消えていた。
H3;0xd0c2;0xd100;;;キョロキョロとあたり を確認しても、その姿 は見えなかった。 「あっち！」 江美子が指さす。
H3;0xd102;0xd156;;;私達は森を出た。 そこはお化け屋敷の前 の芝生だった。 そしてお化け屋敷があ った。それも……黒い 煙をあげ、燃えている。
H3;0xd158;0xd1ac;;;「よかった……助かっ たんだ」 思わずその場にへたり こんでしまう。 お化け屋敷から抜け出 すことができたし、火 事で死ぬこともなかっ た。
H3;0xd1ae;0xd207;;;安堵のあまり涙が出て くる。 しかし江美子の一言が 私を凍りつかせた。 「真未は……!?」 そうだ、真未は……。 屋敷は燃え続けている。
H3;0xd209;0xd247;;;「大丈夫、きっと外に 出て、私達のことを心 配してるよ」 私自身もその言葉を信 じていなかった。
H3;0xd249;0xd282;;;その後、真未が家に帰 ることはなかった。 火事の現場からも遺体 は見つかっていない。
H3;0xd284;0xd2c2;;;私はいまでも真未のこ とをさがしている。 どこかのお化け屋敷に 彼女と似た人がいた、 という話もあった。
H3;0xd2cf;0xd332;115;;「……こっちのドアを 破りましょう」 真未はそういうと、二、 三歩下がり、自らドア に体当たりした。 そう簡単には開かない。 再び二’三歩下がる。
H3;0xd334;0xd386;;;私達も真未の横に並ん だ。 「せー、のっ！」 三人同時に体当たりす る。 ……やはり開かなかっ た。映画のようにはい かない。
H3;0xd388;0xd3bd;;;「女三人じゃダメだわ」 「これを使いましょう」 真未が部屋の机を指さ した。
H3;0xd3bf;0xd40a;;;「こっちのほうがよく ない？」 江美子がソファを指さ す。 確かに、ドアにぶつけ るにはこっちのほうが 良さそうだ。
H3;0xd40c;0xd469;;;「そうしよう」 私達はソファを持ち上 げた。 「それっ！」 ソファを勢いよく、ド アにぶつける。 ものすごい音が響いた。 これならいけそうだ。
H3;0xd46b;0xd4c5;;;私達はソファを持ち上 げ、もう一度ドアにぶ つける体勢を整えた。 「せー、のっ！」 ドア目がけて突進する。 その瞬間ドアが開いた。
H3;0xd4c7;0xd52d;;;「助けに来ました！」 ドアから顔を出したの は、先ほど拷問部屋に いた男だった。 その言葉から察するに、 私達を助けに来てくれ たに違いない。
H3;0xd52f;0xd5a1;;;だが…彼はその任務を 果たせないだろう。 ソファは勢いよく男に 衝突した。 ドーン！ 彼は廊下の反対側の壁 まで吹き飛び……、気 絶した。
H3;0xd5a3;0xd5fb;;;「あらー、やっちゃっ た！」 真未が叫んだ。 「助けに来た人、吹っ 飛ばしちゃった…」 私は涙が出そうになっ た。 気まずい空気が流れる。
H3;0xd5fd;0xd63e;;;「まあいいわ。ドアも 開いたことだし、さっ さと逃げましょう」 真未の言葉とともに、 私達は走り出した。
H3;0xd640;0xd687;;;「……ちょっとストッ プ。あの人はどうする の？」 私はいったん立ち止ま り、背後で気絶する男 を指さした。
H3;0xd689;0xd6d7;;;「そんなやつ、ほうっ ておきなさいよ」 真未と江美子は、走っ ていってしまった。 私はこの男をどうして もほうっておけずにい た。
H3;0xd6d9;0xd71a;;;私は炎の熱さにだんだ ん意識を失いはじめて いた。  ………
H3;0xd71c;0xd763;;;『あなたは、ここの住 人になる決心がついた んですね』 どこからか、聞いたこ とのある声が聞こえて くる。
H3;0xd765;0xd7a1;;;それはブロンズ像の声 だった。 『あなたがここの住人 になるのを心からお待 ちしておりました』
H3;0xd7a3;0xd7f9;;;『残りの二人は、どう もここが気に入らなか ったらしいですね。 先程お亡くなりになら れましたから。 クックックックック』 亡くなった？
H3;0xd7fb;0xd864;;;『あなたが一番私達の 存在を信じていたみた いですね。そして、あ なたは今日から我々の 仲間だ。なにせ、あな たもすでに死んでいる のですから クックックックック』
H3;0xd866;0xd8ae;;;『いつまでも、信じる ことです。そうすれば、 あなたはこの世に残る ことができます』  信じる………  一体何を？
H3;0xd8b0;0xd90d;;;私の身体がだんだん、 変わっていくのがわか った。 私が、一番信じたくな かったもの。 そして、一番信じてい たものに………
H3;0xd914;0xd971;116;;「私は行きたくない」 江美子はきっぱり言っ た。 「…でもどうやって 　　ここから出るの？」 「窓からでも、 　どこからでも行ける」 私達は窓から外を見た。
H3;0xd973;0xd9cb;;;二階とはいえ、ふつう のマンションやアパー トではない。 相当な高さがあった。 クッションになりそう な、木や茂みなどもな い。
H3;0xd9cd;0xda2f;;;「やっぱり無理だよ…」 「そう思うんなら、 礼香はこの人と一緒に 行けばいいでしょ」 江美子は怒っていた。 いや、恐怖を怒りで押 さえていたというべき か……。
H3;0xda31;0xda59;;;「あんたらどうするん だい。 行くのかい… 行かないのかい……」
H3;0xda5b;0xda95;;;「……私、 やっぱりおばあさんと 行く。 江美子は？」 江美子は憮然と首を振 った。
H3;0xda97;0xdac3;;;「じゃあ…、 　　　　　私は行くね」 私は老婆と共に、部屋 を出た。
H3;0xdac5;0xdb20;;;鍵がかかっていたはず の扉は、老婆が何か小 声で唱えるとすぐに開 いた。 脱出路がわかったら、 江美子を迎えに来よう。 私はそう考えていた。
H3;0xdb22;0xdb9b;;;老婆を先頭に通路を進 んで行く。 見たこともない通路な ので、どこを通ってい るのかも分からない。 そのかわり、このあた りに火はきてないし、 熱くもないし、煙もな かった。
H3;0xdb9d;0xdbe2;;;「この先だよ」 老婆は通路の先を指さ した。 そこには扉が私を待っ ていた。 「出口だよ」 私は走り出した。
H3;0xdbe4;0xdc4f;;;これで出られる……。 その想いが私を支配し ていた。 私は扉を開け放った。 そこは屋外だった。 小さな広場になってい て、その先に森が続い ている。
H3;0xdc51;0xdc9b;;;そして大勢の人々が、 私達を待っていた。 手に手に松明や、槍や 鍬を持っている。服装 が現代人のものではな い。
H3;0xdc9d;0xdd0b;;;みすぼらしい格好をし ているわけではないが、 私達のものとは全く違 っている。 彼らは、私が扉から出 ると同時に、私をにら みつけてきた。そして 警戒するように、にじ り寄ってくる。
H3;0xdd0d;0xdd6d;;;「こっちじゃない！ 裏だ！　裏へまわれ！」 そう叫んだのは老婆だ った。 すると彼らは、それに 呼応するように、屋敷 の裏へと走り去ってい った。
H3;0xdd6f;0xddd0;;;「さっ、行こうかね」 老婆は私を森の方へと 案内した。 木々が日光を遮り、昼 間だというのに暗かっ た。 そのかわり下生えなど がないので歩きにくい。
H3;0xddd2;0xde15;;;「どこまで行くんです か？」 そう聞こうと思ったと きだった。 「あれ……」 老婆の姿が消えていた。
H3;0xde17;0xde7a;;;キョロキョロとあたり を確認しても、その姿 は見えなかった。 私は元の道を通り、そ っと屋敷へと戻ってみ た。 すると広場の所に、人 々が集まっていた。
H3;0xde7c;0xdebb;;;「魔女だ、魔女を殺せ ！」 二本の張りつけ台を囲 んで、さかんにはやし たてている。
H3;0xdebd;0xdf02;;;「誰か、誰かっ、助け て……！」 張りつけにされている のは… 真未と江美子だ！
H3;0xdf04;0xdf5b;;;ふたりとも泣き叫びな がら、もがいている。 そんなことにはかまわ ず、火がつけられた。 真未がこちらを見る。 茂みに隠れていた私と 目があった。
H3;0xdf5d;0xdfb1;;;「礼香っ、助けて！」 その悲鳴に近い声で、 そこにいた人々が私の 方を向いた。 「礼香、礼香っ…！」 その声はだんだんと小 さくなっていく。
H3;0xdfb3;0xdfeb;;;二人のまわりは人がご った返していて、近寄 りようがなかった。 二人は炎に包まれてい く。
H3;0xdfed;0xe057;;;「イヒヒヒヒヒヒヒ、 助かったわい。 イッヒヒヒヒヒヒヒ」 魔女の笑い声が、遠く の山から、響き続ける。 「イヒヒ……………」
H3;0xe064;0xe087;117;;「私は彼女についてい くべきだと思う」 江美子は断言した。
H3;0xe089;0xe08d;;SALTO -> entrada 114 (cursor 0xcd16);
H4;0x00ec;0x0151;0;;山のすそ野に、青々と した竹林が広がってい る。 暑い日差しは遮られ、 蝉の声が遠くなり、次 第に僕らは涼気に包ま れていた。
H4;0x0153;0x01c1;;;僕らはその間の小道を 急いでいた。 「おじいさん、大丈夫 かしらね」 円香（まどか）は不安 そうに僕に聞いてくる。 「じいちゃん、頑固だ からなあ。入院してく れればいいけれど」
H4;0x01c3;0x01ee;;;円香は戸惑いの表情で 僕の顔をのぞき込む。
H4;0x01f0;0x0252;;PREGUNTA (3 opciones) | OPCION -> entrada 1 (cursor 0x0252) | OPCION -> entrada 2 (cursor 0x034c) | OPCION -> entrada 3 (cursor 0x0430);「ね、わたしが会って 本当にいいの？」 １．えーっと、その… ⇒[1] ２．君に会って欲しい ⇒[2] ３．君は未来の嫁さんだ 　よ ⇒[3]
H4;0x0252;0x02a5;1;;「えっと、そのー」 僕は言葉に詰まる。 円香とは大学に入って からのつきあいだ。彼 女は僕と会った時、父 親を亡くしたばかりだ った。
H4;0x02a7;0x02f8;;;僕と似た境遇もあって か、いつの間にか仲良 くなり、恋人のような 友達のような、なんと も言えない関係になっ ていた。
H4;0x02fa;0x0322;;;円香の曇った表情に僕 は彼女の気持ちを察し、 微笑んだ。
H4;0x0324;0x0346;;;彼女は夏の日差しに負 けない笑顔を返してく れた。
H4;0x0348;0x034c;;SALTO -> entrada 4 (cursor 0x05c0);
H4;0x034c;0x039e;2;;「やっぱり、じいちゃ ん安心させたいし。君 に会って欲しいよ」 何度も繰り返した言葉 だった。そして僕の本 当の言葉だった。
H4;0x03a0;0x03e2;;;円香とは大学に入って からのつきあいだ。 彼女は僕と会ったとき、 父親を亡くしたばかり だった。
H4;0x03e4;0x042a;;;僕と似た境遇もあって か、いつの間にか一番 大切な人になっていた。 僕は彼女の手をとり、 ぎゅっと握りしめた。
H4;0x042c;0x0430;;SALTO -> entrada 4 (cursor 0x05c0);
H4;0x0430;0x047e;3;;「君は未来の嫁さんだ よ。見せないでどうす るの」 円香は真っ赤になって うつむいてしまった。 僕も負けずに照れてし まった。
H4;0x0480;0x04dd;;;円香とは大学に入って からのつきあいだ。彼 女は僕と会った時、父 親を亡くしたばかりだ った。 僕と似た境遇もあって か、仲良くなった。
H4;0x04df;0x052b;;;だけど、最初はこんな セリフを真顔で言える ようになるとは思わな かった。彼女は明るく、 優しく、学校でも人気 者だった。
H4;0x052d;0x059f;;;最初は僕とは合わない と思っていた。それで もやっぱり僕は彼女に 似合う男になろうと思 っていた。 でもそれも間違いで、 今は素直に彼女のこと を一人の女の子として 見ることができた。
H4;0x05a1;0x05b4;;;そして彼女を連れてき たのだ。
H4;0x05b6;0x05c0;;SALTO -> entrada 4 (cursor 0x05c0);
H4;0x05c0;0x05fc;4;;竹林が途切れ、不意に 明るくなると庵が見え て来た。二間しかない 小さな庵だ。
H4;0x05fe;0x0667;;SALTO_CONDICIONAL +11 bytes;キリキリキリ 縁側からあがろうとす るとふすまの向こうか ら何かがきしむような 音がする。 僕は眉をひそめつつも ふすまを開けた。
H4;0x0669;0x0698;;;じいちゃんは和やかな 微笑を浮かべ、迎えて くれた。
H4;0x069a;0x0702;;;「大丈夫かい。倒れた って聞いてびっくりし たよ」 じいちゃんは片方しか ない目で僕を見た。 驚くほどやつれていた。 顔色も悪く、肌はロウ 細工の様だった。
H4;0x0704;0x0764;;;「よく、来てくれまし たね」 「当たり前だよ。じい ちゃんがいなくなった ら、僕は天涯孤独だも の」 じいちゃんは半身を起 こし、円香に気がつい た。
H4;0x0766;0x077d;;PREGUNTA (2 opciones) | OPCION -> entrada 116 (cursor 0xf993) | OPCION -> entrada 112 (cursor 0xf806);
H4;0x077d;0x07cd;5;;「大学の友達で円香さ ん。じいちゃんに会っ てもらおうと思って一 緒に来たんだ」 円香は一瞬戸惑ったよ うに僕を見て、言った。
H4;0x07cf;0x0813;;;「初めまして。お体は 大丈夫ですか」 いつもより優しい声で 円香は言った。 じいちゃんはええ、と 短く答えた。
H4;0x0815;0x0864;;;「もう私もいい加減体 にガタが来てしまって いましてね。ひ孫の顔 は見られそうにないで すね」 じいちゃんは苦笑いし た。
H4;0x0866;0x086a;;SALTO -> entrada 113 (cursor 0xf855);
H4;0x086a;0x089e;6;;「こちら、円香さん。 僕の、大切な人です」 自分で言っていて照れ てしまった。
H4;0x08a0;0x08ce;;;円香も真っ赤になって うつむいた。 じいちゃんは口元に笑 みを浮かべた。
H4;0x08d0;0x0919;;;「初めまして、孫が世 話になっています」 「こちらこそ。 辰貴（たつき）くんに はいつも元気を分けて 貰っています」
H4;0x091b;0x0946;;;それは僕のほうだ、と 口にしようとしたがじ いちゃんは言葉を継い だ。
H4;0x0948;0x09a1;;;「孫はこれから、大き な壁にぶつかるでしょ う。その時、力になっ てあげてください」 そしてじいちゃんは眼 を閉じた。 円香は微笑み返した。
H4;0x09a3;0x09a7;;SALTO -> entrada 113 (cursor 0xf855);
H4;0x09a7;0x0a0c;7;;隣の間に布団を二組敷 き、僕らはようやく落 ち着いた。 じいちゃんはあれから すぐ眠りについた。 もう相当具合が悪いの だろう。
H4;0x0a0e;0x0a7c;;;「よかった、優しそう なおじいちゃんで」 円香は嬉しげに僕を真 正面から見た。 「僕も安心したよ。一 つ肩の荷が下りた気分 だ」 「ひ孫の顔を見せられ なくて残念かな」
H4;0x0a7e;0x0aab;;PREGUNTA (2 opciones) | OPCION -> entrada 114 (cursor 0xf92e) | OPCION -> entrada 115 (cursor 0xf964);円香はおどけた感じで 眉を上げた。  ⇒[114]  ⇒[115]
H4;0x0aab;0x0afa;8;;「えっと、そこまで、 えー、考えて…」 「くれてないの？　そ うだと思ってここまで 来たのに」 意地悪げな上目づかい で僕を責める。
H4;0x0afc;0x0b6a;;;キリキリキリ 隣からまた響いてきた。 何かがきしむ音。 「何の音かな」 「ごまかさないで！」 「いや、本当に」 「まあ、わたしも気に なってはいたんだ」
H4;0x0b6c;0x0b95;;;円香にも聞こえていた のか。
H4;0x0b97;0x0b9b;;SALTO -> entrada 10 (cursor 0x0d09);
H4;0x0b9b;0x0bd8;9;;「そこまでさすがに期 待していないよ。まあ、 見せられたら嬉しいけ どね」 円香は嬉しそうに僕を 見た。
H4;0x0bda;0x0c37;;;「よかった。思ったよ りおじいちゃんの具合 が悪いから落ち込んで いると思ってた。 でも、それだけ言えれ ば大丈夫かな」 「ありがとう」 僕はうなずいた。
H4;0x0c39;0x0c70;;;「ううん、大変なのは わかる。無理しない方 がいいよ」 「…そうだね」 僕はまたうなずいた。
H4;0x0c72;0x0cb6;;;キリキリキリ 隣からまた響いてきた。 何かがきしむような音。
H4;0x0cb8;0x0d03;;;「何の音かな」 「空耳じゃなかったん だ。わたしも気になっ てはいたんだ」 円香にも聞こえていた のか。
H4;0x0d05;0x0d09;;SALTO -> entrada 10 (cursor 0x0d09);
H4;0x0d09;0x0d60;10;;思い当たってみればそ れはゼンマイを巻く時 の音に似ていた。 じいちゃんに引き取ら れ、人形作りを習って いた頃によく耳にした 音だ。
H4;0x0d62;0x0d7f;;;だが、こんなに大きな 音ではなかった。
H4;0x0d81;0x0dd4;;PREGUNTA (2 opciones) | OPCION -> entrada 11 (cursor 0x0dd4) | OPCION -> entrada 12 (cursor 0x1031);続いてじいちゃんがひ どい咳をした。 １．慌てて中に入る ⇒[11] ２．しばらく様子を見る ⇒[12]
H4;0x0dd4;0x0e46;11;;僕は慌ててふすまを開 けた。 布団一面に真っ赤な血 が広がり、じいちゃん は手で口をおさえてい た。 「じいちゃん、今、救 急車を呼ぶから」
H4;0x0e48;0x0ec3;;;「いけません！」 じいちゃんにこんなに 強く言われたのは初め てのことだった。僕は その言葉に体をこわば らせた。じいちゃんは 枕元に置いてあった和 綴じの本に手を伸ばし、 僕に渡した。
H4;0x0ec5;0x0f22;;;その本の題名は 『天老記』 とあった。 キリキリキリ その音は、じいちゃん の心臓から聞こえてき ていた。
H4;0x0f24;0x0f5d;;;「どうしてもこれだけ はあなたに渡さなけれ ばならないのです」 僕はじいちゃんの言葉 に呑まれた。
H4;0x0f5f;0x0faa;;;「そして、これを」 じいちゃんは残った一 つの眼に指を入れ、苦 痛のうめき一つ無く抜 き取った。
H4;0x0fac;0x0fd7;;;掌の中のそれは、精巧 な水晶細工だった。 「うっ…」
H4;0x0fd9;0x1031;;PREGUNTA (2 opciones) | OPCION -> entrada 13 (cursor 0x1495) | OPCION -> entrada 14 (cursor 0x14e8);円香が悲鳴に近いうめ き声をあげた。 １．円香が見ないように 　抱きしめた ⇒[13] ２．水晶の瞳に手をのば 　した ⇒[14]
H4;0x1031;0x10a1;12;;しばらく待ち、落ち着 いた頃、じいちゃんは 僕を呼んだ。 「渡すものがあります。 来てください」 僕がふすまを開けると 目に入ったのは一面の 赤。
H4;0x10a3;0x10bd;;;布団一面に真っ赤な血 が広がっている。
H4;0x10bf;0x111f;;;「じいちゃん！」　 喀血した後の口を拭い もせず、じいちゃんは 一冊の和綴じの本を手 にしていた。 「寝てなきゃだめだよ ！」 「いえ、これを…」
H4;0x1121;0x1164;;;じいちゃんは手を伸ば し、僕に本を手渡した。 その本の題名は 『天老記』 とあった。
H4;0x1166;0x11cb;;;キリキリキリ その音は、じいちゃん の心臓から聞こえてき ていた。 「どうしてもこれだけ はあなたに手渡さなけ ればならなかったので す」
H4;0x11cd;0x11ef;;;僕はじいちゃんの言葉 に呑まれた 「そして、これを」
H4;0x11f1;0x1232;;;じいちゃんは残った一 つの眼に指を入れ、苦 痛のうめき一つ無く目 玉を抜き取った。
H4;0x1234;0x1265;;;掌の中のそれは、精巧 な水晶細工だった。 「こんなに早く時がく るとは…」
H4;0x1267;0x12b0;;;声が、変わった。指の 先が、肉の汁となりぽ たぽたと、落ち始めた。 のどの肉が、溶けつつ あった。
H4;0x12b2;0x12da;;;筋肉があるところには 鯨の髭を束ねたからく りが、
H4;0x12dc;0x12fb;;;のどにはうつぼ かずらを使った声を出 す細工が…
H4;0x12fd;0x131c;;;それらが肉 とともに溶け落ち、崩 れていく。
H4;0x131e;0x135e;;;「大切なものを見失わ ないために…これを使 って…」 じいちゃんはもう形を 失いつつあった。
H4;0x1360;0x13c8;;;僕は震える手で瞳を受 けとった。  しゅるしゅるしゅる  ゼンマイが全ての力を 失って床に落ちた。
H4;0x13ca;0x141a;;;後に残ったのは。  ただ虚ろな骨だけ。  「じいちゃん」  僕は指をのばした。 触れようとすると、骸 骨は崩れいった。
H4;0x141c;0x143f;;;「あ、あ…」 僕の背で声にならない 声がした。
H4;0x1441;0x1495;;PREGUNTA (2 opciones) | OPCION -> entrada 15 (cursor 0x1756) | OPCION -> entrada 16 (cursor 0x1835);円香が呆然として立ち 尽くしていた。 １．円香を抱きしめた ⇒[15] ２．ふすまを閉めて円香 　の目から隠した ⇒[16]
H4;0x1495;0x14cf;13;;「見るな！」 僕は円香を抱きしめた。 強く、いつまでも、抱 きしめていた。
H4;0x14d1;0x14e8;;PREGUNTA (2 opciones) | OPCION -> entrada 17 (cursor 0x1929) | OPCION -> entrada 70 (cursor 0xa1bf);
H4;0x14e8;0x1526;14;;僕はじいちゃんからそ の瞳を受け取った。 まだ温かかった。 「こんなに早く時がく るとは…」
H4;0x1528;0x1561;;;声が、変わった。 指の先が肉の汁となり ぽたぽたと落ち始めた。
H4;0x1563;0x157c;;;のどの肉が、溶けつつ あった。
H4;0x157e;0x15de;;;筋肉があるところには 鯨の髭を束ねたからく りが、のどにはうつぼ かずらを使った声を出 す細工が…それらが肉 とともに溶け落ち、崩 れていく。
H4;0x15e0;0x1631;;;「大切なものを見失わ ないために…これを使 って…」 じいちゃんはもう形を 失いつつあった。
H4;0x1633;0x166e;;;しゅるしゅるしゅる  ゼンマイが全ての力を 失って床に落ちた。
H4;0x1670;0x16d4;;;後に残ったのは。 ただ虚ろな骨だけ。 「じいちゃん」 僕は指をのばした。 触れようとすると、骸 骨は崩れいった。 僕の背で声にならない 声がした。
H4;0x16d6;0x173d;;;「あ、あ…」 円香が呆然として立ち 尽くしていた。 だが、僕の心は張り裂 けそうだった。 「うぉぉぉぉ」 僕もまた拳を握り、声 にならない声をあげた。
H4;0x173f;0x1756;;PREGUNTA (2 opciones) | OPCION -> entrada 17 (cursor 0x1929) | OPCION -> entrada 70 (cursor 0xa1bf);
H4;0x1756;0x17de;15;;僕は円香を抱きしめた。 溶けた肉の生々しい色 と鼻を突く異臭が、否 応なくこれが現実だと 突きつけてくる。 「…何が起きたの…」 「知らなくていい…君 は、知らなくていい」
H4;0x17e0;0x181c;;;僕は、彼女を守りたか った。 「ううん、でも…」 僕は口を閉じる。 そして夜は過ぎていっ た。
H4;0x181e;0x1835;;PREGUNTA (2 opciones) | OPCION -> entrada 17 (cursor 0x1929) | OPCION -> entrada 70 (cursor 0xa1bf);
H4;0x1835;0x1848;16;;僕は乱暴にふすまを閉 めた。
H4;0x184a;0x18a8;;;「…何、どうしたの、 開けてよ」 「駄目だ。こっちに来 ちゃ、駄目だ」 僕はふすまに背を押し 当てた。目の前は溶け た肉の海だ。
H4;0x18aa;0x1910;;;そしてその中に骸骨が、 かつてはじいちゃんだ った骸骨がたたずんで いた。 僕は円香の声も 耳に入らず、ひたすら、 ただひたすら声になら ない声で嗚咽した。
H4;0x1912;0x1929;;PREGUNTA (2 opciones) | OPCION -> entrada 17 (cursor 0x1929) | OPCION -> entrada 70 (cursor 0xa1bf);
H4;0x1929;0x197d;17;;「鬼、人の骨を取り集 め、新たに人を造らむ。 世に人の骨の他に世に 溢れるは、死と病のみ。
H4;0x197f;0x19a5;;;故に我は、心寂しく道 外れてなお人の形する 友を求めん」
H4;0x19a7;0x19be;;;『天老記』の冒頭の言 葉だ。
H4;0x19c0;0x1a29;;;酉行法師が高野山での 修業中に、骨を集めて 人を造ろうと反魂の術 を使うのだが、出来た のは心の伴わぬ化け物 だった、という有名な 一節からとられていた。
H4;0x1a2b;0x1a7c;;;読みすすめてみれば、 その、人を造る術を詳 しく記しているようで あった。  人を造る術。
H4;0x1a7e;0x1b09;;;翌朝、僕らは庭にじい ちゃんの墓を作った。 奇怪な出来事よりも悲 しみが先に立ち、あま り考えることが出来な かったが、じいちゃん の残骸を埋め終えた後、 ようやく現実に引き戻 された。
H4;0x1b0b;0x1b4a;;;あれはなんだったのだ ろう。 円香はじいちゃんの墓 に手を合わせていた。 彼女も、見たはずだっ た。
H4;0x1b4c;0x1b92;;PREGUNTA (2 opciones) | OPCION -> entrada 18 (cursor 0x1b92) | OPCION -> entrada 19 (cursor 0x1c87);僕は彼女に声をかけた。 １．落ち着いたよ ⇒[18] ２．あれはなんだったの 　かな ⇒[19]
H4;0x1b92;0x1bed;18;;「やっと落ち着いたよ。 ありがとう」 彼女は僕を見上げると わずかに首を横に振っ た。 「ううん、大変だった のは辰貴くんの方だよ」
H4;0x1bef;0x1c47;;;僕は目を伏せ、小さく うなずいた。 「しばらくここに残ろ うと思う。じいちゃん の弔いもあるし、それ に…」 円香は口元に微笑みを 作った。
H4;0x1c49;0x1c81;;;「そういうと思ってい たよ。しばらくはつき あうから」 そして、僕らはじいち ゃんの墓を後にした。
H4;0x1c83;0x1c87;;SALTO -> entrada 20 (cursor 0x1de8);
H4;0x1c87;0x1cc9;19;;「あれは…なんだった のかな」 僕はいずれ話さなけれ ばならないことと思い、 思い切って言い出した。
H4;0x1ccb;0x1d25;;;円香は戸惑うように僕 を見上げると、首を横 に振った。 「わからないけど、今 は考えなくてもいいと 思うよ。だって辰貴く ん、無理しているよ」
H4;0x1d27;0x1d7f;;;そうかも知れない。 僕はじいちゃんの奇怪 な死に殴られたような 衝撃を受けた。 優しかったじいちゃん がいなくなる。それも こんな形で。
H4;0x1d81;0x1de2;;;円香は立ち上がり、優 しく寄り添ってくれた。 「しばらくわたし、こ こにいるね。辰貴くん のこと、放っておけな いよ」 そして僕らはじいちゃ んの墓を後にした。
H4;0x1de4;0x1de8;;SALTO -> entrada 20 (cursor 0x1de8);
H4;0x1de8;0x1e3c;20;;僕らはまだじいちゃん の布団を片づけていな かった。 吐いた血を見てみれば すっかり薄くなってい て普通の血ではないこ とが分かる。
H4;0x1e3e;0x1eb4;;;そこに掃除道具を手に 円香が現れた。彼女は、 元気だ。 「ほら、掃除するから 布団片づけて」 僕は彼女に掃除を任せ、 布団を庭で燃やすこと にした。
H4;0x1eb6;0x1ef2;;;「じいちゃん…」 この布団も僕が干して いた。一つまたじいち ゃんがいなくなったこ とを実感する。
H4;0x1ef4;0x1f4b;;;「掃除、終わったよ。 わたし、買い物に町ま で行ってくるね」 円香に声を掛けられ、 我に返り『天老記』を 手渡された。
H4;0x1f4d;0x1fac;;;「はい、大切な物でし ょう。置きっぱなしに しないでね」 「…ありがとう」 僕は彼女に買い物を頼 み、火の番をしながら 『天老記』を読みはじ めた。
H4;0x1fae;0x201d;;;『天老記』には代々の 九重（ここのえ）が人 造りに費やした技術、 失敗、成功が記されて いた。じいちゃんは何 故溶けてしまったのだ ろう。
H4;0x201f;0x2038;;;僕は読みすすめ、それ らしい箇所を見つけた。
H4;0x203a;0x2092;;;造られた人は正体を明 かされると、反魂の術 が破れてしまい、自分 も造った者も溶け失せ てしまうと。
H4;0x2094;0x20f3;;;反魂の術。  死者を甦らせる呪法の ことだ。ただ、体を甦 らせてもその人の心ま では戻るとは限らない。
H4;0x20f5;0x2136;;;酉行法師は、反魂の術 を行う時に、魔物を退 ける香を焚いたので、 人形は心を得られなか った。
H4;0x2138;0x216d;;;しかし香を焚かなけれ ば悪霊の類に体を乗っ 取られ、結局は化け物 になってしまう。
H4;0x216f;0x219c;;;心が無ければ人にはな らない。だが、じいち ゃんは人だったと思う。
H4;0x219e;0x21fe;;;もう少し読みすすめて みて、メモを見つけた。 じいちゃんの字だった。 『あの子が七歳になる。 新しい体を造ってあげ なければ』 あの子……
H4;0x221f;0x2281;;;気が遠くなりそうだ。 僕は『天老記』を閉じ ると庵の裏にある蔵に 向かった。僕は小さい 頃、この蔵に入ること を堅く禁じられていた。
H4;0x2283;0x22d6;;;蔵の重い鉄の扉を開く。 じいちゃんの仕事場が 手前にあり、奥にはい ろいろ荷物が積み重ね られていた。
H4;0x22d8;0x2350;;;埃をかぶった荷物をど かして調べていると蔵 座敷の入口を見つけた。 この中に秘密があるの かも知れない。 震える手で鍵を差し込 み、開けた。
H4;0x2352;0x23a9;;;いくつもの木箱があり、 あるものは重ねられ、 あるものは立て掛けら れていた。 ほんの小箱から中には 棺ほどの大きさのもの まであった。
H4;0x23ab;0x23c7;;;そのうちの一つを開け た。
H4;0x23c9;0x240e;;;骨、いや、動物の化石 がびっしりと詰まって いた。漢方薬で使われ る竜骨だ。人形の材料 なのだろうか。
H4;0x2410;0x2452;;;また一つ開けてみると 鯨の髭が丁寧に並べら れていた。からくりの ゼンマイに使うものだ。
H4;0x2454;0x2497;;;僕は逃げているのかも 知れない。自然と大き な箱を避けていた。開 けてみなければ真実は つかめないのに。
H4;0x2499;0x24c0;;;僕は意を決して立て掛 けられている箱のふた を開けた。
H4;0x24c2;0x24f6;;;七歳の僕が、 　　その中にいた。
H4;0x24f8;0x24fc;;SALTO -> entrada 21 (cursor 0x24fc);
H4;0x24fc;0x257e;21;;戻ると円香が帰って来 ていて、土間で料理を していた。いい匂いが している。 「どうしたの？　朝よ りも元気なさそうだけ ど」 円香が心配げに顔をの ぞき込んだ。
H4;0x2580;0x25ac;;;やはり顔に出ているら しい。隠そうとしても 隠しきれるものではな い。
H4;0x25ae;0x25f7;;PREGUNTA (2 opciones) | OPCION -> entrada 22 (cursor 0x25f7) | OPCION -> entrada 23 (cursor 0x288e);僕は円香にどう接しよ うか考えた。 １．適当にごまかす ⇒[22] ２．冷たくする ⇒[23]
H4;0x25f7;0x2645;22;;「いや、蔵の中を探検 してきて、ちょっと疲 れて…」 彼女は不思議そうな顔 をした。でも、すぐに 笑って応えた。
H4;0x2647;0x26a4;;;「じゃあ休んでいてよ。 美味しいの作ってあげ るからさ」 優しげな瞳。 彼女の笑顔を見ている といつも疲れが吹き飛 んだものだった。
H4;0x26a6;0x26d2;;;「ありがとう」 僕はそのまま上がり、 縁側で『天老記』を開 いた。
H4;0x26d4;0x2735;;;「我が造りし人は色悪 く、また奇怪な声をあ げるのみであった。 それは知らぬ者が見れ ば化け物としか思えな かったであろう。
H4;0x2737;0x2774;;;されど我が造りしもの は、間違いなく生きて いた。生きてはいたが、 心伴わぬものでしかな かった」
H4;0x2776;0x27c3;;;心。  僕に心はあるのだろう か。心があれば人間な のだろうか。僕はどう なのだろうか。
H4;0x27c5;0x27e8;;;しばらく考え込んでい ると円香が呼びに来た。
H4;0x27ea;0x2836;;;食卓の上には焼き魚に 一汁一菜。 「馴れたものだからね。 食べてよ」 「ありがとう。いただ きます」
H4;0x2838;0x2888;;;僕は一口一口、食べる もの全てを噛み締め、 味わった。 円香はにこにこしなが ら僕の顔をのぞき込ん だ。 「ね、美味しい？」
H4;0x288a;0x288e;;SALTO -> entrada 24 (cursor 0x2b2d);
H4;0x288e;0x28f6;23;;僕は頭が混乱して、冷 たく答えることしかで きなかった。 「頭が痛いんだ。静か にしてくれないか」 円香はしゅんとして僕 の方を見た。 「ごめん」 「謝ることないよ」
H4;0x28f8;0x294a;;;僕は自分でもいたたま れなくなり、逃げるよ うにしてその場から姿 を消した。 そして僕は混乱した頭 で『天老記』を開いた。
H4;0x294c;0x29a7;;;「我が造りし人は色悪 く、また奇怪な声をあ げるのみであった。 それは知らぬ者が見れ ば化け物としか思えな かったであろう。
H4;0x29a9;0x29e5;;;されど我が造りしもの は、間違いなく生きて いた。生きてはいたが 心伴わぬものでしかな かった」
H4;0x29e7;0x2a37;;;心。  僕に心はあるのだろう か。心があれば人間な のだろうか。僕はどう なのだろうか。
H4;0x2a39;0x2a99;;;しばらく考え込んでい ると円香が呼びに来た。 「具合、どう？」 さっき僕がついた嘘を 気にしていた。 「もう大丈夫だよ」 僕は卓についた。
H4;0x2a9b;0x2b01;;;食卓の上には焼き魚に 一汁一菜が置かれてい た。 僕は手を合わせてから 箸をとり、一口一口、 食べるもの全てを噛み 締め、味わった。
H4;0x2b03;0x2b27;;;「どう、かな」 心配そうに円香は僕の 顔をのぞき込んだ。
H4;0x2b29;0x2b2d;;SALTO -> entrada 28 (cursor 0x311b);
H4;0x2b2d;0x2b8d;24;;「…美味しいよ、本当 に」 するとぱぁっと明るい、 真夏のひまわりのよう な笑顔になった。 「え、本当、いやあ、 照れるなあ。お嫁さん になれるかな」
H4;0x2b8f;0x2bed;;;「なれるよ。きっと」 だけど、悲しいけれど 僕じゃ駄目なんだ。 「もう新婚さんみたい だもんね」 嬉しいよ。本当に一緒 に来てくれて嬉しかっ た。
H4;0x2bef;0x2c2e;;PREGUNTA (2 opciones) | OPCION -> entrada 26 (cursor 0x2dcb) | OPCION -> entrada 27 (cursor 0x2efb);僕はどうすればいいの だろう。 １．無理に明るくする ⇒[26] ２．ごまかそうとする ⇒[27]
H4;0x2c2e;0x2c8b;25;;もう隠せないかも知れ ない。 嬉しいよ。本当に一緒 に来てくれて嬉しかっ た。 だけど、君がこなけれ ば、秘密を作ることも なかったのに。
H4;0x2c8d;0x2cd9;;;一人で君の前から去る こともできたのに。 「…もっといい人、見 つけなよ。僕なんかじ ゃなくってさ」
H4;0x2cdb;0x2d3d;;;「なんで、そういうこ というの」 答えられない。 「おじいちゃんがいな くなったから？　あん なことになったから？ 水臭いよ。わたしたち その程度の関係だった の？
H4;0x2d3f;0x2dac;;;辰貴くんが辛いとわた しも辛いよ。だから、 そんなこと言わないで。 一緒にいようよ」 そうじゃない。大好き だ。元気で頑張り屋の 君にはいつも勇気づけ られていた。
H4;0x2dae;0x2dc5;;;「ありがとう」 僕はしみじみそう言っ た。
H4;0x2dc7;0x2dcb;;SALTO -> entrada 31 (cursor 0x35b5);
H4;0x2dcb;0x2e3a;26;;「そういえばそうだね、 ははは」 僕は笑う。だけどその 声は乾いている。円香 はそれに気がついてい るのだろうけれど、一 緒になって笑った。 好きだよ、君が。 言葉にしたかった。
H4;0x2e3c;0x2eb1;;;だけど言葉にすると涙 があふれそうで、でき なかった。 円香はどう感じ取った のかわからない。じい ちゃんの死と怪異に僕 が動揺しているだけと 思っただけなのかも知 れない。
H4;0x2eb3;0x2ef5;;;だけど、こういってく れた。 「わたしは、ここに、 いるよ、だから」 と。 僕はその言葉にただう なずくだけだった。
H4;0x2ef7;0x2efb;;SALTO -> entrada 31 (cursor 0x35b5);
H4;0x2efb;0x2f63;27;;なんとかごまかそう。 「新婚だったらもっと いい家に住んでいると 思うけどな」 「そう、ここ、わたし は結構気に入ったけど なぁ」 円香は感に入ったよう に外を見やった。
H4;0x2f65;0x2fb0;;;縁側に蚊取り線香。 その向こうに竹林。 遠くに蝉の声。 もし何事もなければい い夏休みのはずだった。
H4;0x2fb2;0x2fe4;;;「…もっといい人、見 つけなよ。僕なんかじ ゃなくってさ」
H4;0x2fe6;0x3009;;;円香の目は信じられな いと言わんばかりに大 きく見開かれた。
H4;0x300b;0x306b;;;「なんで、そういうこ というの」 答えられない。 僕も自分で言っておき ながら驚いていた。 「おじいちゃんがいな くなったから？　あん なことになったから？
H4;0x306d;0x30c8;;;水臭いよ。わたしたち その程度の関係だった の？ 辰貴くんが辛いとわた しも辛いよ。だから、 そんなこと言わないで。 一緒にいようよ」
H4;0x30ca;0x3115;;;そうじゃない。大好き だ。元気で頑張り屋の 君にはいつも勇気づけ られていた。 「ありがとう」 僕はしみじみそう言っ た。
H4;0x3117;0x311b;;SALTO -> entrada 31 (cursor 0x35b5);
H4;0x311b;0x3149;28;;僕はいい加減にうなず いた。円香は引いてし まうように箸に手をつ けた。
H4;0x314b;0x318c;;;ごめん。 円香、君はかけがえの ない人だ。だけど、悲 しいけれど僕じゃ駄目 なんだ。
H4;0x318e;0x31cf;;;僕は唇を噛む。 嬉しかった。本当に一 緒に来てくれて嬉しか った。 だけどその言葉を伝え られない。
H4;0x31d1;0x321f;;PREGUNTA (3 opciones) | OPCION -> entrada 29 (cursor 0x321f) | OPCION -> entrada 30 (cursor 0x33c5) | OPCION -> entrada 25 (cursor 0x2c2e);僕はどうすればいいの だろう。 １．黙り続ける ⇒[29] ２．突っぱねる ⇒[30] ３．もう隠せない ⇒[25]
H4;0x321f;0x3294;29;;僕は沈黙を続けた。 円香もいたたまれない ように瞳を潤ませてい た。 「わたし、こない方が よかったのかな」 そして頬に涙が伝わっ た。僕は手を伸ばし、 涙を指ですくった。
H4;0x3296;0x32d4;;;「そんなはずないよ」 キリキリキリ どこからかまた音がし た。だけど僕は言葉を 続けた。
H4;0x32d6;0x3318;;;「君がいてくれたから、 僕は立っていられるん だからね」 涙を拭いて欲しかった。 そして涙を拭いたかっ た。
H4;0x331a;0x3381;;;「一緒にいて欲しい」 僕は言葉を詰まらせな がらやっとの思いで言 った。 こんなことを僕が彼女 に求めていいのか、頭 の中で何度も自問自答 していた。
H4;0x3383;0x33bf;;;そして円香は涙を拭う と無理に笑った。 「一緒にいるよ」 そんな彼女が愛おしか った。
H4;0x33c1;0x33c5;;SALTO -> entrada 31 (cursor 0x35b5);
H4;0x33c5;0x3429;30;;僕は冷たく円香を突っ ぱねた。 「そんなこと、今、考 えられるわけないじゃ ないか」 円香はその言葉にただ ならぬショックを受け、 立ち上がった。
H4;0x342b;0x3491;;;「そこまでいうこと、 ないじゃない。私だっ て、私だって辰貴くん のことどれだけ元気づ けてあげられたって…」 円香は涙ながらに僕に 全身で抗議した。
H4;0x3493;0x34b6;;;…そんなことわかって いるよ。だけど言葉に できないよ。
H4;0x34b8;0x34ce;;;…僕は人間じゃないん だ。
H4;0x34d0;0x34fe;;;「それでも、わたしい るから。辰貴くんの言 葉、忘れてないから」 僕の言葉？
H4;0x3500;0x3565;;;僕は円香の抗議を受け 止めきれなかった。 だけど僕も立ち上がり、 円香を抱きしめていた。 「ごめん」 円香はあらがうことな くなすがままに抱きし められていた。
H4;0x3567;0x35af;;;「…いて、私はいてい いのかな」 答えられなかった。 だけど僕は彼女を強く 抱きしめることで、答 に変えたかった。
H4;0x35b1;0x35b5;;SALTO -> entrada 31 (cursor 0x35b5);
H4;0x35b5;0x362f;31;;食べ終わると空には大 きな入道雲が広がり始 めた。遠くから雷が鳴 り始め、大粒の雨が降 りだした。 僕は静かに庭の外を眺 めていた。
H4;0x3631;0x3679;;;彼女はそんな僕に寄り 添ってくれていた。 「ねえ、おじいさんっ てどんな人だったの」 不意に彼女が聞いてき た。
H4;0x367b;0x36cd;;;「優しいけど、頑固で、 自分に厳しい人だった。 九重の名を継いで人形 を作り続けて、仕事に 誠実で、僕は大好きだ った」
H4;0x36cf;0x370e;;;雨は叩き付けるように 降り注ぎ、庭に砂煙が たつ。 僕はあふれる涙を止め られなかった。
H4;0x3710;0x3739;;;「いい人じゃない。や っぱり、辰貴くんのお じいちゃんだよ」
H4;0x373b;0x37ab;;;「じいちゃんは…人間 だったのかな」 「だって、わたしの好 きな辰貴くんを育てて くれたんですもん。 もし、人形だったとし ても心は人だったと思 う」
H4;0x37ad;0x37ef;;;「人形にも心があるの かな」 円香は少し黙った。 そしていつもよりゆっ くりと一言づつはっき り言った。
H4;0x37f1;0x3851;;;「人は人の形をしてい るから人だけど、人形 でも人の形をしている から、心が宿って人に なったのかも知れない よ」 「きっとそうだね」
H4;0x3853;0x3868;;;そうならどれだけ嬉し いことだろうか。
H4;0x386a;0x38d8;;;日が落ち、僕らは休む ことにした。 涼しいのになかなか寝 つけなかった。昼間の ショックもあったが、 なんとなく体がおかし かった。
H4;0x38da;0x3900;;;「人は人を造れず、人 は人形を造るのみ」
H4;0x3902;0x393c;;;『天老記』の一節。で は僕は何者なのだろう か。人形が死んだら魂 はどうなるのだろうか。
H4;0x393e;0x3964;;;でも、それは人も同じ ことか。そんな事を繰 り返し考えている。
H4;0x3966;0x39bd;;;雨上がりで虫の声が小 さかったが夜更けにな り、段々と増えるよう だった。普段であれば 心地好いそれも今晩は 耳障りだった。
H4;0x39bf;0x39de;;;その多くの虫の声の中 に、あの音が聞こえて きた。
H4;0x39e0;0x3a4c;;SALTO_CONDICIONAL +8 bytes;キリキリ  最初は気のせいだと思 った。だけど耳を澄ま してみると確かにそれ は聞こえてきた。 僕の、胸の奥からだっ た。
H4;0x3a4e;0x3aab;;;僕は起き出して、隣の 円香を見た。よく眠っ ていた。 僕は『天老記』を手に して月明かりの下で、 読み始めた。
H4;0x3aad;0x3b2b;;;「人形の寿命はその造 りによって様々である。 秘密を知られることで 溶けること、材料の寿 命でゼンマイが壊れる こと、調整を怠ること でカラクリが狂うこと、
H4;0x3b2d;0x3b69;;;また秘密を知られずと も疑われるだけでまた、 カラクリが狂い、寿命 を縮めることもある」
H4;0x3b6b;0x3bbf;;;キリキリキリ じいちゃんのあの音は、 もうカラクリの寿命だ ったのだろう。  では僕は……
H4;0x3bc1;0x3c14;;PREGUNTA (2 opciones) | OPCION -> entrada 32 (cursor 0x3c14) | OPCION -> entrada 33 (cursor 0x3e23);まだそんなにはなって いないはずだ。 僕は何故か考えた。 １．調整不足か ⇒[32] ２．円香が疑っている ⇒[33]
H4;0x3c14;0x3ca3;32;SALTO_CONDICIONAL +11 bytes;キリキリキリ 調整不足に違いない。 大学に通い始めてじい ちゃんとずいぶん離れ る時間が多くなった。 折々に帰ってはいたが それでも僕が人形なら ば、日々調整が必要な のではないか。
H4;0x3ca5;0x3d16;;;死にたくない。 それもあんな死に方を したくない。 じいちゃんもそのため に僕に『天老記』を渡 してくれたに違いない。 僕は必死に頁をめくっ た。
H4;0x3d18;0x3d7a;;;何か、自分の体の調整 方法はないものか。そ ういえばじいちゃんは 僕らが来たとき薬のよ うなものを飲んでいた はずだ。 だがそれももう片づけ てしまった。
H4;0x3d7c;0x3dc5;;;なんとしても薬の製法 を探さなければならな い。僕は決心した。 「…どうしたの…」 円香が目を覚ましてし まった。
H4;0x3dc7;0x3e1d;;;「なんでもないよ」 僕は平静を装い、再び 布団に潜り込んだ。 僕の胸から起こる音が 聞こえないように祈り ながら。
H4;0x3e1f;0x3e23;;SALTO -> entrada 34 (cursor 0x4082);
H4;0x3e23;0x3ea9;33;SALTO_CONDICIONAL +11 bytes;キリキリキリ 円香が僕を疑っている のか。だが、自分でも やっと知ったくらいだ し、円香が疑いを持つ ようなこともしていな い。それともやはり動 揺しているのが伝わっ てしまったのか。
H4;0x3eab;0x3f16;;;死にたくない。 それもあんな死に方を したくない。 じいちゃんもそのため に僕に『天老記』を渡 してくれたに違いない。 僕は必死に頁をめくっ た。
H4;0x3f18;0x3f7d;;;何か、自分の体の調整 方法はないものか。 そういえばじいちゃん は僕らが来たとき薬の ようなものを飲んでい たはずだ。 だがそれももう片づけ てしまった。
H4;0x3f7f;0x3fd1;;;なんとしても薬の製法 を探さなければならな い。僕は決心した。 「…どうしたの…」 円香が目を覚ましてし まった。
H4;0x3fd3;0x401f;;;「なんでもないよ」 僕は平静を装い、再び 布団に潜り込んだ。 僕の胸から起こる音が 聞こえないように祈っ た。
H4;0x4021;0x407c;;;もう聞こえているのか もしれない。でもその とき僕はどうすればい いのだろうか。 目を閉じても、眠りと いう救いが僕には来な かった。
H4;0x407e;0x4082;;SALTO -> entrada 34 (cursor 0x4082);
H4;0x4082;0x40da;34;;翌朝からすぐに調べ始 めたが、何も分からな いまま数日が過ぎてし まった。 もう僕の身体の衰えは 顕著に現れ始めていた。
H4;0x40dc;0x4147;;;視線が定まらず、指が しびれることもあった。 それでも、僕は『天老 記』を調べることを止 めなかった。止めるこ とは死を意味する。そ れとも壊れることか。
H4;0x4149;0x4179;;;心配して彼女は言った。 「そんなに根を詰める ことないんじゃない」
H4;0x417b;0x41dd;;;だけど僕には時間が無 かった。僕は首を横に 振った。 キリキリキリ あの音がする度に僕の 心臓は締め付けられる ように痛んだ。
H4;0x41df;0x4209;;;いや、  僕には心臓など無いの かも知れない。
H4;0x420b;0x426e;;;「ねえ、わたしに手伝 えること、ないかな」 彼女の言葉は嬉しかっ た。が、『天老記』を 読んでしまえば僕が人 形と分かってしまうだ ろう。
H4;0x4270;0x42b0;;PREGUNTA (2 opciones) | OPCION -> entrada 35 (cursor 0x42b0) | OPCION -> entrada 36 (cursor 0x44c7);僕はいったいどうすれ ばいいのだろう。 １．一人で調べたい ⇒[35] ２．君では無理だ ⇒[36]
H4;0x42b0;0x4325;35;;「ごめん、しばらく一 人で調べさせて欲しい んだ」 僕は彼女をわざと遠ざ けざるを得なかった。 本当の理由がわからな い以上、彼女が疑って いることも考えなけれ ばならない。
H4;0x4327;0x4398;;;彼女の疑いを解くか。 　 いや、今となってはそ れは難しいだろう。 この体の衰えと僕の異 常なまでの『天老記』 への執着は彼女の疑い を強めてしまったこと だろう。
H4;0x439a;0x43eb;;;では、彼女を殺すしか ないのか。  出来るはずが無い。  こんな僕に愛想を尽か してくれればいいのに。
H4;0x43ed;0x4418;;;だけど彼女の微笑みを 失うことは僕にとって 死よりも残酷なことだ。
H4;0x441a;0x4464;;;「わたし、邪魔かな」 静かな微笑みだった。 円香は必死になって涙 をこらえていた。 「力になれないのかな」
H4;0x4466;0x4488;;;僕は拳を握った。もう、 力を込めることもでき なかった。
H4;0x448a;0x44c7;;PREGUNTA (2 opciones) | OPCION -> entrada 37 (cursor 0x46b5) | OPCION -> entrada 38 (cursor 0x47d5);何か、言わなければ。 １．もし僕が… ⇒[37] ２．君がここにいてくれ 　るだけで… ⇒[38]
H4;0x44c7;0x451a;36;;「君では、無理だよ」 僕はそう言わざるを得 なかった。もし僕が人 でないことを知られれ ば僕の命はなくなって しまうのだから。
H4;0x451c;0x4568;;;そうでなくともこの体 の衰えと僕の異常なま での『天老記』への執 着は彼女の疑いを強め てしまったことだろう。
H4;0x456a;0x4581;;;では、彼女を殺すしか ないのか。
H4;0x4583;0x45f6;;;出来るはずが無い。 こんな僕に愛想を尽か してくれればいいのに。 そして僕を忘れてくれ れば。 だけど彼女の微笑みを 失うことは僕にとって 死よりも残酷なことに 思われる。
H4;0x45f8;0x465b;;;「そっか、わたしは君 にとって邪魔なのか」 円香は震える声で僕に 訴えた。僕の胸は痛ん だ。こんな出来損ない の心臓でも人間のよう に痛むのか。
H4;0x465d;0x46b5;;PREGUNTA (2 opciones) | OPCION -> entrada 39 (cursor 0x4a79) | OPCION -> entrada 40 (cursor 0x4ea2);だが、僕は彼女に何か 言わなければならない のだ。 １．邪魔だよ ⇒[39] ２．これ以上言わせない 　でくれ ⇒[40]
H4;0x46b5;0x46ec;37;;「…もし僕が…」 僕はそう言いかけた。 だが、それを最後まで 口に出来なかった。
H4;0x46ee;0x4727;;;「わたしは君が好きだ よ。本当に、心から」 「もちろん、僕も同じ だよ」
H4;0x4729;0x4767;;;だが会話は途切れてし まった。円香は寂しげ な、それでいて優しげ な瞳で僕を見つめてく れていた。
H4;0x4769;0x47bc;;;しばらくして円香は外 にいってしまった。 心配したが、戻ってく ると円香はいつものよ うに夕食を作り始めて くれた。
H4;0x47be;0x47d5;;PREGUNTA (2 opciones) | OPCION -> entrada 41 (cursor 0x503d) | OPCION -> entrada 55 (cursor 0x71e4);
H4;0x47d5;0x481d;38;;「いてくれるだけで、 君はここにいてくれる だけでいいんだ」 僕は一言一言を何かを 生み出すように紡ぎ出 した。
H4;0x481f;0x4849;;;「わたしは君が好きだ よ。本当に、心から」
H4;0x484b;0x48c7;;;円香は寂しげな、それ でいて優しげな瞳で僕 を見つめてくれていた。 僕はその瞳を見て、や はり円香は僕が人でな いことを知ってしまっ たのだと思った。 「でも、僕には言えな いんだよ」
H4;0x48c9;0x491c;;;僕はいたたまれなくな り、よろめきながら立 ち上がるとそのまま外 へ出た。 どこへ行くというあて もなく、ただ懐かしい 野山に歩き出した。
H4;0x491e;0x498e;;;元気な時ならば五分ほ どの散歩道だったが、 幼少の頃に戻ったよう に遠い道のりだった。 本当にあのころに戻れ れば良かったのにと思 う。何も知らなかった あの頃に。
H4;0x4990;0x4a0c;;;疲れ切ってしまい、僕 は竹林の中でしゃがみ 込んでしまった。 キリキリと胸の音が大 きくなっていた。もう 寿命は短いのだろう。 「掴まって」 気がつくと円香が迎え に来てくれていた。
H4;0x4a0e;0x4a60;;;「帰ろう」 僕は手を伸ばし、彼女 の手を掴んだ。 僕はその時の優しい掌 を忘れることはないだ ろうと思った。
H4;0x4a62;0x4a79;;PREGUNTA (2 opciones) | OPCION -> entrada 41 (cursor 0x503d) | OPCION -> entrada 55 (cursor 0x71e4);
H4;0x4a79;0x4af7;39;;「…邪魔だよ」 僕は冷たく突き放した。 それしか思いつかなか った。彼女に僕を忘れ て貰う事以外、僕が助 かる方法を思いつかな かった。だけどそれを 思うだけで僕は苦しく なった。
H4;0x4af9;0x4b36;;;「…嘘だよね」 円香は信じられないと いった表情で僕を見つ める。 「嘘といってよ」
H4;0x4b38;0x4b87;;;「帰ってくれよ…」 僕は首を横に振りなが ら答えた。そしてこれ でいいんだと何度も心 の中で繰り返した。
H4;0x4b89;0x4bbe;;;「…わたしを一人ぽっ ちにしちゃうんだね」 円香は涙ながらに僕に 言った。
H4;0x4bc0;0x4bef;;;「さよなら、だけど… だけど…」 円香はうつむき、それ っきり黙ってしまった。
H4;0x4bf1;0x4c50;;;しばらくして円香は荷 物をまとめ、何も言わ ずに町に向かって歩き 出した。 「これでいいんだ」 僕は彼女を見送りなが ら、そうつぶやいた。
H4;0x4c52;0x4c94;;;僕は夕日を見ながら今 までの短い人生を思い 出していた。 思えばあんまりいいこ となかった。
H4;0x4c96;0x4cd2;;;父さんも母さんも事故 で死んでしまって、じ いちゃんに育てられて …それはそれでよかっ たのかな。
H4;0x4cd4;0x4d3d;;;僕はたぶんあの時の事 故で死んでしまったん だな。そしてじいちゃ んが僕を作った。 あんまりうまくいかな かったよ。あのまま死 んでいた方が良かった のかも知れない。
H4;0x4d3f;0x4d9e;;;夕日が沈む。 夕焼けがきれいだ。 でも、円香に会えたも んな。円香に会えて本 当に良かった。でも、 僕は自分から彼女を手 放してしまった。
H4;0x4da0;0x4dd3;;;もう、体が思うように 動かない。 よかった、こんなとこ ろを円香に見られなく て。
H4;0x4dd5;0x4e0a;;;キリキリキリキリ  キリキリキリキリ  キリキリキリキリ
H4;0x4e0c;0x4e80;;;だんだん音が大きくな ってきた。 そっか、もう、終わる んだな。 僕は自分の手を見た。 もう、肉が溶けて骨だ けになっていた。 不思議と苦しくない。
H4;0x4e82;0x4e95;;;僕はもとの、ただの物 に戻るんだ。
H4;0x4ea2;0x4f07;40;;「お願いだからこれ以 上言わせないでくれ」 僕は円香から顔を背け た。嘘と悟られても仕 方ない。 「嘘なんだよね」 僕は震えるしかなかっ た。
H4;0x4f09;0x4f73;;;あんな死に方を、溶け てなくなり、円香の目 の前で胸のゼンマイを 露わにするような死に 方をしたくなかった。 でも、円香も失いたく なかった。
H4;0x4f75;0x4fcf;;;僕にはもうどうすれば いいのか全くわからな くなっていた。 「一人にしないよ、辰 貴くんを。嫌われたっ ていいんだ。放ってお かない。絶対に」
H4;0x4fd1;0x5024;;;しばらくして円香は外 にいってしまった。 心配したが、戻ってく ると円香はいつものよ うに夕食を作り始めて くれた。
H4;0x5026;0x503d;;PREGUNTA (2 opciones) | OPCION -> entrada 41 (cursor 0x503d) | OPCION -> entrada 55 (cursor 0x71e4);
H4;0x503d;0x50ac;41;;蔵の中に何か手がかり があるかも知れない、 と思い立ったのはもう 立つのも辛くなってし まってからだった。も っと早く調べるべきだ ったと悔やんだが、も う遅い。
H4;0x50ae;0x5102;;;僕は蔵を開け、やっと の思いで蔵座敷の入り 口に辿り着いた。もう 壁に手を触れていない と立っていられなかっ た。
H4;0x5104;0x5178;;;大小の箱が山と積み重 ねられている。この中 の一つに七歳の僕がい た。まだ何人かの僕が 眠っているのだろう。 だがそんなことを考え、 迷っている余裕はなか った。
H4;0x517a;0x51d5;;;手近な箱から開けて調 べていく。様々なもの が大事にしまわれてい る。この中にあの薬が あればいいのだが。そ れらしきものはなかな か見つからなかった。
H4;0x51d7;0x5230;;;一番奥に一際大きな箱 が立て掛けてあるのに 気がつき、僕はそれに 手をかけた。人一人、 いやそれよりも大きな ものがすっぽり入る大 きさだった。
H4;0x5232;0x5260;;;箱には封印が施されて いた。開けてはいけな いのだろうか。
H4;0x5262;0x5266;;SALTO -> entrada 42 (cursor 0x5266);
H4;0x5266;0x529d;42;;僕は望みをかけて大き な箱の封印を解き、ふ たを取り除いた。
H4;0x529f;0x52ef;;;中に入っていたのは戦 国時代の鎧兜だった。 腰にはご丁寧に剣まで 差してあった。僕は肩 を落とし、元通りにし ようとした。
H4;0x52f1;0x537d;;;が、その時音がした。 キリキリキリ 僕の音ではなかった。 鎧兜、いや、鎧武者か らその音はしていた。 ふたをしようとする僕 の手をなぎ払い、鎧武 者は一歩、前に踏み出 した。
H4;0x537f;0x53f8;;;こいつ、生きている。 いつの時代かの九重が 造った戦人形なのだろ う。 キリキリキリ きしむ音を立てながら 鎧武者は僕に向き直る。
H4;0x53fa;0x545e;;;兜の奥の眼が鬼火のよ うに光を帯びていた。 明らかに僕を見ている。 鎧武者は腰の刀に手を 当てていた。
H4;0x5460;0x5498;;PREGUNTA (2 opciones) | OPCION -> entrada 43 (cursor 0x5498) | OPCION -> entrada 44 (cursor 0x5776);斬られる。 僕は １．観念する ⇒[43] ２．必死に逃げる ⇒[44]
H4;0x5498;0x54c5;43;;僕は観念した。衰えた 身体では動けない。
H4;0x54de;0x5529;;;円香の声に僕は我に返 った。ついてきていた のか。 鎧武者は錆びた刀を振 り上げているところだ った。
H4;0x552b;0x554c;;;僕は倒れるようにして 刀を避けた。
H4;0x554e;0x5597;;;刀は箱の一つを真っ二 つにした。箱の中身の 人形が裂けたらしく、 バネやゼンマイが飛び 散る。
H4;0x5599;0x55af;;;その中に半分になった 頭が見えた。
H4;0x55b9;0x5624;;;「何してるの、今のう ちよ！」 円香は僕を抱きかかえ、 よろよろと僕らは一歩 を踏み出した。 奥座敷から逃れ、円香 の肩を貸してもらいな がら僕は振り返った。
H4;0x5626;0x5697;;;「いいよ、僕が死ねば 済むことだから」 「何でそんなこと…… わたしにくれた言葉は 嘘だったの？」 「僕の言葉…？」 「そう、初めて会った ときに言ってくれた言 葉！」
H4;0x5699;0x5701;;;鎧武者はゆっくりと僕 らに迫っていた。円香 だけならともかく、僕 がいては逃げ出せない。 円香が呟くように言っ た。 「わたしをひとりにし ないで」
H4;0x5703;0x5732;;;もうすぐ蔵の扉だった。 扉は重くてすぐに開け ることはできない。
H4;0x5734;0x5776;;PREGUNTA (2 opciones) | OPCION -> entrada 45 (cursor 0x5a6d) | OPCION -> entrada 46 (cursor 0x5e44);僕は決めた。 １．力を合わせて扉を開 　ける ⇒[45] ２．鎧武者に立ち向かう ⇒[46]
H4;0x5776;0x57d5;44;;死にたくない。 僕は必死に逃げる。 震える足に命令し、倒 れるようにして刃をか わす。 床を爪もはがれんばか りに這い回る。 「死ぬもんか」
H4;0x57d7;0x5832;;;造られたもののはずな のに僕は必死に生きよ うとしていた。そんな ことを思う余裕もなか った。 だが、衰えた体はろく に言うことを聞いてく れない。
H4;0x5834;0x5891;;;その僕に救いを差し伸 べる手があった。 「掴まって」 円香だった。ついてき ていたのか。 鎧武者は錆びた刀を振 り上げているところだ った。
H4;0x5893;0x5911;;;僕は円香の手に引かれ て起きあがり二人で逃 げ出した。 刀は箱の一つを真っ二 つにした。箱の中身の 人形が裂けたらしく、 バネやゼンマイが飛び 散る。
H4;0x5913;0x5942;;;その中に半分になった 頭が見えた。 僕の子供の頃の顔だっ た。
H4;0x5944;0x5993;;;鎧武者は刀を再び振り 上げ始めていた。 なんとか奥座敷から逃 れ、円香の肩を貸して もらいながら僕は振り 返った。
H4;0x5995;0x59f9;;;「このままじゃ君もや られてしまうよ」 「駄目、一歩でも前に 進んで」 円香の真剣な言葉に、 僕は小さく首を縦に振 った。円香は呟くよう に言った。
H4;0x59fb;0x5a67;;;「わたしをひとりにし ないで」 もうすぐ蔵の扉だった。 扉は重くてすぐに開け ることはできない。 もうすぐそこまで鎧武 者は迫っている。
H4;0x5a69;0x5a6d;;SALTO -> entrada 45 (cursor 0x5a6d);
H4;0x5a6d;0x5aaf;45;;僕らは力を合わせて扉 を開けた。 そして刀が僕のすぐ脇 に振り降ろされるのを 感じた。
H4;0x5ab1;0x5b1c;;;扉が開き、陽光が差す。 鎧武者は陽光を浴びる と急に苦しみ出し、僕 は死力を振り絞って彼 女と一緒に蔵の外に出 た。
H4;0x5b1e;0x5b34;;;鎧武者はもう動かなく なっていた。
H4;0x5b36;0x5b5f;;;「もう大丈夫だ。あり がとう、助かったよ」 僕は彼女を抱きしめた。
H4;0x5b61;0x5bb6;;;だが、その身体に力は なかった。掌にぬめり とした感覚があった。   刀は彼女の肩に深々と 切りつけられていた。
H4;0x5bb8;0x5c0d;;;「…よかった…助かっ たね」 「今、救急車呼ぶから、 しっかりして」 「ううん。…このまま でいいかも知れない」
H4;0x5c0f;0x5c4f;;;円香の顔から血の気が 引いていく。命の灯が 消えかかっていた。 「なんで、駄目だよ、 気を確かに！」
H4;0x5c51;0x5c75;;;円香は微笑んだ。まる で何もかも分かってい るかのように。
H4;0x5c77;0x5cdc;;;「わたし、最初から辰 貴くんのこと、好きに なってた。僕もじいち ゃんしかいないけど、 僕と君が友達になれた ら、もう二人だよって。 ずっと、二人でいられ たらって…」
H4;0x5cde;0x5d23;;;「円香、しっかり！」 「…大丈夫、また、会 えるよね。お願いだか らわたしも…」  …やっぱり知っていた のか。
H4;0x5d25;0x5d66;;;彼女の身体から徐々に 力が抜けていった。そ して魂がもうそこにな いことを僕は知った。
H4;0x5d68;0x5d97;;;僕の、一番大切な人。  僕のせいで死んでしま った。
H4;0x5d99;0x5dba;;;「うん、ずっと二人で いよう」  僕は、誓った。
H4;0x5dbc;0x5de8;;;円香が死んだためか身 体の不調は嘘のように 消えていた。
H4;0x5dea;0x5e3e;;;また、鎧武者もどうや っても動かなくなって いた。 あまりに古く、日の光 を浴びて部品が変質し てしまったのではない かと思われた。
H4;0x5e40;0x5e44;;SALTO -> entrada 47 (cursor 0x61f1);
H4;0x5e44;0x5ec7;46;;僕は立ち向かう決心を した。彼女を巻き込ん ではいけない。そう思 うと力がわき上がって くるのを感じていた。 彼女の手を振り払い、 僕は体の隅々から力を かき集めて鎧武者の前 に立った。
H4;0x5ec9;0x5ef1;;;「無理だよ！」 何故か無理じゃないと 思える自分がいた。
H4;0x5ef3;0x5f55;;;目の前に刃を振り上げ る鎧武者がいた。 僕はその刃を右手で受 け止めた。右手の肘ま で刀は食い込んだ。
H4;0x5f57;0x5fc1;;;腕の部品は縦半分に裂 けてしまったが、僕は 横にひねって刀をたや すく折った。 不思議だ。痛くない。 腕からは鯨の髭やゼン マイなどの部品が見え ていた。
H4;0x5fc3;0x600f;;;こうして改めて見てみ るとやっぱり僕は人間 じゃなかったんだとい うことを思う。 残った左の腕で鎧武者 を殴った。
H4;0x6011;0x606f;;;鎧武者は力つきたよう に倒れ、歯車やバネを まき散らした。 「…辰貴…くん」 「ごめん。僕も人間じ ゃなかったんだ」
H4;0x6071;0x60cc;;;そういうと胸の内がす ごく楽になった。円香 に隠し事なんて今まで したことなかったんだ から。 そう思うと、自然に笑 えた。 「さようなら」
H4;0x60ce;0x6121;;;キリキリキリキリキリ 　　 　 キリキリキリキリキリ  キリキリキリキリキリ  キリキリキリキリキリ
H4;0x6123;0x6166;;;僕の胸のゼンマイが激 しく音をたてる。 ごめん、じいちゃん、 大切な物、なくしてし まったよ。
H4;0x6168;0x61af;;;「大丈夫だから…」 円香はすべてを悟った ように微笑み返した。 もうゼンマイが胸から 飛び出そうとしていた。
H4;0x61b9;0x61e4;;;円香の、最後の言葉が 聞こえた。 「わたしが作り直して あげるから」
H4;0x61f1;0x6241;47;;僕はずいぶん長い間抜 け殻のようになってし まった。だが、死んで しまった円香のために 出来ることを考え、そ して結論を出した。
H4;0x6243;0x6261;;;人を造る。
H4;0x6263;0x62c2;;;そう、幾度失敗しよう とも必ず成功させなけ ればならない。だが、 彼女そっくりの人形を 造ったとしても心が戻 らなければただの化け 物になってしまう。
H4;0x62c4;0x62e9;;;『天老記』には心の作 り方までは書いていな い。
H4;0x62eb;0x632d;;PREGUNTA (2 opciones) | OPCION -> entrada 49 (cursor 0x635e) | OPCION -> entrada 48 (cursor 0x632d);心とは一体なんなのだ ろうか。 １．調べる ⇒[49] ２．今は考えない ⇒[48]
H4;0x632d;0x6358;48;;疑問に思いつつも僕は 先に進まなければなら なかった。
H4;0x635a;0x635e;;SALTO -> entrada 50 (cursor 0x64f4);
H4;0x635e;0x637a;49;;僕はしばらく調べるこ とにした。
H4;0x637c;0x63db;;;『天老記』の天老とは 古代中国の仙人の一人 で、同じように人を造 り、それらは賢者とな って王の治世を助けた といわれている。
H4;0x63dd;0x6430;;;方法さえ誤らなければ 同じように心を作り出 すことができるはずだ った。 だが心は何を材料に造 られるのだろう。
H4;0x6432;0x645f;;;僕はどうやって心がで きたのだろう。  じいちゃんはどうやっ たのだろう。
H4;0x6461;0x64a5;;;じいちゃんが残してく れたのはこの本と水晶 の瞳だった。 そういえばじいちゃん は片目だった。人形な のに…
H4;0x64a7;0x64ee;;;何か答が出そうな気が した。 だが、そう簡単に答は 出せそうにもなく、僕 は人形造りの作業を始 めることにした。
H4;0x64f0;0x64f4;;SALTO -> entrada 50 (cursor 0x64f4);
H4;0x64f4;0x655d;50;;まずは骨だった。 彼女の骨は焼かれてし まった。ありがたいこ とに『天老記』には先 人達が骨から造ること を試みた方法が載って いた。
H4;0x655f;0x65cc;;;人の骨は二〇六本。 竜骨を砕いて造った粉 を練り上げ、人の骨の 形を真似て乾かすこと 十日余り。その後焼き 上げ、それをまた削り 出し、骨とする。
H4;0x65ce;0x6615;;;書かれていることは簡 単だが、詳細は後述に あった。  裏にあるかまどで焼き 上げると、もう秋にな っていた。
H4;0x6617;0x666e;;;焼き上がった骨には砒 霜を塗り、数多の植物 の葉をもみ合わせると あった。 僕は秋の野を駆け、必 要な植物を揃えた。
H4;0x6670;0x66e0;;;その骨を組み、葛の繊 維と絹糸で骨を巻き絡 げ、骨格を組み上げる。 筋肉となる場所には鯨 の髭を取り付けて、動 くようにする。
H4;0x66e2;0x6742;;;のどにはうつぼかずら を取り付け、声が出る よう細工する。  その頃には空から白い ものがちらつき始めて いた。 やることは幾らでもあ った。
H4;0x6744;0x67ce;;;そして年が明けた頃、 瞳の製作に入った。じ いちゃんの瞳は水晶細 工だった。眼球は無色 透明の半流動体だ。 『天老記』によると、 水晶を秘薬を使って柔 らかくし、用いるとあ る。
H4;0x67d0;0x681c;;;浸すと確かに、生身の ように柔らかくなった。 水晶体、瞳孔、虹彩を 細心の注意を払い、彫 る。
H4;0x681e;0x6853;;;「眼」が僕の手の中で ぬるりとしたまま転が った。何故か目の奥が むずかしい。
H4;0x6855;0x689e;;;つまみ上げてみると潰 れそうでいて潰れず、 目の裏がつられて痛く なった。 瞳の面を眺め、指の平 で撫でてみた。
H4;0x68a0;0x690f;;;思わず眼球を握り潰し てしまった。 あせっている。 自分でも分かっていた。 作業が進んでいても肝 心なものに思いいたら なかった。それは心の ありかだった。
H4;0x6911;0x696b;;;円香と話がしたかった。 彼女ならどう答えてく れただろう。  「また、会えるよね」  彼女の最期の言葉がま た聞こえてくる。
H4;0x696d;0x6995;;;「また、会える」 それを信じて造り続け るしかなかった。
H4;0x6997;0x699b;;SALTO -> entrada 51 (cursor 0x699b);
H4;0x699b;0x6a07;51;;冬の空は澄み、高く青 いはずだが、この数日 は薄く陽光が差す程度 の曇天が続いていた。 空はこれから僕がしよ うとすることを知って いるのかも知れない。
H4;0x6a09;0x6a5f;;;竹林を分け入り、山の すそに広がる荒れ野に 至った。 枯れ立ったままのすす きと風に倒れた野の草 とわずかに残った細雪 だけ。
H4;0x6a61;0x6ab3;;;荒れ野のただ中に、僕 が作った枯れ草の山が ある。 その山の中には僕が作 り上げた人形が横たわ っている。
H4;0x6ab5;0x6ada;;;それにじいちゃんの瞳 と僕が作った瞳を入れ た。
H4;0x6adc;0x6b07;;;マッチになかなか火が つかない。 僕の手が震えていた。
H4;0x6b09;0x6b6f;;;この火をつけて焼き上 がればあとは反魂の術 を施すだけである。 何をためらい、畏れて いるのだろう。 作り上げた人形はいか なる顔形となるのか分 からない。
H4;0x6b71;0x6bc4;;;自分は化け物を造って しまうかも知れない。 でも、彼女を生き返ら せられるかも知れない。  そんな思いが次々と現 れては消える。
H4;0x6bc6;0x6c1f;;;心はどこから来て、ど こへ行くのか。 その答えも得られない まま僕はここまできた。 心は、どうやっても人 が作れるものではない んだ。
H4;0x6c21;0x6c6c;;;僕はマッチを擦る手か ら力を抜いた。 火をつけられない理由 が分かった。 まだ未完成なのだ。
H4;0x6c6e;0x6c7c;;SALTO -> entrada 52 (cursor 0x6c7c);何かをしなければ。
H4;0x6c7c;0x6cac;52;;僕は自分のまぶたに指 を押し当てた。 そして一気に指を入れ、
H4;0x6cbb;0x6d00;;;痛みはない。  僕は自分で造った瞳の 代わりにそれを入れた。  この瞳は僕と彼女の思 い出を見てきた。
H4;0x6d02;0x6d4e;;;もし彼女が生き返るこ とを許してもらえるな ら、一緒に見てきたこ の瞳が必要なのではな いか。
H4;0x6d50;0x6db9;;;僕はマッチをこすり、 枯れ葉の山に放り投げ た。 一瞬にして表面に火が 回り、火の粉が舞い上 がる。 芯の苅に火がつくのも 時間の問題だ。
H4;0x6dbb;0x6e2e;;;僕は火の粉を目で追い、 天を眺めた。 この炎が現世の禍や煩 悩、憎悪を焼き、新た に人を造るのだという。 天の頂はもう、限りな く闇に近い青に塗り変 えられつつあった。
H4;0x6e30;0x6e90;;;火の粉が星々に重なり、 消えていく。少しづつ 晴れているようだった。 再び目を火に戻すと、 火は炎となり、天を焦 がさんと大きく燃え上 がっていた。
H4;0x6e92;0x6ee3;;;「僕は全力を尽くした。  　後は待つのみ、か」
H4;0x6ee5;0x6f52;;;これが終っても、どの ような結果であっても、 僕はまた、人形を造る。 そうすればまた僕は人 でいられるかもしれな い。 左胸に手を当て、あの 音を感じようとも。
H4;0x6f54;0x6f61;;;僕は炎に背を向けた。
H4;0x6f63;0x6f7a;;PREGUNTA (2 opciones) | OPCION -> entrada 53 (cursor 0x6f7a) | OPCION -> entrada 54 (cursor 0x6fc1);
H4;0x6f7a;0x6fb4;53;;春が来た。 そして僕は手を振る。 じいちゃん、僕、しっ かり見えるよ、と。
H4;0x6fc1;0x7033;54;;火は一昼夜燃え続けた。 翌朝は小雨だった。 火はくすぶり、煙は白 く立ち上っていた。 丁寧に灰をどけると、 不思議ときれいな円香 の微笑んだ顔が見つか った。
H4;0x7035;0x70b0;;;僕は思わず微笑み返し た。 やはりこの半年もの間、 円香に会えず、本当に 孤独だったのだと感じ た。もうこれからは離 れはしない。ともにゼ ンマイの寿命が来るま で一緒にいよう。
H4;0x70b2;0x711d;;;そう、涙した。 だが、その時、灰の中 から突然腕が飛び出し、 ものすごい力で僕の首 を掴んだ。 そのままの勢いで円香 は起き上がると僕を地 面に叩き付けた。
H4;0x711f;0x715d;;;「な…んで…」 円香は微笑んだままだ った。 円香の手は僕の首をね じ切ろうとして絞まっ た。
H4;0x715f;0x718c;;;キリキリキリキリキリ 再び僕の耳に聞こえて きた。
H4;0x718e;0x71d7;;;失敗、だったのか。 一つは僕の胸から…一 つは彼女の胸から。 僕は無間の闇の中に包 まれていった。
H4;0x71e4;0x722f;55;;数日後、僕は安堵の息 を漏らしていた。『天 老記』の中に薬の製法 らしきものを発見でき たのだ。
H4;0x7231;0x7260;;;だがその頃にはもう立 ち上がるのが辛いほど 体力を失っていた。
H4;0x7262;0x7266;;SALTO -> entrada 56 (cursor 0x7266);
H4;0x7266;0x72c6;56;;僕は円香に薬の材料の 買い出しを頼んだ。 すると円香ははちきれ んばかりの笑顔を僕に 見せてくれた。 僕もそうだが彼女も辛 かったに違いない。
H4;0x72c8;0x72f0;;;僕がメモを渡すと、円 香は喜び勇んで町まで 出かけていった。
H4;0x72f2;0x7364;;SALTO_CONDICIONAL +11 bytes;キリキリキリ 山中の庵に一人になる と胸の音がやけに気に なった。薬を作っても もう元のような身体に は戻れないかも知れな い。そんな気がしてい た。
H4;0x7366;0x73d5;;;やはり円香は薄々、僕 の身体のことに気がつ いているようだった。 だけどどうにもならず、 悩んでいる。そういう 感じだった。薬を飲ん で命を永らえればいい のだろうか。
H4;0x73d7;0x743c;;;だがいつまで身体が保 てるのか、溶けずにい られるのか想像もつか なかった。 最悪の場合、彼女を殺 さなければならない。
H4;0x7449;0x74c1;;;自分から彼女を失い、 また罪まで犯そうとい うのか。 だが不思議と彼女を失 うことには現実感はな かった。そう、僕は彼 女を失うはずがないの だ。 失ってはならない。
H4;0x74c3;0x74e4;;;殺して、そして生き返 らせればいいんだ。 人形として。
H4;0x74e6;0x7539;;;秘密を共有し、一生離 れることはない。恋人 より何よりも深い関係 になる。 僕はその考えに甘美な 誘惑を覚えた。
H4;0x753b;0x7587;;;町から薬の材料を買っ て円香が戻ってきたの はもう日が暮れる頃だ った。
H4;0x7589;0x75c5;;;「言われたとおり買っ てきたよ。これで元気 になるといいね」 「ずいぶん時間かかっ たね」
H4;0x75c7;0x761f;;;「こんな変なものばか り探させるからだよ、 ほら」 円香は嬉しそうに買っ てきた薬の材料を手渡 すと土間で夕飯の支度 を始めた。
H4;0x7621;0x7681;;;もし僕の身体が普通だ ったら本当に幸せな光 景だったと思う。 なんとかこの幸せを守 りたかった。 僕はすぐに薬の材料を 煎じて飲んでみた。
H4;0x7683;0x76fa;;;すると不思議と力が元 に戻り、胸のゼンマイ の音も消えた。 僕は嬉しくて小躍りし そうになった。その日 の夕飯は始終、笑顔で いられた。 だけど円香は少し寂し い笑顔で言った。
H4;0x76fc;0x772d;;;「一度、家に帰ろうと 思うの。お母さんも心 配していると思うし」
H4;0x772f;0x7777;;;確かにこの庵に来てか らだいぶ長くなる。円 香がそう言うのも無理 なかった。僕はうなず くことしか出来なかっ た。
H4;0x7779;0x77a7;;;「しばらくしたら戻る よ」 円香は続けた。 その言葉を信じたかっ た。
H4;0x77a9;0x7807;;;幾日か過ぎ、身体の調 子は随分と良くなって いた。このまま静かに 暮らしていれば、まだ ゆっくり生きていける と思っていた。
H4;0x7809;0x7879;;;だけど現実は二人だけ ではなかった。もし円 香がこの庵での出来事 を話してしまったらど うなるのだろう。この 薬でも僕が溶けるのを 止めることは出来ない のではないか。
H4;0x787b;0x78c9;;;僕は隣に寝ている円香 を見た。安らかな寝顔 だった。 そっと円香の首筋に手 を当てた。心臓の鼓動 を感じた。
H4;0x78cb;0x78e2;;PREGUNTA (2 opciones) | OPCION -> entrada 57 (cursor 0x78e2) | OPCION -> entrada 58 (cursor 0x7d16);
H4;0x78e2;0x7917;57;;彼女を殺すなんてこと、 出来るはずがない。 僕は彼女との出会いを 思い出した。
H4;0x7919;0x7993;;;「隣、空いてる？」 大学の講堂で席が隣同 士になった。全く面識 がないのに、その言葉 には親しみがこもって いた。次回の授業のと きも隣になった。
H4;0x7995;0x79dd;;;彼女は微笑みかけてく れ、僕も戸惑いながら も返事をした。 それから、その授業が 楽しみになった。
H4;0x79df;0x7a3f;;;それが何度か続いた頃、 彼女の笑顔がどっか遠 くに行ってしまってい た。僕は最初はがっく りしたけれど、すぐに 力になってあげたいと 思った。
H4;0x7a41;0x7ab8;;;彼女も僕を気にしてく れていたのか少し、話 をしてくれた。 父親を亡くしてしまい、 母親と二人だけになっ てしまったこと。 他人に話すことだから、 と続けて彼女は言った。
H4;0x7aba;0x7b2b;;;「人間って、一人にな っちゃうよね」 軽く、気にしないでと いうようにだったけれ ども。僕は答えた。 「僕もじいちゃんしか いないけど、僕と君が 友達になれたら、もう 二人だよ」
H4;0x7b2d;0x7b79;;;僕は何が怖いのだろう。 死ぬことだろうか。 それとも彼女を、全て を失うことだろうか。 僕には分からない。
H4;0x7b7b;0x7bc0;;;分かっていたことはこ のままでは僕が彼女に 言った言葉は嘘になっ てしまう…一人にして しまうということだけ だった。
H4;0x7bc2;0x7bf0;;SALTO_CONDICIONAL +13 bytes;胸が痛んだ。キリキリ キリ  また、音がした。
H4;0x7bf2;0x7c2b;;;やはりあの薬も完全で はないのか。 僕は起き出して水薬を 飲んだ。少しだけ楽に なった。
H4;0x7c2d;0x7c74;;;死ぬのはもっと苦しい ことなのだろう。 そもそも人形は人の身 代わりになるため生ま れたといわれているく らいだ。
H4;0x7c76;0x7cbd;;;たとえば流し雛はその 年の厄災を引き受け、 川に流されるものだ。 なのに人形が人を殺し ては本末転倒だ。
H4;0x7cbf;0x7d10;;;作られたものなら役目 を終えたい。 「…一人にしたくない よ」 僕は呟いていた。円香 が寝言を言ったが聞き 取れなかった。
H4;0x7d12;0x7d16;;SALTO -> entrada 59 (cursor 0x858e);
H4;0x7d16;0x7d68;58;;温かい。 そして細い首を両手で 力一杯絞める。 円香の瞳がかっと見開 かれた。 それでも絞める。 絞める。
H4;0x7d6a;0x7db6;;;「…な…な…んで…」 僕の掌にその声の振動 が伝わって来た。 それでも僕は絞めるの を止めない。
H4;0x7db8;0x7df8;;;「安心して死んでくれ。 すぐに生き返らせてあ げるから。僕と一緒に ずっと、ずっと」
H4;0x7dfa;0x7e3e;;;円香は絶望の瞳で僕を 見据え、苦しさの余り 涙を流し、よだれをた れ流しながらも必死に 空気を求めた。
H4;0x7e40;0x7e9a;;;円香の手が僕の絞める 手を必死に引き離そう としたが、僕の手は不 思議と万力のように固 くしまり、断末魔の力 に打ち勝った。
H4;0x7e9c;0x7ed6;;;数分の後、円香は動か なくなった。それでも 僕は手を放そうとはし なかった。
H4;0x7ed8;0x7f0f;;;「これで君は僕のもの だ」 円香の体温がだんだん と失われていくのを掌 で感じた。
H4;0x7f11;0x7f4c;;;放した後も手は首を締 める形で固まってしま い、しばらく握ること は出来なかった。
H4;0x7f4e;0x7fc5;;;僕はすぐにでも人形作 り、いや、反魂の術を 行うのに必要な部品を 円香から取り外す作業 を始めるつもりだった。 だが、作業を始めてし まえば彼女には会えな くなってしまう。
H4;0x7fc7;0x7ff3;;;それは寂しかった。 そこで少し考え、デス マスクを取ることにし た。
H4;0x7ff5;0x805f;;;人形作りに使う石こう を使い、死体の顔に押 しつけて型を取ったの だが、今の円香の死に 顔は苦悶に満ち、僕を 見守る円香の顔にはふ さわしくなかった。
H4;0x8061;0x80bc;;;そこで指で微笑みを作 ろうと死に顔を直した が、僕を元気付けてく れたあの微笑みはどう しても出来なかった。 そこである程度で止め ておいた。
H4;0x80be;0x8102;;;どうせ生き返ればまた あの笑顔に会えるのだ から。僕はデスマスク を取り、作業に取り掛 かった。
H4;0x8104;0x8150;;;季節はもう冬になって いた。人形を作る作業 は大変だったが、円香 のデスマスクに励まさ れ、やり通すことがで きた。
H4;0x8152;0x81a7;;;竹林を分け入り、山の すそに広がる荒れ野に 至る。 枯れ立ったままのすす きと風に倒れた野の草 とわずかに残った細雪 だけ。
H4;0x81a9;0x8224;;;荒れ野のただ中に、僕 が作った枯れ草の山が ある。 その山の中には僕が作 り上げた人形が横たわ っている。 この火をつけて焼き上 がればあとは反魂の術 を施すだけである。
H4;0x8226;0x82a0;;;もうすぐ彼女を生き返 らせられる。 僕はマッチをこすり、 枯れ葉の山に放り投げ た。 一瞬にして表面に火が 回り、火の粉が舞い上 がる。
H4;0x82a2;0x8316;;;火は炎となり、天を焦 がさんと大きく燃え上 がっていた。 そして持ってきていた デスマスクを炎の中に 投げ入れた。もう用の 無いものだった。 僕は炎に背を向けた。
H4;0x8318;0x8383;;;火は二時間ほどで自然 に消えた。 白い煙がわずかに立ち 上っていた。 丁寧に灰をどけると、 不思議ときれいな円香 の微笑んだ顔が見つか った。
H4;0x8385;0x8403;;;僕は思わず微笑み返し た。 やはりこの半年もの間、 円香に会えず、本当に 孤独だったのだと感じ た。もうこれからは離 れはしない。ともにゼ ンマイの寿命が来るま で一緒にいよう。
H4;0x8405;0x8470;;;そう、涙した。 だが、その時、灰の中 から突然腕が飛び出し、 ものすごい力で僕の首 を掴んだ。 そのままの勢いで円香 は起き上がると僕を地 面に叩き付けた。
H4;0x8472;0x84c5;;;「な…んで…」 円香は微笑んだままだ った。 円香の手は僕の首をね じ切ろうとして絞まっ た。 「なぜわたしを殺した の」
H4;0x84c7;0x854c;;;そして円香の顔が割れ た。 その奥からは本当の顔、 異形の世の憎しみ、恨 みつらみが凝縮した醜 い顔が現れた。 キリキリキリキリキリ 再び僕の耳に聞こえて きた。
H4;0x854e;0x8581;;;一つは僕の胸から…一 つは彼女の胸から。 僕は無間の闇の中に包 まれていった。
H4;0x858e;0x85ed;59;;翌朝、円香は帰り支度 を始めた。僕は止める ことは出来なかった。 すぐ帰ってくるからと 言ってくれたけれど僕 の気持ちの中では永遠 の別れだった。
H4;0x85ef;0x862f;;;引き留めたかった。 だけど僕にはその方法 が思い浮かばなかった。 このままでは僕は一人 になってしまう。
H4;0x8631;0x869f;;;円香はバッグ一つだけ の軽装で土間に降り立 った。 「じゃ、お母さんを安 心させたら戻ってくる から」 僕を安心させるためか 朝から何度となく繰り 返していた。
H4;0x86a1;0x86d8;;PREGUNTA (2 opciones) | OPCION -> entrada 60 (cursor 0x86d8) | OPCION -> entrada 61 (cursor 0x87ab);僕は声をかけた。 １．行ってらっしゃい ⇒[60] ２．行かないで欲しい ⇒[61]
H4;0x86d8;0x8700;60;;「じゃあ、いってらっ しゃい」 僕は笑顔を作って送り 出した。
H4;0x8702;0x874b;;;キリキリキリ 胸が締め付けられる。 慌てて水薬を飲んだ。 だが、それはあまり役 に立たなかった。
H4;0x874d;0x8774;;;僕はこのまま死んでし まうのだろうか。
H4;0x8776;0x87a5;;;居ても立ってもいられ なくなり、僕は慌てて 円香を追いかけた。
H4;0x87a7;0x87ab;;SALTO -> entrada 62 (cursor 0x88be);
H4;0x87ab;0x880f;61;;「行かないで欲しい」 僕はのどの奥からやっ との思いでそれだけを 言った。 円香は慌てたような、 戸惑ったような表情を 見せると僕の肩を叩い た。
H4;0x8811;0x885e;;SALTO_CONDICIONAL +11 bytes;「何を心配しているの よ。浮気なんてしない わよ」 違うんだ。 キリキリキリ 僕は心の中で震えた。
H4;0x8860;0x888c;;;僕の体はいつどうなる か分からないんだ。 円香は苦笑いして表に 出た。
H4;0x888e;0x88b8;;;僕はいても立ってもい られなくなり、円香を 追いかける。
H4;0x88ba;0x88be;;SALTO -> entrada 62 (cursor 0x88be);
H4;0x88be;0x8905;62;;「どうしたの」 不思議そうに円香は僕 を見る。僕は息を切ら せながら言った。 「送っていくよ」 彼女の荷物をとった。
H4;0x8907;0x891e;;;「いいよ、体調悪いの に」
H4;0x8920;0x8953;;;「だめだめ、持たせて よ」 「やっぱりいいよ」 円香は笑って荷物を奪 い返した。
H4;0x8955;0x8959;;SALTO -> entrada 63 (cursor 0x8959);
H4;0x8959;0x898e;63;;でも、僕はやっぱり荷 物を持ってあげた。 最初の頃の二人に戻っ たようで嬉しかった。
H4;0x8990;0x89ea;;;そしてそのまま僕は彼 女の斜め後ろを歩いた。  白く、細い首筋。  折ることが出来そうな 気がした。
H4;0x89ec;0x8a4e;;;「ね、久しぶりだね。 　こうやって歩くの」 円香は振り返り、僕の 顔を見た。 「そ、そうだね、こっ ちに来てから、二人で 外に出てないものね」
H4;0x8a50;0x8ab5;;;僕はうつむいた。そう なんだ。このままこう やっていたかった。 「いつまでこうやって いられるんだろうね」 「君が望めば、いつま でも」 僕は自然とその言葉を 口にしていた。
H4;0x8ab7;0x8ac3;;;いつまでも。
H4;0x8ac5;0x8b0d;;;人形でありさえすれば、 そして秘密が破れなけ れば僕らは永遠ともい える命を手にいれられ るのかも知れない。
H4;0x8b0f;0x8b84;;;「ずっと一緒にいたい ね」 その言葉は、修羅の入 り口だった。 僕は円香の荷物をその 場に落とした。 「どうしたの」 不思議がる円香に僕は 襲いかかった。
H4;0x8b86;0x8bf6;;;「や、やめて」 円香はもがいたが、僕 の首を絞める手は外れ ない。僕は外さない。 「ずっと一緒にいよう」 円香は肺の底から絞り 出すような声で言った。
H4;0x8bf8;0x8c47;;;「そんなの…嘘よ」 僕はその言葉に殴られ たような衝撃を受けた。 その拍子に円香は僕の 腕から逃げ出し、走り 出した。
H4;0x8c49;0x8c8b;;PREGUNTA (2 opciones) | OPCION -> entrada 64 (cursor 0x8c8b) | OPCION -> entrada 65 (cursor 0x9058);僕は円香を見て思った。 １．このままでいよう ⇒[64] ２．円香を追う ⇒[65]
H4;0x8c8b;0x8ce1;64;;このままでいよう。 僕は自分の浅ましさに 気がついた。 確かに円香を人形とし て生き返らせることは できるのかも知れない。
H4;0x8ce3;0x8d57;;;だけど、それは僕が知 っている、そして好き な円香ではなくなって いるかも知れない。 僕は一人で庵に戻った。 円香は警察を呼んでく るかも知れない。その 時は…覚悟を決めるだ けだ。
H4;0x8d59;0x8dcb;;;僕は縁側で夕日を見な がら今までの短い人生 を思い出していた。 父さんも母さんも事故 で死んでしまって、じ いちゃんに育てられて …それはそれでよかっ たのかな。
H4;0x8dcd;0x8e16;;;本物の僕はたぶんあの 時の事故で死んでしま ったんだろう。 そしてじいちゃんが僕 を作ってくれた。
H4;0x8e18;0x8e47;;;あんまりうまくいかな かったよ。あのまま死 んでいた方が良かった のかもしれない。
H4;0x8e49;0x8ea5;;;夕日が沈む。 夕焼けがきれいだ。 でも円香に会えたもの な。彼女に会えて本当 に良かった。でも、僕 は自分から彼女を手放 してしまった。
H4;0x8ea7;0x8ed7;;;もう、体が思うように 動かない。 よかった、こんなとこ ろを円香に見られなく て。
H4;0x8ed9;0x8f14;;;キリキリキリキリキリ  キリキリキリキリキリ  キリキリキリキリキリ
H4;0x8f16;0x8f80;;;だんだん音が大きくな ってきた。 そっか、もう、終わる んだな。 僕は自分の手を見た。 もう、肉が溶けて骨だ けになっていた。 不思議と苦しくない。
H4;0x8f82;0x8fa3;;;僕はもとの、ただの物 に戻るんだ。 僕は目を閉じた。
H4;0x8fa5;0x8ff8;;;「駄目、まだだよ」 僕はその声に目を開け た。 円香が、戻ってきてく れた。 「こんなところを…見 ないでくれ」 「いいからこれを飲ん で」
H4;0x8ffa;0x9052;;;円香は水薬を僕に渡し た。僕は言われるまま にそれを飲んだ。 すると溶けるのも、き しむ音もなくなった。 「なんで僕は助かった んだろう」
H4;0x9054;0x9058;;SALTO -> entrada 69 (cursor 0x9cf4);
H4;0x9058;0x90f2;65;;逃がすわけにはいかな い。僕は走って追う。 隣の民家まで走っても 五分はかかる。下り坂 だが息が続くかどうか。 だが円香も必死だった。 なかなか追いつけない。 僕は竹林の中を先回り することにした。
H4;0x90f4;0x913f;;;ここは僕の庭だ。道を 通るよりずっと早く着 ける。僕は途中の作業 小屋からナタを取り、 斜面を駆け降りた。
H4;0x9141;0x916d;;;僕は竹林の出口に躍り 出る。 通った気配は無い。
H4;0x916f;0x91a9;;PREGUNTA (2 opciones) | OPCION -> entrada 66 (cursor 0x91a9) | OPCION -> entrada 67 (cursor 0x975f);まだ円香は抜け出てい ないと思われた。 １．坂を上る ⇒[66] ２．ここで待つ ⇒[67]
H4;0x91a9;0x922f;66;;僕は坂を駆け上がった。 緩やかなカーブを走り 抜けると、円香の姿が 見えた。 円香は僕の姿を見つけ ると、一時戸惑いを見 せたが、すぐに竹林の 中に逃げ込んだ。
H4;0x9231;0x929f;;;青々とした竹が林立す る中を円香は走ってい く。 無駄だよ。僕の方が馴 れている。 そっちの方は急斜面だ よ。 円香は全力で走ってい く。
H4;0x92a1;0x9304;;;斜面に気がつき、一且 僕の方を振り向いた。 そして思い切って斜面 を滑り降りていった。  僕も追う。  下は渓谷だ。
H4;0x9306;0x9359;;;円香は擦り傷だらけに なりながら立ち上がっ た。 だが、僕のほうが早い。 斜面を駆け降り、円香 の前に立ちふさがる。
H4;0x935b;0x939e;;;「もう、逃げられない よ」 円香は観念したのか、 じっと僕を見据えた。 「ねぇ辰貴くん、聞い て」
H4;0x93a0;0x93f8;;;何を聞くというのだろ う。僕が人形というこ とか。その前に、彼女 を殺さなければならな い。さもなければ僕は 溶けてしまうのだから。
H4;0x93fa;0x9427;;;「聞いてよ…」 僕はナタを振り上げる。 これなら間違いない。
H4;0x9429;0x94bb;;;力任せに振り降ろす。 円香はその場にしゃが み込み、僕を見上げた。 「お願いだから聞いて よ！」 円香はあらん限り声を 張り上げた。
H4;0x94bd;0x94e3;;;泣いていた。 大粒の涙を流していた。 僕が泣かせていた。
H4;0x94e5;0x953e;;SALTO_CONDICIONAL +11 bytes;「わたし、あなたの秘 密、知っているのよ、 だから…だから助けた いのよ！」  キリキリキリ 知っている。
H4;0x9540;0x959b;;SALTO_CONDICIONAL +11 bytes | SALTO_CONDICIONAL +13 bytes;キリキリキリ 胸の音が強くなり、胸 が生き物のようにばく ばくと盛り上がった。 キリキリキリ
H4;0x959f;0x9601;;;左手の指の先が熱くな るのを感じた。見てみ ると、肉が溶け、骨が 見えていた。  ナタを持つことも出来 なくなり、自然に落と した。
H4;0x9603;0x9657;;SALTO_CONDICIONAL +11 bytes;キリキリキリ 「大丈夫、誰にも話し ていないから、まだ、 間に合うから！」 円香は立ち上がり、僕 を抱いた。
H4;0x9659;0x96c2;;;温かかった。 柔らかかった。 僕の幸せの全てが胸の 中にあった。 不思議と胸の音は落ち 着き、肉の融解も右肘 までで止まった。
H4;0x96c4;0x96ef;;;円香は僕の耳元で優し くささやいた。  「わたしの話を、聞い て」
H4;0x96f1;0x9759;;;庵に戻り、急いで薬を 飲んだ。ようやく落ち 着いたようだった。も ちろん円香も一緒だっ た。我に返ると、どう してあんなことをした のか悔やまれた。
H4;0x975b;0x975f;;SALTO -> entrada 69 (cursor 0x9cf4);
H4;0x975f;0x9799;67;;僕は待ちかまえる事に した。だが、いつまで 経っても円香が坂を下 ってくることはなかっ た。
H4;0x979b;0x97eb;;;僕は業を煮やし、坂を 駆け上った。 竹林の中に円香の姿を 見つけた。
H4;0x97ed;0x9845;;;僕は一目散に円香めが けてダッシュした。 だが、次の瞬間、足に 何かが引っかかり、僕 は意識を失った。
H4;0x9847;0x98a2;;;消えゆく意識の中で、 そういえば子供の頃、 こうやって罠を作って 遊んだことを思い出し た。 さすがは円香… 侮れなかった。 がく。
H4;0x98a4;0x98a8;;SALTO -> entrada 68 (cursor 0x98a8);
H4;0x98a8;0x992c;68;;気がつくと僕は蔵の中 にある工房の作業台の 上に縛り付けられてい た。 円香は『天老記』と水 晶の瞳を持ってなにや ら工具を手にしていた。 隣に誰かまだ寝かせら れていた。
H4;0x992e;0x99a4;;;七歳の僕の体だった。 「あ、気がついた？」 「円香、何をするつも りなんだ？」 起きあがろうと努力し たが駄目だった。 「心配しないで。これ から魂を移し替える手 術をするんだから」
H4;0x99a6;0x9a0d;;;一体、どういうことだ。 「ごめんなさい。わた し、『天老記』を辰貴 くんより先に読んでし まったの。あなたが布 団を焼いているとき、 ちょっと気になって」
H4;0x9a0f;0x9a82;;;そういえば円香は日文 の古典文学専攻だ。僕 みたいに苦労しなくて も読めるはずだ。 「あのおじいさんのメ モを見て、すごく、悩 んだ。わたしが知らな ければって…読んだこ とを悔やんだ」
H4;0x9a84;0x9aef;;;そうだったのか。だか ら円香はずっと庵にい てくれたのか。 「キリキリって音が聞 こえて、確信したの。 でも、言えなかった。 理由は分かっていたけ ど、だから」
H4;0x9af1;0x9b14;;;僕はうなだれた。彼女 はじっと僕を見守って くれていたんだ。
H4;0x9b16;0x9b87;;;「わたしも辰貴くんの 目を盗んで『天老記』 を読んで、そして蔵の 中を探検もしたの。 それでね、方法を見つ けたの。あなたが助か る方法を」
H4;0x9b89;0x9bfb;;;円香はいつものように 悪戯っぽく笑った。 「その他の方法がない かと思って調べに東京 に戻ろうとしたけれど、 君も強硬手段にでちゃ ったしね。 ま、私の手腕に期待し て。
H4;0x9bfd;0x9c3f;;;分かっていると思うけ れど、蔵にあった子供 のときの辰貴くんの身 体に、今の辰貴くんの 心を移すの。
H4;0x9c41;0x9c78;;;そうすればわたしは辰 貴くんの造り主になる し、辰貴くんは秘密を 共有するんだから。
H4;0x9c7a;0x9ce7;;;そのうち、もとの身体 も作ろうよ」 円香、君には負けた。
H4;0x9cf4;0x9d4e;69;;円香は大きく深呼吸す ると僕に言った。 「辰貴くんの作ったの よりは効くようね。 しばらくはもつわ」 円香は僕に事情を説明 した。
H4;0x9d50;0x9da3;;;「ごめんなさい。わた し、『天老記』を辰貴 くんより先に読んでし まったの。あなたが布 団を焼いているとき、 ちょっと気になって」
H4;0x9da5;0x9e18;;;そういえば円香は日文 の古典文学専攻だ。僕 みたいに苦労しなくて も読めるはずだ。 「あのおじいさんのメ モを見て、すごく、悩 んだ。わたしが知らな ければって…読んだこ とを悔やんだ」
H4;0x9e1a;0x9e7c;;;そうだったのか。だか ら円香はずっと庵にい てくれたのか。 「キリキリって音が聞 こえて、確信したの。 でも、言えなかった。 理由は分かっていたけ ど、だから」
H4;0x9e7e;0x9ea1;;;僕はうなだれた。彼女 はじっと僕を見守って くれていたんだ。
H4;0x9ea3;0x9f1f;;;「わたしもあなたの目 を盗んで『天老記』を 読んで、そして蔵の中 を探検もしたの。 それでね、方法を見つ けたの。 あなたが助かる方法を」
H4;0x9f21;0x9f83;;;ボクはアパートでお姉 ちゃんの帰りを待った。 今日はコンパがあると かで遅くなるとのこと だった。あんまり飲ま ないといいなぁ。
H4;0x9f85;0x9ff9;;;時計の針が十時を過ぎ た頃、お姉ちゃんは友 達に抱えられながら帰 ってきた。 あーあぐてんぐてんだ。 「あれ、円香に弟なん ていたっけ」
H4;0x9ffb;0xa059;;;お姉ちゃんの友達がボ クを見下ろして言った。 「はじめましてー」 ボクはにかりと笑った。 かーわいーと誉めても らった。 「なーに思い上がって いるんだか」
H4;0xa05b;0xa0ca;;;僕はお姉ちゃんにごつ んとやられた。 「大丈夫そうね。彼氏 がいなくなって落ち込 んでいると思ったけど、 もう大丈夫かな」 それだけ言ってお姉ち ゃんの友達は帰ってい った。
H4;0xa0cc;0xa100;;;「落ち込むわけないよ ね」 円香はボクの頭を優し くなでた。 「二人、なんだから」
H4;0xa102;0xa1b2;;;「それはね、蔵にあっ た子供のときの辰貴く んの身体に今の辰貴の 心を移すの。そうすれ ばわたしとあなたは秘 密を共有するんだから。 そのうち、もとの身体 も作ろうよ」
H4;0xa1bf;0xa230;70;;「秘めたる法術、すな わち、則を越えて永ら える命。九重の祖、其 を見いだすも神隠しに 遭う。再び現れた時、 既に人に非ず。 それに至るは秘宝なり」
H4;0xa232;0xa27d;;;『天老記』を僕はぱら ぱらとめくった。気に なる一節に僕は目を止 めた。  永遠の命、秘宝か。
H4;0xa27f;0xa2da;;PREGUNTA (2 opciones) | OPCION -> entrada 71 (cursor 0xa2da) | OPCION -> entrada 72 (cursor 0xa4a8);だが僕が求めているの は秘宝ではなく、じい ちゃんの死の謎だ。 １．死の謎を調べる ⇒[71] ２．だけど秘宝も気にな 　る ⇒[72]
H4;0xa2da;0xa35f;71;;じいちゃんの死の謎を 確かめるために『天老 記』を読みはじめた。 『天老記』には代々の 九重が人形作りに費や した技術、失敗、成功 が記されていた。 その中に、こんな一文 があった。
H4;0xa361;0xa3a7;;;「人形、造られし人の 素性明かされし時、反 魂の術破れ、其も己も 溶け失せん」
H4;0xa3a9;0xa41c;;;造られし人、つまり九 重が作った人形のこと だと思われるが、それ は正体を明かされると、 反魂の術が破れてしま い、自分も造った者も 溶け失せてしまう、と いうことだ。
H4;0xa41e;0xa49c;;;反魂の術というのは死 者を甦らせる呪法だ。 じいちゃんは造った人 だったのか、それとも 人形だったのか。 飛び出してきたゼンマ イのことを考えると人 形だったのかも知れな い。
H4;0xa49e;0xa4a8;;SALTO -> entrada 73 (cursor 0xa5ef);
H4;0xa4a8;0xa507;72;;だけど秘宝のことも気 になった。時を越えて 永らえる命、とは不老 不死のことに違いない。 順を追って読んでいく と経文のような部分に ぶつかった。
H4;0xa509;0xa540;;;しばらく考えていたが、 よくよく前後を読むと 反魂の術 を説明していると分か った。
H4;0xa542;0xa582;;;反魂の術とは死者を蘇 らせる呪文のことだ。 これを可能にするには 砒霜というものが必要 らしい。
H4;0xa584;0xa5e9;;;これが秘宝なのだろう か。だがこれがあのじ いちゃんの死とどうい う関係があるのだろう か。じいちゃんがこれ を僕に渡したというこ とは何か関係があるに 違いない。
H4;0xa5eb;0xa5ef;;SALTO -> entrada 74 (cursor 0xa9b1);
H4;0xa5ef;0xa650;73;;翌朝、僕らは庭にじい ちゃんの墓を作り、二 人で手を合わせた。 「やっと落ち着いたよ。 ありがとう」 僕は彼女に言った。
H4;0xa652;0xa6c0;;;彼女は僕を見上げると 首をわずかに横に振っ た。 「ううん、大変だった のは辰貴くんの方だよ」 そうかも知れないけど。 目を伏せるとじいちゃ んの死に様を思い出し てしまう。
H4;0xa6c2;0xa718;;;じいちゃんはもともと 死んでいたのか。自然 の摂理に逆らったから あんな死に方をしたの か。それにしたってひ どすぎる。
H4;0xa71a;0xa77b;;;「大丈夫、わたしがつ いているからさ」 ぽん、と肩に手を乗せ る円香。 僕は笑って見せた。 円香は嬉しそうに目を 細めた。そして話を変 えるように言った。
H4;0xa77d;0xa7c3;;;「ね、奥に蔵があるん だね」 「じいちゃんの工房さ。 僕は一度も入れてもら えなかったなぁ」
H4;0xa7c5;0xa818;;;僕は目を閉じた。厳し かった顔のじいちゃん が思い浮かぶ。蔵には 鍵はなかったが、開け られなくて入れなかっ た覚えがある。
H4;0xa81a;0xa871;;SALTO_CONDICIONAL +11 bytes;キリキリキリ 胸が痛んだ。  「やっぱり蔵の中を調 べないと駄目なのかな」
H4;0xa873;0xa89a;;;じいちゃんの死の謎を 明らかにするまで、僕 は戻る気はなかった。
H4;0xa89c;0xa901;;;「本にはなんて書いて あったの？」 「まだ読み終わっては いないんだけど、信じ られないようなことば かりさ」 ふーん、と円香は分か ったような顔で僕をの ぞき込んだ。
H4;0xa903;0xa948;;;「どうあれさ、わたし は辰貴くんにつきあう から」 全く頼もしい限りだ。 僕は自然と顔がゆるむ のを感じた。
H4;0xa94a;0xa9b1;;PREGUNTA (2 opciones) | OPCION -> entrada 75 (cursor 0xad1a) | OPCION -> entrada 76 (cursor 0xae4f);僕らは庵に戻った。 しかし蔵に入る前に準 備するか秘宝のことを 調べるかしたい。 １．秘宝のことを調べる ⇒[75] ２．倉に入る準備をする ⇒[76]
H4;0xa9b1;0xaa11;74;;翌朝、僕らは庭にじい ちゃんの墓を作った。 じいちゃんの残骸を埋 め終え、僕と円香はじ いちゃんの墓に手を合 わせていた。
H4;0xaa13;0xaa34;;;「やっと落ち着いたよ。 ありがとう」 僕は彼女に言った。
H4;0xaa36;0xaaa4;;;彼女は僕を見上げると 首をわずかに横に振っ た。 「ううん、大変だった のは辰貴くんの方だよ」 そうかも知れないけど。 目を伏せるとじいちゃ んの死に様を思い出し てしまう。
H4;0xaaa6;0xaad3;;;「大丈夫、わたしがつ いているからさ」 ぽん、と肩に手を乗せ る円香。
H4;0xaad5;0xab07;;;僕は笑って見せた。 円香は嬉しそうに目を 細めた。そして話を変 えるように言った。
H4;0xab09;0xab78;;;「ね、奥に蔵があるん だね」 「うん、じいちゃんの 工房さ。僕は一度も入 れてもらえなかったけ どね」 僕は目を閉じた。厳し かった顔のじいちゃん が思い浮かぶ。
H4;0xab7a;0xabe0;;;蔵には鍵はなかったが、 どうしても開けられな かった覚えがある。 胸が痛んだ。 「蔵の中を調べた方が いいのかな」
H4;0xabe2;0xac09;;;じいちゃんの死の謎を 明らかにするまで、僕 は戻る気はなかった。
H4;0xac0b;0xac56;;;不老不死の術を知って いたのにあんなことに なるなんて。 「つきあってくれるか い」 「もっちろん。辰貴く んのためならね」
H4;0xac58;0xacde;;;円香はオーバーに腕ま くりをして応えた。 全く頼もしい限りだ。 僕は自然と顔がゆるむ のを感じた。僕らは庵 に戻った。しかし蔵に 入る前に準備するか、 『天老記』をもっと調 べるかしたい。
H4;0xace0;0xad1a;;PREGUNTA (2 opciones) | OPCION -> entrada 77 (cursor 0xafcd) | OPCION -> entrada 76 (cursor 0xae4f);どちらにしようか？ １．死の謎を調べる ⇒[77] ２．倉に入る準備をする ⇒[76]
H4;0xad1a;0xad7c;75;;秘宝のことが気になっ た。時を越えて永らえ る命、とは不老不死の ことに違いない。 順を追って読んでいく と経文のような部分に ぶつかった。
H4;0xad7e;0xadd6;;;しばらく考えていたが、 よくよく前後を読むと 反魂の術を説明してい ると分かった。 これを可能にするには 砒霜というものが必要 らしい。
H4;0xadd8;0xae49;;;やはりこれが秘宝の事 だろうか。人形に魂を 与え、その術の秘密が 明らかになると術者も 人形も溶けてしまうよ うな不老不死があるの だろうか。よほど不完 全に思われる。
H4;0xae4b;0xae4f;;SALTO -> entrada 78 (cursor 0xb17f);
H4;0xae4f;0xaecb;76;;僕は蔵に入る準備をす ることにした。 準備といっても大した ことではない。懐中電 灯くらいだろう。あと は『天老記』とじいち ゃんの水晶の瞳か。 水晶の瞳をじっと見て みる。
H4;0xaecd;0xaf41;;;瞳孔と虹彩が精巧に彫 刻されていて、本物そ っくりだ。握っている と潰れるかと思うほど だが、実際は硬い。 よく見てみると虹彩の ところに文字が彫られ ていた。
H4;0xaf43;0xaf67;;;九重清将　三番最終型 大正十五年制作
H4;0xaf69;0xafc1;;;…じいちゃんはやっぱ り人形だったのか。本 物のじいちゃんは生き ているのだろうか。 僕は手が震えて瞳を落 としそうになった。
H4;0xafc3;0xafcd;;SALTO -> entrada 78 (cursor 0xb17f);
H4;0xafcd;0xb040;77;;じいちゃんの死の謎を 確かめるために『天老 記』を読みはじめた。 代々の九重が人形作り に費やした技術、失敗、 成功などが記してある。 その中に、目的の一文 があった。
H4;0xb042;0xb083;;;「人形、造られし人の 素性明かされし時、反 魂の術破れ、其も己も 溶け失せん」
H4;0xb085;0xb0f2;;;造られし人、つまり九 重が作った人形のこと だと思われるが、それ は正体を明かされると、 反魂の術が破れてしま い、自分も造った者も 溶け失せてしまう、と いうことだ。
H4;0xb0f4;0xb173;;;反魂の術というのは死 者を甦らせる呪法だ。 じいちゃんは造った人 だったのか、それとも 人形だったのか。 飛び出してきたゼンマ イのことを考えると人 形だったのかも知れな い。
H4;0xb175;0xb17f;;SALTO -> entrada 78 (cursor 0xb17f);
H4;0xb17f;0xb1eb;78;;「ねぇもう蔵に入ろう よ」 円香に言われてようや く我に返った。 「そうだね、入ろう」 僕は円香に言われるが ままに入ることにした。 まだショックが大きい のかなと思う。
H4;0xb1ed;0xb25c;;;分厚い鉄の扉。 格子状のしっくい壁。 僕らは蔵の前に立った。 高いところに窓がある ところを見ると二階も あるのだろう。 作られたのは江戸時代 だろうか。
H4;0xb25e;0xb2cc;;;「じいちゃん、入りま す」 二人しておじぎをして 扉の取っ手に手を掛け る。 引っ張ること数分、し かしながらびくともし ない。汗だくになって ひと休みする。
H4;0xb2ce;0xb315;;;「おっかしいなぁ、鍵 穴もないしなあ」 「よく調べようよ」 円香は額の汗を拭いな がら、扉の回りを眺め ていた。
H4;0xb317;0xb353;;PREGUNTA (2 opciones) | OPCION -> entrada 79 (cursor 0xb353) | OPCION -> entrada 80 (cursor 0xb660);僕は少し考えた。 １．よく調べる ⇒[79] ２．二階の窓をのぞく ⇒[80]
H4;0xb353;0xb3a8;79;;扉をよく調べてみると 取っ手にピンポン玉く らいの大きさのくぼみ を見つけた。 「えーと、よくあるパ ターンだと…」 僕は考えた。
H4;0xb3aa;0xb3e2;;;そう言えばとポケット からじいちゃんの水晶 の瞳を取り出すとその くぼみに入れてみた。
H4;0xb3e4;0xb42c;;;ギギギギギ 扉はすごい音を立てて 開き、僕らを招いた。 僕らは顔を見合わせ、 まずは僕から入った。
H4;0xb42e;0xb4a3;;;ひんやりした空気とか びの臭いが鼻をつく。 「大丈夫？」 心配そうな声で円香が きいてくる。僕は小さ くうなずく。続けて猫 のような足取りで円香 はついてきた。
H4;0xb4a5;0xb529;;;ギィィィ、バタン 扉は急にしまってしま い、僕らの視界は闇に 閉ざされた。 「わ！　ど、どうした の？」 「うーん、何も見えな いね」
H4;0xb52b;0xb57c;;;「え、もー、やだーこ わいー」 僕は手探りで扉に体当 たりを試みた。駄目だ。 開かない。もう一度や ってみる。
H4;0xb57e;0xb5a3;;;いててて。 僕は扉に跳ね返され、 しりもちをついてしま った。
H4;0xb5a5;0xb60a;;;が、冷たい床の代わり に、手と背にむにゅっ としたものを感じた。 こっ、これはもしかし て… 「早くおりて、重い」 かなり円香の声のトー ンが下がっている。
H4;0xb60c;0xb660;;PREGUNTA (2 opciones) | OPCION -> entrada 83 (cursor 0xba6d) | OPCION -> entrada 84 (cursor 0xbb80);「ごめん」 だけどもうちょっとこ うしていたいような気 もする。 １．すぐにどく ⇒[83] ２．もう少しこのままで 　… ⇒[84]
H4;0xb660;0xb6d4;80;;二階の窓をのぞいてみ よう。もしかしたら入 れるかも知れない。 僕は庵に立てかけられ ていたハシゴを使って 二階の明かり窓へ上っ た。下で押さえている 円香が言う。
H4;0xb6d6;0xb743;;;「気をつけてよねー」 「分かっているよ」 上り切り、僕は鉄格子 にガラスの入った窓を 覗き込んだ。窓を壊し て入れそうにない。中 は暗く、ほこりと汚れ で何も見えなかった。
H4;0xb745;0xb761;;;あきらめて下りようと したとき、何か音がし た。
H4;0xb763;0xb7ad;;PREGUNTA (2 opciones) | OPCION -> entrada 81 (cursor 0xb7ad) | OPCION -> entrada 82 (cursor 0xb8c6);キリキリキリ 何の音だろう。 １．あの時の音だ ⇒[81] ２．ハシゴのきしむ音か 　？ ⇒[82]
H4;0xb7ad;0xb823;81;;これはじいちゃんが発 していたあの音だ。 この中に、まだ人形が いるのか。 もしじいちゃんみたい な精巧な人形なら話も 聞けるに違いない。 僕は震える足でハシゴ から下りた。
H4;0xb825;0xb88b;;;「何か分かった？」 円香は興味深げに僕に 聞いてきた。 「うん、中から何か音 がしたよ。もしかした ら誰かいるのかもね」 「え、この中に？」 「もしかしたらね」
H4;0xb88d;0xb8c0;;;僕はあらためてこの中 に入りたくなった。も う一度落ち着いて扉を 調べることにしよう。
H4;0xb8c2;0xb8c6;;SALTO -> entrada 79 (cursor 0xb353);
H4;0xb8c6;0xb93d;82;;こっ、これはもしかし てハシゴがきしむ音で はないか。ハシゴとい っても竹を組み合わせ たやつだから、どこか ゆるんでいるのでは… 下を見ると円香が必死 にハシゴを押さえてい る。
H4;0xb93f;0xb97c;;;だが、ハシゴは左右に 揺れ始めた。 「おおおお」 僕は声にならない声を あげる。
H4;0xb97e;0xb9b2;;;「だめーっ。押さえき れないっ、飛び降りて ぇぇ」 円香は悲鳴を上げる。
H4;0xb9b4;0xba1d;;;南無三、と僕はハシゴ から飛び降りる。 落下。 うまく着地。 かかとから脳天までジ ーンと来る。 わわわわとアゴまで震 えてしまう。 「大丈夫？」
H4;0xba1f;0xba67;;;心配そうに円香がきい てくる。 「だだだっ大丈夫」 僕はしばらく休んでか ら、もう一度扉を調べ ることにした。
H4;0xba69;0xba6d;;SALTO -> entrada 79 (cursor 0xb353);
H4;0xba6d;0xbac3;83;;僕はすぐに円香の上か らどいた。 「このスケベ」 「わざとじゃないよ」 「しーらない」 「そんなあ」 「いいから早く懐中電 灯つけてよ」
H4;0xbac5;0xbb10;;;僕はがさごそとポケッ トを探した。 今は何より円香の怒り が怖かった。 その瞬間、耳元で音が した。
H4;0xbb12;0xbb7a;;;バサバサバサ 「いゃーっ、なんなの よもーうこれ。早く、 早くつけてよー」 懐中電灯のスイッチを 入れ、僕らの周りを飛 ぶ物体に光を向けた。
H4;0xbb7c;0xbb80;;SALTO -> entrada 85 (cursor 0xbc7d);
H4;0xbb80;0xbbe2;84;;もうすこしこのままで 円香の感触を楽しんで いたいような気もする し… 「もう、重いじゃない っ！」 かなりご立腹のようだ。 僕は慌てて飛び退いた。
H4;0xbbe4;0xbc41;;;円香はいきなり僕を平 手打ちした。 「いっ、痛い」 「当然よ」 バサバサバサ どこかから羽音がした。 「な、なんなのーっ」
H4;0xbc43;0xbc77;;;僕は懐中電灯のスイッ チを入れて、僕らの周 りを飛ぶ物体に光を向 けた。
H4;0xbc79;0xbc7d;;SALTO -> entrada 85 (cursor 0xbc7d);
H4;0xbc7d;0xbcef;85;;「なんだ？」 それは光を浴びせられ ると逃げるようにして 正面に留まった。 円香はびくびくしなが ら起き上がった。 円香も自分の懐中電灯 をつける。
H4;0xbcf1;0xbd64;;;「オウムだ」 両わきは仕切り板で区 分けされていて奥にま だ続いていた。その前 にオウム用の台が置か れていた。 まるでオウムは僕らの 行手を阻むようだった。
H4;0xbd66;0xbda6;;;僕は調べようと一歩前 に踏み出した。 するとオウムの口がく わっと開いた。
H4;0xbda8;0xbe01;;;「この蔵に踏み込まん とするは九重の血族か。 さもなければ立ち去る がよし。立ち去らねば 死が待つであろう」
H4;0xbe03;0xbe72;;;オウムはくちばしを鳴 らせた。 「ずいぶん器用にしゃ べるオウムだね」 円香は感心してオウム に歩み寄る。 「違うよ、これは…機 械仕掛けだ…」
H4;0xbe74;0xbee9;;;天井からピアノ線が伸 びていて、オウムにつ ながっていた。 「うそ、まるで生きて いるみたい」 「台に声が出る仕掛け がある。ロウ管でも使 っているのかな」
H4;0xbeeb;0xbf3b;;;僕はごくりと息を呑ん だ。酉洋の自動人形、 オートマタにもひけを とらない。じいちゃん はこんなものまで作っ ていたのか。
H4;0xbf3d;0xbfa9;;;「ロウ管って何？」 「大昔のレコードだよ。 薄くロウを塗った管に 音を記録するのさ」 「ふーん」 わかっているのかな。 僕は気を取り直してオ ウムに向き直った。
H4;0xbfab;0xc01f;;;「僕は九重辰貴。正当 な後継者だ」 そう、宣言した。 それを理解したのか、 オウムはかっと目を見 開いてくちばしを開け ると、それっきり動か なくなった。
H4;0xc021;0xc085;;;「やっぱり、九重の名 前を継いで人形師にな るの？」 円香はオウムをじっと 見ながら言った。 「多分。だから僕はこ こにいるのかも知れな いね」
H4;0xc087;0xc0da;;;「ちょっと不安かな」 女の子は強いと言うか なんと言うか。 こんな状況でよくこん なことを考えられるも のだ、とちょっと感心 した。
H4;0xc0dc;0xc13c;;;「もっと先のことにな るだろうけどね」 僕は肩をすくめて扉を 調べた。ロックがかか ってしまったのかびく ともしない。いずれに せよ先に進むしかない ようだ。
H4;0xc13e;0xc197;;;通路を進み、右側に開 いているところを見つ ける。 そちらに明かりを向け てみると畳が敷かれて いて、工房になってい る様子だった。
H4;0xc199;0xc1ca;;;もう少し先には左側に も開いているところが ある。そちらは倉庫の ようだった。
H4;0xc1cc;0xc226;;PREGUNTA (3 opciones) | OPCION -> entrada 86 (cursor 0xc226) | OPCION -> entrada 87 (cursor 0xc3f5) | OPCION -> entrada 88 (cursor 0xc5d1);「どっちからにする」 円香がきいてくる。 １．右の工房だ ⇒[86] ２．左の倉庫だ ⇒[87] ３．先に進もう ⇒[88]
H4;0xc226;0xc235;86;;まずは手前の工房だ。
H4;0xc237;0xc27f;;;ライトを照らすと無造 作に並べられている手 や足、頭などが浮かび 上がった。
H4;0xc281;0xc2e7;;;中央に作業台があり、 その周りにカツラを置 く首マネキンやそして 完成したカラクリ人形 が並べられていた。 円香が声をあげる。 「わ、あれ、何？」
H4;0xc2e9;0xc335;;;作業台の上に頭蓋骨が 乗っていた。 僕は恐る恐る近付き、 光を当てた。
H4;0xc337;0xc37f;;;確かに頭蓋骨だが、表 面に焼きが入っていて、 材質もどうも骨ではな い。陶器だろうか。ま だ作りかけのようだ。
H4;0xc381;0xc3dc;;;「じいちゃん、こんな の作ってどうするつも りだったんだろう」 「本物じゃないの？」 「よく出来ているけど ね。何か彫ってある。 五番、最終型、か」
H4;0xc3de;0xc3f5;;PREGUNTA (2 opciones) | OPCION -> entrada 90 (cursor 0xc6e2) | OPCION -> entrada 89 (cursor 0xc672);
H4;0xc3f5;0xc43e;87;;倉庫に行くことにした。 どんな物があるのだろ うか。 棚が何段にも作られて いて、整然と木箱が納 められている。
H4;0xc440;0xc4ac;;;その奥にも未整理なの かいくつもの木箱があ り、あるものは重ねら れ、あるものは立て掛 けられていた。ほんの 小箱から中には棺ほど の大きさのものまであ った。
H4;0xc4ae;0xc4fd;;;「これを全部見るのは 相当骨が折れそうね」 円香が嘆息して言う。 僕は棚の小箱に手を伸 ばし、そのうちの一つ を開けた。
H4;0xc4ff;0xc57f;;;骨、いや、動物の化石 がびっしりと詰まって いた。漢方薬で使われ る竜骨だ。人形の材料 なのだろうか。 また一つ開けると鯨の 髭が丁寧に並べられて いた。カラクリのゼン マイに使うものだ。
H4;0xc581;0xc5d1;;PREGUNTA (2 opciones) | OPCION -> entrada 92 (cursor 0xcb21) | OPCION -> entrada 93 (cursor 0xcc1f);「電池が怪しくなる前 に次に行かない？」 円香が言った。 １．もう少し調べる ⇒[92] ２．工房に行く ⇒[93]
H4;0xc5d1;0xc639;88;;とりあえず先に進もう。 だが、通路は行き止ま りになっていた。 「とりあえず手前の部 屋を見ていかない」 円香が仕方なさそうに 言うので僕も同意した。
H4;0xc63b;0xc672;;PREGUNTA (2 opciones) | OPCION -> entrada 86 (cursor 0xc226) | OPCION -> entrada 87 (cursor 0xc3f5);ではどちらに行こうか。 １．工房に行く ⇒[86] ２．倉庫に行く ⇒[87]
H4;0xc672;0xc6dc;89;;じいちゃんはこの頭蓋 骨をシリーズで作って いたに違いない。 「本当によくできてい るね」 円香が怖々と骸骨を見 て、ちょんと指で触っ た。
H4;0xc6de;0xc6e2;;SALTO -> entrada 91 (cursor 0xc791);
H4;0xc6e2;0xc717;90;;五番、最終型… じいちゃんの水晶の瞳 にはこうあった。
H4;0xc719;0xc73e;;;『九重清将　三番最終 型大正十五年制作』
H4;0xc740;0xc785;;;じいちゃんが三番とい うことはまだあと少な くとも一人いるという ことか… ぞわっと、僕を悪寒が 襲った。
H4;0xc787;0xc791;;SALTO -> entrada 91 (cursor 0xc791);
H4;0xc791;0xc819;91;;「もしかしたらじいち ゃんはまた反魂の術を 使おうとしていたのか もしれない」 「反魂の術って？」 「死者を甦らせる呪法。 ただ、九重の一族は人 形に魂を与えていたら しいから…」
H4;0xc81b;0xc85b;;;「人を造るってこと？ 旧約聖書のゴーレムみ たいに」 円香は怪訝なまなざし で頭蓋骨を見た。
H4;0xc85d;0xc8c9;;;だが、じいちゃんの異 様な死に方も見ている だけに半信半疑といっ たところだ。 「そうだね。じいちゃ んはやっぱり人形だっ たのかなぁ」 僕は疑問を新たに口に した。
H4;0xc8cb;0xc8e5;;;「じゃあ、本物は？」 僕は答えられなかった。
H4;0xc8e7;0xc93f;;;しばらく僕らは工房を 探索したが、手かがり になりそうなものはな かった。電池が切れて しまう前に、出来るだ け先に行きたかった。
H4;0xc941;0xc986;;;次に倉庫に行く。どん な物があるのだろうか。 棚が何段にも作られて いて、整然と木箱が納 められている。
H4;0xc988;0xc9f4;;;その奥にも未整理なの かいくつもの木箱があ り、あるものは重ねら れ、あるものは立て掛 けられていた。ほんの 小箱から中には棺ほど の大きさのものまであ った。
H4;0xc9f6;0xca4b;;;「これを全部見るのは 相当骨が折れそうね」 円香が嘆息して言う。 僕は棚の小箱に手を伸 ばし、そのうちの一つ を開けた。
H4;0xca4d;0xcad3;;;骨、いや、動物の化石 がびっしりと詰まって いた。漢方薬で使われ る竜骨だ。人形の材料 なのだろうか。 また一つ開けると鯨の 髭が丁寧に並べられて いた。カラクリのゼン マイに使うものだ。
H4;0xcad5;0xcb1b;;;「電池が怪しくなる前 に次に行かない？」 円香が言った。 賛成だった。 僕らは通路の先を調べ ることにした。
H4;0xcb1d;0xcb21;;SALTO -> entrada 94 (cursor 0xd025);
H4;0xcb21;0xcb97;92;;僕は奥の大きな木箱が 気になってもう少し調 べることにした。 「棺みたいだね」 僕は素直に感想を口に した。 「やだ、ただでさえ不 気味なのに変なこと言 わないでよ」
H4;0xcb99;0xcbeb;;;円香がこづいてくる。 そんなつもりではなか ったのだが。 しかしそんな箱が大小 二つ立てかけてある。 なんとなく気になるの はその二つだった。
H4;0xcbed;0xcc1f;;PREGUNTA (2 opciones) | OPCION -> entrada 97 (cursor 0xd36a) | OPCION -> entrada 98 (cursor 0xd426);どちらを開けようか。 １．大きな箱だ ⇒[97] ２．小さな箱だ ⇒[98]
H4;0xcc1f;0xcc2f;93;;今度は手前の工房だ。
H4;0xcc31;0xcc8f;;;ライトを照らすと無造 作に並べられている手 や足、頭などが浮かび 上がった。 「人形…だよね」 円香が僕の背に隠れな がら言った。
H4;0xcc91;0xcd05;;;「人形だよ。良くでき ているけれどね」 僕はもっと奥を照らす。 中央に作業台があり、 その周りにカツラを置 く首マネキンやそして 完成したカラクリ人形 が並べられていた。
H4;0xcd07;0xcd6e;;;円香が声をあげる。 「わ、あれ、何？」 骸骨!? 作業台の上に頭蓋骨が 乗っていた。 僕は恐る恐る近付き、 光を当てた。
H4;0xcd70;0xcdb8;;;確かに頭蓋骨だが、表 面に焼きが入っていて、 材質もどうも骨ではな い。陶器だろうか。ま だ作りかけのようだ。
H4;0xcdba;0xcdeb;;;「じいちゃん、こんな の作ってどうするつも りだったんだろう」 「本物じゃないの？」
H4;0xcded;0xce15;;;「よく出来ているけど ね。何か彫ってある。 五番、最終型、か」
H4;0xce17;0xce69;;;じいちゃんはこの頭蓋 骨をシリーズで作って いたに違いない。 「良くできているね」 円香が怖々と骸骨を見 て、ちょんと触った。
H4;0xce6b;0xceea;;;「もしかしたらじいち ゃんはまた反魂の術を 使おうとしていたのか もしれない」 「反魂の術って？」 「死者を甦らせる呪法。 ただ、九重の一族は人 形に魂を与えていたら しいから…」
H4;0xceec;0xcf68;;;「人を造るってこと？ 旧約聖書のゴーレムみ たいに」 円香は怪訝なまなざし で頭蓋骨を見た。 だが、じいちゃんの異 様な死に方も見ている だけに半信半疑といっ たところだ。
H4;0xcf6a;0xcfc4;;;「そうだね。じいちゃ んはやっぱり人形だっ たのかなぁ」 僕は疑問を新たに口に した。 「じゃあ、本物は？」 僕は答えられなかった。
H4;0xcfc6;0xd01f;;;しばらく僕らは工房を 探索したが、手かがり になりそうなものはな かった。電池が切れて しまう前に、出来るだ け先に行きたかった。
H4;0xd021;0xd025;;SALTO -> entrada 94 (cursor 0xd025);
H4;0xd025;0xd09d;94;;通路は行き止まりだっ た。天井に光を当てる と吊り階段を見つけた。 二階に行くときだけ降 りるようになっている のだろう。 「どこかにスイッチが あると…」 「これかな」
H4;0xd09f;0xd0ec;;PREGUNTA (2 opciones) | OPCION -> entrada 95 (cursor 0xd0ec) | OPCION -> entrada 96 (cursor 0xd21d);円香はぶら下がってい た紐を引っ張ろうとし ていた。 １．そのまま見ている ⇒[95] ２．慌てて止める ⇒[96]
H4;0xd0ec;0xd156;95;;僕はそのまま見ていて しまった。 ギイギギーッッッ すごい音を立てて、吊 り階段が落ちてきた。 「どわーっ」 僕は悲鳴を上げ、横に 飛びのく。
H4;0xd158;0xd1a0;;;今まで僕のいたところ に階段が落ち、もうも うとほこりが舞い上が る。危うく階段の下敷 きになるところだった。
H4;0xd1a2;0xd1f4;;;「き、気をつけてくれ よっ！」 「ごめんごめん。でも 見つかったんだからい いじゃない」 笑って許しを乞う円香。 まあ、許そう。
H4;0xd1f6;0xd217;;;僕はやり切れないもの を感じながら階段を上 ろうとした。
H4;0xd219;0xd21d;;SALTO -> entrada 99 (cursor 0xd568);
H4;0xd21d;0xd27f;96;;僕は慌てて止めた。 「こういうのは慎重に しないとね」 「それもそうね」 僕は円香からそのぶら 下がっていた紐を受け 取り、注意深く天井を 見上げた。
H4;0xd281;0xd301;;;吊り天井はいままで僕 がいたところの真上に あった。このまま落ち てきたら危なかった。 僕は紐を引っ張った。 ギイギギーッッッ すごい音を立てて、吊 り階段が落ちてきた。
H4;0xd303;0xd364;;;もうもうとほこりが舞 い上がる。 「うわ、ひどいね」 円香がイヤそうな顔を する。 「ま、仕方ないでしょ。 探検中だし」 僕は階段を上ろうとし た。
H4;0xd366;0xd36a;;SALTO -> entrada 99 (cursor 0xd568);
H4;0xd36a;0xd3d6;97;;大きな箱を開けよう。 箱のふたは頑丈で簡単 には開きそうになかっ た。よく見てみるとこ れは立てかけられてい るのではなく、壁に作 りつけられた物だと分 かった。
H4;0xd3d8;0xd426;;PREGUNTA (2 opciones) | OPCION -> entrada 109 (cursor 0xf2a7) | OPCION -> entrada 110 (cursor 0xf456);「もしかすると隠し扉 かな」 円香が腕組みしながら 言った。 １．いや、箱だ ⇒[109] ２．隠し扉かな ⇒[110]
H4;0xd426;0xd482;98;;僕は小さな箱を開けた。 中には子供くらいの大 きさの人形が入ってい た。かすりの着物に下 駄を履いている。 箱の内側にはこう、あ った。
H4;0xd484;0xd49d;;;『九重清将作、五番弐 型』
H4;0xd49f;0xd510;;;男の子の人形だ。瞳が 入るはずのところだけ 未完成なのか、暗くく ぼんでいる。 じいちゃんの死に様を 思い出させた。 「辰貴くんが子供の頃 ってこんな感じだった のかな」
H4;0xd512;0xd55c;;;「僕が…モデルだった のかな」 僕は気分が悪くなって、 それ以上調べるのはや めて、先を急ぐことに した。
H4;0xd55e;0xd568;;SALTO -> entrada 93 (cursor 0xcc1f);
H4;0xd568;0xd59d;99;;「待って…」 円香が僕を押しとどめ る。 階段の上に、人影があ った。
H4;0xd59f;0xd5cd;;;いや、人形。 それも少女人形だ。 紅い錦の着物を身にま とった少女。
H4;0xd5cf;0xd632;;;ガラスの瞳で僕らをじ っと見ていた。 「…人形よね」 震える声で円香が言っ た。だが、ただの人形 とは思えない雰囲気が 漂っていた。
H4;0xd634;0xd6a2;;;一段一段、階段を上っ ていく。僕らが階段の 途中で戸惑っていると 察したのか、人形の腕 が上がった。 そして一度二度と上下 した。
H4;0xd6a4;0xd6dd;;;「招いている？」 「みたいよね…」
H4;0xd6df;0xd72c;;;僕らは吊り階段の踊り 場まで上がり、少女人 形の前に立った。 光を当てられた人形の 着物の錦が目に鮮やか だった。
H4;0xd72e;0xd782;;;大きさは六十センチほ ど。顔かたちの整った 美少女だった。 「かわいい」 円香は少女人形に手を 触れようとした。
H4;0xd784;0xd7cb;;;ガシンッ いきなり人形の顔が跳 ね上がり、肉食獣の顔 に変形した。
H4;0xd7cd;0xd7fb;;;そしてシャーッと警戒 音を出すと、牙をむく。
H4;0xd7fd;0xd824;;;その牙は円香の手に向 けられていた。
H4;0xd826;0xd82d;;SALTO -> entrada 100 (cursor 0xd82d);
H4;0xd82d;0xd866;100;;「危ないっ」 僕は円香をかばい、二 の腕を突き出す。
H4;0xd868;0xd8c5;;;激痛が走る。だが噛み つかれたまま僕は人形 を振り上げ、地面に叩 きつけた。  血しぶきが床に広がる。
H4;0xd8c7;0xd917;;;人形は口をようやく開 けた。 そしてまるで生き物の ように素早く四つ足で 退き、即座に立ち上が った。
H4;0xd919;0xd967;;;「大丈夫、怪我は？」 「結構、痛い。だけど まだ終わってないよ」 僕は傷口を押さえなが ら答えた。
H4;0xd969;0xd9ad;;;僕にはあれが何の人形 だったか、ようやく思 い至った。 浄瑠璃人形の 「玉藻」 だ。
H4;0xd9af;0xda1c;;;腹部にもう一つの頭を 格納し、絶世の美女か ら妖狐に一瞬にして変 化するカラクリが見せ 所の人形だ。だがここ の玉藻はそれだけでは 終わらない。
H4;0xda1e;0xda60;;;「九重の血族ならざる  　者、直ちに立ち去れ。  　立ち去らねば、命は  　ないぞ」
H4;0xda62;0xdaa1;;;妖狐は赤い舌を見せな がら牙をむく。あたか も妖狐が自らの意思で 口をきいているかのよ うだった。
H4;0xdaa3;0xdb00;;;「また自動人形？」 「どうだろう、それだ けかな」 僕は目に光が灯る妖狐 を見やった。 「僕は九重の血族だぞ。 何の問題がある？」
H4;0xdb02;0xdb3f;;;「九重の血族ならざる  　者、直ちに立ち去れ。  　立ち去らねば、命は 　 　ないぞ」
H4;0xdb41;0xdb78;;;再び同じ台詞。円香が それを聞いて自分を指 差す。 「わたしが…いるから なの？」
H4;0xdb7a;0xdbdc;;;多分、そうだ。だが僕 はそれを口にすること が出来ない。 ものすごい早さで再び、 妖狐が迫ってくる。 足の裏に車輪が付いて いるのか。
H4;0xdbde;0xdc53;;;「逃げよう」 円香は僕の手をとって 階段を下る。痛いって ば。 階段をかけ降り、まっ すぐ走る。だが考えて みればこの先は行き止 まりだ。扉が開かない のだから。
H4;0xdc55;0xdcd6;;;振り返ると妖狐も跳ね るようにして階段を降 りつつあった。有利な のは今のうちだけか。 何か武器になるような ものはないかと考える。 工房にあった腕とか脚 の部品か。ちょっと振 り回したくないな。
H4;0xdcd8;0xdd18;;;考えているうちに扉の 前に来てしまった。 「どうするの、行き止 まりよ」
H4;0xdd1a;0xdd4f;;;円香が叫ぶ。妖狐はも う階段を降りきろうと していた。
H4;0xdd51;0xdd68;;PREGUNTA (2 opciones) | OPCION -> entrada 101 (cursor 0xdd68) | OPCION -> entrada 102 (cursor 0xdfe6);
H4;0xdd68;0xddce;101;;懐中電灯を振り回し、 何かないかと探す。 すると足元に光るもの があった。じいちゃん の水晶の瞳だ。 扉のこちらがわに落ち たのか。
H4;0xddd0;0xde16;;;「来たわよ」 妖狐はものすごい形相 で僕らに迫ってくる。
H4;0xde18;0xde42;;;僕は水晶の瞳を拾い上 げて、それを扉のくぼ みに入れる。
H4;0xde44;0xde79;;;するとあれほど動かな かった扉がゆっくりと 開き、眩しく陽光が差 し込んだ。
H4;0xde7b;0xde9d;;;かっと妖狐が鋭い牙を 僕らに向けた。
H4;0xde9f;0xdeb8;;;だが…… それだけだった。
H4;0xdeba;0xdefd;;;妖狐は日の光を浴びる と文字通り壊れた玩具 のようにゆっくりと口 をとじ、それっきり動 かなくなった。
H4;0xdeff;0xdf5d;;;「助かった…」 僕らは手を取り合った。 「もうこんな危ないの はこりごりだからね」 円香は細い目で僕を見 た。僕は苦笑いするほ かなかった。
H4;0xdf5f;0xdfa5;;;「だけどまだ何も分か ってないしね」 「だから今度は装備を 整えてから行くのよ。 完全に化け物屋敷だも の」
H4;0xdfa7;0xdfe0;;;それはそうかも知れな いけど。 僕一人で行けば、謎は 目の前にあるのだから。
H4;0xdfe2;0xdfe6;;SALTO -> entrada 103 (cursor 0xe28c);
H4;0xdfe6;0xe021;102;;工房へ行ってみる。 工房で何か武器になり そうなものを見つけな くては。
H4;0xe023;0xe059;;;僕らは工房に入り、探 す。 「これなんかどう？」 大きなハンマーがあっ た。
H4;0xe05b;0xe0cd;;;何に使ったのかは分か らないが好都合だ。腕 は痛むがそんなことを 気にしていられない。 もう入り口まで妖狐が 迫っていた。 「君は隠れていて」
H4;0xe0cf;0xe153;;;僕は勇気を出して妖狐 に立ち向かう。 ハンマーを大きく振り 上げ、妖狐の頭を狙う。 だが、妖狐は素早くそ れをかわすと円香に襲 いかかった。 悪夢だった。
H4;0xe155;0xe1c1;;;妖狐の牙は円香の喉を かみ切ってしまった。 血しぶきが僕にまでか かる。 円香が持っていた懐中 電灯が床に転がり、倒 れた円香を照らし出し た。
H4;0xe1c3;0xe222;;;妖狐も、それっきり動 かなくなった。 僕はその場にへなへな と膝をつく。 「円香…」 呼んでも返事がない。 即死だったのだろう。
H4;0xe224;0xe286;;;「円香…」 僕は円香の体を抱きし め、慟哭した。 嗚咽が止まらなかった。 そして少しづつ体温を 失う円香の体を少しで も温め続けた。
H4;0xe288;0xe28c;;SALTO -> entrada 104 (cursor 0xe6fd);
H4;0xe28c;0xe2fa;103;;月が出ている。 僕らはすっかり疲れて しまって日が落ちると ともに寝ることにした。 だが僕は円香の寝息が 静かになるまで待った。 僕一人で蔵の中に入る ためだ。
H4;0xe2fc;0xe349;;;僕はそっと寝床を抜け 出した。 蔵の重い鉄の扉の前で 僕は一人息を呑んだ。 九重の血族として秘密 を継ぐのだ。
H4;0xe34b;0xe387;;;水晶の瞳を使って扉を 開ける。そして僕はす ぐに二階に上る。
H4;0xe389;0xe3d6;;;この引き寄せられる気 持ちはどうにも抑えが たかった。 吊り階段を踏み締め、 きしむ音が不思議と響 く。
H4;0xe3d8;0xe404;;;上り切ると、ぼんやり とした光が部屋を照ら していた。
H4;0xe406;0xe426;;;静かな、そしてとても ゆっくりとした呼吸音 がある。
H4;0xe428;0xe44a;;;それも複数だ。 僕の目も段々馴れてき た。
H4;0xe44c;0xe47f;;;骸骨。
H4;0xe481;0xe4a4;;;ミイラ。
H4;0xe4a6;0xe4ef;;;数十の即身仏がじっと 僕を見つめていた。 「よく来た、九重の血 族よ」 声が、響いてきた。
H4;0xe4f1;0xe520;;;「永遠の命を求めるも のよ、今、汝にも与え ん」
H4;0xe522;0xe56d;;;ミイラの中、一つ立ち 上がるものがあった。 それは、僕自身だった。
H4;0xe56f;0xe5cb;;;いい朝だった。 円香は僕が昨夜抜け出 したことにも気がつい ていないようだった。 僕は荷物をまとめ、帰 る準備を始めていた。
H4;0xe5cd;0xe63c;;;「あれ、帰るの？」 「うん、怪我もまだ痛 いしね」 僕はまったく痛くない 腕をさすった。 「そっか、また来れば いいもんね」 円香は何も知らず笑い かける。
H4;0xe63e;0xe6a7;;SALTO_CONDICIONAL +11 bytes;「うん、必ずまた来る よ」 キリキリキリ  僕の胸の中にあるゼン マイが小さく音を立て る。  ゆっくり目を閉じる。
H4;0xe6a9;0xe6f0;;;僕は九重を継いだんだ。
H4;0xe6fd;0xe766;104;;どれくらいの時間が経 ったのだろう。 僕は二階への階段を上 っていた。 円香を代償にするほど の秘密が、ここにある というのか。 僕には信じられなかっ た。
H4;0xe768;0xe7e3;;SALTO_CONDICIONAL +11 bytes;そんな秘密、九重を継 ぐ事なんて、僕は… 吊り階段を踏み締め、 キリキリキリ きしむ音が不思議と響 く。 上り切ると、ぼんやり とした光が部屋を照ら していた。
H4;0xe7e5;0xe822;;;静かな、そしてとても ゆっくりとした呼吸音 がある。 それも複数だ。 僕は段々目が馴れてき た。
H4;0xe824;0xe856;;;骸骨。
H4;0xe858;0xe869;;;ミイラか。
H4;0xe86b;0xe8d7;;;数十の即身仏がじっと 僕を見つめていた。 「よく来た、九重の血 族よ」 声が、響いてきた。 「永遠の命を求めるも のよ、今、汝にも与え ん」
H4;0xe8d9;0xe969;;;ミイラの中、一つ立ち 上がるものがあった。 それは、僕自身だった。 僕自身が、歩いてきて、 僕を招いていた。 これが、じいちゃんが 作っていた五番、最終 型の実物なのだと何故 か分かった。
H4;0xe96b;0xe9a0;;;「これが…永遠の命だ っていうのか…」 僕は吐き捨てた。 声が応えた。
H4;0xe9a2;0xe9ef;;;「代々の九重は肉体を 捨て、魂を己が作った 人形に移し、幾つもの 時代を超えてきた…」 僕の拳は震えていた。
H4;0xe9f1;0xea35;;;「何のために…そんな ことっ！」 僕は吠えた。 そして『僕』は口を開 いた。話しているのは 『僕』だった。
H4;0xea37;0xeaa8;;;「人は己の運命に逆ら えない。だが、我らが 祖、天老は神々に抗う ため、この術を授けて くださったのだ」 僕は一歩前に進み出た。 僕の中で何か弾けた。
H4;0xeaaa;0xeb0a;;;「そんな事のために彼 女は…円香は死んだの か。それが運命だった とでも言うのかっ。そ んなことが運命だとい うなら、この僕が壊し てやるっ」
H4;0xeb0c;0xeb71;;;僕は『僕』を殴り飛ば し、階段を駆け下りた。 じいちゃん、じいちゃ んのいう大切なものっ てこんなものだったの かい… 僕は走りながら涙、し た。
H4;0xeb73;0xebe2;;;僕は扉にたどり着き、 そのまま何度も体当た りした。だが、びくと もしなかった。 背には幾つもの人形達 が僕を追ってきていた。 僕も人形にされてしま うのだろうか……
H4;0xebe4;0xec60;;;その時、足下に何かが 転がっていることに気 がついた。 じいちゃんの水晶の瞳 だった。扉のこちらが わに落ちたのか。 僕は水晶の瞳を拾い上 げ、それを扉のくぼみ に入れた。
H4;0xec62;0xecc3;;;するとあれほど動かな かった扉がゆっくりと 開き、眩しく陽光が差 し込んだ。 僕は外に飛び出し、一 目散に逃げだそうとし た。
H4;0xecc5;0xed17;;PREGUNTA (2 opciones) | OPCION -> entrada 105 (cursor 0xed17) | OPCION -> entrada 106 (cursor 0xeda5);だが、中にはまだ円香 の亡骸があるんだ。 １．円香をそのままにし 　ておけない ⇒[105] ２．やむを得ず逃げる ⇒[106]
H4;0xed17;0xed8c;105;;円香をそのままにして おけない。あの化け物 達の中に取り残させる ものか。 僕は中を振り返った。 中からは異形の人形達 が追ってきていた。 どうする、考えろ、考 えろ。
H4;0xed8e;0xeda5;;PREGUNTA (2 opciones) | OPCION -> entrada 107 (cursor 0xef73) | OPCION -> entrada 108 (cursor 0xf0bb);
H4;0xeda5;0xedd5;106;;僕はやむを得ずその場 から逃げ出した。 そして二度と戻ること はなかった。
H4;0xedd7;0xedfa;;;東京のアパートに戻り、 僕はあの音をまた聞い ていた。
H4;0xedfc;0xee2e;;;キリキリキリキリ  キリキリキリキリ  キリキリキリキリ
H4;0xee30;0xee6a;;;僕の胸の中から、音が してきていた。じいち ゃんが溶ける時の音と 同じだった。
H4;0xee6c;0xeeb0;;;『天老記』を読み込み、 なんとか寿命を延ばす 方法を見つけようとし たが、徒労に終わりそ うだった。
H4;0xeeb2;0xeed4;;;なんということはない、 僕こそが人形だったん だ。
H4;0xeed6;0xef29;;;キリキリキリ 音が段々大きくなって いく。 僕は自分の手を見た。 もう、肉が溶けて骨だ けになっていた。
H4;0xef2b;0xef66;;;胸の中のゼンマイが、 激しく回り、胸から飛 び出そうとしていた。 もうすぐだ。…
H4;0xef73;0xefeb;107;;そうだ。僕は思いだし た。 「おまえ達はみんな、 人形だ。九重に作られ た人形なんだ！」 人形とばれれば、反魂 の術が解け、人形は溶 け落ちてしまうと『天 老記』にあった。
H4;0xefed;0xf054;;;果たして、どうか… 僕は人形の動きが止ま るのを見る。 そして化け物達の肉が 溶け、そのまま骨と化 していった。 僕はそれを見て、なん とも言えない寂しさを 感じていた。
H4;0xf056;0xf0ae;;;僕は蔵の中に戻り、円 香の亡骸を運び出した。 そして抱きしめながら 誓った。 「必ず、君を生き返ら せるよ…九重として」
H4;0xf0bb;0xf12b;108;;駄目だ。 僕はそのまま突っ込ん で行った。 異形の人形達にもまれ、 僕は傷つきながらも扉 の中に飛び込んだ。 僕の左腕が飛んだ。 痛くなかった。
H4;0xf12d;0xf180;;;なんだろうと思って見 てみると、肘から先が 無くなっていて、鯨の 髭や歯車などが見えて いた。 なんだ、僕の方が人形 だったのか。
H4;0xf182;0xf1df;;;僕は体の端々を壊され ながら、工房に辿り着 いた。 僕はなんとか円香の遺 骸を抱きかかえた。 だが、異形の化け物達 に取り囲まれてしまっ た。
H4;0xf1e1;0xf247;;;僕は工房に置いてあっ た油に火をつけ、そし てばらまいた。 円香… 乾いている蔵の中だ。 火はあっという間に回 っていく。化け物達は 寄ってこない。
H4;0xf249;0xf294;;;僕は目を閉じた。 生きていた頃の円香の 笑顔が浮かぶ。 ぎゅっと、抱きしめる。 もう、離れることはな いよ、円香。
H4;0xf2a7;0xf318;109;;僕はなんとかその箱の ふたをこじ開けた。 中に入っていたのは戦 国時代の鎧兜だった。 腰にはご丁寧に剣まで 差してあった。僕は肩 を落とし、元通りにし ようとした。
H4;0xf31a;0xf356;;;が、その時、音がした。 キリキリキリ 鎧兜、いや、鎧武者か らその音はしていた。
H4;0xf358;0xf3b3;;;こいつ、生きている。 いつの時代かの九重が 造った戦人形だろう。 キリキリキリ きしむ音を立てながら 鎧武者は僕に向き直っ た。
H4;0xf3b5;0xf3d9;;;兜の奥の眼が鬼火のよ うに光っていた。
H4;0xf3db;0xf450;;;バタン 僕は乱暴にそのふたを 閉めた。 「見なかった見なかっ た…」 僕は冷や汗を拭きなが ら苦笑した。 円香もハハハと笑って、 倉庫を後にした。
H4;0xf452;0xf456;;SALTO -> entrada 93 (cursor 0xcc1f);
H4;0xf456;0xf49a;110;;「それなら叩いてみよ う。押して駄目なら引 いてみなっと」 僕はふたを手でどんど んと叩こうとした。
H4;0xf49c;0xf50c;;;だが、その一撃目で僕 はぐらっと闇の中に放 り込まれた。 顔面から落ちなかった のは幸いだった。 さっきのは回転扉にな っていたんだ。からく り屋敷だな、本当に。
H4;0xf50e;0xf553;;;どうやらここは地下室 のようだ。 懐中電灯に何かが照ら し出されている。 僕は拾い上げ、辺りを 見回した。
H4;0xf555;0xf5cf;;;そこは地獄だった。 餓鬼や亡者の様な人形 たちが絡み合い、積み 重なっていた。 ここは失敗作の墓場だ ったのか。 ごくりと息を飲んだ。 「おーい、大丈夫かー いっ」
H4;0xf5d1;0xf646;;;上からライトの明かり が僕を照らした。 円香が扉を開けて僕を 探していた。 「無事だよ、なんとか ね」 僕は応えた。円香も照 らされた失敗作の山を 見て絶句していた。
H4;0xf648;0xf6be;;;「ひ、悲鳴あげるとこ ろだった」 円香はロープを使って 僕をすくい上げ、 やっとの思いで言った。 「あれ、なんなの」 「多分、代々の九重が 作った人形の失敗作」 僕は息を飲んだ。
H4;0xf6c0;0xf6d4;;;「戻ろ」 円香は一言だけ呟いた。
H4;0xf6d6;0xf6da;;SALTO -> entrada 93 (cursor 0xcc1f);
H4;0xf6da;0xf731;111;;「その前に結婚式を挙 げないとね」 僕は大きくうなずいた。 円香は僕が真顔で言っ てしまったものだから、 真っ赤になってそっぽ を向いた。
H4;0xf733;0xf775;;;「もう、それはそうだ けど…本当…本気なの かな」 円香は小さな聞き取れ ない声で言った。 僕はうなずいた。
H4;0xf777;0xf7cb;;;キリキリキリ 隣からまた異様な音が 響いてきた。何かがき しむような音。 「な、何の音かな。気 になってはいるんだ」
H4;0xf7cd;0xf7f7;;;円香は慌てたように話 題を変えた。やっぱり 話題が急すぎたか。
H4;0xf7f9;0xf806;;SALTO -> entrada 10 (cursor 0x0d09);
H4;0xf806;0xf855;112;PREGUNTA (2 opciones) | OPCION -> entrada 5 (cursor 0x077d) | OPCION -> entrada 6 (cursor 0x086a);僕はじいちゃんに彼女 のことを少しも知らせ ていなかった。 １．大学の友人です ⇒[5] ２．僕の大切な人です ⇒[6]
H4;0xf855;0xf8c1;113;;キリキリキリ また、音がした。だが 部屋にそんな音を立て るようなものはなかっ た。 じいちゃんは床に置い てある水薬を飲み、一 息ついた。
H4;0xf8c3;0xf913;;;「無理だけはしないで よ。心配だからさ」 「そうですよ。わたし たちもしばらくいます から」 じいちゃんは満面の笑 みを浮かべた。
H4;0xf915;0xf928;;;円香に来てもらって良 かった。
H4;0xf92a;0xf92e;;SALTO -> entrada 7 (cursor 0x09a7);
H4;0xf92e;0xf964;114;PREGUNTA (2 opciones) | OPCION -> entrada 111 (cursor 0xf6da) | OPCION -> entrada 9 (cursor 0x0b9b);１．結婚式が先だよ ⇒[111] ２．そこまで期待してい 　ないよ ⇒[9]
H4;0xf964;0xf993;115;PREGUNTA (2 opciones) | OPCION -> entrada 8 (cursor 0x0aab) | OPCION -> entrada 9 (cursor 0x0b9b);１．えーっと ⇒[8] ２．そこまで期待してい 　ないよ ⇒[9]
H5;0x009c;0x00be;0;;緊張をほどかれ、教室 内にざわめきが起こる。
H5;0x00c0;0x0121;;;私は急いで教科書、ノ ート等をカバンに詰め、 熱いまなざしを一点に 向けた。  その先には、一生を誓 っても、と思える愛お しい彼がいる。
H5;0x0123;0x0153;;;フワっと優しい笑顔が、 さわやかな風のように 振り返る。
H5;0x0155;0x01bb;;;「薫……」  そう、彼の名前は 飯塚　薫。  積極的で頼り甲斐のあ る優しい人。 たぶん私の彼氏かな。
H5;0x01bd;0x01f8;;PREGUNTA (2 opciones) | OPCION -> entrada 50 (cursor 0x7f1c) | OPCION -> entrada 1 (cursor 0x01f8);「今から帰るの？ 　だったら……」  ⇒[50]  ⇒[1]
H5;0x01f8;0x0237;1;;私は恋人同士なら当た り前の「一緒に帰ろう」 と言う言葉を掛けるの に、一瞬戸惑った。
H5;0x0239;0x02bb;;;まぶたにかかる前髪の 向こうで、薫の瞳がう っすら曇ったからだ。  「ごめん瑤子。早瀬か 　らどうしてもと頼ま 　れて、調べ物に図書 　室へ行かなきゃなら 　ないんだ」
H5;0x02bd;0x0325;;PREGUNTA (2 opciones) | OPCION -> entrada 21 (cursor 0x4083) | OPCION -> entrada 22 (cursor 0x4101);薫は本当に残念そうに、 私にそう告げた。  私は、何て応えよう？  １．一緒に図書館へ行く ⇒[21] ２．別の話題でごまかす ⇒[22]
H5;0x0325;0x0334;2;;「一緒に帰ろう」
H5;0x0336;0x0357;;;私は思いきって自分の 気持ちを言葉にした。
H5;0x0359;0x0397;;;まぶたにかかる前髪の 向こうで、薫がゆっく りと私へ歩み寄り、顔 を近づけてきた。
H5;0x0399;0x03a3;;SALTO -> entrada 23 (cursor 0x4290);
H5;0x03a3;0x03c7;3;;薫のねだる甘い表情を 見ると、何も抵抗でき なくなる。
H5;0x03c9;0x03f4;;;彼への思いは本物だ。  私の過去も彼と共有し たい。
H5;0x03f6;0x040e;;;そんな気持ちが私の想 いに勢いをつける。
H5;0x0410;0x0467;;;「どうしても欲しいな 　ら、いいよ」  私は首からチェーンを 外し、薫の手の中へ落 とした。
H5;0x0469;0x04d5;;;「これって、婚約の指 　輪交換みたいだね」  薫は子供のように無邪 気にはしゃぐと、チェ ーンから指輪を外し自 分の左の薬指へとはめ た。
H5;0x04d7;0x0518;;;薫が喜ぶ姿を見ると私 も嬉しい。  こんな日がいつまでも 続くといいなと、心の 底からそう願った。
H5;0x051a;0x051e;;SALTO -> entrada 5 (cursor 0x0705);
H5;0x051e;0x0542;4;;薫のねだる甘い表情を 見ると、何も抵抗でき なくなる。
H5;0x0544;0x056d;;;彼への思いは本物だ。 私の過去も彼と共有し たい。
H5;0x056f;0x0583;;;だけど、これだけは 別だった。
H5;0x0585;0x05ec;;;薫への想いも自分の中 でとても大切な物だが、 この指輪はその想いと は別に、父母の想い、 そして父母への自分の 想いが詰まった大切な 物だった。
H5;0x05ee;0x062d;;;「ごめんなさい… 　これは、これだけは 　駄目なの」  私は声を詰まらせた。
H5;0x062f;0x0651;;;自分ではそんなつもり が無いのに、目頭が熱 くなった。
H5;0x0653;0x06a2;;;「そういえばこれって 　形見だったよね… 　ごめん、瑤子。  　あ、気にしないでよ」
H5;0x06a4;0x06bc;;;薫は、すまなそうに頭 を垂れた。
H5;0x06be;0x06ff;;;私は、そんな彼を見な がらこの指輪をためら わずに交換できる日が 来ることを、心の底か ら願っていた。
H5;0x0701;0x0705;;SALTO -> entrada 5 (cursor 0x0705);
H5;0x0705;0x073c;5;;「瑤子、最近さ、女子 　の間で流行ってる噂 　って知ってる？」
H5;0x073e;0x074c;;;「うわさ……」
H5;0x074e;0x078a;;;なんだろう、新しくオ ープンした噂のクレー プ屋のことだろうか。  それとも私の噂…!?
H5;0x078c;0x0798;;;「どんな噂？」
H5;0x079a;0x07bf;;;薫はうつむき加減に胸 の前へ両手を垂らして、
H5;0x07c1;0x07e8;;;「出るんだよ、コレが」
H5;0x07ea;0x0810;;;「出るって… 　もしかしてオバケ？」
H5;0x0812;0x082d;;;薫はこの手の話が大好 きだった。
H5;0x082f;0x08ac;;;オバケだけと言うわけ ではないが、古代遺跡 や世界の七不思議、超 常現象など、謎や神秘 的なことに敏感に反応 し、瞳をウルウルと輝 かせる。
H5;0x08ae;0x08dd;;;そんな彼をかわいいと 思うし、素直で無邪気 なところも好きだった。
H5;0x08df;0x0928;;;「さっき女子から聞い 　たんだけど、三階の 　階段にセーラー服姿 　の幽霊が出るんだっ 　てさ」
H5;0x092a;0x0969;;;「まさか、階段だけに 　怪談話、だなんて言 　わないでよね」
H5;0x096b;0x097c;;;「ゴホッ。」
H5;0x097e;0x099b;;;…図星のようだった。
H5;0x099d;0x09d9;;;「でもさ、あの生徒会 　長の早瀬が見たと言 　っていたとしたらど 　うする」
H5;0x09db;0x0a03;;;「えっ、早瀬君が……」
H5;0x0a05;0x0a21;;;私はその言葉を簡単に は信じられなかった。
H5;0x0a23;0x0ab0;;;…早瀬　隆志。  彼は、二年生という学 年で生徒会長に立候補 し、学校始まって以来、 見事に当選した、偏差 値７２を誇る秀才であ ることは誰もが知って いる。
H5;0x0ab2;0x0b18;;;ＵＦＯや、超常現象な ど一切信じない、科学 と理論で割り切る彼が、 幽霊を真に受けるなん て、とうてい信じるに は値しない話だ。
H5;0x0b1a;0x0b75;;;「実はさ、早瀬がその 　幽霊の正体を暴くっ 　て意気込んで、図書 　室で調べ物を手伝っ 　てくれとさ」
H5;0x0b77;0x0b8e;;PREGUNTA (2 opciones) | OPCION -> entrada 8 (cursor 0x0d95) | OPCION -> entrada 43 (cursor 0x7c14);
H5;0x0b8e;0x0bb4;6;;「ううん、嫌じゃない 　から……行こ」
H5;0x0bb6;0x0bdb;;;私は彼の言葉に自分の 感情を殺した。
H5;0x0bdd;0x0bf8;;;薫と一緒にいられるだ けでも嬉しかった。
H5;0x0bfa;0x0bfe;;SALTO -> entrada 8 (cursor 0x0d95);
H5;0x0bfe;0x0c19;7;;私は、胸の内をうち明 けた。
H5;0x0c1b;0x0c57;;;「最近、二人っきりに 　なることなかったじ 　ゃない。だから……」
H5;0x0c59;0x0c8e;;;でも、どうして口ご もってしまうのだろう。  少し、悲しい気持ちに なった。
H5;0x0c90;0x0cc8;;;薫も私がこんなことを 言うなんて思っても見 なかったらしく、珍し く戸惑った表情を見せ た。
H5;0x0cca;0x0d1d;;;「そうか…… 　　　そうだよな。  でもさ、早瀬には顔を 出すって言ってあるか ら、少しだけ…、な」
H5;0x0d1f;0x0d31;;;そういわれては断れな い。
H5;0x0d33;0x0d57;;;私は、仕方なく薫の言 葉にうなずいた。
H5;0x0d59;0x0d8f;;;そもそも彼自身、幽霊 話に興味があるのだか ら当然といえば当然だ った。
H5;0x0d91;0x0d95;;SALTO -> entrada 8 (cursor 0x0d95);
H5;0x0d95;0x0ddf;8;;私達は渡り廊下を渡り、 階段を上って噂の三階 に来た。
H5;0x0de1;0x0e10;;;「この階段を上ってい 　たら出たらしい…」
H5;0x0e12;0x0e59;;;私は薫のわざとらしい 言葉を背に、なにげな く廊下の窓から中庭を 見下ろした。
H5;0x0e63;0x0ed4;;;誰もいない。  なのに中庭の噴水の水 面に少女の姿が映って 見える。  その少女は私を見上げ、 青白い顔でうっすら笑 みを浮かべた。
H5;0x0ed6;0x0f4f;;SALTO_CONDICIONAL +11 bytes;バリンッ！   私は、その音に驚き振 り返ると、廊下には割 れた花瓶の破片と水が ぶちまけられていた。
H5;0x0f51;0x0f5c;;;「どうしたの？」
H5;0x0f5e;0x0f84;;;「い、いや……俺にも 　わからない…」
H5;0x0f86;0x0fb9;;;薫は何かに怯えるよう な表情で、廊下にこぼ れ広がる水をただ眺め ていた。
H5;0x0fbb;0x1000;;;私は破片を拾い集め、 ポケットティッシュを 取り出すと、濡れた廊 下を丁寧に拭いた。
H5;0x1002;0x1011;;;「大丈夫？」
H5;0x1013;0x103b;;;私の問いに薫はただ、 凍った表情を浮かべる だけだった。
H5;0x103d;0x107d;;;しばらく薫の様子をう かがっていると、薫は 私の視線に気付き、い つもの屈託のない笑顔 を作った。
H5;0x107f;0x10c5;;PREGUNTA (2 opciones) | OPCION -> entrada 9 (cursor 0x10c5) | OPCION -> entrada 10 (cursor 0x13b2);「とりあえず一緒に図 　書室へ行こう」 １．図書室へ行く ⇒[9] ２．少女が気になる ⇒[10]
H5;0x10c5;0x10f8;9;;私達は気を取り直して、 廊下の突き当たりにあ る図書室へ向かった。
H5;0x10fa;0x112c;;;私は木製の重いドアの 前に立ち、ノブを回し た。
H5;0x112e;0x1161;;;受付のテーブルの奥に 座る人は見当たらない。
H5;0x1163;0x117e;;;私は覗き込むように早 瀬を目で捜した。
H5;0x1180;0x11cb;;SALTO_CONDICIONAL +12 bytes;バタンッ！ けたたましい音を立て、 ガラスが割れんばかり にドアは閉まった。
H5;0x11cd;0x11f3;;;私は慌てて振り返り、 ドアノブを回す。
H5;0x11f5;0x1219;;;が、ドアは固く閉ざさ れ開く気配すらない。
H5;0x121b;0x1249;;;ドアのガラスから覗き 込むと、外側から留め 金で固定されている。
H5;0x124b;0x1253;;;そして…
H5;0x1255;0x1280;;;その向こうには廊下を 遠ざかる薫の後ろ姿が 見えた。
H5;0x1282;0x12e0;;SALTO_CONDICIONAL +16 bytes;ドン、ドン、ドン  「薫っ！ 　待ってよ、 　ここを開けてっ！」
H5;0x12e2;0x1326;;;ドアを叩き薫を呼ぶが、 まるで聞こえていない ように廊下を進み、右 手の階段へとその姿を 消した。
H5;0x1328;0x13a9;;SALTO_CONDICIONAL +9 bytes;ガタ……… 本棚の奥で物音がした。  私は恐る恐る本棚の脇 から身を乗り出し、図 書室の奥を覗き込んだ。 が、棚の奥には誰もい ない。
H5;0x13ab;0x13b2;;SALTO -> entrada 56 (cursor 0x9a69);
H5;0x13b2;0x13d8;10;;私は噴水の水面に映っ た少女の笑みが気にな った。
H5;0x13da;0x13ee;;;どこかで見たような気 がする。
H5;0x13f0;0x1406;;;「痛っ……」
H5;0x1408;0x1458;;;指にちょっとした痛み。  見てみると指先から血 が滴っている。さっき の花瓶の破片で切って しまったらしい。
H5;0x145a;0x1484;;;薫は血相を変えて見せ ろと迫り、傷口を自分 の唇で吸った。
H5;0x1486;0x14a2;;;私はなんともいえない 恍惚感を覚えた。
H5;0x14a4;0x14d3;;;「も、もういいよ」  私は我に返り、やっと の思いでそれだけ言っ た。
H5;0x14d5;0x153a;;;「保健室に行って手当 　してもらえよ。俺は 　図書室で待っている 　から……」  薫は笑顔でそう言うと 図書室に入っていって しまった。
H5;0x153c;0x1568;;;私はその場にしばらく 立ちつくし、保健室に 向かった。
H5;0x156a;0x159f;;;階段を下りなから、私 はさっきの少女のこと ばかりを考えていた。
H5;0x15a1;0x15e7;;;疲れているのかな…。  でも、確かに水面に写 る少女の姿が見えた。
H5;0x15e9;0x1630;;;私は、カバンから取り 出したバンソウコウを 自分の指に巻き付ける と、噴水の前まできて しまった。
H5;0x1632;0x1657;;;薄暗くなった放課後の 噴水前には、もう誰も いない。
H5;0x1659;0x1672;;;私は、そっと水面を覗 き込んだ。
H5;0x1674;0x16ad;;;さざ波たつ水面を見つ めながら、心の奥で膨 らむ何かを感じていた。
H5;0x16af;0x16da;;;今、水面には私の姿が 映っている。
H5;0x16dc;0x1714;;;薫と少しの時間でも一 緒にいたかったはずな のに、私は今、一人で ここに立っている。
H5;0x1716;0x176f;;;だけど不思議と特別わ き起こる感情はなかっ た。  穏やかな、この噴水の 水面よりも穏やかな気 持ちが私の中に広がっ ていた。
H5;0x1771;0x1791;;;「それでいいのかしら」
H5;0x1793;0x17b3;;;私は突然の声に驚き、 辺りを見回し伺った。
H5;0x17b5;0x17d7;;;しかし、ここには私以 外、誰一人としていな い。
H5;0x17d9;0x17de;;;「誰？」
H5;0x17e0;0x1834;;;私はささやくように尋 ねたが、返って来るの は噴水から吹き出す水 の音だけだった。  「フフフ……」
H5;0x1836;0x185d;;;静寂を破るように笑い 声がどこからか聞こえ てくる。
H5;0x185f;0x188a;;;気がつくと、その声の 主は、水面に映った自 分自身だった。
H5;0x188c;0x18e7;;;いや、私ではないかも しれない。  ブレザーではなく、セ ーラー服を身にまとっ た少女は、薄ら笑いを 浮かべていた。
H5;0x18e9;0x190f;;;そして、浮き出すよう に水面に立った。
H5;0x1911;0x1946;;;その顔は血の気が引い たように白く、鏡の自 分を思わせるほど私と 瓜二つだった。
H5;0x1948;0x1973;;;「誰も信用なんかでき 　ないんだから」
H5;0x1975;0x19ea;;;少女は白い口元を上げ、 冷酷な笑みを浮かべる。  私は突然の出来事に驚 きを隠せなかったが、 意味深な彼女の言葉が 妙に気になった。
H5;0x19ec;0x19fe;;;「何が言いたいの？」
H5;0x1a00;0x1a27;;;少女は一呼吸おくと冷 ややかな口調で語り始 めた。
H5;0x1a29;0x1a6f;;;「いくら人を信じても、 　人は必ず裏切る弱い 　生き物なの。  　あなたの恋人である 　薫君でさえそうよ」
H5;0x1a71;0x1ac6;;;「結局、人は自分が一 　番かわいいから、ど 　んなに愛した人だと 　しても快楽やお金、 　地位や権力のためな 　ら平気で裏切れる」
H5;0x1ac8;0x1ad5;;;「どういうこと？」
H5;0x1ad7;0x1af7;;;私は彼女の言葉に珍し く語気を荒くしてしま った。
H5;0x1af9;0x1b37;;;「あなたは、本当に薫 　君を心から信じてい 　るかしら？」  「え!?」
H5;0x1b39;0x1b67;;;「真実は常に別のとこ 　ろあるわ、そう思わ 　ない？　…瑤子」
H5;0x1b69;0x1b92;;;「どうして私の名前を、 　…あなたは誰？」
H5;0x1b94;0x1bb3;;;「私は真理子、 　　　あなたの…」
H5;0x1bb5;0x1c0e;;;彼女はそう言うと白く 細い左手の甲を向けた。  その薬指にはひときわ 輝く指輪があった。
H5;0x1c10;0x1c27;;;私は一瞬、戸惑った。
H5;0x1c29;0x1c6a;;;彼女の薬指に光る指輪 は、父親の形見の婚約 指輪のペアリングのよ うに見える。
H5;0x1c6c;0x1c8f;;;「そんな…、あなたが 　私のお母さん？」
H5;0x1c91;0x1cb3;;;私は沸き上がる疑問を 吐き捨てるように否定 した。
H5;0x1cb5;0x1cf3;;;「図書室にあのまま行 　っていたら…  　真実は常に別の所に 　あるわ…」
H5;0x1cf5;0x1d3f;;;彼女はそう言うと、水 面を指さした。  すると、水面に別の光 景が映った。
H5;0x1d41;0x1d9b;;;どうやら、図書室の中 らしい。  早瀬君と、もう一人、 私の知らない男が立っ ている。  誰かを見下ろしている ようだ。
H5;0x1d9d;0x1e06;;;誰…、ブレザーの少女。 縛られている様子。  そして見知らぬ男は少 女のブレザーの胸のボ タンを一つ一つ乱暴に 外していった。
H5;0x1e08;0x1e20;;;「何、これ…」
H5;0x1e22;0x1e2c;;;そして私は気がつく。
H5;0x1e2e;0x1e57;;;縛られているのが、私 自身だということに。
H5;0x1e59;0x1e6a;;;「そう、これが現実よ」
H5;0x1e6c;0x1ec7;;;彼女はそういうと水面 を再び指さし、映像は 消えた。  「そんなことをいきな 　り言われて、信じら 　れると思う？」
H5;0x1ec9;0x1ed7;;;私はきつく言い放った。
H5;0x1ed9;0x1f0b;;;あまりにも現実離れし すぎている。これでは 薫が手引きを…
H5;0x1f0d;0x1f1b;;;「そう」
H5;0x1f1d;0x1f3d;;;私の心を見透かしたよ うに彼女はうなずいた。
H5;0x1f3f;0x1f4a;;;「そんなはずないわ」
H5;0x1f4c;0x1fa5;;;「そうかしら。そのプ 　レゼントの指輪を買 　うのに、あなたと会 　えなくなるくらいの 　アルバイトが必要な 　のかしら。」
H5;0x1fa7;0x2016;;;………。 私の中で様々な想いが 渦巻き、ぶつかり合う。  「彼はあなたに全てを 　話してないとしたら」  彼女は意味ありげに言 葉をとぎった。
H5;0x2018;0x206d;;PREGUNTA (2 opciones) | OPCION -> entrada 45 (cursor 0x7de3) | OPCION -> entrada 19 (cursor 0x3804);私はいても立ってもい られなくなった。だが、 彼女の話をこのまま聞 きたいような気もする。  ⇒[45]  ⇒[19]
H5;0x206d;0x2084;11;PREGUNTA (2 opciones) | OPCION -> entrada 12 (cursor 0x2084) | OPCION -> entrada 13 (cursor 0x241b);
H5;0x2084;0x20bb;12;;「お前の女で我慢して 　やろって言ってるの 　に、生意気なマネす 　んじゃねぇよ！」
H5;0x20bd;0x2101;;;薫を蹴り込むその後ろ 姿は、間違いなく図書 室で私を襲った白石と いう男だ。
H5;0x2103;0x2165;;;白石はダラリと両手を 垂れた薫の胸ぐらを掴 むと、脇腹に凄まじい 勢いで拳を入れた。
H5;0x2167;0x218f;;;薫の表情が鈍く歪み、 うつ伏せに倒れ込む。
H5;0x2191;0x21a6;;;「嫌っ、やめてっ！」
H5;0x21a8;0x21cc;;;私の叫びが虚しく反響 する。
H5;0x21ce;0x21fc;;;白石はさらに薫の左手 の甲を踏みつけ、物珍 しげな顔でかがみ込む。
H5;0x21fe;0x2261;;;「おっ飯塚、お前イイ 　物してるじゃないか、 　こいつは高く売れそ 　うだぜ！」 そう言うと、薫の薬指 から指輪を引き抜いた。
H5;0x2263;0x22bb;;;薫は白石の脚につかみ かかる。  白石はよろけドスンと 尻餅をついた。
H5;0x22c2;0x231a;;;と、叫びながら白石に 馬乗りになると、薫は 容赦なく白石の顔を殴 りつけた。
H5;0x231c;0x2352;;;いつも屈託のない表情 で微笑む薫が、私の脳 裏を横切る。
H5;0x2354;0x238d;;;しかし、今、私の目の 前には想像すらしなか った姿の薫がいる。
H5;0x238f;0x23e7;;;母、真理子は私の定ま りのない目を見つめ、  「瑤子、あなたはこの 　現実を目の当たりに 　して、何を信じる？」
H5;0x23e9;0x2412;;;私は冷静さを取り戻す ようにゆっくりと目を 閉じた。
H5;0x2414;0x241b;;SALTO -> entrada 47 (cursor 0x7e5c);
H5;0x241b;0x2452;13;;「お前の女で我慢して 　やろって言ってるの 　に、生意気なマネす 　んじゃねぇよ！」
H5;0x2454;0x2498;;;薫を蹴り込むその後ろ 姿は、間違いなく図書 室で私を襲った白石と いう男だ。
H5;0x249a;0x250d;;;白石はダラリと両手を 垂れた薫の胸ぐらを掴 むと、脇腹に凄まじい 勢いで拳を入れた。 薫の表情が鈍く歪み、 うつ伏せに倒れ込む。
H5;0x250f;0x251f;;;「や、やめてっ！」
H5;0x2521;0x2540;;;私の叫びが虚しくガラ スに反響する。
H5;0x2542;0x259f;;;白石はさらに薫の左手 の甲を踏みつけた。  薫は苦痛で顔を歪める。
H5;0x25a1;0x2632;;;男達は次々と薫を蹴飛 ばす。だが、薫は抵抗 らしい素振りも見せな い。  なぜ…、一体どういう うことなのだろう。
H5;0x2634;0x2687;;;できる限り暴力から逃 れようと薫はうずくま って背中を丸くした。
H5;0x2689;0x26cf;;;人間は苦しいと母親の 胎内にいる時のように 丸くなると、どこかで 聞いたことがある。
H5;0x26d1;0x26e7;;;今の薫もきっとそうな のだろう。
H5;0x26e9;0x2732;;;母、真理子は私の定ま りのない目を見つめ、  「瑤子、あなたはこの 　現実を目の当たりに 　して、どうする？」
H5;0x2734;0x275d;;;私は冷静さを取り戻す ようにゆっくりと目を 閉じた。
H5;0x275f;0x277b;;PREGUNTA (2 opciones) | OPCION -> entrada 17 (cursor 0x304a) | OPCION -> entrada 46 (cursor 0x7e12);
H5;0x277b;0x2791;14;;「自分を信じる！」
H5;0x2793;0x27d4;;;心の中で大きなわだか まりがシャボン玉のよ うに弾けた。
H5;0x27d6;0x2814;;;その途端、母、真理子 は微笑みを浮かべ、何 とも言えぬ懐かしい香 りを残し消えていった。
H5;0x2816;0x2833;;;私は無意識のうちに走 り出していた。
H5;0x2835;0x287e;;;用具室の前、私は引き 戸に手を掛け勢いよく 開け放った。
H5;0x2880;0x28ad;;;そこには横たわる数人 の生徒の中に、一人立 つ薫の姿があった。
H5;0x28af;0x28ec;;;「瑤子、俺…ごめんな」  今にも崩れそうな薫を 私はそっと支えた。
H5;0x28ee;0x2908;;;「こんな弱い俺だけど、 　もし良かったら…」
H5;0x290a;0x2931;;;私は薫の胸に頬を埋め、 その言葉の続きをさえ ぎった。
H5;0x2933;0x295c;;;そして…… ゆっくり顔を上げ、薫 の瞳を見つめた。
H5;0x295e;0x298a;;;………。 「信じてる」
H5;0x2991;0x29c5;15;;私はしばらくして一つ の決断を下した。 「…誰も、信じない」
H5;0x29c7;0x29df;;;私は吐き捨てるように 言い放った。
H5;0x29e1;0x2a0d;;;私は四歳から孤独だっ た…一人で生きてきた。
H5;0x2a0f;0x2a78;;;幼稚園でも出迎えはな く、小学校の父兄参観、 卒業式、中学では進路 面談と辛く、寂しかっ た思い出が脳裏を巡っ た。
H5;0x2a7a;0x2aa3;;;その時の寂しさ、悲し さ、辛い気持ちが、そ のまま蘇ってくる。
H5;0x2aa5;0x2ac0;;;「それで、いいのね」
H5;0x2ac2;0x2ad5;;;彼女は悲しそうな顔を した。
H5;0x2ad7;0x2af0;;;それはやはり、私自身 の顔だった。
H5;0x2af2;0x2b25;;;「まだ、遅くないわよ。 　ううん、人はいつだ 　ってやり直せるもの」
H5;0x2b27;0x2b6e;;;そして彼女は慈愛のほ ほえみを浮かべ、目を 閉じた。  私もつられて目を閉じ る。
H5;0x2b70;0x2b90;;;私は今、彼女と一つに なっている。
H5;0x2b92;0x2baf;;;胸の中に温かいものを 抱いている。
H5;0x2bb1;0x2bf6;;;小さな、小さな命。  二つの心が重なり合い、 私を優しく包む。
H5;0x2bf8;0x2c28;;;それは私…  まだ目も開いていない、 小さな赤ちゃんの私。
H5;0x2c2a;0x2ca2;;;新たな生命が生まれ、 もう一つの命が終わり を迎える。  命は受け継がれ、永遠 に、そして無限に広が ってゆく。
H5;0x2ca4;0x2cd2;;;そして私…  私の想い出が、溢れ出 るように蘇ってくる。
H5;0x2cd4;0x2d12;;;薫との出会い。 告白…、 そして、幸せな日々。
H5;0x2d14;0x2d52;;PREGUNTA (2 opciones) | OPCION -> entrada 51 (cursor 0x7f33) | OPCION -> entrada 55 (cursor 0x9834);私にとって薫は… １．理想の男性 ⇒[51] ２．孤独を埋める人 ⇒[55]
H5;0x2d52;0x2d64;16;;「私は、薫を信じる」
H5;0x2d66;0x2db8;;;母は悲しそうな表情を 浮かべ、霧のようにな って消えていった。
H5;0x2dba;0x2dcd;;;私はその場に立ちつく していた。
H5;0x2dcf;0x2df9;;;用具室に行って、事実 を確かめる気力もなく なっていた。
H5;0x2dfb;0x2e2c;;;私は無気力に歩き出し、 校門の前で薫を待った。
H5;0x2e2e;0x2e67;;;どれほどの時間が経っ ただろう。  薫が顔を傷だらけにし て現れた。
H5;0x2e69;0x2e9a;;;私の前には、一生を誓 っても、と思えるほど 愛おしい彼がいる。
H5;0x2e9c;0x2ec8;;;「……薫」  積極的で頼り甲斐のあ るやさしい人。
H5;0x2eca;0x2f21;;;足下のおぼつかない薫 がゆっくり歩み寄る。  冷ややかな薫の目が私 を見つめる。  これもまた現実なんだ と、私は唇を噛んだ。
H5;0x2f23;0x2f61;;;「瑤子…これ、返すよ」  そして、私の手の中に 婚約指輪を落とした。
H5;0x2f63;0x2fa5;;;「俺が持っていると、 　なくしちゃいそうだ」  私はそれを握りしめ、 自然と涙した。
H5;0x2fa7;0x2fc3;;;「ううん、薫が持って 　いて、お願い……」
H5;0x2fc5;0x3003;;;私は倒れそうな薫の胸 に頬を埋めた。そして、 ゆっくり顔を上げ、薫 の瞳を見つめた。
H5;0x3005;0x3026;;;これでいいんだよね、 お母さん……
H5;0x3028;0x3043;;;私はそれを言葉にしな かった。
H5;0x304a;0x306c;17;;「待つわ… 　薫を待ってる」
H5;0x306e;0x3083;;;私はつぶやくように答 えた。
H5;0x3085;0x30a6;;;私ができることは薫を 信じて待つことしかな かった。
H5;0x30a8;0x30b3;;;「そう…」
H5;0x30b5;0x30e2;;;悲しそうに母、真理子 が言うと、私は目を閉 じた。
H5;0x30e4;0x30f6;;;さようなら、お母さん。
H5;0x30f8;0x311c;;;そして再び目を開けた ときにはもう彼女の姿 はなかった。
H5;0x311e;0x3146;;;私は歩き出し、校門の 前で薫を待った。
H5;0x3148;0x318f;;;どれほどの時間が経っ ただろう。  薫が顔を傷だらけにし て現れた。
H5;0x3191;0x31c2;;;私の前には、一生を誓 っても、と思えるほど 愛おしい彼がいる。
H5;0x31c4;0x31f0;;;「……薫」  積極的で頼り甲斐のあ るやさしい人。
H5;0x31f2;0x3250;;;足下のおぼつかない薫 がゆっくり歩み寄る。  冷ややかな薫の目が私 を見つめる。  これもまた現実なんだ と、私は唇を噛んだ。
H5;0x3252;0x328b;;;「もう、話しかけるな」 薫の、予想すらできな かった言葉。
H5;0x328d;0x32bc;;;私は声をあげることも できず、その場に立ち つくすしかなかった。
H5;0x32be;0x32f7;;;「俺と一緒にいたら、 　駄目だ」 薫の悲痛な声に、私は 大粒の涙をためた。
H5;0x32f9;0x3324;;;だが、薫はその涙を見 ることなく、校門をく ぐり、去っていった。
H5;0x3326;0x3341;;;だけど…私はその姿を 見送った。
H5;0x3343;0x3376;;;何があったのかは分か らない。  だけど、だけど私は君 を信じているから。
H5;0x3378;0x33b1;;;そういえれば良かった と想ったけれど、いつ か伝えられる。  私は、そう信じた。
H5;0x33b8;0x33cb;18;;「助けに行くわ」
H5;0x33cd;0x33f3;;;自分でも思ってもみな かった言葉が口から飛 び出した。
H5;0x33f5;0x343b;;;真理子は、少し驚いた 様子を見せたが、すぐ に納得したように小さ くうなずいた。  「行ってらっしゃい」
H5;0x343d;0x3487;;;心の中で大きなわだか まりがシャボン玉のよ うに弾け、私は無意識 のうちに走り出してい た。
H5;0x3489;0x34d2;;;用具室の前、私は引き 戸に手を掛け勢いよく 開け放った。
H5;0x34d4;0x34fd;;;そこには横たわる数人 の生徒の中に、一人立 つ薫の姿があった。
H5;0x34ff;0x3528;;;薫は、彼女が見せた映 像とは違い、抵抗して いたのだ。
H5;0x352a;0x3574;;;「コラーッ！お前ら、 　何をやっとるかっ！」  つんざくような声に全 員が振り向いた。
H5;0x3576;0x35d0;;;「やべぇ、指導課の玉 　井だ！　にげろっ！」  一人の生徒の声に慌て た生徒達は、クモの子 を散らすように走り去 る。
H5;0x35d2;0x35dc;;;「待てーっ！」
H5;0x35de;0x3609;;;逃げる生徒の後を、玉 井先生が全力で追いか ける。
H5;0x360b;0x3628;;;用具室には見つめ合う 二人だけとなった。
H5;0x362a;0x3672;;;「瑤子、俺…ごめんな」  今にも崩れそうな薫を 私はそっと支えた。
H5;0x3674;0x3694;;;「こんな弱い俺だけど、 　もし良かったら…」
H5;0x3696;0x36c7;;;私は薫の胸に頬を埋め、 その言葉の続きをさえ ぎった。
H5;0x36c9;0x36e8;;;そして、ゆっくり顔を 上げ、薫の瞳を見つめ た。
H5;0x36ea;0x370f;;;「ねぇ、指輪、貰って 　くれるかな」
H5;0x3711;0x373c;;;それを聞いて薫は弱々 しげにうなずいた。  私は孤独だった。
H5;0x373e;0x3755;;;薫が現れて、それは癒 された。
H5;0x3757;0x3792;;;だけど…… それは偽りの癒し。 薫に頼り切った、上辺 だけのもの。
H5;0x3794;0x37ce;;;でも、今は違う。  私は薫を守りたい。  そして今まで通り 薫に守られたい。
H5;0x37d0;0x37ea;;;二人で生きていきたい。
H5;0x37ec;0x37fd;;;「…信じてる」
H5;0x3804;0x3819;19;;彼女は、さらに言葉を 続けた。
H5;0x381b;0x381f;;SALTO -> entrada 65 (cursor 0xb786);
H5;0x3827;0x3844;;;私は張り裂けるほど大 きな声で叫んだ。
H5;0x3846;0x3889;;SALTO_CONDICIONAL +12 bytes;バタンッ！  図書室の入り口の方か ら慌ただしい足音が駆 けてくる。
H5;0x3890;0x38ba;;SALTO_CONDICIONAL +8 bytes;ドサッ 私の背後で鈍い音が聞 こえた。
H5;0x38bc;0x38eb;;;早瀬は大きく目を見開 き、その音の方を呆然 と見上げた。
H5;0x38ed;0x390e;;;「その汚ねぇ手を 　　　　　どけろ！」
H5;0x3910;0x394e;;;その声はまぎれもなく 薫の声だった。  途端に、私の頬を止め どもなく涙が流れ伝う。
H5;0x3950;0x3999;;;早瀬は慌てて手を引く と、おどおどしながら 後ずさった。  「俺、何も… 　してないから……」
H5;0x399b;0x39c5;;;早瀬は怯えた子犬のよ うに、上目遣いに棚の 影へと身を潜めた。
H5;0x39c7;0x39fc;;;薫は縛られた腕の縄を ほどくと、私をやさし く抱き上げた。
H5;0x39fe;0x3a50;;;「瑤子……」  私は薫から視線をそら した。 「…ごめん」
H5;0x3a52;0x3a86;;;その場にいることに耐 えられなくなった私は 図書室を飛び出した。
H5;0x3a88;0x3acd;;;息を切らし、私は噴水 の前に戻ってきた。  うつむき加減に肩で大 きく息をする。
H5;0x3acf;0x3b0d;;;まばたきする度に大粒 の滴がゆっくりと落ち、 足下に広がる灰色のコ ンクリートを湿らせた。
H5;0x3b0f;0x3b67;;;涙に逆らうように見上 げれば、空は青紫色に 染め上がり、哀しみと せつなさが胸の奥から 止めどもなくあふれ出 した。
H5;0x3b69;0x3b7d;;;「どうして…」
H5;0x3b7f;0x3bd2;;;いくら考えても答えは 見付からない……何も わからない。  ただ、言い表せないほ どの絶望感に心が蝕ま れていくのを感じる。
H5;0x3bd4;0x3c08;;;「ねぇ、答えてよ…、 　あなたがお母さんな 　ら、なんでこんなひ 　どいこと……？」
H5;0x3c0a;0x3c24;;;水面の自分に向かって 叫ぶ。
H5;0x3c26;0x3c68;;;しかし、穏やかな水面 は、静寂を保っている。  「辛いでしょ」
H5;0x3c6a;0x3c84;;;最初に現れたときと同 じ、突然の声。
H5;0x3c86;0x3cd0;;;「いくら人を信じても、 人は必ず裏切る弱い生 き物なの。あなたの恋 人である薫君でさえそ うよ」
H5;0x3cd2;0x3d27;;;「結局、人は自分が一 　番かわいいから、ど 　んなに愛した人だと 　しても快楽やお金、 　地位や権力の為なら 　平気で裏切れる」
H5;0x3d29;0x3d63;;;「それは…」  私は彼女の言葉の前に 口どもってしまった。
H5;0x3d65;0x3dad;;;彼女は、また現れた。 水面から、一つも濡れ ることなくセーラー服 姿のままで。
H5;0x3daf;0x3dd9;;;「もう一度訊くわ、あ 　なたは本当に薫君を 　信じているかしら？」
H5;0x3ddb;0x3e0a;;;「え!?」  その言葉は私の心を見 透かしたかのように感 じた。
H5;0x3e0c;0x3e42;;;信じたい気持ちは十二 分にある。なのに心の 奥に広がる不安を隠せ ない私もいる。
H5;0x3e44;0x3e64;;;…私は、 薫を信じているの？
H5;0x3e66;0x3ea9;;;考えれば考えるほど迷 宮に迷い込んだように 答えは見付からず、自 分すら見失ってしまい そうになる。
H5;0x3eab;0x3ec4;;;彼女は水面に手をかざ した。
H5;0x3ec6;0x3ee4;;;その瞬間、再び映像が 現れた。
H5;0x3ee6;0x3f1d;;;「今度は何を見せよう 　って……」  私は声を失った。  「薫…」
H5;0x3f1f;0x3f87;;;そこには、数人の男子 生徒に囲まれ、用具室 に横たわる薫の姿があ った。  取り囲む数人が容赦の ない罵声を浴びせてい る。
H5;0x3f89;0x3ffe;;;「おらっ飯塚、約束の 　金は持ってきたのか。  　お前がバイクを磨い 　たせいで、事故っち 　まったじゃないか。  　修理代も馬鹿になら 　ねぇんだよ！」
H5;0x4000;0x4058;;;おそらく三年生の生徒 だろう。見たこともな い生徒が薫を木偶人形 をなぶるようにもてあ そぶ。
H5;0x405a;0x407d;;;すると、罵声の中から 聞き覚えのある声が聞 こえてきた。
H5;0x407f;0x4083;;SALTO -> entrada 11 (cursor 0x206d);
H5;0x4083;0x40f3;21;;「じゃあ、私も図書室 　へ行こうかな…」  「ああ、だったら一緒 　に行こう」  薫は明るくそう応える と、私にゆっくりと歩 み寄ってきた。
H5;0x40f5;0x4101;;SALTO -> entrada 23 (cursor 0x4290);
H5;0x4101;0x4174;22;;「うん！ 　私もこれから部活が 　あるから、その後、 　いつもの時間にいつ 　もの場所でね」  「ああ、必ず行くから。 　また後でな」
H5;0x4176;0x41d8;;;私は、ただ走り去る薫 の背中をじっと見つめ ていた。  「……薫。 　今日が何の日か、 　忘れてるの……」
H5;0x41da;0x4241;;;今日の部活は休むつも りだったが、薫を待つ 身となった今、私はい つものように水着に着 替え、それらのすべて を溶かすかのように、 その身を深く沈めてゆ く。
H5;0x4243;0x4259;;;「薫のバカ…」
H5;0x425b;0x428a;;;一つ一つの小さな想い のかけらが、泡となっ て消えていった。
H5;0x428c;0x4290;;SALTO -> entrada 24 (cursor 0x46d4);
H5;0x4290;0x42cd;23;;私は身を強張らせ、体 全身で脈打つ流れを激 しく感じた。
H5;0x42cf;0x42de;;;薫が耳元でささやく。
H5;0x42e0;0x430c;;;「瑤子、誕生日 　　　おめでとう！」
H5;0x430e;0x4336;;;薫は私の手を引き寄せ、 左手の薬指にそっと指 輪をはめた。
H5;0x4338;0x4378;;;それは前から私が欲し がっていたツイスト・ シルバーリングだった。
H5;0x437a;0x43ae;;;「最近、土日にあまり 　会えなかっただろ… 　バイトしてたんだ」
H5;0x43b0;0x43d1;;;薫は照れ臭そうに上目 遣いで私を見つめた。
H5;0x43d3;0x440f;;;もしかして薫は私の誕 生日プレゼントを買う ために、土日にバイト をしていたのだろうか。
H5;0x4411;0x4439;;;私は、はにかみながら 優しく光る薬指の指輪 を見つめた。
H5;0x443b;0x4471;;;「ありがとう」  私の心からの言葉を薫 へ返した。
H5;0x4473;0x449c;;;今までこれほど嬉しい 誕生日があっただろう か。
H5;0x449e;0x44f8;;;生まれてまもなく母親 を亡くし、四歳の誕生 日を迎える数日前に、 ガンで父を喪ってから、 祖母の元で暮らしてき た私。
H5;0x44fa;0x451c;;;その祖母も数年前に他 界した。
H5;0x451e;0x455b;;;今は独りアパートを借 りて、父の残してくれ たわずかな遺産で生活 をしている。
H5;0x455d;0x4596;;;何日も前から今日の日 を色々と夢見ていたが、 こんな素敵な贈り物が もらえるなんて。
H5;0x4598;0x45cd;;;私はこみ上げる感動と 喜びを、潤んだ瞳で薫 へうったえた。
H5;0x45cf;0x45fd;;;薫は私の胸に輝く指輪 を指ですくい上げると、 甘えた声で言った。
H5;0x45ff;0x4639;;;「瑤子、このチェーン 　付きのリングをお返 　しに貰えないかな」
H5;0x463b;0x4653;;;私は、その言葉に少し ためらった。
H5;0x4655;0x46d4;;PREGUNTA (2 opciones) | OPCION -> entrada 3 (cursor 0x03a3) | OPCION -> entrada 4 (cursor 0x051e);この指輪は両親が交換 したエンゲージリング。 形見として父が私に残 してくれた大切な宝物 だった。 １．お返しに渡す ⇒[3] ２．ことわる ⇒[4]
H5;0x46d4;0x46fe;24;SALTO_CONDICIONAL +9 bytes;ピィー！ 「今日の練習は 　　　ここまで…」
H5;0x4700;0x473e;;;楽しげな会話の後ろ、 私は無気力に水から上 がり、一人、シャワー 室へ向かう。
H5;0x4740;0x47c5;;;通り過ぎるガラスに反 射する私は、まるで荒 野を徘徊する魂の抜け た屍のように見える。  ……。  「…なんだろう」
H5;0x47c7;0x4849;;;シャワー室の鏡をうつ ろな眼がのぞく。  そこには、二人の予定 がほんの一、二時間遅 れただけの悲劇のヒロ インが、ただ見つめ返 しているだけだった。
H5;0x484b;0x489b;;SALTO_CONDICIONAL +9 bytes;フゥーッ 私は小さな溜息をつく と、あえて一番奥へと 進み、ゆっくりコック をひねる。
H5;0x489d;0x48fb;;SALTO_CONDICIONAL +9 bytes;シャー…… 優しく暖かい蒸気が私 を包み、白い肌がぽっ と桜色に染め上がる。  吹き出るお湯が荒々し く全身へ降りかかる。
H5;0x48fd;0x4933;;;心の奥まで伝わるよう な暖かさが、優しさと 言うよりも、むしろ痛 さとして伝わってくる。
H5;0x4935;0x4960;;;「…忘れてなんか 　　　　　ないよね」
H5;0x4962;0x499f;;;幼い頃に両親を亡くし、 灯の消えた誰もいない 部屋へ戻る辛さは、誰 よりもよく知っている。
H5;0x49a1;0x49d5;;;すでに時の間隔は意識 を離れ、ここには私を 流れ伝う音しか聞こえ てこない。
H5;0x49d7;0x4a31;;;コックを閉め、バスタ オルを取り、洗面台の 鏡を覗き込んだ。
H5;0x4a33;0x4a78;;;「ほら、元気出せよ」  私は薫の屈託のない笑 顔を真似てみた。
H5;0x4a7a;0x4aad;;SALTO_CONDICIONAL +9 bytes;フゥーッ 私の口から渇いた溜息 がこぼれた。
H5;0x4aaf;0x4b33;;;鏡の奥には、首から垂 れ下がるチェーンに吊 された指輪が、なぐさ めるように優しく光る。  それは、唯一、私の存 在を形で物語る確かな 証拠だ。
H5;0x4b35;0x4b83;;;顔もぼんやりとしか思 い出せない父親が私に 残した、たった一つの 形見のエンゲージリン グである。
H5;0x4b85;0x4bb1;;;とっさに人の気配を感 じた、その時……
H5;0x4bb3;0x4bc8;;;「　！　」
H5;0x4bca;0x4c34;;PREGUNTA (2 opciones) | OPCION -> entrada 25 (cursor 0x4c34) | OPCION -> entrada 26 (cursor 0x4cef);鏡に映る私の後ろに、 見たこともない白髪の 老人が立ち、今にも襲 いかからんとする。 １．恐怖に目をつむる ⇒[25] ２．後ろを振り向く ⇒[26]
H5;0x4c34;0x4c57;25;;私は、恐怖のあまり目 をつむってしまった。
H5;0x4c59;0x4c8d;;;しばらく沈黙が続いた。 しかし、それ以上何も 起こる気配はない。
H5;0x4c8f;0x4cc2;;;私は恐る恐る目を開け、 ゆっくりと後ろを振り 返ってみた。
H5;0x4cc4;0x4ce9;;;………。  しかし、誰もいない。
H5;0x4ceb;0x4cef;;SALTO -> entrada 27 (cursor 0x4d24);
H5;0x4cef;0x4d07;26;;私は慌てて後ろを振り 返り見た。
H5;0x4d09;0x4d1e;;;しかし、そこには誰も いない。
H5;0x4d20;0x4d24;;SALTO -> entrada 27 (cursor 0x4d24);
H5;0x4d24;0x4d85;27;;「見付けたぞ」  しわがれた声がしたか と思うと、石膏のよう な白い手が、鏡から突 き出し、私の手首に巻 き付いた。
H5;0x4d87;0x4de0;;;「きゃあああああっ！」  その瞬間、血の気が引 くような悪寒と衝撃が 全身に走った。
H5;0x4de2;0x4e15;;;その手は、氷のように 冷たく、別世界の住人 を彷彿させるに十分で あった。
H5;0x4e17;0x4e37;;;私は顔を上げ、思わず 息を呑む。
H5;0x4e39;0x4e74;;;そこには、焼けただれ た老人の顔がベッタリ 張り付いていた。
H5;0x4e76;0x4eb6;;;老人の右目にはあるは ずの黒い部分がなく、 銀の玉のような眼球が、 不気味に光っていた。
H5;0x4eb8;0x4eda;;;「さぁ真理子、 　こっちへ来るんだ」
H5;0x4edc;0x4f2f;;;血管の浮き出た青白い 手が、ガラスの奥へと 引きずり込もうと締め 始める。
H5;0x4f31;0x4f66;;;私の左手は徐々に血の 気が引き、さらに指先 はしびれ、感覚さえな くなってきた。
H5;0x4f68;0x4f96;;;私は頭が揺れるほど、 心臓の鼓動を激しく感 じた。
H5;0x4f98;0x4fe9;;;「やめて！」  振り払おうとしたが、 信じられないほどの力 で鏡の中へグイグイと 引きずり込まれていく。
H5;0x4feb;0x4fef;;SALTO -> entrada 66 (cursor 0xb873);
H5;0x4fef;0x500e;28;;私は息を殺し、もうし ばらく様子を見ること にした。
H5;0x5010;0x5053;;;先程の老人は一体誰な のだろう…。  老人が言ってた真理子 って…。
H5;0x5055;0x5099;;;冷静に改めて考えると、 夢や幻覚だった気がし てきた。  老人は鏡の中から現れ たのだから。
H5;0x509b;0x5103;;PREGUNTA (3 opciones) | OPCION -> entrada 30 (cursor 0x57c0) | OPCION -> entrada 31 (cursor 0x581a) | OPCION -> entrada 32 (cursor 0x58a1);あの老人は幻覚？ それとも…  １．きっと幻覚だ ⇒[30] ２．いや、あれは現実だ ⇒[31] ３．真理子…聞き覚えが 　ある ⇒[32]
H5;0x5103;0x5134;29;;私は足音を立てないよ うに急ぎ足で、薫が待 つあの場所へと向かっ た。
H5;0x5136;0x51b2;;;薄暗さの中に二階の渡 り廊下が、いつもとは 違う何かを感じさせ、 続いている。  先ほどの、あの異様な 出来事が頭を離れぬま ま、なおさらと薫の元 へ急ぐ脚を早めた。
H5;0x51b4;0x5210;;;あの場所は、廊下の角 を曲がれば目と鼻の先 にある。  私は逸る気持ちと不安 を抑え、平然を装いつ つ廊下を進む。
H5;0x5212;0x524d;;;そして、中庭を一望で きるテラスのあるガラ スドアに手を掛け、静 かに押し開けた。
H5;0x524f;0x52a3;;;その瞬間、私の中の悪 い予感が大きく膨らみ、 弾ける音がした。
H5;0x52a5;0x5322;;;彼の姿はそこにない。  私の目前に広がる風景 は鉛色に静止し、ここ で初めて唇を交わした 日が限りなく淡く、遠 くに感じた。
H5;0x5324;0x5368;;;私は期待すればするほ ど、それを裏切られた ときの絶望感は計り知 れないと知っていなが ら、再び痛感した。
H5;0x536a;0x53b6;;;７‥３０  手首に巻かれた時の語 り部は、約束から三十 分の経過を悲しく告げ る。
H5;0x53b8;0x53e7;;;「帰っちゃった 　　　のかな……」
H5;0x53e9;0x5424;;;虚しさは次第に孤独感 に変わり、思えば思う ほど腹立たしく、また 怖くも感じた。
H5;0x5426;0x54ab;;;「……きっといるよね」  私は半ば諦めかけた気 持ちをもう一度奮い立 たせ、沸々と首をもた げようとする闇の意識 をかき消しながら、三 階の図書室へ急いだ。
H5;0x54ad;0x54eb;;;冷たい赤錆びた手すり を伝い、静まり返った 三階の廊下へ上がる。
H5;0x54ed;0x5524;;;その突き当たりの図書 室のドアは暗く、人の 気配はまったく感じら れない。
H5;0x5526;0x5578;;;……。 ドアノブを回してみる が、ガチャリと金属音 がするだけでドアは動 こうとはしない。
H5;0x557a;0x55b9;;;ガラスごしに中の様子 をのぞき込んだが、そ こはただ暗く、静まり 返っている。
H5;0x55bb;0x55f5;;;この日を一人で過ごす なんて想像もしてなか った。  いや、したくなかった。
H5;0x55f7;0x5620;;;今までも、この日が近 付いても誰かが側にい てくれると信じていた。
H5;0x5622;0x564b;;;この世に生を受けたこ の日を、誰からも認め られない私……。
H5;0x564d;0x56c0;;;そう思った瞬間、心を きつく縛ったひもがほ どけ、私のありのまま の感情が溢れ出る。  私は、ぼやける廊下を 見つめながら、情けな い自分の悔しさにグッ と唇を噛んだ。
H5;0x56c2;0x570a;;SALTO_CONDICIONAL +12 bytes;ガシャン！  廊下の先でした物音に 私はハッとした。
H5;0x570c;0x5718;;;「薫…？」
H5;0x571a;0x5760;;;私はかすれそうな声で 呼んだが、返ってくる のは期待の返事ではな く、静寂という冷たく 重い空気だけだった。
H5;0x5762;0x57c0;;SALTO_CONDICIONAL +17 bytes | PREGUNTA (2 opciones) | OPCION -> entrada 33 (cursor 0x59cb) | OPCION -> entrada 34 (cursor 0x5a23);カツ、カツ、カツ… 階段の方から硬い足音 が響いてくる。 １．きっと薫だ ⇒[33] ２．薫なんかじゃない ⇒[34]
H5;0x57c0;0x57f2;30;;「そんな事、 　あるわけないか…」  私はもう一度、廊下に 目をやった。
H5;0x57f4;0x5814;;;廊下は、いつもと変わ らぬ様子を保っていた。
H5;0x5816;0x581a;;SALTO -> entrada 29 (cursor 0x5103);
H5;0x581a;0x5847;31;;あれは間違いなく現実。  私は、老人につかまれ た腕に目をやった。
H5;0x5849;0x589b;;;そこには、先程の出来 事が現実である証拠が くっきりと残っている。  ここにいるのが、だん だん怖くなってきた。
H5;0x589d;0x58a1;;SALTO -> entrada 29 (cursor 0x5103);
H5;0x58a1;0x58c3;32;;真理子…。  聞き覚えのある名前だ。
H5;0x58c5;0x58f7;;;私のクラスの生徒では ない。  知っている人のような 気がする。
H5;0x58f9;0x5950;;;でも思い出せない。  私の中で大きな渦が巻 き、その向こうに真理 子が見え隠れする。  「一体、誰なんだろう」
H5;0x5952;0x599d;;SALTO_CONDICIONAL +12 bytes;キーバタン… 私しかいないはずの更 衣室の中から、ロッカ ーの閉まる音が聞こえ た。
H5;0x599f;0x59c5;;;今、私の背後から異様 な圧力を感じた。
H5;0x59c7;0x59cb;;SALTO -> entrada 29 (cursor 0x5103);
H5;0x59cb;0x59ee;33;;私は足早に階段に駆け 寄り、もう一度声をか けてみた。
H5;0x59f0;0x5a1d;;;「薫……、  　　薫なの？」
H5;0x5a1f;0x5a23;;SALTO -> entrada 35 (cursor 0x5a95);
H5;0x5a23;0x5a57;34;;薫なんかじゃない。  私は、この世のものと は思えない異様な気配 を感じた。
H5;0x5a59;0x5a8f;;;「一体、誰なの…」  私は薄暗い階段に声を かけた。
H5;0x5a91;0x5a95;;SALTO -> entrada 35 (cursor 0x5a95);
H5;0x5a95;0x5acd;35;;その途端、足音は止ま った。  それ以後、物音は聞こ えてこない。
H5;0x5acf;0x5b23;;;針の落ちる音が聞こえ るほど、辺りはひっそ りと静まり返り、ただ、 真っ暗な階段が青白く、 冷たく輝いているだけ だった。
H5;0x5b25;0x5b36;;;!?
H5;0x5b38;0x5b64;;;その時、踊り場の壁の むこうに消える人影を 私は見た。
H5;0x5b66;0x5ba2;;;私は息を殺し、猫のよ うにゆっくりと一歩、 一歩、階段を下りてい く。
H5;0x5ba4;0x5c01;;SALTO_CONDICIONAL +7 bytes;キィー   背後からの唐突な音に、 私は息を呑んだ。
H5;0x5c03;0x5c71;;;重くのし掛かっていた 不安は、いつしか恐怖 へとその姿を変えてい く。  しかし、私の中にわず かに残る「もしかして」 という気持ちが、そっ と背中を押した。
H5;0x5c73;0x5cb0;;;ゆっくりと振り返り、 再び、先ほど音がした 三階へ足を向けた。
H5;0x5cb2;0x5cd5;;SALTO_CONDICIONAL +10 bytes;ガリ、ガリ…   「　！　」
H5;0x5cd7;0x5d09;;;三階の天井から、かき むしるような耳障りな 音が聞こえてくる。
H5;0x5d0b;0x5d4c;;SALTO_CONDICIONAL +14 bytes;ガリ、ガリ、ガリ… 私は目だけでその音を 追い、上目遣いに天井 を見た。
H5;0x5d4e;0x5daa;;;そこには、絵の具をこ ぼしたように赤く、ド ス黒いシミがじわじわ とにじみ出ている。
H5;0x5dac;0x5e09;;SALTO_CONDICIONAL +12 bytes;チタ、チタ… 天井から垂れる黒い滴 は廊下へ落ち、ポッカ リ廊下に穴が開いたよ うに水たまりが広がっ ていく。
H5;0x5e0b;0x5e8d;;SALTO_CONDICIONAL +13 bytes;バリ、バリバリ…  今度は天井の板を無理 矢理引き剥がすような 凄まじい音が、廊下一 面に響きわたった。
H5;0x5e8f;0x5efc;;;「アハハハハハ……」  突然、青白く不気味に 高笑いをする、血塗れ の女の生首が、するり と天井から落ちてきた。
H5;0x5efe;0x5f62;;;凍り付いた体から出る 声は奪われ、動くこと もできない。  必死に背を向け、石の ように重たい脚を引き ずりながら、なんとか 階段の方へ逃れた。
H5;0x5f64;0x5f8a;;;これは自分の恐怖心が 作り出した幻覚なのだ ろうか？
H5;0x5f8c;0x5fed;;;恐る恐る振り返り、天 井を見上げた。  ………。  そこには何の変化もな く、ただ、静寂と異様 な空気が漂っていた。
H5;0x5fef;0x6009;;;視線……。
H5;0x600b;0x6054;;;静まり返った中に、鋭 くとがった強い視線を、 刺さるかのように私は 感じていた。
H5;0x6056;0x6080;;;私は右に延びる廊下に 向かって目を凝らした。
H5;0x6082;0x60df;;;壁の突き当たりには、 見たこともないガッシ リと張り付けられた木 枠付きの古めかしい大 きな鏡が、薄暗い廊下 を写し出していた。
H5;0x60e1;0x6128;;;そして、その鏡の中に 視線の主はいた。  まぎれもない私自身で ある。
H5;0x612a;0x6148;;;その目は明らかに私を 捉え離そうとはしない。
H5;0x614a;0x619d;;;さらに鏡の中の私は、 白い両腕をにゅっと前 に付き出し、ゆっくり と手招きを始めた。
H5;0x619f;0x61db;;;私は必死に助けを呼ぼ うとするが、かすれた 息が空を舞うだけで、 声にならない。
H5;0x61dd;0x622b;;;「一人きりになりたく 　ない」 もう一人の私がガラス の奥から誘うようにさ さやく。
H5;0x622d;0x6267;;;薄れていく意識の中で、 なぜか恐怖と同時に言 い表せない何かを感じ ていた。
H5;0x6269;0x62b4;;;もう一人の私は鏡の奥 へ続く廊下を滑るよう に行き、座り込んだ青 年の後ろで、フワリと 消えた。
H5;0x62b6;0x62df;;;その、うつむく青年の 顔はまぎれもなく薫だ った。
H5;0x62e1;0x6304;;;「瑤子、一緒に行こう」
H5;0x6306;0x6378;;;鏡の中の薫は顔を上げ ると、桃の花が咲くよ うに優しい笑みを浮か べた。  その奥は甘い香りと共 に、明るく美しい花畑 や山並みが広がる。
H5;0x637a;0x63d0;;PREGUNTA (2 opciones) | OPCION -> entrada 36 (cursor 0x63d0) | OPCION -> entrada 37 (cursor 0x64f0);心とは裏腹に足が勝手 に前に出る。  私は… １．頑なに抵抗する ⇒[36] ２．流れに身を任せる ⇒[37]
H5;0x63d0;0x6404;36;;私は流れに逆らうよう に、頑なに抵抗した。
H5;0x6406;0x6445;;;「瑤子…」  鏡の中の薫が優しく私 を呼ぶ。
H5;0x6447;0x6474;;;「薫…」  私にとって薫の存在っ て…。
H5;0x6476;0x64a1;;;様々な想いが心の中で 渦巻き、複雑に絡み合 う。
H5;0x64a3;0x64ce;;;考えているうちに、そ んなことはどうでもよ く思えた。
H5;0x64d0;0x64ea;;;いくら考えても答えは 見付からない。
H5;0x64ec;0x64f0;;SALTO -> entrada 37 (cursor 0x64f0);
H5;0x64f0;0x6517;37;;私は自然の流れに身を 任せるように鏡の方へ 歩み寄る。
H5;0x6519;0x6565;;;いつからかガラスの奥 に広がる見慣れた廊下 は、薄汚れた木張りの 廊下へ姿を変えていた。
H5;0x6567;0x65a9;;SALTO_CONDICIONAL +17 bytes;カラーン、カラーン   遠くで  　鐘の音が  　　響いてくる。
H5;0x65ab;0x65dd;;;「あと一歩踏み出せば、 　嫌なことすべてを忘 　れられる」
H5;0x65df;0x660d;;;私の頭の中で、何度も そんな言葉が繰り返さ れた。
H5;0x660f;0x662f;;;私は鏡の枠に手をかけ て身を乗り出す。
H5;0x6631;0x667f;;;ガラスが割れんばかり の大きな声が、木の葉 のように揺れ落ちそう な私の心を呼び止めた。
H5;0x6681;0x66b2;;;振り向くと、薫が必死 にこちらへ走ってくる のが見える。
H5;0x66b4;0x66eb;;;その時、私の意志とは 裏腹に、腹の底から激 しい感情がこみ上げて きた。
H5;0x66ed;0x6700;;;「来ないで……」
H5;0x6702;0x6737;;;私の言葉に薫は困惑し ながらも、彼特有の笑 みを浮かべ、ゆっくり 私に歩み寄る。
H5;0x6739;0x6772;;;「私はもう嫌なの、  　こんな自分が  　嫌なのよ！」
H5;0x6774;0x6798;;;「瑤子、わかってるよ」
H5;0x679a;0x67c2;;;「わかってなんか 　ない！」
H5;0x67c4;0x67ed;;;私は薫の言葉をかき消 すように吐き捨てた。
H5;0x67ef;0x6815;;;今、彼の言葉をそのま ま信じる勇気が無かっ たからだ。
H5;0x6817;0x6845;;;「私は強くなんかない 　よ……、大人なんか 　じゃない！」
H5;0x6847;0x6894;;;「私は一人じゃ、生き 　ていけないのよ！」 いつしか私の頬を大粒 の涙が伝い、こぼれ落 ちていた。
H5;0x6896;0x68cd;;;次々と口から溢れ出る 心の叫びが、縛り付け られた私を解放してゆ く。
H5;0x68cf;0x6902;;;声にならない心の叫び が、冷たいガラスに反 響する。
H5;0x6904;0x692d;;;孤独な自分……  でも、一人なんて嫌。
H5;0x692f;0x6942;;;あなたに 　　わかるの？
H5;0x6944;0x69a4;;;不安に押し潰されそう な弱い私が……。 あなたは子供のようで 大人。 私は、大人のようで… ……子供。
H5;0x69a6;0x69ce;;;自分らしい生き方と、 今まで自分に言い聞か せてきた。
H5;0x69d0;0x69ff;;;本当にあなたは  こんな私を…  包んでくれるの？
H5;0x6a01;0x6a40;;;知りたいけれど、  聞くのが怖い…。  本当に、一人になって  しまうのが怖いのよ。
H5;0x6a42;0x6a69;;;私は張り裂けるほどの 気持ちを、心の中に膨 らませた。
H5;0x6a6b;0x6a95;;;次第と、せつなさが涙 と共にこみ上げ、唇が 小さく震える。
H5;0x6a97;0x6af8;;;もう一度、私は薫の瞳 の奥を見つめた。   しかし、今の私には薫 の本当の気持ちがわか るはずもなかった。
H5;0x6afa;0x6b0a;;;「お　い　で」
H5;0x6b0c;0x6b30;;;鏡の中のもう一人の薫 が優しく、なだめるよ うにつぶやく。
H5;0x6b32;0x6b5c;;;私は、その言葉に引か れるように、鏡の枠に 片足を乗せた。
H5;0x6b5e;0x6b9b;;;なのに何故か、ゆっく りと後ろ髪を引かれる ように、私を呼び止め た薫へと振り向いた。
H5;0x6b9d;0x6bb1;;;………。
H5;0x6bb3;0x6bea;;;薫は、厳しい表情を私 に見せた。  普段、彼が決して見せ ない真剣な表情だ。
H5;0x6bec;0x6c07;;;「高い物 　じゃないけど…」
H5;0x6c09;0x6c72;;;薫は、ポケットに手を 入れ、握り拳を私の前 に差し出した。  徐々に開かれた拳の中 には、裸のシルバーリ ングが小さな光を放っ ていた。
H5;0x6c74;0x6c96;;;「誕生日、  　　おめでとう」
H5;0x6c98;0x6d07;;;私の震えは止まらなか った…  薫は、そんな私の手を とり、包み込むように 自分の手を重ね併せた。 そして、左手の薬指に 優しく指輪をはめた。
H5;0x6d09;0x6d1e;;;「暖かい……」
H5;0x6d20;0x6d7a;;;長く、苦しいと感じた 暗い時間など遠い記憶 となった。  今、私は眠っていた温 もりの記憶を思い出し、 胸一杯に感じていた。
H5;0x6d7c;0x6da2;;;「あなたは、こんな私 　にちゃんと気付いて 　くれていたのね」
H5;0x6da4;0x6dc8;;;「私はもう、独りぼっ 　ちじゃないよね」
H5;0x6dca;0x6e0d;;;私は透き通る瞳でジッ と薫を見つめ、子供の ような純粋な気持ちで、 薫の胸にその身を委ね た。
H5;0x6e0f;0x6e5b;;SALTO_CONDICIONAL +10 bytes;ピシッ！  鏡に大きな 　亀裂が走った。  次の瞬間……。
H5;0x6e5d;0x6f06;;SALTO_CONDICIONAL +15 bytes | SALTO_CONDICIONAL +15 bytes;ババーウゥ……ン  ギワッキューン   ストロボを焚いたよう に眩しく光ったと思う と、目の前には見慣れ ない木張りの廊下や天 井が広がっていた。
H5;0x6f08;0x6f3f;;;振り返ると、亀裂の入 った木枠の鏡の中に、 見慣れた私達の校舎が 映っていた。
H5;0x6f41;0x6f6b;;;その鏡の向こうで、も う一人の私が、こちら を見ながら笑っている。
H5;0x6f6d;0x6fd1;;;「あははは…、やっと 　自由になれた！  　私の代わりに、真っ 　黒に焼けただれるが 　いいわっ！」
H5;0x6fd3;0x7047;;;鏡の中の私は一瞬、ミ イラのように見えたが、 溶けるように消えてし まった。  残った鏡は、私達を写 し出す古めかしいただ の鏡に変貌した。
H5;0x7049;0x708e;;;薫が触って調べてみる が、何の変哲もない亀 裂の入った冷たい鏡に 変わりはなかった。
H5;0x7090;0x70c8;;;「もう、 　　戻れないの？」   私は、不安な表情で薫 を見つめた。
H5;0x70ca;0x70f2;;;「嫌な予感がする…、 　とにかく今は、ここ 　から出なきゃ」
H5;0x70f4;0x712c;;;そういうと… 薫は私の手を引いて、 きしむ廊下を走り出し た。
H5;0x712e;0x7143;;;大きな手……。
H5;0x7145;0x719c;;PREGUNTA (2 opciones) | OPCION -> entrada 38 (cursor 0x719c) | OPCION -> entrada 39 (cursor 0x722f);私は薫の顔を見上げな がら… １．薫と出逢えてよかっ 　たと思った ⇒[38] ２．ずっと薫の側にいた 　いと思った ⇒[39]
H5;0x719c;0x71bb;38;;私は心から薫に出逢え てよかったと思った。
H5;0x71bd;0x71ea;;;世界にこんな大勢の人 達が生きているのに、 私と薫は出逢って……
H5;0x71ec;0x7202;;;そして、恋に落ちた。
H5;0x7204;0x7227;;;私にとって薫は、無く てはならない存在にな っていた。
H5;0x7229;0x722f;;SALTO -> entrada 52 (cursor 0x811e);
H5;0x722f;0x7241;39;;ずっと側にいたい…。
H5;0x7243;0x7281;;;私は心からそう思った。  大きな手。  そして、大きな背中…。
H5;0x7283;0x7287;;SALTO -> entrada 52 (cursor 0x811e);
H5;0x7287;0x72bf;40;;薫は身を起こし、急い で格技場の非常口のド アへと駆け寄った。
H5;0x72c1;0x72ed;;;「ここから出よう」 薫はノブを回した。
H5;0x72ef;0x733b;;;しかし、ドアは開かな い。  隙間からのぞき込むと、 外側から南京錠が掛け られている。
H5;0x733d;0x7351;;;「クソっ！」
H5;0x7353;0x7380;;;薫がドアを蹴り飛ばし たが、固い鉄の板はび くともしない。
H5;0x7382;0x73dd;;;火の手は格技場の入り 口まで迫り、燃える畳 の臭いと煙が部屋に白 く充満していった。
H5;0x73ea;0x740b;;;薫は咳き込みながら畳 に両手をつく。
H5;0x7412;0x7457;;;必死にドアを叩く音と 私の叫びが、校舎内に こだました。
H5;0x7459;0x746e;;;「真理子か？」
H5;0x7470;0x7484;;;ドアの外から声が聞こ えてきた。
H5;0x7486;0x74a9;;;「待っとれ！ 　今、鍵を 　めがすけんの……」
H5;0x74ab;0x74e1;;SALTO_CONDICIONAL +12 bytes;ガチンッ！ 鈍い金属音がすると、 ドアは抵抗なく開いた。
H5;0x74e3;0x752d;;;外には、顔半分血塗れ になった見覚えのある 白髪の老人が立ってい た。
H5;0x752f;0x7583;;;「真理子！ 　探したぞ！」  そう言いながら老人は 私に駆け寄ってきた。  私はその身をこわばら せ両手で突っ張った。
H5;0x7585;0x75bf;;;老人は苦虫を噛み潰し たような顔をして、眉 間にしわを寄せ、ジロ ジロと私を眺めた。
H5;0x75c1;0x75e5;;;「お前は、真理子じゃ 　ないんか…？」
H5;0x75e7;0x7606;;;「はい……。  　私は瑤子です」
H5;0x7608;0x7649;;;私がそう言うと、老人 はガックリと肩を落と し、子供のようにしが みついて泣きわめき始 めた。
H5;0x764b;0x7680;;;「真理子を… 　見んかったか？  　真理子が校舎の中に 　おんのじゃ！」
H5;0x7682;0x76c7;;;遠くで半鐘の音が聞こ える。 私はしゃがみ込む老人 の肩に手を掛けた。
H5;0x76c9;0x7712;;;老人は私の首に下がる 指輪を見ると、ギュッ と手を握り、大粒の涙 を流しながら嘆願し始 めた。
H5;0x7714;0x776e;;;「スマン、真理子…、 　ワシを許してくれ。  　ワシはホントの事を 　言えなんだ…」
H5;0x7770;0x77b6;;;「弘幸が子供を引き取 　って別れると言った 　のは……、  　他に女ができたから 　じゃないんじゃ！」
H5;0x77b8;0x77d8;;;私はその名前を聞いて 驚きを隠せなかった。
H5;0x77da;0x77fd;;;弘幸とはまぎれもなく 私の父親の名前だった からだ。
H5;0x77ff;0x7850;;;「弘幸はガンなんじゃ 　…。もって後二、三 　年の命じゃから、こ 　れから先のあるお前 　のことを案じて……」
H5;0x7852;0x7879;;;老人は「スマン」と何 度も繰り返し、泣き崩 れた。
H5;0x787b;0x78bd;;;今まで、知りたくても 知ることができなかっ た私の出生の事実が、 ようやくわかった。
H5;0x78bf;0x7913;;;私は心の奥にみなぎる 想いを感じた。  渇いた大地に水が注が れるように、私の中の 亀裂がふさがれていっ た。
H5;0x7915;0x7973;;SALTO_CONDICIONAL +13 bytes;スバーンッ！ 怒号のような雷鳴が轟 いたかと思うと、父の 指輪が輝きだし、壁に ある大きな鏡が水のよ うに波打ち始めた。
H5;0x7975;0x7980;;;「危ない！」
H5;0x7982;0x79b5;;;老人はそう叫び、私と 薫をその鏡の中へ突き 飛ばした。
H5;0x79b7;0x79bb;;SALTO -> entrada 61 (cursor 0xa469);
H5;0x79bb;0x79e7;41;PREGUNTA (2 opciones) | OPCION -> entrada 62 (cursor 0xaacb) | OPCION -> entrada 51 (cursor 0x7f33);私は毅然とした態度で こたえた。  ⇒[62]  ⇒[51]
H5;0x79e7;0x7a43;42;;「裏切る人間が例えい 　たとしても、私は自 　分を裏切ったりはし 　ない。  　だから信じるの  　…自分のことを」
H5;0x7a45;0x7a61;;;真理子はその言葉にク ッと表情を曇らせた。
H5;0x7a63;0x7a8c;;;「私の父、弘幸はあな 　たを裏切ったりはし 　なかったわ」
H5;0x7a8e;0x7add;;;「私の父はガンだっの 　よ、あなたの将来を 　考え、悩み、苦しん 　で別れを告げること 　を選んだのよ！」
H5;0x7adf;0x7af4;;;「………」
H5;0x7af6;0x7b3e;;;真理子は私の胸元に下 がった熱い絆のリング を凝視すると、驚愕し た表情を見せ、嗚咽し 始めた。
H5;0x7b40;0x7b73;;;「嘘よ！  　　嘘だわ！」
H5;0x7b75;0x7b8b;;;真理子は半狂乱にのた うち回った。
H5;0x7b8d;0x7bc5;;;その動きは徐々に獣化 していたものから、な つかしいものへと落ち 着いていく。
H5;0x7bc7;0x7be8;;;「嘘なら私は生まれな 　かったはずでしょ…」
H5;0x7bea;0x7c0e;;;「お母さん」
H5;0x7c10;0x7c14;;SALTO -> entrada 71 (cursor 0xc168);
H5;0x7c14;0x7c21;43;;「うそぉ」
H5;0x7c23;0x7c4d;;;「よかったらさ、一緒 　に図書室を覗いてみ 　ないか」
H5;0x7c4f;0x7c63;;;「う、うん」
H5;0x7c65;0x7c7f;;;私は素直に返事ができ なかった。
H5;0x7c81;0x7ca5;;;今まで、今日という日 を指折り数えてきた。
H5;0x7ca7;0x7cda;;;私の心は少しでも薫と 二人だけで過ごしたい という気持ちで一杯だ った。
H5;0x7cdc;0x7cfe;;;そんな気持ちが私の中 で渦巻き、表情を曇ら せた。
H5;0x7d00;0x7d19;;;「嫌なら無理すんなよ」
H5;0x7d1b;0x7d42;;;「う、ううん、嫌じゃ 　ないけど……」
H5;0x7d44;0x7da3;;PREGUNTA (2 opciones) | OPCION -> entrada 7 (cursor 0x0bfe) | OPCION -> entrada 6 (cursor 0x0b8e);いつものストレートな 薫の言葉に、私は… １．今日は、二人だけで 　過ごしたい ⇒[7] ２．ううん、嫌じゃない ⇒[6]
H5;0x7da3;0x7de3;44;PREGUNTA (2 opciones) | OPCION -> entrada 41 (cursor 0x79bb) | OPCION -> entrada 42 (cursor 0x79e7);私は毅然とした態度で こたえた。 １．薫を信じる ⇒[41] ２．自分を信じる ⇒[42]
H5;0x7de3;0x7e12;45;PREGUNTA (2 opciones) | OPCION -> entrada 65 (cursor 0xb786) | OPCION -> entrada 53 (cursor 0x8a12);１．彼女の言葉を待つ ⇒[65] ２．図書室に行く ⇒[53]
H5;0x7e12;0x7e5c;46;PREGUNTA (2 opciones) | OPCION -> entrada 18 (cursor 0x33b8) | OPCION -> entrada 17 (cursor 0x304a);そして、私は しばらくして一つの決 断を下した。 １．薫を助けに行く ⇒[18] ２．薫を待つ ⇒[17]
H5;0x7e5c;0x7e7d;47;PREGUNTA (3 opciones) | OPCION -> entrada 15 (cursor 0x2991) | OPCION -> entrada 48 (cursor 0x7e7d) | OPCION -> entrada 49 (cursor 0x7ec3);
H5;0x7e7d;0x7ec3;48;PREGUNTA (2 opciones) | OPCION -> entrada 14 (cursor 0x277b) | OPCION -> entrada 15 (cursor 0x2991);私はしばらくして一つ の決断を下した。 １．自分を信じる ⇒[14] ２．誰も信じない ⇒[15]
H5;0x7ec3;0x7f1c;49;PREGUNTA (3 opciones) | OPCION -> entrada 14 (cursor 0x277b) | OPCION -> entrada 15 (cursor 0x2991) | OPCION -> entrada 16 (cursor 0x2d52);私はしばらくして一つ の決断を下した。 １．自分を信じる ⇒[14] ２．誰も信じない ⇒[15] ３．薫を信じる ⇒[16]
H5;0x7f1c;0x7f33;50;PREGUNTA (2 opciones) | OPCION -> entrada 2 (cursor 0x0325) | OPCION -> entrada 1 (cursor 0x01f8);
H5;0x7f33;0x7f42;51;;「私は、薫を信じる」
H5;0x7f44;0x7f88;;;私はうずくまる真理子 に言い放った。  すると真理子の表情は 一転し、悲しい瞳で私 を見つめた。
H5;0x7f8a;0x7fb7;;;「瑤子、あなたも私と 　同じ道を歩むのね。 　なんという因果なの」
H5;0x7fb9;0x7ff6;;;うずくまる真理子は、 石膏の彫刻のように白 くなり、ボロボロと崩 れ始めた。
H5;0x7ff8;0x8026;;;「瑤子…、心は心でし 　か埋められない。決 　して…」
H5;0x8028;0x8043;;;砂の山からかすかに声 が聞こえた。
H5;0x8045;0x807f;;SALTO_CONDICIONAL +24 bytes;ピピ、ピピ、ピピ、ピ ピ… はっ！
H5;0x8081;0x8095;;;私は腕時計の音に目を 覚ました。
H5;0x8097;0x80ad;;;時計は八時を告げてい る。
H5;0x80af;0x80f9;;;窓の外はすでに日が落 ち、誰もいない薄暗い 教室が私を包む。  私はカバンを抱え走り 出す。
H5;0x80fb;0x8108;;;あの場所へと…。
H5;0x811e;0x8135;52;;私は改めて、薫の存在 に気付いた。
H5;0x8137;0x818e;;;「ごめんね。 　気付いていなかった 　のは、私だったね…」 私は、薫に聞こえない ほど小さな声でつぶや いた。
H5;0x8190;0x81cf;;;声が届いたかどうかは わからなかったが、一 瞬、薫の口元に笑みを 感じたような気がした。
H5;0x81d1;0x81f9;;;私達は階段を駆け下り、 広い踊り場へと出た。
H5;0x81fb;0x8282;;;とたんに方向を失うほ どの熱気に顔を覆う！  そこには身の丈をはる かに超える業火が、バ チバチと火の粉を散ら しながら、その行く手 をふさいでいた。
H5;0x8284;0x82b8;;;業火は木造の天井や床 を走り、辺り一面を火 の海と化した。
H5;0x82ba;0x8315;;SALTO_CONDICIONAL +24 bytes;メキ、メキ…メキ、メ キ…    薫はとっさに私を突き 飛ばした。
H5;0x8317;0x836a;;SALTO_CONDICIONAL +13 bytes;ザザンーッ！ 炎と煙を噴き上げる中、 焼けこげた天板が、私 の頭上へ落ちてきたの だ。
H5;0x836c;0x8393;;;落ちた天板は私の頬を かすめ、間一髪で難を 逃れた。
H5;0x8395;0x83d6;;;燃えさかる炎は勢いを 増して階段へも燃え移 り、大きな火柱が竜巻 のように渦を巻く。
H5;0x83d8;0x8437;;;「瑤子！ 　ケガはないか？」 「ええ、 　薫は大丈夫？」 彼は微笑みうなずくと、 言葉を続けた。
H5;0x8439;0x84a2;;;「俺、ここがどこか 　　　　わかったよ…。  　　多分……  　　　旧校舎だ」
H5;0x84a4;0x84b0;;;「旧校舎？」
H5;0x84b2;0x8509;;;「さっき図書室で調べ 　ていてわかったんだ 　けど……、  　昔、大火事で焼けて、 　取り壊された旧校舎 　があるんだ」
H5;0x850b;0x8543;;;その言葉を聞いて、私 も亡くなった祖母から 聞いた話を何となく思 い出した。
H5;0x8545;0x85af;;;生前に父が教員として 勤めていた木造の校舎 が、不審火で炎上消失 した話しだ。  消防団員だった私の祖 父は、その火事で亡く なったらしい。
H5;0x85b1;0x85c2;;;「どうするの？」
H5;0x85c4;0x85ef;;;薫は険しい顔つきで考 え込んでいたが、  次の瞬間…
H5;0x85f1;0x862b;;;「こっちだ」  と、薫は私の手を引っ 張って再び走り始めた。
H5;0x862d;0x8694;;;しばらくすると、廊下 の突き当たりに大きな 木の引き戸が見えてき た。  「この奥は格技場だ。 　そこから外へ出られ 　るはず」
H5;0x8696;0x86e1;;;薫は渾身の力を込めて 引き戸を開ける。  しかし、鍵がかかって いるのか引き戸はびく ともしない。
H5;0x86e3;0x8711;;;私も引き戸の取っ手に 手を掛け、薫と共に必 死に押す。
H5;0x8713;0x876a;;;しかし、私達をあざ笑 うかのように炎は、背 後からバチバチと火花 を飛ばし、今にも飲み 込まんと迫ってくる。
H5;0x876c;0x8787;;;「くそっ、 　　開かねぇ！」
H5;0x8789;0x87bd;;;床の板の隙間からは、 地獄の釜の蓋のように、 煙が噴き上がってくる。
H5;0x87bf;0x881f;;SALTO_CONDICIONAL +21 bytes;メキメキ…ズシャン！  後ろの廊下まで火の手 が伸び、教室の窓が熱 で次々と割れていく。
H5;0x8821;0x886f;;;炎は、まるで生きた赤 いカーテンのように広 がり、柱や壁をなめ尽 くし、空気を取り込ん でさらに勢いを増す。
H5;0x8871;0x88ac;;;廊下は溶鉱炉のごとく 凄まじい熱気に包まれ た。
H5;0x88ae;0x88fc;;;私は左手の指に輝く指 輪を見つめた。  見上げれば、必死に引 き戸にぶつかる薫がい る。
H5;0x88fe;0x8923;;;私の胸の奥で、希望に 満ちた小さな光が大き く膨らんだ。
H5;0x8925;0x8979;;;「やっと本当の気持ち 　を、つかみかけたん 　だから……」 「私、絶対に諦めない 　……絶対に」
H5;0x897b;0x89b3;;;私も薫に合わせ、格技 場の引き戸に向かって 体当たりを始めた。
H5;0x89b5;0x8a0c;;SALTO_CONDICIONAL +18 bytes;バリバリ、バリン！！ ついに引き戸を突き破 り、私達は格技場の畳 の上へと転がり出た。
H5;0x8a0e;0x8a12;;SALTO -> entrada 40 (cursor 0x7287);
H5;0x8a12;0x8a31;53;;私は彼女の言葉を待た ずに走りだした。
H5;0x8a33;0x8a66;;;階段を三階まで駆け上 がり、突き当たりにあ る図書室へ向かった。
H5;0x8a68;0x8ab1;;;私は木製の重いドアの 前に立ち、ノブを回し た。
H5;0x8ab3;0x8adc;;;この中に薫が待ってい てくれる。そう信じた かった。
H5;0x8ade;0x8b05;;;だが、あの映像が私の 未来を予言しているも のなら…
H5;0x8b07;0x8b4c;;;受付のテーブルの奥に 座る人は見当たらない。  私は中に入り、覗き込 むように薫を目で捜し た。
H5;0x8b4e;0x8bac;;;薫はただ一人だけで椅 子に座り、本を読んで いた。  そして私の姿を認め るとゆっくり立ち上 がり、笑顔で迎えてく れた。
H5;0x8bae;0x8bdc;;;「怪我…、 　大丈夫だった？」  いつもの笑顔だ。
H5;0x8bde;0x8c05;;;あんなの、嘘だ。 私はホっとする自分を 見つけていた。
H5;0x8c07;0x8c1c;;;「うん、大したことな 　いから…」
H5;0x8c1e;0x8c3e;;;私は彼女に会ったこと を薫に告げなかった。
H5;0x8c40;0x8ca1;;;「そうか。早瀬、来て 　いないみたいなんだ。 　待っていても来ない 　し…… 　ちょっとここで待っ 　ていてくれないか、 　探してくるから」
H5;0x8ca3;0x8cd2;;;私が返事をするまもな く薫は図書室を後にし た。
H5;0x8cd4;0x8d15;;SALTO_CONDICIONAL +12 bytes;バタンッ！ ガラスが割れんばかり のけたたましい音を立 て、ドアは閉まった。
H5;0x8d17;0x8d66;;;私は慌てて振り返り、 ドアノブを回す。  が、ドアは固く閉ざさ れ開く気配すらない。
H5;0x8d68;0x8da0;;;ドアのガラスから覗き 込むと、外側から留め 金で開かないように固 定されている。
H5;0x8da2;0x8dd0;;;その向こうには廊下を 遠ざかる薫の後ろ姿が 見えた。
H5;0x8dd2;0x8e30;;SALTO_CONDICIONAL +16 bytes;ドン、ドン、ドン  「薫っ！ 　待ってよ、 　ここを開けてっ！」
H5;0x8e32;0x8e7c;;;ドアを叩き薫を呼ぶが、 まるで聞こえていない ように廊下を進み、右 手の階段へとその姿を 消した。
H5;0x8e7e;0x8eac;;SALTO_CONDICIONAL +10 bytes;ガタッ…… 本棚の奥で物音がした。
H5;0x8eae;0x8efe;;;私は恐る恐る本棚の脇 から身を乗り出し、図 書室の奥を覗き込んだ。 が、棚の奥には誰もい ない。
H5;0x8f00;0x8f29;;;ただ机の上には分厚い 本と新聞紙が広げられ ていた。
H5;0x8f2b;0x8f4a;;;何となく気になった私 はその机へと歩み寄っ た。
H5;0x8f4c;0x8f71;;SALTO_CONDICIONAL +8 bytes;パキッ 何かを踏んでしまった。
H5;0x8f73;0x8fc3;;;脚をどけよく見ると、 割れたレンズと共に、 いびつに歪んだチタン フレームの眼鏡が落ち ていた。
H5;0x8fc5;0x9008;;;私は申し訳ないと言う 気持ちもあったが、そ れ以上に静まり返った 図書室に違和感を強く 感じていた。
H5;0x900a;0x9043;;;机の上に置かれた眼鏡 ケースには早瀬という 名前が書かれている。
H5;0x9045;0x9070;;SALTO_CONDICIONAL +8 bytes;ガタッ 再び棚の向こうで音が した。
H5;0x9072;0x908b;;;「……誰かいるの」
H5;0x908d;0x90ad;;;怖々声を掛けてみるが、 何の返事も返ってこな い。
H5;0x90b7;0x90e6;;;突然、手首をつかまれ、 私は驚きの声を上げた。
H5;0x90e8;0x912b;;;とっさに振り向くと、 見知らぬ男が薄笑いを 浮かべながら掴んだ左 腕をねじ上げてきた。
H5;0x9135;0x917b;;;私は抵抗しようとする が、男は後ろから私の 腕をひねり、あまりの 痛さに身動きがとれな い。
H5;0x917d;0x91d1;;;男は息がかかるほど顔 を近づけてきて、耳元 でささやいた。  「噂通り、君って可愛 　いねぇ…瑤子ちゃん」
H5;0x91d3;0x91f5;;;この男はあの、噴水の 水面に映ったあの男だ った。
H5;0x91f7;0x9205;;;このままでは、私は…
H5;0x9218;0x923d;;;私は必死に体を揺すり、 激しく抵抗した。
H5;0x923f;0x9285;;;「おい」 男が合図すると、棚の 脇から細身の男が現れ た。
H5;0x9287;0x92e1;;;「俺の高い眼鏡をよく 　も割ってくれたよな。  　この代償は結構、高 　くつくぞ…」  それは、まぎれもなく あの早瀬だった。
H5;0x92e3;0x9304;;;彼は見下すような表情 で私へと歩み寄ってき た。
H5;0x930b;0x9386;;;その瞬間、私の腹部に 激痛が走り、思うよう に息が吸えなくなった。  冷たい床にうずくまり ながら鯉の口のように 必死に空気を取り込も うと飲み込んだ。
H5;0x9388;0x93d4;;;「早瀬、女の子には優 　しくしなきゃ」 「スマン、スマン…、 　それより白石、早く 　腕を縛れよ」
H5;0x93d6;0x9420;;;しゃがみ込んだ私は無 理矢理倒され、先ほど 手をねじ上げた白石と いう男に後ろ手に縛ら れた。
H5;0x9422;0x9443;;;私の中で真っ白い霧が 広がる。
H5;0x9445;0x947c;;;あの映像の通りになっ てしまった。避けよう と想えば、避けられた はずなのに…
H5;0x947e;0x9505;;;白石がいやらしく口元 を上げると、私の髪の 毛を触りながら、なだ めるように口を開いた。  「お前も可哀想だよな、 　たかがバイクの修理 　代の肩代わりに売ら 　れるとはなぁ」
H5;0x9507;0x9522;;;早瀬は私の両足を押さ えた。
H5;0x9524;0x955c;;;「そうそう、自分の彼 　女を売るなんて…、 　飯塚もヤキが回った 　よな」
H5;0x955e;0x95b3;;;私はぼやける天井を見 つめながら、恐ろしい 想像をしてしまった。  それは、決して信じた くはない想像だった。
H5;0x95b5;0x95f9;;;白石は無抵抗な私の背 後から腕を伸ばし、そ の汚らしい手を私のブ レザーのボタンに掛け た。
H5;0x95fb;0x95ff;;SALTO -> entrada 20 (cursor 0x381f);
H5;0x95ff;0x960b;54;;「そうよ…」
H5;0x960d;0x962b;;;母、真理子は思わず声 をあげたようだった。
H5;0x962d;0x963f;;;そうだよね…。 そうなんだ。
H5;0x9641;0x9650;;;「まだ、遅くないよね」
H5;0x9652;0x967a;;;私は無意識のうちに走 り出していた。
H5;0x967c;0x96ae;;;用具室の前、私は引き 戸に手を掛け勢いよく 開け放った。
H5;0x96b0;0x96da;;;そこにはもう、横たわ る薫以外、誰もいなか った。
H5;0x96dc;0x9741;;;私は駆け寄り、薫を抱 き起こした。  「瑤子、俺…ごめんな」  「……しゃべらなくて 　いいよ」
H5;0x9743;0x978c;;;「ごめん…俺、 　　　指輪とられ…」  私は薫を抱きしめ、そ の言葉の続きをさえぎ った。
H5;0x978e;0x97b6;;;そして胸の中で、彼の においを確かめながら 呟いた。
H5;0x97b8;0x97cc;;;「そんなの…いいよ」
H5;0x97ce;0x982d;;;これから、あなた達が それに代わる思い出を 作ればいいの。  母の声が優しい風に乗 って、聞こえたような 気がした。
H5;0x9834;0x9840;55;;「そうよ…」
H5;0x9842;0x9860;;;母、真理子は思わず声 をあげたようだった。
H5;0x9862;0x9874;;;そうだよね…。 そうなんだ。
H5;0x9876;0x9885;;;「まだ、遅くないよね」
H5;0x9887;0x98af;;;私は無意識のうちに走 り出していた。
H5;0x98b1;0x98e3;;;用具室の前、私は引き 戸に手を掛け勢いよく 開け放った。
H5;0x98e5;0x990f;;;そこにはもう、横たわ る薫以外、誰もいなか った。
H5;0x9911;0x9976;;;私は駆け寄り、薫を抱 き起こした。  「瑤子、俺…ごめんな」  「……しゃべらなくて 　いいよ」
H5;0x9978;0x99c1;;;「ごめん…俺、 　　　指輪とられ…」  私は薫を抱きしめ、そ の言葉の続きをさえぎ った。
H5;0x99c3;0x99eb;;;そして胸の中で、彼の においを確かめながら 呟いた。
H5;0x99ed;0x9a01;;;「そんなの…いいよ」
H5;0x9a03;0x9a62;;;これから、あなた達が それに代わる思い出を 作ればいいの。  母の声が優しい風に乗 って、聞こえたような 気がした。
H5;0x9a69;0x9ac9;56;PREGUNTA (2 opciones) | OPCION -> entrada 58 (cursor 0xa3a8) | OPCION -> entrada 60 (cursor 0xa448);ふと、本棚の一冊の本 に目が止まった。  私は… １．本を手に取る ⇒[58] ２．無視する ⇒[60]
H5;0x9ac9;0x9b1d;57;;先程、音がした机の並 ぶ方を再び覗いた。が、 机の上には分厚い本と 新聞紙が広げられてい るだけだった。
H5;0x9b1f;0x9b3b;;;何となく気になった私 はその机へと歩み寄っ た。
H5;0x9b3d;0x9b66;;SALTO_CONDICIONAL +8 bytes;バキッ 何かを踏んでしまった。
H5;0x9b68;0x9bb4;;;脚をどけよく見ると、 割れたレンズと共に、 いびつに歪んだチタン フレームの眼鏡が落ち ていた。
H5;0x9bb6;0x9bf2;;;私は申し訳ないと思う と共に、それ以上に静 まり返った図書室に違 和感を強く感じていた。
H5;0x9bf4;0x9c3a;;SALTO_CONDICIONAL +8 bytes;机の上に置かれた眼鏡 ケースには早瀬という 名前が書かれている。 ガタッ
H5;0x9c3c;0x9c4d;;;再び棚の奧で音がした。
H5;0x9c4f;0x9c5f;;;「……誰かいるの」
H5;0x9c61;0x9c85;;;怖々声を掛けてみるが、 何の返事も返ってこな い。
H5;0x9c87;0x9cbc;;;突然、手首をつかまれ、 私は驚きの声を上げた。
H5;0x9cbe;0x9d07;;;とっさに振り向くと、 見知らぬ男が薄笑いを 浮かべながら掴んだ左 腕をねじ上げてきた。
H5;0x9d09;0x9d58;;;私は抵抗しようとする が、男は後ろから私の 腕をひねり、あまりの 痛さに身動きがとれな い。
H5;0x9d5a;0x9d84;;;男は息がかかるほど顔 を近づけてきて、耳元 でささやいた。
H5;0x9d86;0x9db5;;;「噂通り、 　君って可愛いねぇ、 　……瑤子ちゃん」
H5;0x9db7;0x9dcf;;;「誰っ！ 　　やめてよっ！」
H5;0x9dd1;0x9ded;;;私は必死に体を揺すり、 激しく抵抗した。
H5;0x9def;0x9e05;;;「おい」
H5;0x9e07;0x9e3e;;;男が合図すると、棚の 脇から細身の男が現れ た。
H5;0x9e40;0x9e9d;;;「俺の高い眼鏡をよく 　も割ってくれたよな。 　この代償は結構、高 　くつくぞ」  それは、まぎれもなく あの早瀬だった。
H5;0x9e9f;0x9ebd;;;彼は見下すような表情 で私へと歩み寄ってき た。
H5;0x9ec4;0x9f2b;;;その瞬間、私の腹部に 激痛が走り思うように 息が吸えず、冷たい床 にうずくまりながら鯉 の口のように必死に空 気を取り入れようとし た。
H5;0x9f2d;0x9f4a;;;「早瀬、女の子には 　優しくしなきゃ…」
H5;0x9f4c;0x9fc8;;;「スマン、スマン…、 　それより白石、早く 　腕を縛れよ！」  しゃがみ込んだ私は無 理矢理倒され、先ほど 手をねじ上げた白石と いう男に後ろ手に縛り 上げられた。
H5;0x9fca;0xa009;;;私の中で真っ白い霧が 広がる。  ただ脳裏には「なぜ」 という言葉ばかりが、 浮かんでいた。
H5;0xa00b;0xa04e;;;白石がいやらしく口元 を上げると、私の髪の 毛を触りながら、なだ めるように口を開いた。
H5;0xa050;0xa090;;;「お前も可哀想だよな、 　たかがバイクの修理 　代の肩代わりに売ら 　れるとはね…」
H5;0xa092;0xa0f1;;;早瀬は私の両足を押さ えた。  「そうそう…、 　自分の彼女を売るな 　んて、飯塚もヤキが 　回ったよな」
H5;0xa0f3;0xa142;;;私はぼやける天井を見 つめながら、恐ろしい 想像をしてしまった。  それは、決して信じた くはない想像だった。
H5;0xa144;0xa188;;;白石は無抵抗な私の背 後から腕を伸ばし、そ の汚らしい手を私のブ レザーのボタンに掛け た。
H5;0xa192;0xa1b8;;;私は張り裂けんばかり の大きな叫び声を上げ ていた。
H5;0xa1ba;0xa1f9;;SALTO_CONDICIONAL +12 bytes;バタンッ！ 図書室の入り口の方か ら慌ただしい足音が駆 けてくる。
H5;0xa1fb;0xa23f;;SALTO_CONDICIONAL +8 bytes;ドサッ 私の背後で鈍い音が聞 こえた。
H5;0xa241;0xa26a;;;早瀬は大きく目を見開 き、その音の方を呆然 と見上げた。
H5;0xa26c;0xa2e0;;;「その、汚ねぇ手を 　　　　どけろっ！」  その声はまぎれもなく 薫のものだった。
H5;0xa2e2;0xa304;;;途端に私の頬を止めど もなく涙が流れ伝って いく。
H5;0xa306;0xa335;;;早瀬は慌てて手を引く と、おどおどしながら 後ずさった。
H5;0xa337;0xa37e;;;「俺…、 　何もしてないから…」  早瀬は怯えた子犬のよ うに、上目遣いに棚の 影へと身を潜めた。
H5;0xa380;0xa3a2;;;薫は縛られた腕の縄を ほどくと、私を抱き上 げた。
H5;0xa3a4;0xa3a8;;SALTO -> entrada 63 (cursor 0xab7a);
H5;0xa3a8;0xa3c9;58;;私は、恐る恐るその本 を手に取った。
H5;0xa3cb;0xa416;;;何の本かは解らないが、 異様な臭いと共に背筋 に悪寒が走る。  とても中を見る気には なれない。
H5;0xa418;0xa41c;;SALTO -> entrada 59 (cursor 0xa41c);
H5;0xa41c;0xa43f;59;;私は、そっと本を元の 場所へと戻した。
H5;0xa441;0xa448;;SALTO -> entrada 57 (cursor 0x9ac9);
H5;0xa448;0xa461;60;;気にはなったが、あえ て手に取るのをやめた。
H5;0xa463;0xa469;;SALTO -> entrada 57 (cursor 0x9ac9);
H5;0xa469;0xa494;61;;私達は、考える間もな く鏡の暗黒へと転がり 込んだ。
H5;0xa496;0xa539;;;吹き上げる炎は格技場 の天井を焦がし、崩れ 落ちる赤黒い塊が老人 を飲み込んだ。  鏡は炎に包まれ粉々に 砕け散り…果てのない 暗黒となった。
H5;0xa53b;0xa54c;;;「お爺ちゃん……」
H5;0xa54e;0xa5a8;;;私の心の中で哀しみと 喜びが複雑に絡み合い、 自分を信じ、再び元の 世界へ戻るという決断 が、さらに強く生まれ ていた。
H5;0xa5aa;0xa5b3;;;「薫…」
H5;0xa5b5;0xa618;;;真っ暗な空間に薫がう つ伏せに倒れている。  私は薫の肩を抱き上げ たが、彼の頭は糸の切 れた人形のようにダラ リと垂れる。
H5;0xa61a;0xa66c;;;慌てて薫の胸に耳を当 てた。  　………。  弱々しいが、確かに鼓 動が聞きとれた。
H5;0xa66e;0xa67d;;;「……！」
H5;0xa67f;0xa6bd;;;「過去に捕らわれし者、  　今にあって、なを  　救いかなわず」
H5;0xa6bf;0xa6fd;;;邪悪な声に振り返ると、 四角い枠の前に立つ、 セーラー服の少女がい る。
H5;0xa6ff;0xa729;;;「お前の大切なものを 　奪ってやる」
H5;0xa72b;0xa756;;;私は身構え、冷たく光 る少女の目を睨み返し た。
H5;0xa758;0xa76f;;;「あなたが  　　真理子ね」
H5;0xa771;0xa796;;;「だとしても、お前に 　は、どうすることも 　できない」
H5;0xa798;0xa7c3;;;「お爺さんに聞いたわ、 　あなたと弘幸さんの 　こと…」
H5;0xa7c5;0xa816;;;「私を捨てた  　男のことなど  　聞きたくはないっ！」
H5;0xa818;0xa87a;;;真理子は髪の毛を振り 乱し、鬼のような形相 に豹変した。  「お前にも私と同じ思 　いをさせてやる！」
H5;0xa87c;0xa8ea;;;真理子は獣のように薫 に飛び付き、すかさず 首を締め上げた。  私は反射的に上げた手 を、容赦なく真理子の 頬へと振り下ろした。
H5;0xa8ec;0xa932;;SALTO_CONDICIONAL +10 bytes;バシッ！ 真理子はもんどり打っ て勢いよく倒れ込んだ。
H5;0xa934;0xa971;;;「私は、今日まであな 　たの過去そのものも 　引きずって生きてき 　たのよ！」
H5;0xa973;0xa9a9;;;「苦しみが二つになれ 　ば、その重さは何倍 　にもなることを知っ 　たわ！」
H5;0xa9ab;0xa9eb;;;私が揺るぎない言葉を 浴びせると、真理子は 打たれた頬に手を当て、 ゆっくりと顔を上げた。
H5;0xa9ed;0xaa30;;;「でも、薫はその重さ 　を軽くしてくれたわ。  　今だって、そう… 　これからだって」
H5;0xaa32;0xaa4f;;;「だから  　　信じるの」
H5;0xaa51;0xaab2;;;真理子はうつむくと肩 を揺らしながら笑った。  「フフフ、何を信じる 　というの、信じてい 　た私は、結局裏切ら 　れた！」
H5;0xaab4;0xaacb;;PREGUNTA (2 opciones) | OPCION -> entrada 44 (cursor 0x7da3) | OPCION -> entrada 41 (cursor 0x79bb);
H5;0xaacd;0xaaef;;;「あなたを信じる。  　お母さん……」
H5;0xaaf1;0xab46;;;……。  真理子の顔から表情が 消えた。  そして、ゆっくりと私 の首へと両手を伸ばし た。
H5;0xab7a;0xabaf;63;;「瑤子……」  私は薫から視線をそら した。
H5;0xabb1;0xabc2;;;「…ごめん」
H5;0xabc4;0xabfb;;;その場にいることに耐 えられなくなった私は 図書室を飛び出した。
H5;0xabfd;0xac43;;;息を切らした私は校庭 の用具室の壁に手をつ き、うつむき加減に肩 で大きく息をする。
H5;0xac45;0xac82;;;瞬きする度に大粒の滴 がゆっくりと落ち、足 下に広がる山吹色の大 地に染み込んでいった。
H5;0xac84;0xacd6;;;涙に逆らうように見上 げれば、空は青紫色に 染め上がり、哀しみと せつなさが胸の奥から 止めどもなくあふれ出 した。
H5;0xacd8;0xace9;;;「どうして…」
H5;0xaceb;0xad3e;;;いくら考えても答えは 見付からない……何も わからない。  ただ、言い表せないほ どの絶望感に心が蝕ま れていくのを感じる。
H5;0xad40;0xad77;;;こんな気持ちは水の中 で忘れよう。  沈む時の私は、いつも そうしていた。
H5;0xad79;0xadc4;;;水泳部に入部したのも、 感情の波を越えるよう に水をかけば、ネガテ ィブな自分から解放さ れるからだった。
H5;0xadc6;0xae0f;;;疲れるまで泳いでその ままベッドに潜り込め ば、知らない間に次の 朝を迎えられる。  今までそうしてきた。
H5;0xae11;0xae4a;;;私は用具室の前を通り 過ぎ、体育館の通路か ら室内プールへと階段 を下りた。
H5;0xae4c;0xae65;;;そろりと更衣室のドア を開ける。
H5;0xae67;0xaee6;;;幸いそこには誰もいな かった。  いつものように自分の ロッカーへと向かう。  途中、洗面台の鏡に映 る自分を覗いた。
H5;0xaee8;0xaf43;;;鏡に映る私の目は、気 持ちを物語るように赤 く腫れていた。  とっさに私は冷たい水 をすくい浴びるように 顔を洗った。
H5;0xaf45;0xaf57;;;「辛いでしょ」
H5;0xaf59;0xaf7d;;;私は突然の声に驚き、 辺りを見回し伺った。
H5;0xaf7f;0xafb0;;;しかし、更衣室には私 以外、誰一人としてい ない。
H5;0xafb2;0xafb7;;;「誰？」
H5;0xafb9;0xaffb;;;私はささやくように尋 ねたが返って来るのは 規則的に垂れる滴の音 だけだった。
H5;0xaffd;0xb00f;;;「フフフ…」
H5;0xb011;0xb03e;;;静寂を破るように笑い 声がガラスの向こうか ら聞こえる。
H5;0xb040;0xb07b;;;そこにはセーラー服を 着た私が薄ら笑いを浮 かべていた。
H5;0xb07d;0xb0cb;;;突如、鏡の表面が水の ように滑らかに揺れた と思うと、浮き出すよ うに一人の少女が現れ た。
H5;0xb0cd;0xb0d1;;SALTO -> entrada 64 (cursor 0xb0d1);
H5;0xb0d1;0xb146;64;;その少女は先ほど中庭 で見かけたの少女だっ た。  その顔は血の気が引い たように白く、鏡の自 分を思わせるほど私と 瓜二つだった。
H5;0xb148;0xb163;;;「誰も信用なんかでき 　ないんだから…」
H5;0xb165;0xb191;;;少女は白い口元を上げ、 冷酷な笑みを浮かべる。
H5;0xb193;0xb1cc;;;私は突然の出来事に驚 きを隠せなかったが、 意味深な彼女の言葉が 妙に気になった。
H5;0xb1ce;0xb1e5;;;「一体…、 　何が言いたいの？」
H5;0xb1e7;0xb20a;;;少女は一呼吸おくと冷 ややかな口調で語り始 めた。
H5;0xb20c;0xb235;;;「いくら人を信じても、 　人は必ず裏切る弱い 　生き物なの」
H5;0xb237;0xb2ac;;;「あなたの恋人である 　薫君でさえそうよ。 　結局、人は自分が一 　番可愛いから、どん 　なに愛した人だとし 　ても、快楽やお金、 　地位や権力の為なら 　平気で裏切れる」
H5;0xb2ae;0xb2b4;;;「それは…」
H5;0xb2b6;0xb2d5;;;私は彼女の言葉の前に 口どもってしまった。
H5;0xb2d7;0xb2fd;;;「あなたは本当に薫君 　を信じているかしら 　？」
H5;0xb2ff;0xb33d;;;「え!?」  その言葉は私の心を見 透かしたかのように感 じた。
H5;0xb33f;0xb37c;;;信じたい気持ちは十二 分にある。  なのに心の奥に広がる 不安を隠せない私もい る。
H5;0xb37e;0xb3a3;;;……私は  薫を本当に  信じているの？
H5;0xb3a5;0xb3e8;;;考えれば考えるほど迷 宮に迷い込んだように 答えは見付からず、自 分すら見失ってしまい そうになる。
H5;0xb3ea;0xb40e;;;「誰にも期待できない、 　そう思わない？ 　瑤子」
H5;0xb410;0xb428;;;「どうして私の名前を 　…あなたは誰？」
H5;0xb42a;0xb432;;;………。
H5;0xb434;0xb459;;;「私は真理子、 　あなたの……」
H5;0xb45b;0xb4b0;;;彼女はそう言うと白く 細い左手の甲を向けた。  その薬指にはひときわ 輝く指輪があった。
H5;0xb4b2;0xb4c9;;;私は一瞬、戸惑った。
H5;0xb4cb;0xb506;;;彼女の薬指に光る指輪 は、父親の形見の婚約 指輪のペアリングのよ うに見える。
H5;0xb508;0xb53f;;;「そんな…、私の母は 　私が生まれて間もな 　く他界したはずなの 　に…」
H5;0xb541;0xb567;;;私は沸き上がる疑問を 吐き捨てるように否定 した。
H5;0xb569;0xb586;;;「誰にも期待できない」
H5;0xb588;0xb5ac;;;彼女はそう言うと、鏡 に手をかざした。
H5;0xb5ae;0xb5dd;;;その瞬間、鏡の表面が 波打ち、薫の姿を映し だした。
H5;0xb5df;0xb5ef;;;「薫…」
H5;0xb5f1;0xb657;;;そこには、数人の男子 生徒に囲まれ、用具室 に横たわる薫の姿があ った。 取り囲む数人が容赦の ない罵声を浴びせてい る。
H5;0xb659;0xb6d7;;;「おらっ飯塚、約束の 　金は持ってきたのか 　よ。 　お前がバイクを磨い 　たせいで、事故っち 　まったじゃないか。 　修理代も馬鹿になら 　ねぇんだよ」
H5;0xb6d9;0xb75b;;;おそらく三年生の生徒 だろう。 見たこともない生徒が 薫を木偶人形をなぶる ようにもてあそぶ。
H5;0xb75d;0xb780;;;すると、罵声の中から 聞き覚えのある声が聞 こえてきた。
H5;0xb782;0xb786;;SALTO -> entrada 11 (cursor 0x206d);
H5;0xb786;0xb7d2;65;;「人は結局独りよ…… 　信じることはできる。 　そして信じ合うこと 　もできる…。だけど、 　最後は独りなの。
H5;0xb7d4;0xb800;;;決断し、行動するの 　は、結局、自分でし 　かないのよ。」
H5;0xb802;0xb80e;;;「それを忘れないで…」
H5;0xb810;0xb83c;;;母、真理子はそういう と再び水面に戻ってい った。
H5;0xb83e;0xb86d;;;そして水面の中の自分 もブレザーに戻ってい った。
H5;0xb86f;0xb873;;SALTO -> entrada 74 (cursor 0xc5bc);
H5;0xb873;0xb88a;66;PREGUNTA (2 opciones) | OPCION -> entrada 67 (cursor 0xb88a) | OPCION -> entrada 68 (cursor 0xba91);
H5;0xb88a;0xb8ff;67;;雷鳴と共に辺りは暗黒 に飲み込まれたように 真っ暗になってしまっ た。  鼻を突くような異臭も する…。
H5;0xb901;0xb960;;;突如、暗闇から溶け落 ちる肉を滴らせながら カタカタ震えるドクロ が現れた。
H5;0xb962;0xb98f;;;見える物の全てがぼや け、真っ暗になった。
H5;0xb991;0xb9cc;;;私はゆっくりと体を起 こした。  どうやらここは更衣室 のようだ。
H5;0xb9ce;0xb9fe;;;私は神経の興奮が静ま るのを待つと、急いで 服をまとった。
H5;0xba00;0xba78;;SALTO_CONDICIONAL +17 bytes;ガラ…ガラ…ガラ… 更衣室のドアを静かに 開け、廊下を恐る恐る のぞき込んだ。  廊下は以前にも増して、 頑なに静寂を保ってい る。
H5;0xba7a;0xba91;;SALTO -> entrada 29 (cursor 0x5103);老人の姿もない。
H5;0xba91;0xbab6;68;;つかまれた手は、指先 から鏡に飲み込まれて 行く。
H5;0xbab8;0xbae2;;;指先に氷を押しつけら れたかのように冷たく、 激しく痛い。
H5;0xbae4;0xbb4d;;;グイグイと引き込む力 はさらに増し、肘から 先が鏡に飲み込まれた。  すでに指先に感覚がな いのがわかる。  このままでは…。
H5;0xbb4f;0xbb82;;PREGUNTA (2 opciones) | OPCION -> entrada 69 (cursor 0xbb82) | OPCION -> entrada 70 (cursor 0xbeaf);私は…… １．懸命に抵抗する ⇒[69] ２．大きな声で叫ぶ ⇒[70]
H5;0xbb82;0xbbb5;69;;私は踏ん張り、廊下の 方へ逃れようと必死に 抵抗した。
H5;0xbbb7;0xbc1e;;;なおも老人の手に力が 入り、つかまれた手首 に爪が食い込む。  もう駄目だと諦めかけ た時、突然、指輪に光 が生まれた。
H5;0xbc20;0xbc7c;;SALTO_CONDICIONAL +21 bytes;キュワァァァァァーン  その途端、締め付ける 冷たさも、老人の存在 さえも煙のように消え 去った。
H5;0xbc7e;0xbd1d;;;私は濡れた髪の毛を振 り乱しながら、無我夢 中で更衣室へと逃げ込 んだ。  ロッカーの影に身を潜 め、両手で早鐘のよう に鳴る鼓動を押さえ、 じっと息を殺した。
H5;0xbd1f;0xbd68;;;辺りは何事もなかった かのように静まりかえ っている。  残ったのは、指輪から のほのかな温もりだけ だった。
H5;0xbd6a;0xbdc9;;;私は神経の興奮が静ま るのを待つと、急いで 服をまとった。  ブラウスのタイを素早 く結び、茶色の靴をし っかり履いて…
H5;0xbdcb;0xbe4c;;SALTO_CONDICIONAL +17 bytes;ガラ…ガラ…ガラ… 更衣室のドアを静かに 開け、廊下を恐る恐る のぞき込んだ。  廊下は以前にも増して、 頑なに静寂を保ってい る。
H5;0xbe4e;0xbeaf;;PREGUNTA (2 opciones) | OPCION -> entrada 28 (cursor 0x4fef) | OPCION -> entrada 29 (cursor 0x5103);先ほどの老人の姿もな い。…どうしよう １．もうしばらく様子を 　見る ⇒[28] ２．薫との待ち合わせ場 　所へ向かう ⇒[29]
H5;0xbeaf;0xbef4;70;;「嫌っ！　やめてっ！」  私は張り裂けるほどの 声で叫んだ。
H5;0xbef6;0xbf3b;;;……。  辺りは何事もなかった かのように静まり返っ ている。
H5;0xbf3d;0xbfdc;;;私は濡れた髪の毛を振 り乱しながら、無我夢 中で更衣室へと逃げ込 んだ。  ロッカーの影に身を潜 め、両手で早鐘のよう に鳴る鼓動を押さえ、 じっと息を殺した。
H5;0xbfde;0xc027;;;辺りは何事もなかった かのように静まりかえ っている。  更衣室には自分以外の 存在は感じ取れない。
H5;0xc029;0xc088;;;私は神経の興奮が静ま るのを待つと、急いで 服をまとった。  ブラウスのタイを素早 く結び、茶色の靴をし っかり履いた。
H5;0xc08a;0xc10b;;SALTO_CONDICIONAL +17 bytes;ガラ…ガラ…ガラ… 更衣室のドアを静かに 開け、廊下を恐る恐る のぞき込んだ。  廊下は以前にも増して、 頑なに静寂を保ってい る。
H5;0xc10d;0xc168;;PREGUNTA (2 opciones) | OPCION -> entrada 29 (cursor 0x5103) | OPCION -> entrada 28 (cursor 0x4fef);先ほどの老人の姿もな い。…どうしよう １．薫との待ち合わせ場 　所へ急ぐ ⇒[29] ２．とにかく様子を見る ⇒[28]
H5;0xc168;0xc17f;71;PREGUNTA (2 opciones) | OPCION -> entrada 72 (cursor 0xc17f) | OPCION -> entrada 73 (cursor 0xc3d2);
H5;0xc17f;0xc1c0;72;;母は崩れそうな顔を私 に向け、号泣しながら ゆっくりと天を仰ぎ見 た。
H5;0xc1c2;0xc1d3;;;「弘幸……」
H5;0xc1d5;0xc20a;;;そう母が呟いた瞬間、 闇に一筋の閃光が走り、 その体を包み込んだ。
H5;0xc20c;0xc257;;;母は子供のように無邪 気な表情を浮かべ、ゆ っくりと光の中をすが るように宙に浮いて行 く。
H5;0xc259;0xc283;;;私はその光の先に父、 弘幸の姿を見た。
H5;0xc285;0xc294;;;「お父さん……」
H5;0xc296;0xc2bd;;;光の中の二人は抱き合 い、一つとなった。
H5;0xc2bf;0xc2e7;;;母の表情には安堵に満 たされた笑みがあった。
H5;0xc2e9;0xc325;;;天から降り注ぐ光は、 より一層強さを増し、 細い光の輪となって闇 に消えていった。
H5;0xc327;0xc372;;;「さようなら、 　お母さん……  　そして、  　ありがとう」
H5;0xc374;0xc3c5;;;私は薫の肩を抱え、不 安定に歪む四角い枠の 先にある、私達の世界 へ飛び込んだ。
H5;0xc3d2;0xc415;73;;母は崩れそうな顔を私 に向け、再び覇気が無 くなったように頭をう なだれた。
H5;0xc417;0xc473;;;「弘幸……」  そう母が呟いた瞬間、 下から真っ赤な炎が吹 き上げ、その体を包み 込んだ。
H5;0xc475;0xc4a5;;;一瞬、炎の中に母を包 むように祖父の姿が見 えたような気がした。
H5;0xc4a7;0xc4e7;;;燃えさかる炎から眩し い光が放たれ、光は全 てを飲み込んだ。
H5;0xc4e9;0xc516;;;そして、私達を包むよ うに、何もない暗黒が 広がった。
H5;0xc518;0xc560;;;「さようなら、 　お母さん……  　そして、  　ありがとう」
H5;0xc562;0xc5b5;;;私は薫の肩を抱え、不 安定に歪む四角い枠の 先にある、私達の世界 へ飛び込んだ。
H5;0xc5bc;0xc5d3;74;PREGUNTA (2 opciones) | OPCION -> entrada 75 (cursor 0xc5d3) | OPCION -> entrada 76 (cursor 0xc9b0);
H5;0xc5d3;0xc60b;75;;なぜ彼女は現れたのだ ろう。もしかしたら私 は今、重大な決断をし たのかもしれない。
H5;0xc60d;0xc644;;;しばらく立ちつくして いると薫が息を切らし て現れた。
H5;0xc646;0xc659;;;「どうしたんだ、探し 　たんだよ」
H5;0xc65b;0xc67c;;;薫は心配そうに言うと、 安堵の息をもらした。
H5;0xc67e;0xc6a8;;;「ごめんなさい。 　ちょっと考え事をし 　ていたものだから…」
H5;0xc6aa;0xc6bc;;;私は薫を見上げた。
H5;0xc6be;0xc708;;;その先には、一生を誓 っても、と思えるほど 愛おしい彼がいる。  フワっと優しい笑顔。
H5;0xc70a;0xc749;;;積極的で頼り甲斐のあ るやさしい人。  私は心の中でその言葉 を繰り返した。
H5;0xc74b;0xc771;;;「さあ、帰ろう」  薫は私の腕をとった。
H5;0xc773;0xc7a3;;;考えすぎだ。  さっきのことも私が考 えすぎたから、見た幻 なのだろう。
H5;0xc7a5;0xc7bd;;;薫の笑顔を見ていると そう思う。
H5;0xc7bf;0xc7da;;;「早瀬君との約束は 　もういいの？」
H5;0xc7dc;0xc7fd;;;「うん、もう済んだよ」  よかった……。
H5;0xc7ff;0xc827;;;私は二人だけの時間が 過ごせることに喜びを 感じた。
H5;0xc829;0xc841;;;「そうだ、指輪…、 　どうしたの？」
H5;0xc843;0xc87f;;;薫の指にあったはずの 父親の形見の婚約指輪 が無いことに私は気が ついた。
H5;0xc881;0xc8c5;;;「ああ…無くしたら困 　ると思ってある所に 　置いてある… 　ちゃんとあるよ」
H5;0xc8c7;0xc909;;;一瞬、薫の笑顔が澱ん だのを私は見逃さなか った。いや、見たくは なかった。
H5;0xc90b;0xc927;;;見なければよかった…  見なければ。
H5;0xc929;0xc955;;;「そう、ならいいの」  私は何故か確かめるの が怖かった。
H5;0xc957;0xc983;;;飯塚　薫…、積極的で 頼り甲斐のある優しい 私の彼氏。
H5;0xc985;0xc9a9;;;たぶん私はこの人を信 じ、一緒に歩いていく のだろう。
H5;0xc9b0;0xca12;76;;母が私に言いたかった 事とは何だろう？  今の私に出来ることは 何？  私は今までの自分を見 つめ直し、一つの結論 に達した。
H5;0xca14;0xca36;;;今の私は、現実に向か い合い見定めることし かない。
H5;0xca38;0xca51;;;今の私に出来ることは これしかない…
H5;0xf7f1;0xf85b;;;ぬむ目ぬ　　　　　　道ぬ場如歩　　　　　　　　礼忌然ニ　　　　　　　　　　　入怖　　　　　　　　　　　　執歩きこて、いの　い　　　　　　　急怖入、れいのてせぬ
H6;0x013e;0x015c;0;;館の主人はとうとう待 ち人がやってきたこと を知った。
H6;0x015e;0x0175;;;あれからどれくらいの 時がたっただろう。
H6;0x0177;0x01b1;;;主人はマホガニー製の 本棚に歩み寄り、一冊 の本を抜き出した。
H6;0x01b3;0x0201;;;表紙は革で、見慣れぬ 文字が書かれている。 主人にもその意味はわ からない。 主人はそれをそっと書 見台の上に置いた。
H6;0x0203;0x026a;;;そのまま表紙を開けよ うとして……、主人は ためらった。 私にそんな権利がある のだろうか？ しかしそんな思いがよ ぎったのも一瞬のこと だった。
H6;0x026c;0x0288;;;主人は本を開いた。
H6;0x028a;0x02dc;;;下山する道を歩いてい たはずなのに、いつの 間にか見知らぬ山道を さまよっていた。 もうすぐ日が暮れてし まう。
H6;0x02de;0x0323;;;見上げると、木々がお い茂り、見えるはずの 茜色の空を覆い隠して いた。 じきに気温も下がって くるだろう。
H6;0x0325;0x035f;;;だが、後ろには木々の 他に何一つありはしな かった。 わたしはあてもなく歩 を早めた。
H6;0x0361;0x03c1;;;だが、この暗さで本道 に戻るのは至難の業だ。 今夜はここで朝まで過 ごすしかないか…… そう思いかけた時、遠 くからうなり声が聞こ えてきた。
H6;0x03c3;0x0425;;;野犬かなにかだろうか。 だとすると一刻も早く 逃げなくては。 だけど、どこへ？ 目をこらすと遠くに人 工のものらしき灯りが 目に入った。
H6;0x0427;0x044c;;;わたしはその灯りに向 かって一目散に駆け出 した。
H6;0x044e;0x04aa;;;しばらく走ると、その 屋敷の敷地内に着いた。 壁にツタの這う、見事 な古い洋館だった。
H6;0x04ac;0x04f7;;;人の気配はないが、玄 関には灯りがついてい る。 わたしは屋敷の重い扉 を開いた。
H6;0x04f9;0x0510;;PREGUNTA (2 opciones) | OPCION -> entrada 1 (cursor 0x0510) | OPCION -> entrada 2 (cursor 0x0527);
H6;0x0510;0x0527;1;PREGUNTA (2 opciones) | OPCION -> entrada 3 (cursor 0x078b) | OPCION -> entrada 4 (cursor 0x0872);
H6;0x0527;0x05a6;2;;扉を開けると廊下が続 いていた。 他に出口らしいものは 見あたらないので、廊 下を進むことにする。 程なく突き当たりに扉 が見えた。
H6;0x05a8;0x05ec;;;いかにも重そうな鋼鉄 製の扉である。 わたしはその扉に向か った。が、途中でその 足を止める。
H6;0x05ee;0x0632;;;足下に、小さな人影が 立ちふさがっている。 よく見れば、それは人 形であった。
H6;0x0634;0x068d;;;人形はこれ以上は進ま せない、とでもいうよ うに、わたしの前に立 っている。いや、実際、 この人形はわたしの行 く手を阻んでいるのだ。
H6;0x068f;0x06e6;;;わたしが左によけよう とすると、人形も左に 移動する。右に動けば、 人形もまた右に。 どういう仕掛けかは解 らない。
H6;0x06e8;0x0739;;;わたしは人形をかわし、 一歩足を踏み出した。 その瞬間、人形は牙を むいた。
H6;0x073b;0x078b;;PREGUNTA (2 opciones) | OPCION -> entrada 11 (cursor 0x0b8e) | OPCION -> entrada 12 (cursor 0x0cdd);作り物と思えないする どい瞳で、わたしをに らみつけてくる。 １．ドアを開ける ⇒[11] ２．やめておく ⇒[12]
H6;0x078b;0x07a9;3;;わたしは館に足を踏み 入れた。
H6;0x07ab;0x07ec;;;館の中は暖かかった。 それを感じるより先に、 異様なものがわたしの 目の前にあるのを見つ けた。
H6;0x07ee;0x0847;;;床に大きな穴が開いて いた。 差し渡し四メートルは ある。 しかもその穴のへりは、 天井に向かって折れ曲 がっていた。
H6;0x0849;0x086c;;;地中から何か巨大なも のが突き出てきたかの ようだった。
H6;0x086e;0x0872;;SALTO -> entrada 5 (cursor 0x0a3c);
H6;0x0872;0x088b;4;;扉が開くとかびの臭い が鼻を突いた。
H6;0x088d;0x08bd;;;ずいぶんと使われてい ない様だ。 わたしは扉をしっかり と閉めた。
H6;0x08bf;0x08e9;;;中は暗かったが、目が 慣れてくるにつれてだ いぶ見えるようになっ た。
H6;0x08eb;0x094e;;;そこは広いホールにな っていて奥に扉が見え た。 昔は相当豪奢だったと 思わせたが、今では壁 紙も垂れ下がり、絨毯 もはげてしまっていた。
H6;0x0950;0x0967;;;私は暗い中、さらに目 を凝らしてみた。
H6;0x0969;0x09bc;;;扉の脇に、鎧兜が太刀 とともに置かれている。 ここの主人は、多彩な 趣味をもっているよう だ。
H6;0x09be;0x09ff;;;ウウウウウウウウ  低いうなり声。 それもごく間近だ。
H6;0x0a01;0x0a36;;;部屋の隅に、何か黒い 固まりが見えた。 それは、野犬の類と思 われた。
H6;0x0a38;0x0a3c;;SALTO -> entrada 6 (cursor 0x0a53);
H6;0x0a3c;0x0a53;5;PREGUNTA (2 opciones) | OPCION -> entrada 7 (cursor 0x0a6a) | OPCION -> entrada 8 (cursor 0x0ab3);
H6;0x0a53;0x0a6a;6;PREGUNTA (2 opciones) | OPCION -> entrada 9 (cursor 0x0afc) | OPCION -> entrada 10 (cursor 0x0b45);
H6;0x0a6a;0x0ab3;7;PREGUNTA (2 opciones) | OPCION -> entrada 60 (cursor 0x3178) | OPCION -> entrada 61 (cursor 0x3296);そして、穴の底から異 様な光が漏れ出ている。 １．穴の中を見る ⇒[60] ２．穴の中を見ない ⇒[61]
H6;0x0ab3;0x0afc;8;PREGUNTA (2 opciones) | OPCION -> entrada 62 (cursor 0x345e) | OPCION -> entrada 63 (cursor 0x35ac);そして、穴の底から異 様な光が漏れ出ている。 １．穴の中を見る ⇒[62] ２．穴の中を見ない ⇒[63]
H6;0x0afc;0x0b45;9;PREGUNTA (2 opciones) | OPCION -> entrada 64 (cursor 0x36c6) | OPCION -> entrada 65 (cursor 0x384b);逃れてきたつもりが… …ここは巣だったのか。 １．外に逃げる ⇒[64] ２．鎧兜から太刀をとる ⇒[65]
H6;0x0b45;0x0b8e;10;PREGUNTA (2 opciones) | OPCION -> entrada 66 (cursor 0x3995) | OPCION -> entrada 67 (cursor 0x3b19);逃れてきたつもりが… …ここは巣だったのか。 １．外に逃げる ⇒[66] ２．鎧兜から太刀をとる ⇒[67]
H6;0x0b8e;0x0bf1;11;;わたしはかまわず扉の ノブに手を触れた。 一瞬、部屋が白く輝く。 稲妻が走った。
H6;0x0bf3;0x0c1d;;;全身の産毛が震える。 気がつくと、人形が焼 けこげ倒れていた。
H6;0x0c1f;0x0c5a;;;雷の直撃を受けたのだ ろう。ひょっとしたら わたしの身代わりにな ってくれたのかもしれ ない……
H6;0x0c5c;0x0cd7;;;わたしはノブに触れた 手を離した。 逃げ出そうかとも思っ たが、扉はゆっくり開 き、わたしを迎え入れ た。 私は何故か、吸い込ま れるようにして扉をく ぐった。
H6;0x0cd9;0x0cdd;;SALTO -> entrada 13 (cursor 0x0e58);
H6;0x0cdd;0x0d19;12;;わたしはあきらめて、 一歩下がった。 そのとたん、人形の表 情が元に戻った。
H6;0x0d1b;0x0d62;;;この人形にも小さな体 で守りたいものがある のだろう。 わたしは扉をあきらめ、 他に出口を捜そうとし た。
H6;0x0d64;0x0d90;;;すると、扉が自然と開 き、私を招いた。
H6;0x0d92;0x0dbe;;;人形は振り返り、信じ られないというように 手を挙げた。
H6;0x0dc0;0x0e0a;;;わたしは開いた扉と入 ってきた扉を見比べた。 入ってきた扉からは不 気味な光が満ちてきて いた。
H6;0x0e0c;0x0e48;;;すると人形は仕方なさ そうに手を動かし、わ たしを次の部屋へ導い た。
H6;0x0e4a;0x0e58;;SALTO -> entrada 13 (cursor 0x0e58);
H6;0x0e58;0x0e6f;13;PREGUNTA (2 opciones) | OPCION -> entrada 14 (cursor 0x0e6f) | OPCION -> entrada 15 (cursor 0x0ffd);
H6;0x0e6f;0x0ea2;14;;扉を開け中に入ると、 そこは円柱型の狭い部 屋だった。
H6;0x0ea4;0x0f10;;;石を積み上げて築かれ た壁に沿って、上りの 螺旋階段が設置されて いる。かなり長い階段 で、見上げてもその終 点は見えない。部屋の 天井は相当高いようだ。
H6;0x0f12;0x0f37;;;外から見たときは、こ んな塔の様なものはな かった…
H6;0x0f39;0x0f6e;;;今入ってきた扉以外に 出口は見あたらない。 わたしはこの長い階段 を上ることにした。
H6;0x0f70;0x0f9f;;;……………………  ………………  …………  ……
H6;0x0fa1;0x0fd0;;;どれくらい上ったのだ ろう、いつまで経って も終わりが見えてこな い。
H6;0x0fd2;0x0ff7;;;冷たい石壁には窓もな く、同じような光景が 続いていく。
H6;0x0ff9;0x0ffd;;SALTO -> entrada 16 (cursor 0x1014);
H6;0x0ffd;0x1014;15;PREGUNTA (2 opciones) | OPCION -> entrada 19 (cursor 0x10e8) | OPCION -> entrada 20 (cursor 0x12f8);
H6;0x1014;0x102b;16;PREGUNTA (2 opciones) | OPCION -> entrada 17 (cursor 0x102b) | OPCION -> entrada 18 (cursor 0x108a);
H6;0x102b;0x108a;17;PREGUNTA (2 opciones) | OPCION -> entrada 68 (cursor 0x3c9a) | OPCION -> entrada 69 (cursor 0x3e84);ひょっとして、トリッ クか何かで、同じ所を ぐるぐると廻っている のではないだろうか？ １．登り続ける ⇒[68] ２．引き返す ⇒[69]
H6;0x108a;0x10e8;18;PREGUNTA (2 opciones) | OPCION -> entrada 70 (cursor 0x3fd4) | OPCION -> entrada 71 (cursor 0x4127);ひょっとして、トリッ クか何かで、同じ所を ぐるぐると廻っている のではないだろうか？ １．上り続ける ⇒[70] ２．引き返す ⇒[71]
H6;0x10e8;0x1122;19;;扉を開けると、わたし の目の前をカラスが数 羽、飛び立っていった。
H6;0x1124;0x1151;;;中庭なのだろうか、天 井らしきものは見あた らない。
H6;0x1153;0x119e;;;部屋の中央付近には太 い木の柱がいくつも立 てられ、曇り空から降 り注ぐ弱々しい陽の光 に照らされている。
H6;0x11a0;0x11dd;;;「おいっ」  突然、声をかけられ、 わたしは飛び上がった。
H6;0x11df;0x1217;;;声のした方をうかがう と、一人の男が足を縛 られ、柱から逆さ吊り にされている。
H6;0x1219;0x1263;;;その男の顔はわたしの 友人に酷似していた。 いや、姿形だけではな い。口調や仕草にいた るまで、友人そっくり だ。
H6;0x1265;0x12c5;;;「おいっ、お前なんだ ろ？　助けてくれ！　 このままじゃ死んじま う。 魔がさしただけなんだ よ。頼むからこの縄を 解いてくれ。友達だろ う？」
H6;0x12c7;0x12f2;;;どうやら男は何らかの 罪を犯したためにこん な目に遭っているらし い。
H6;0x12f4;0x12f8;;SALTO -> entrada 21 (cursor 0x14f6);
H6;0x12f8;0x1337;20;;部屋の中に入った途端、 大きなカーテンが目に 飛び込んできた。
H6;0x1339;0x1380;;;それは中央にかけられ、 部屋の向こう側が見え ないようになっている。 出口らしき扉は見あた らない。
H6;0x1382;0x13cb;;;どうやらカーテンの向 こう側に行かなくては ならないようだ。 わたしはカーテンに近 づき、引き開けようと した。
H6;0x13cd;0x1417;;;「開けないで！」  突然の声にわたしは手 を止める。 鈴の鳴るような、女性 の声。
H6;0x1419;0x145b;;;声の主はカーテンのす ぐ向こうにいるようだ。 「お願いです、開けな いでください」
H6;0x145d;0x148b;;;女性は必死でわたしに 嘆願する。 しかし、引き返すわけ にもいかない。
H6;0x148d;0x14f6;;PREGUNTA (2 opciones) | OPCION -> entrada 146 (cursor 0xa33d) | OPCION -> entrada 147 (cursor 0xa55c);向こう側に出口がある のであれば、どうして もカーテンを開けなけ ればならない。 １．カーテンを開ける ⇒[146] ２．姿を見ないと約束す 　る ⇒[147]
H6;0x14f6;0x150d;21;PREGUNTA (2 opciones) | OPCION -> entrada 22 (cursor 0x150d) | OPCION -> entrada 23 (cursor 0x155b);
H6;0x150d;0x155b;22;PREGUNTA (2 opciones) | OPCION -> entrada 72 (cursor 0x42fc) | OPCION -> entrada 73 (cursor 0x4548);まさか、本当に友人な のだろうか？ だとしたら、なぜこん なところに？ １．助ける ⇒[72] ２．助けない ⇒[73]
H6;0x155b;0x15a9;23;PREGUNTA (2 opciones) | OPCION -> entrada 74 (cursor 0x467e) | OPCION -> entrada 75 (cursor 0x4880);まさか、本当に友人な のだろうか？ だとしたら、なぜこん なところに？ １．助ける ⇒[74] ２．助けない ⇒[75]
H6;0x15a9;0x15fc;24;;わたしはひょっとして、 恐ろしい怪物の罠には まってしまったのでは ないか？　わたしを導 いているのは、死の国 の住人ではないのか？
H6;0x15fe;0x1615;;;わたしは思わず目を開 けた。
H6;0x1617;0x1659;;;そこには、憤怒 の形相をした異形の怪 物がいた。 「見たわね」
H6;0x165b;0x1696;;;わたしは叫び声を上げ、 必死に怪物の手を振り 払うと、一目散に逃げ 出した。
H6;0x1698;0x169c;;SALTO -> entrada 26 (cursor 0x178e);
H6;0x169c;0x16cb;25;;もしかすると、わたし は恐ろしい怪物の罠に はまってしまったので はないか？
H6;0x16cd;0x16f6;;;わたしの手を握ってい るのは、死者の国の住 人ではないのか？
H6;0x16f8;0x1775;;;やがて、ドアが開く音 がした。 女性がわたしから手を 離す。 「ありがとう」 背後で女性が呟くと同 時に、ドアはバタンと 閉じた。
H6;0x1777;0x1788;;;私はゆっくりと目を開 けた。
H6;0x178a;0x178e;;SALTO -> entrada 26 (cursor 0x178e);
H6;0x178e;0x17a5;26;PREGUNTA (2 opciones) | OPCION -> entrada 27 (cursor 0x17a5) | OPCION -> entrada 28 (cursor 0x18a6);
H6;0x17a5;0x181e;27;;部屋の隅のほうに豪華 なベッドが置かれてい る。 きれいにシーツがかけ られ、まるで貴婦人か、 それにふさわしい身分 の者が使用していそう なベッドである。
H6;0x1820;0x185d;;;近寄ってみると、枕元 にはこの場の雰囲気に 似つかわしくない、点 滴がつられているのが 見えた。
H6;0x185f;0x18a0;;;そして、脇の小さなテ ーブルには私の好きな メニューがトレイに載 せられ、置かれている。
H6;0x18a2;0x18a6;;SALTO -> entrada 37 (cursor 0x1d69);
H6;0x18a6;0x18bd;28;PREGUNTA (2 opciones) | OPCION -> entrada 29 (cursor 0x18bd) | OPCION -> entrada 30 (cursor 0x1ad9);
H6;0x18bd;0x1930;29;;扉の向こうは干からび た大地だった。 どこまでも続く地平線 と蜃気楼。 風は乾き、足下から照 り返す熱で火傷をしそ うなほどだ。
H6;0x1932;0x195e;;;振り向けば背後の扉は 消え失せ、わたしは一 人ここに取り残された。
H6;0x1960;0x19e4;;;影は絵のようにくっき りと大地に落ちていた。 水牛らしき動物の骨と 枯れきった大木の残骸 が見えるだけである。 絵に描いたような死に 絶えた大地に、私は特 に感慨を覚えることも なく歩き出した。
H6;0x19e6;0x1a11;;;しばらく歩くと建物ら しきものが見えてきた。 ここにも人の痕跡があ った。
H6;0x1a13;0x1aa5;;;近づいてみるとそれは 粗末な東屋で、その屋 根の下には裸石を積み 上げて作られた井戸と 旅人の死体があった。 死体は片手を井戸縁に かけたまま、ミイラ化 していた。
H6;0x1aa7;0x1ad3;;;私もこうなってしまう のかもしれない。 しかし、井戸に水はあ るのだろうか。
H6;0x1ad5;0x1ad9;;SALTO -> entrada 31 (cursor 0x1c23);
H6;0x1ad9;0x1b24;30;;次の部屋は食堂のよう だった。大きなテーブ ルが据えられ、そのま わりにはイスが並んで いる。
H6;0x1b26;0x1b3c;;;それを見ると、急にお なかが減ってきた。
H6;0x1b3e;0x1b7e;;;部屋の奥には厨房も設 置されているようだっ た。 わたしは厨房へ食料を 探しに行くことにした。
H6;0x1b80;0x1bec;;;缶詰の一つくらい残っ ているかもしれない。 だが、棚の中に食べ物 らしきものはなかった。 期待しすぎか、と諦め ようとしたが、まだ上 の戸棚が残っていた。
H6;0x1bee;0x1c1d;;;戸棚はかなり高い位置 に設置されており、こ のままでは手がとどか ない。
H6;0x1c1f;0x1c23;;SALTO -> entrada 34 (cursor 0x1cd0);
H6;0x1c23;0x1c3a;31;PREGUNTA (2 opciones) | OPCION -> entrada 32 (cursor 0x1c3a) | OPCION -> entrada 33 (cursor 0x1c85);
H6;0x1c3a;0x1c85;32;PREGUNTA (2 opciones) | OPCION -> entrada 82 (cursor 0x520e) | OPCION -> entrada 83 (cursor 0x5484);もう喉はカラカラに乾 いていた。 １．きっと枯れているだ 　ろう ⇒[82] ２．水は枯れていない ⇒[83]
H6;0x1c85;0x1cd0;33;PREGUNTA (2 opciones) | OPCION -> entrada 84 (cursor 0x566f) | OPCION -> entrada 85 (cursor 0x5928);もう喉はカラカラに乾 いていた。 １．きっと枯れているだ 　ろう ⇒[84] ２．水は枯れていない ⇒[85]
H6;0x1cd0;0x1ce7;34;PREGUNTA (2 opciones) | OPCION -> entrada 35 (cursor 0x1ce7) | OPCION -> entrada 36 (cursor 0x1d28);
H6;0x1ce7;0x1d28;35;PREGUNTA (2 opciones) | OPCION -> entrada 86 (cursor 0x5aec) | OPCION -> entrada 87 (cursor 0x5cfe);イスでもあれば手が届 くだろうが。 １．イスを持ってくる ⇒[86] ２．あきらめる ⇒[87]
H6;0x1d28;0x1d69;36;PREGUNTA (2 opciones) | OPCION -> entrada 88 (cursor 0x5f2b) | OPCION -> entrada 89 (cursor 0x607d);イスでもあれば手が届 くだろうが。 １．イスを持ってくる ⇒[88] ２．あきらめる ⇒[89]
H6;0x1d69;0x1d8a;37;PREGUNTA (3 opciones) | OPCION -> entrada 76 (cursor 0x4a49) | OPCION -> entrada 77 (cursor 0x4a95) | OPCION -> entrada 77 (cursor 0x4a95);
H6;0x1d8a;0x1da1;38;PREGUNTA (2 opciones) | OPCION -> entrada 39 (cursor 0x1da1) | OPCION -> entrada 40 (cursor 0x20b0);
H6;0x1da1;0x1e14;39;;扉の先は窓が並ぶ廊下 だった。 窓から出られるかとも 思ったが、今だ外は暗 く、また、野犬の潜ん でいる可能性も考える と、明るくなるまで待 ったほうがいいだろう。
H6;0x1e16;0x1e72;;;わたしが廊下を進んで いると、黒い塊が窓を 突き破り、弾丸のよう に中へ飛び込んできた。
H6;0x1e74;0x1ed3;;;よく見れば、それは数 羽のカラスだった。 カラスは鋭いツメやク チバシを黒く光らせ、 わたしに襲いかかって くる！
H6;0x1ed5;0x1f2f;;;わたしは攻撃を避け、 地面に転がった。 ツメが腕をかすめる。 傷口に手を当てると、 掌にうっすらと血がつ いている。
H6;0x1f31;0x1f51;;;わたしは一瞬ひるんだ ものの、すぐに立ち上 がった。
H6;0x1f53;0x1f96;;;小さなカラスとはいえ、 狂暴で、そのうえ数が 多い。一斉に襲いかか られたら、そうそう避 けられはしない。
H6;0x1f98;0x1fea;;;「おまえたち、やめる んだ」 突然の声に驚いている と、割れた窓から、一 羽の大きなカラスが飛 び込んできた。
H6;0x1fec;0x2040;;;その声にあわせ、小さ なカラスたちは、動き を止める。 大きなカラスはわたし に向かって頭を下げた。
H6;0x2042;0x207a;;;「すいません、ご迷惑 をかけてしまって。い つも子供たちには、言 い聞かせてるんですが ……」
H6;0x207c;0x20aa;;;子供と言っているから には、この大きなカラ スは親ガラスなのだろ う。
H6;0x20ac;0x20b0;;SALTO -> entrada 43 (cursor 0x24b1);
H6;0x20b0;0x20c7;40;PREGUNTA (2 opciones) | OPCION -> entrada 41 (cursor 0x20c7) | OPCION -> entrada 42 (cursor 0x2333);
H6;0x20c7;0x20fd;41;;部屋の隅には、ゴツゴ ツとした巨大な岩のよ うなものが置かれてい た。
H6;0x20ff;0x214c;;;わたしが入ってきた扉 よりもはるかに大きい。 こんなもの部屋に入れ ようがない。 わたしはその岩に近づ くと、そっと触れてみ た。
H6;0x214e;0x2180;;;……？ 気のせいだろうか、岩 が動いたような気がし た。 再び、触れてみる。
H6;0x2182;0x21ca;;;カッ！ 岩の一部がスライドし、 ヌメリと光る巨大な瞳 が現れた。
H6;0x21cc;0x220e;;;その瞳はしばらくあた りに視線をさまよわせ、 最後にわたしを見つけ るとギロリとにらみつ けてきた。
H6;0x2210;0x2262;;;わたしは思わずあとず さった。  「わたしをあざ笑いに 来たか？」  破鐘のような声が部屋 中に轟く。
H6;0x2264;0x2298;;;数歩さがったことで、 わたしはようやく 『それ』 の全体を把握すること ができた。
H6;0x229a;0x22d3;;;岩などではない。生き 物。巨大な竜の首がそ こにあった。 その竜は再び轟いた。
H6;0x22d5;0x2333;;PREGUNTA (2 opciones) | OPCION -> entrada 44 (cursor 0x24c8) | OPCION -> entrada 45 (cursor 0x2625);「わたしがなぜこんな ところにいるか考えて いるな？　言ってみる がいい」 １．隠れている ⇒[44] ２．休んでいる ⇒[45]
H6;0x2333;0x239d;42;;扉を抜けるとそこには 荒野が広がっていた。 いや、荒野と言うにし ては殺伐としすぎてい る。 荒野とすら言えない、 死の大地。鏡のような 大地が続いていた。
H6;0x239f;0x23f8;;;空に月がある。 だが、地平線から上が ってくる月は、私の知 っているものとは違っ ていた。 中央に、大きなクレー ターが出来ていた。
H6;0x23fa;0x2431;;;振り返り見ると巨大な 太陽が地平線いっぱい に沈みつつある。
H6;0x2433;0x24b1;;PREGUNTA (2 opciones) | OPCION -> entrada 46 (cursor 0x2727) | OPCION -> entrada 47 (cursor 0x290c);ここは……滅んだ地球。 太陽が赤色巨星になっ た遠い未来。何も存在 しない死の空間だった。 １．何か無いか捜す ⇒[46] ２．ヘタに動かない方が 　いい ⇒[47]
H6;0x24b1;0x24c8;43;PREGUNTA (2 opciones) | OPCION -> entrada 90 (cursor 0x621b) | OPCION -> entrada 91 (cursor 0x626f);
H6;0x24c8;0x24eb;44;;隠れているんでしょう というと、竜は首を横 に振った。
H6;0x24ed;0x2544;;;何年、何十年、何百年 も前、彼はある人物か ら決闘を申し込まれた という。 高潔で名高い人物だっ た。
H6;0x2546;0x25ad;;;だが、どうだろう。 決闘の場で、彼は不意 を打たれた。 彼は首を切り落とされ た。 竜を倒した人物は英雄 と呼ばれることになっ たという。
H6;0x25af;0x261f;;;「気がついたらここに いた。それだけだ」 竜は目を閉じた。 少し待ってみたが、再 び目を開ける気配はな かった。 私は部屋を出た。
H6;0x2621;0x2625;;SALTO -> entrada 117 (cursor 0x7f2c);
H6;0x2625;0x2659;45;;休んでいるのですか、 と言うと彼は小さくう なずき、事情を話し始 めた。
H6;0x265b;0x26cc;;;少し前、彼はここに落 ちてきたという。 誰かにやられたわけで はない。 ただ、突然、全身に力 が入らなくなった。 そして遙かなる高空か らこの場所に墜落した のだ。
H6;0x26ce;0x2727;;PREGUNTA (2 opciones) | OPCION -> entrada 138 (cursor 0x9b78) | OPCION -> entrada 139 (cursor 0x9c72);「もう千年は生きてい る。死期がせまったよ うだ」 彼はそう語った。 １．はげます ⇒[138] ２．そっとしておく ⇒[139]
H6;0x2727;0x276c;46;;ここにいても仕方がな い。 何か人の痕跡でもあれ ば…… わたしは巨大な夕日に 向かって歩き出した。
H6;0x276e;0x27b0;;;足が痛くても、疲れて も、わたしは歩いた。 少しづつ、気温が下が ってきた。 太陽が沈んでいるから か。
H6;0x27b2;0x2802;;;このままでは凍えてし まうのではないか。 わたしはそれでも必死 に歩いた。 太陽を追いかけて。 どこにも隠れるところ はないのだから。
H6;0x2804;0x282d;;;……………………  ………………  …………  ……
H6;0x282f;0x2890;;;やがて…… 太陽は完全に沈んだ。 風は冷たく、氷のよう だ。 わたしは地に倒れ伏し た。このままここで死 んでしまうのか。
H6;0x2892;0x28b4;;;……………………  ………………  …………  ……
H6;0x28b6;0x28fd;;;地平線に、初めて影が 現れた。 それは、次への扉だっ た。 どうやら、わたしは次 へ進めそうだった。
H6;0x28ff;0x290c;;SALTO -> entrada 117 (cursor 0x7f2c);
H6;0x290c;0x2952;47;;その場にわたしは座り 込んだ。 そして、大地に耳をつ け、何か聞こえてこな いか期待した。
H6;0x2954;0x297a;;;……………………  ………………  …………  ……
H6;0x297c;0x29e6;;;ゴゴゴゴゴゴゴゴゴ 何かが満ちてくる音。 これは一体。 そう思った瞬間、大地 が割れ、水が吹き出し、 広がっていた。
H6;0x29e8;0x2a51;;;わたしはその光景をい つの間にか上空から眺 めていた。 水は海になり、荒野は 盛り上がり山脈になり、 海に生命が満ち、緑が 大地に広がった。
H6;0x2a53;0x2a65;;;死は、ただの停止では ない。
H6;0x2a67;0x2a98;;;目の前に扉が現れ、わ たしは自然とそれをく ぐっていた。
H6;0x2a9a;0x2a9e;;SALTO -> entrada 117 (cursor 0x7f2c);
H6;0x2a9e;0x2ab5;48;PREGUNTA (2 opciones) | OPCION -> entrada 49 (cursor 0x2ab5) | OPCION -> entrada 50 (cursor 0x2c6d);
H6;0x2ab5;0x2b1f;49;;扉の向こう側は淡い光 に包まれていた。 目が慣れると、天井に は星が、床にはシンボ リックな大樹と魔法陣 が描かれているのが見 える。
H6;0x2b21;0x2b70;;;淡い光は天井の星と、 足下の大樹の絵が発し ていた。 古代の天文学者や、魔 法使いの部屋といった 感じだ。
H6;0x2b72;0x2bcc;;;慎重に、ゆっくりと一 歩一歩進む。 その歩みと同じくして 光は点滅する。 私は奥に次の扉を見つ け、大樹の絵を横切ろ うとした。
H6;0x2bce;0x2bfb;;;そして、木の枝の部分 に差しかかったとき、 思わず声を上げた。
H6;0x2bfd;0x2c67;;;足下に描かれた絵は、 恐竜。 その下の枝には、大型 の両生類。 上に伸びる枝には鳥類 とほ乳類。 これは、進化の系統図 だ。
H6;0x2c69;0x2c6d;;SALTO -> entrada 53 (cursor 0x2ec4);
H6;0x2c6d;0x2c84;50;PREGUNTA (2 opciones) | OPCION -> entrada 51 (cursor 0x2c84) | OPCION -> entrada 52 (cursor 0x2d9e);
H6;0x2c84;0x2cb1;51;;次の扉を抜けると、そ こは板張りの大きな部 屋になっていた。
H6;0x2cb3;0x2ce3;;;中央にスポットライト が投げられ、主人公の 登場を待っている。
H6;0x2ce5;0x2d44;;;この部屋は劇場で、わ たしがたっているのは 舞台の上だ。 主人公は一体、誰なの だろう。 そして、いつになった らこの劇は終わるのだ ろう。
H6;0x2d46;0x2d9e;;PREGUNTA (2 opciones) | OPCION -> entrada 57 (cursor 0x2fae) | OPCION -> entrada 101 (cursor 0x7012);わたしは舞台袖から舞 台を眺め、少しだけ考 えた。 １．主人公はわたし ⇒[57] ２．わたしは傍観者 ⇒[101]
H6;0x2d9e;0x2de5;52;;わたしは廊下を進んで いった。 ダン！ 突然、何かを叩くよう な音が廊下に響いた。
H6;0x2de7;0x2e22;;;ダン！ あの扉だ。 誰かが中から扉を叩い ているようだ。
H6;0x2e24;0x2e68;;;ダン！ わたしが扉に近寄ろう とすると、どこからか かすかな声が聞こえて きた。耳をすませてみ る。
H6;0x2e6a;0x2ebe;;;「誰か……」 それは助けを求める女 性の声だった。 小さな声なのでどこか ら聞こえてくるのかわ からない。
H6;0x2ec0;0x2ec4;;SALTO -> entrada 54 (cursor 0x2edb);
H6;0x2ec4;0x2edb;53;PREGUNTA (2 opciones) | OPCION -> entrada 55 (cursor 0x2ef2) | OPCION -> entrada 56 (cursor 0x2f50);
H6;0x2edb;0x2ef2;54;PREGUNTA (2 opciones) | OPCION -> entrada 58 (cursor 0x30ac) | OPCION -> entrada 59 (cursor 0x3112);
H6;0x2ef2;0x2f50;55;PREGUNTA (2 opciones) | OPCION -> entrada 96 (cursor 0x6900) | OPCION -> entrada 97 (cursor 0x6a5d);先に進めば進化の行き 着く先を、引き返せば 生命の根元を見ること が出来るのか… １．先に進む ⇒[96] ２．引き返す ⇒[97]
H6;0x2f50;0x2fae;56;PREGUNTA (2 opciones) | OPCION -> entrada 98 (cursor 0x6bf6) | OPCION -> entrada 99 (cursor 0x6db0);先に進めば進化の行き 着く先を、引き返せば 生命の根元を見ること が出来るのか… １．先に進む ⇒[98] ２．引き返す ⇒[99]
H6;0x2fae;0x2fe4;57;;主人公はわたしだ。 だからスポットライト は、わたしを待ってい るのだ。
H6;0x2fe6;0x304a;;;わたしはゆっくり一歩 一歩、確かめるように してスポットライトの 熱い光の中に身を投げ 出した。 その熱さは体の全てを 焼くようだった。
H6;0x304c;0x30a6;;;焼くことで、新しい姿 を得るように、わたし は自信を持って観客席 を眺めた。 そして、目を閉じて、 拍手をいつまでも待っ た。
H6;0x30a8;0x30ac;;SALTO -> entrada 136 (cursor 0x9b36);
H6;0x30ac;0x3112;58;PREGUNTA (2 opciones) | OPCION -> entrada 102 (cursor 0x70ba) | OPCION -> entrada 103 (cursor 0x72bb);この部屋の中から聞こ えてきたのだろうか。 それともどこか遠くか ら。 １．扉を開ける ⇒[102] ２．廊下の先を捜す ⇒[103]
H6;0x3112;0x3178;59;PREGUNTA (2 opciones) | OPCION -> entrada 104 (cursor 0x7481) | OPCION -> entrada 105 (cursor 0x761f);この部屋の中から聞こ えてきたのだろうか。 それともどこか遠くか ら。 １．扉を開ける ⇒[104] ２．廊下の先を捜す ⇒[105]
H6;0x3178;0x31f4;60;;穴の中には燐光を放つ 巨大な蛇がとぐろを巻 いていた。 蛇はまぶたをゆっくり と開いては、また閉じ るを繰り返している。
H6;0x31f6;0x324c;;;うろこの一枚一枚がシ ャボン玉の表面のよう に虹色をたたえていた。 全長は何メートルある のか、想像もつかない。
H6;0x324e;0x3287;;;わたしは、蛇を刺激し ないように、忍び足で 穴の縁を歩き、正面の 扉の前に立った。
H6;0x3289;0x3296;;SALTO -> entrada 13 (cursor 0x0e58);
H6;0x3296;0x32b1;61;;わたしは一刻も早くこ の部屋から出たかった。
H6;0x32b3;0x3311;;;穴の中には、何か恐ろ しいものが潜んでいる ように思える。 だが、外には野犬が徘 徊している。屋根の下 の方が少しはましなは ずだ。
H6;0x3313;0x3365;;;この部屋から出るには、 正面にある扉までたど り着くしかない。 覚悟を決めて穴の縁を 細心の注意を払って歩 く。
H6;0x3367;0x3390;;;ほんの数メートルがこ んなに長く感じるなん て……
H6;0x3392;0x33b9;;;わたしはようやく扉の 直前まで来た。 が、その時、
H6;0x33bb;0x3445;;;シャァァァァァッ 背後から異様な音がし た。 蛇!? 黒い影が私の背後から 襲いかかる！ わたしは次の部屋へ倒 れ込むようにして飛び 込んだ。
H6;0x3447;0x3458;;;どうやら助かった様だ った。
H6;0x345a;0x345e;;SALTO -> entrada 13 (cursor 0x0e58);
H6;0x345e;0x34ba;62;;穴の中には、たくさん の小さな人影が呻いて いた。 まるで地獄の餓鬼達だ。 その苦しげな仕草に胸 が悪くなる。
H6;0x34bc;0x34dd;;;ここから一体、どんな ものが飛び出したのか。
H6;0x34df;0x354d;;;餓鬼達は私を見て、食 べ物が来たと思ったの だろう。 激しく飛び跳ね、涎を 振り散らしていた。 あるものは穴をよじ登 ろうとしていたが、途 中で力尽き落ちていっ た。
H6;0x354f;0x3585;;;ここはいったい何なの だろう。 次に見上げた時には、 通ってきた扉がなくな っていた。
H6;0x3587;0x35a6;;;わたしは正面の扉を開 けた。
H6;0x35a8;0x35ac;;SALTO -> entrada 13 (cursor 0x0e58);
H6;0x35ac;0x35d4;63;;わたしは穴の中をのぞ かずに次の扉を開けよ うと決心した。
H6;0x35d6;0x362a;;;穴の中にはきっと恐ろ しいものが潜んでいた にちがいない。 それが戻ってきたら、 と思うと、一刻もはや くこの場を立ち去った 方がいい。
H6;0x362c;0x3693;;;わたしは足下に注意し ながら次の扉の前に立 った。 わたしの影が、扉に落 ちる。 そして、もう一つ。 異形の人影が……。
H6;0x3695;0x36c0;;;わたしは扉をそっと開 けて、次の部屋に逃げ 込んだ。
H6;0x36c2;0x36c6;;SALTO -> entrada 13 (cursor 0x0e58);
H6;0x36c6;0x3745;64;;まさか中に野犬がいる とは。 慌てて入ってきたばか りの扉に駆け寄る。 だが、扉は重く、体当 たりしてもびくともし ない。 さっきは簡単に開いた のに……
H6;0x3747;0x3774;;;野犬らしき影はわたし ににじり寄ってくる。
H6;0x3776;0x379b;;;だが、『それ』は犬で はなかった。
H6;0x379d;0x37dc;;;犬の体に人間の顔をし た、人面犬だった。 私は声にならない叫び 声を上げた。
H6;0x37de;0x3845;;;人面犬は私に向かって 牙を剥いた。 わたしは無我夢中にな って駆け出した。 そして、いつの間にか 別の扉をくぐっていた。
H6;0x3847;0x384b;;SALTO -> entrada 13 (cursor 0x0e58);
H6;0x384b;0x38d7;65;;わたしは鎧兜が持って いた太刀を手にし、野 犬と向き合った。 野犬はわたしに向かっ て飛びかかろうと姿勢 を低くして身構えてい る。 ぬるっ。
H6;0x38d9;0x3937;;;私の手の中で太刀がう ごめいいた。 ぎょっとしてそれを見 てみると、太刀はいつ の間にか蛇に変わって いた。
H6;0x3939;0x398f;;;わたしは蛇を放り出し、 一目散に走り出した。 そしていつの間にか別 の扉をくぐっていた。
H6;0x3991;0x3995;;SALTO -> entrada 13 (cursor 0x0e58);
H6;0x3995;0x39f8;66;;まさか中に野犬がいる とは。 慌てて今入ってきたば かりの扉に駆け寄る。 だが、扉は重く、体当 たりしてもびくともし ない。
H6;0x39fa;0x3a3d;;;さっきは簡単に開いた のに…… 野犬はわたしににじり 寄ってきた。
H6;0x3a3f;0x3a5b;;;その目には人に対する 恨みを燃やしていた。
H6;0x3a5d;0x3a9a;;;捨てられ、自分の力で 生きてきたその反動な のだろう。 野犬は牙を剥いた。
H6;0x3a9c;0x3ae2;;;だが、野犬はくんくん と私の匂いをかぐと首 を横に振り、また部屋 の角に戻っていった。
H6;0x3ae4;0x3b13;;;わたしは野犬を刺激し ないように、次の扉を 開けた。
H6;0x3b15;0x3b19;;SALTO -> entrada 13 (cursor 0x0e58);
H6;0x3b19;0x3b81;67;;わたしは鎧兜が持って いた太刀を手にし、野 犬に向き合った。 野犬はわたしに向かっ て飛びかかってきた！
H6;0x3b83;0x3bee;;;私の手の中で太刀が震 え、野犬を切り裂いた。 野犬は短い悲鳴ととも に床に倒れ込んだ。
H6;0x3bf0;0x3c15;;;一体これは…… 刀を見て、そして野犬 の死体と見比べた。
H6;0x3c17;0x3c66;;;野犬の死体は人に変わ っていった。 どういう……ことだ？ わたしは……人を殺し たのか。
H6;0x3c68;0x3c94;;;わたしはふらふらとそ の場を離れ、次の部屋 へ逃れた。
H6;0x3c96;0x3c9a;;SALTO -> entrada 13 (cursor 0x0e58);
H6;0x3c9a;0x3ceb;68;;ここで階段を下りてし まうのは、それこそ設 計者の思うつぼなので はないだろうか。 わたしは腹をすえ、再 び階段を上り始めた。
H6;0x3ced;0x3d52;;;その途端、足下の階段 がガラガラと崩れ落ち はじめる。まるで、わ たしがこれ以上進むの を邪魔するかのように ……
H6;0x3d54;0x3d81;;;わたしは支えを失い、 上ってきた道を転げ落 ちた。
H6;0x3d83;0x3da5;;;……………………  ………………  …………  ……
H6;0x3da7;0x3df3;;;気がつくと、わたしは 冷たい石の床にうつぶ せに倒れていた。 体中が痛む。が、どう やらケガはたいしたこ とはないようだ。
H6;0x3df5;0x3e42;;;起きあがって頭をふる い、目を開ける。 わたしの目の前には、 崩れ落ちたはずの階段 があった。
H6;0x3e44;0x3e84;;PREGUNTA (2 opciones) | OPCION -> entrada 140 (cursor 0x9cfb) | OPCION -> entrada 141 (cursor 0x9de2);再びあの長い道をたど れいうのか？ １．再び上る ⇒[140] ２．やはりトリックだ ⇒[141]
H6;0x3e84;0x3ed3;69;;これはトリックに違い ない。わたしはこの館 の主人の仕掛けたイタ ズラに、まんまとはま ってしまったというわ けだ。
H6;0x3ed5;0x3f28;;;わたしはきびすを返し、 たった今上ってきた階 段を、今度は降り始め た。  ……いや、違う。
H6;0x3f2a;0x3f82;;;そうやって、この螺旋 階段に迷い込んだもの を惑わし、永遠にさま よい続ける亡者に仕立 て上げようとしている のかもしれない。
H6;0x3f84;0x3fd4;;PREGUNTA (2 opciones) | OPCION -> entrada 142 (cursor 0x9f72) | OPCION -> entrada 143 (cursor 0xa017);ここで引き返したら、 それこそ主人の思う つぼなのではないだろ うか。 １．やはり上る ⇒[142] ２．やはり下る ⇒[143]
H6;0x3fd4;0x4021;70;;ここで階段を下りてし まうのは、それこそ設 計者の思うつぼなので はないだろうか。わた しは腹を据え、階段を 上り続けた。
H6;0x4023;0x404c;;;……………………  ………………  …………  ……
H6;0x404e;0x4082;;;幾度もくじけそうにな りながら、その度に自 分をはげまし、上り続 ける。
H6;0x4084;0x40ad;;;……………………  ………………  …………  ……
H6;0x40af;0x40f3;;;そうしてどれくらい経 ったのか、もはや、時 間の感覚など無くなっ てきた頃、唐突にそれ は現れた。
H6;0x40f5;0x4121;;;小さな扉…… わたしはようやく次の 間へ進む事が出来た
H6;0x4123;0x4127;;SALTO -> entrada 26 (cursor 0x178e);
H6;0x4127;0x4171;71;;これはトリックに違い ない。わたしはこの館 の設計者のイタズラに、 まんまとはまってしま ったというわけだ。
H6;0x4173;0x41be;;;わたしはたった今上っ てきた階段を降り始め た。 が、今度はいつまで経 っても降り階段が続く。
H6;0x41c0;0x41fc;;;いらいらがつのり、走 り出す。もしかしてわ たしは永久にこの階段 から出られないのでは ないか？
H6;0x41fe;0x422d;;;館の主はなにを考えて いるのだろう？哀れな 闖入者をあざ笑ってい るのか？
H6;0x422f;0x4272;;;……!? その瞬間、わたしは足 を滑らせ階段を転げ落 ちた。
H6;0x4274;0x42a0;;;考えるほうに気を取ら れ、足下がおろそかに なってしまった。
H6;0x42a2;0x42f6;;;身体にはしる苦痛に耐 えながら、はやく終わ ってくれと願っている と、バタン、と音がし て、わたしは床に投げ 出された。
H6;0x42f8;0x42fc;;SALTO -> entrada 26 (cursor 0x178e);
H6;0x42fc;0x436f;72;;わたしはその男の縄を 解いて降ろしてやった。 この男が友人である以 上、わたしには見過ご すことは出来ない。ま してや、この様な不気 味な場所に置き去りに するなど……
H6;0x4371;0x43d4;;;地面に降りた友人は足 をさすりながら、わた しに礼を述べる。 一体どうしてこんなと ころに？　とにかく、 わたしは友人にいろい ろと尋ねてみた。
H6;0x43d6;0x4407;;;「まあ、そう慌てるな …ヘヘヘ」 友人が薄ら笑いを浮か べる。
H6;0x4409;0x4468;;;その瞬間、目の前が急 に暗くなった。気がつ くと、わたしは地面に 倒れ伏していた。
H6;0x446a;0x44dc;;;頭が痛む。見上げれば、 手にした木の棒を地面 に投げ捨て、去ってい く友人の背中が見えた。 「俺はいい友達を持っ た…」 男の捨てゼリフが耳に 残る……
H6;0x44de;0x4506;;;……………………  ………………  …………  ……
H6;0x4508;0x4542;;;しばらくして、頭痛も 治まったので、わたし は中庭を探索した。扉 はすぐに見つかった。
H6;0x4544;0x4548;;SALTO -> entrada 26 (cursor 0x178e);
H6;0x4548;0x4588;73;;わたしはその男を置き 去りにして、その場を 後にした。 こんなところに友人が いるわけがない。
H6;0x458a;0x45f4;;;「待ってくれ、行かな いでくれ！」  男は必死になって哀願 するが、わたしは頑と して耳を貸さなかった。 もし、本当に友人だと しても、罪を犯したな ら償うべきだ。
H6;0x45f6;0x4650;;;「裏切り者っ！　覚え てろよ、ここから出た ら、必ずお前のところ へ行くからなっ」  男の罵声がわたしの背 中に浴びせられる。
H6;0x4652;0x466f;;;中庭を探索すると、出 口はすぐに見つかった。
H6;0x4671;0x467e;;SALTO -> entrada 26 (cursor 0x178e);
H6;0x467e;0x46ce;74;;わたしはその男の縄を 解いて降ろしてやった。 地面に降りた友人は足 をさすりながら、わた しに礼を述べる。
H6;0x46d0;0x4705;;;一体どうしてこんなと ころに？　とにかく、 わたしは友人にいろい ろと尋ねてみた。
H6;0x4707;0x471c;;;「まあ、そう慌てるな …ヘヘヘ」
H6;0x471e;0x478a;;;友人が薄ら笑いを浮か べる。その瞬間、目の 前が急に暗くなった。 気が付くと、わたしは 地面に倒れ伏していた。
H6;0x478c;0x47ed;;;頭がズキズキと痛む。 見上げれば、木の棒を 手にした友人が見えた。 「馬鹿なヤツだぜ」 友人はなおも棒を振り 上げる。
H6;0x47ef;0x484f;;;その時、羽ばたきの音 がして先程のカラスが 友人に襲いかかった。  「うわぁああ」  男が悲鳴を上げる。
H6;0x4851;0x487a;;;わたしは這々の体でそ の場を逃げ出した。 扉はすぐに見つかった。
H6;0x487c;0x4880;;SALTO -> entrada 26 (cursor 0x178e);
H6;0x4880;0x48c0;75;;わたしはその男を置き 去りにして、その場を 後にした。 こんなところに友人が いるわけがない。
H6;0x48c2;0x48fe;;;「待ってくれ、行かな いでくれ！」 男は必死になって哀願 するが、わたしは耳を 貸さなかった。
H6;0x4900;0x4953;;;「待ってくれ！助けて くれなくてもいい。こ のまま苦しむくらいな ら、いっそ……」 わたしの背に、恐ろし い言葉が浴びせられる。
H6;0x4955;0x49bc;;;男はわたしを見つめ、 静かに言った。 「そうさ、友達のお前 の手にかかるのなら、 俺は本望だ」 男がわたしの足下に目 を向ける。
H6;0x49be;0x49f7;;;男の目線を追うと、そ こには鋭利な刃物が転 がっていた。
H6;0x49f9;0x4a49;;PREGUNTA (2 opciones) | OPCION -> entrada 144 (cursor 0xa127) | OPCION -> entrada 145 (cursor 0xa288);いっそ、とどめをさし てやった方が、慈悲と いうものか…… １．止めを刺してやる ⇒[144] ２．そんなことはしない ⇒[145]
H6;0x4a49;0x4a95;76;PREGUNTA (2 opciones) | OPCION -> entrada 78 (cursor 0x4ae1) | OPCION -> entrada 79 (cursor 0x4d51);まるで準備を整え、誰 かを待っているかのよ うだ。 １．わたしを待っている ⇒[78] ２．誰かを待っている ⇒[79]
H6;0x4a95;0x4ae1;77;PREGUNTA (2 opciones) | OPCION -> entrada 80 (cursor 0x4e6d) | OPCION -> entrada 81 (cursor 0x50e0);まるで準備を整え、誰 かを待っているかのよ うだ。 １．わたしを待っている ⇒[80] ２．誰かを待っている ⇒[81]
H6;0x4ae1;0x4b1e;78;;もしかして、わたしを 待っていたのだろうか。 ここまで用意してある のなら、遠慮なく招き を受けよう。
H6;0x4b20;0x4b67;;;私はほとんど開き直っ て、ベッドの上に座り、 トレイの箸に手をのば しそこで気がついた。
H6;0x4b69;0x4bdc;;;箸の先が濡れている。 食事にも少しだけ箸を つけた跡がある。 そういえば、点滴も半 分ほどに減っている。 私はベッドに手をかけ 立ち上がった。
H6;0x4bde;0x4c54;;;その瞬間、手にかすか なぬくもりを感じた。 このベッドは私のため に用意されたのではな い。 誰かのために使われて いたベッドだったのだ。
H6;0x4c56;0x4ca8;;;私は部屋から出ようと 箸を投げるように戻し た。 カチンと、木製の箸が プラスチックのような 音をたてる。
H6;0x4caa;0x4d1e;;;わたしが座っていたと ころからは見えなかっ たが、トレイの横に使 用済みの注射器が隠れ ていた。 わたしは今度こそ逃げ るように部屋を出た。
H6;0x4d20;0x4d3c;;;自分の健康には感謝せ ざるをえなかった。
H6;0x4d3e;0x4d51;;SALTO -> entrada 38 (cursor 0x1d8a);
H6;0x4d51;0x4d6a;79;;わたしはベッドに歩み よった。
H6;0x4d6c;0x4dec;;;……一見、豪華に見え た食事は干からび、乾 燥しきっていた。 ベッドにも、ほこりが 積み重なっている。 ここ数週間、いや数ヶ 月、人のつかっていた 形跡はない。
H6;0x4dee;0x4e27;;;ここで静養していたは ずの人物はどこに行っ たのだろう。 そして看護していたは ずの人物は。
H6;0x4e29;0x4e58;;;答えが出るはずもない。 わたしはゆっくりと 部屋を出た。
H6;0x4e5a;0x4e6d;;SALTO -> entrada 38 (cursor 0x1d8a);
H6;0x4e6d;0x4eaa;80;;もしかして、わたしを 待っているのだろうか。 ここまで用意してある のなら、遠慮なく招き を受けよう。
H6;0x4eac;0x4eee;;;わたしはほとんど開き 直って、ベッドの上に 座り、トレイの箸に手 をのばした。
H6;0x4ef0;0x4f6e;;;……！ 箸の先が濡れている。 食事にも少しだけ箸を つけた跡がある。 そういえば、点滴も半 分ほどに減っている。 わたしはベッドに手を かけ立ち上がった。
H6;0x4f70;0x4fe6;;;その瞬間、手にかすか なぬくもりを感じた。 このベッドは私のため に用意されたのではな い。 誰かのために使われて いたベッドだったのだ。
H6;0x4fe8;0x503a;;;私は部屋から出ようと 箸を投げるように戻し た。 カチンと、木製の箸が プラスチックのような 音をたてる。
H6;0x503c;0x50ac;;;私が座っていたところ からは見えなかったが、 トレイの横に使用済み の注射器が隠れていた。 わたしは今度こそ逃げ るように部屋を出た。
H6;0x50ae;0x50cb;;;こうはなりたくない、 そんな考えが頭をかす めた。
H6;0x50cd;0x50e0;;SALTO -> entrada 38 (cursor 0x1d8a);
H6;0x50e0;0x511a;81;;わたしは健康にそれほ どの心配はない。それ に感謝しつつベッドに 歩みよった。
H6;0x511c;0x519a;;;一見……豪華に見えた 食事は干からび乾燥し きっていた。 ベッドにも、ほこりが 積み重なっている。 ここ数週間、いや数ヶ 月、人のつかっていた 形跡はない。
H6;0x519c;0x51dc;;;ここで静養していたは ずの人物はどこに行っ たのだろう。 そして看護していたは ずの人物は。
H6;0x51de;0x51f9;;;私は足早に部屋を出た。
H6;0x51fb;0x520e;;SALTO -> entrada 38 (cursor 0x1d8a);
H6;0x520e;0x5264;82;;きっと枯れているだろ う。 わたしは近くにあった 石を投げ入れた。 だが、底に落ちた音す ら、聞こえてはこなか った。
H6;0x5266;0x52cd;;;わたしは落胆すること なく、日陰でどうした ものかと考え込んだ。 ふと思い悩んでいると、 旅人の死体が何かを堅 く握りしめていること に気がついた。
H6;0x52cf;0x5344;;;それは水晶で作られた 目玉のように思われた。 旅人はこれを井戸に投 げ込もうとして息絶え たのだろうか。 わたしは旅人の代わり にそれを投げ込んだ。
H6;0x5346;0x5387;;;すると井戸の中から雲 が涌き立ち、砂漠に雨 を降らせた。
H6;0x5389;0x53e6;;;その雨の下に、灰色の 古い都が現れた。 地平線に都に向かう旅 人の列が見える。 だがそのいずれもが私 にとっては過去、幻と 解っていた。
H6;0x53e8;0x5418;;;井戸は枯れていたのだ から。 雨は川を作り、川は砂 漠の砂を運ぶ。
H6;0x541a;0x547e;;;そして雨がやんだとき、 幻は消え、つかの間の 川も消えたとき、乾い たその底に扉が現れた。 わたしは息を飲み、扉 を開けた。
H6;0x5480;0x5484;;SALTO -> entrada 38 (cursor 0x1d8a);
H6;0x5484;0x54ba;83;;水は枯れていない。 わたしは東屋にあった 釣瓶を投げ入れた。
H6;0x54bc;0x54f9;;;釣瓶が水を湛えた音を わたしに知らせるまで、 随分と長い時間が流れ た。
H6;0x54fb;0x5556;;;だが、確実に水はある。 わたしは井戸に、下に 降りられるようにハシ ゴが備え付けられてい ることに気がつき、思 い切って降りていくこ とにした。
H6;0x5558;0x55ac;;;ゆっくりと、どれほど 降りた頃だろうか、耳 を澄ますと下から人の 会話が聞こえてきた。 わたしの知らない言葉 だった。
H6;0x55ae;0x55f5;;;光がそこに届くと、か つてそこで水を汲んで いた人々の姿が見えた。 これも幻だ。 わたしが底につくと幻 も消えた。
H6;0x55f7;0x5659;;;これより下には冷たい 水が湛えられている。 わたしはその光もほと んど届かぬ奥底に、扉 を見つけた。 わたしは飛び込み、次 の扉を開いた。
H6;0x565b;0x566f;;SALTO -> entrada 38 (cursor 0x1d8a);
H6;0x566f;0x56be;84;;きっと枯れているだろ う。 わたしは近くにあった 石を投げ入れた。 だが、底に落ちた音す ら、聞こえてはこなか った。
H6;0x56c0;0x5722;;;私は落胆することなく、 日陰でどうしたものか と考え込んだ。 ふと思い悩んでいると、 旅人の死体が何かを堅 く握りしめていること に気がついた。
H6;0x5724;0x5797;;;それは水晶で作られた 目玉のように思われた。 旅人はこれを井戸に投 げ込もうとして息絶え たのだろうか。 私は旅人の代わりにそ れを投げ込んだ。
H6;0x5799;0x5802;;;すると、不思議なこと に水が噴水のように吹 き出しかと思うと、東 屋の屋根を吹き飛ばし、 乾ききった空を覆い尽 くそうと広がった。
H6;0x5804;0x584b;;;私は痛いくらい水滴を 受けながら、空を見上 げた。 そして、瞬く間に雨雲 が広がり、大地を潤わ せていった。
H6;0x584d;0x58ac;;;私は雨を全身に受けな がら、生き返ったかの ような瑞々しさを享受 した。 雨は大地に注ぎ、大地 はそれを受けて植物を 繁茂させる。
H6;0x58ae;0x5912;;;木々は私の目の前で急 速に生長し、大木とな った。 その大木の幹に、扉が ついていることに気が つき、その扉を開けた。
H6;0x5914;0x5928;;SALTO -> entrada 38 (cursor 0x1d8a);
H6;0x5928;0x59a0;85;;水は枯れていない。 私は東屋にあった釣瓶 を投げ入れた。 釣瓶が水を湛えた音を 私に知らせるまで、随 分と長い時間が流れた。 だが、確実に水はある。
H6;0x59a2;0x59eb;;;私は井戸に、下に降り られるようにハシゴが 備え付けられているこ とに気がつき、思い切 って降りていくことに した。
H6;0x59ed;0x5a43;;;ゆっくりと、どれほど 降りた頃だろうか、耳 を澄ますと水脈の流れ る音がした。 近い。 そう安心し、油断して しまった。
H6;0x5a45;0x5aac;;;私はハシゴから足を滑 らせ、井戸の奥底に落 ちていった。 バシャン 水面に叩きつけられ、 私は深く深く沈んでい た。
H6;0x5aae;0x5ae6;;;私はその光もほとんど 届かぬ奥底に、扉を見 つけた。 私は次の扉を開いた。
H6;0x5ae8;0x5aec;;SALTO -> entrada 38 (cursor 0x1d8a);
H6;0x5aec;0x5b1c;86;;私は食堂からイスを持 ってきた。上の戸棚を あさると大きな本を見 つけた。
H6;0x5b1e;0x5b57;;;それはこの厨房の主が 書いたと思われるレシ ピ帳だった。
H6;0x5b59;0x5bd0;;;私はイラスト入りのレ シピを見ながらため息 をついた。 これが食べられればい いのに。 すると開いたページの 上にレシピ通りの料理 が現れた。
H6;0x5bd2;0x5c3d;;;びっくりしてレシピ帳 を閉じると、料理も消 えた。 振り返るとテーブルの 上に料理が並んでいた。 おそらくこの館に訪れ る客をもてなしていた 献立なのだろう。
H6;0x5c3f;0x5c99;;;匂いも見た目も、幻と は思えない出来だった。 こんな廃屋になっても、 もてなそうというこの レシピ帳の持ち主の心 を垣間見られた気がし た。
H6;0x5c9b;0x5cee;;;もしかしたら本当に食 べられるのかもしれな い。 だが、私は席にも着か ず、次の扉を開けた。
H6;0x5cf0;0x5cfe;;SALTO -> entrada 38 (cursor 0x1d8a);
H6;0x5cfe;0x5d65;87;;こんなところで食料が 見つかるはずがない。 そうあきらめようとし たとき、ピッという電 子音がした。 見れば、備え付けのレ ンジだった。
H6;0x5d67;0x5dcc;;;私は異様に思いながら も恐る恐るレンジを開 けた。 すると中は驚いたこと に熱せられており、ロ ーストチキンが横たわ っていた。
H6;0x5dce;0x5ded;;;わたしは空腹に耐えか ねて、それを引き出し てみる。
H6;0x5def;0x5e49;;;香りといい、色つやと いい、紛うことなき本 物のローストチキンだ った。 そう思うとなお空腹が 募ってきた。 食べてしまおう。
H6;0x5e4b;0x5e7f;;;私は包丁を手にしてロ ーストチキンの腹に切 れ目を入れようとした。
H6;0x5e81;0x5ea7;;SALTO_CONDICIONAL +15 bytes;きぇぇっきぇつっっっ
H6;0x5ea9;0x5ef8;;;突然チキンが笑い出し た。 腹からは真っ赤な血が 噴水のように噴き出し、 辺りをびしょぬれにす る。
H6;0x5efa;0x5f25;;;私は突然の出来事に混 乱し、部屋から飛び出 した。
H6;0x5f27;0x5f2b;;SALTO -> entrada 38 (cursor 0x1d8a);
H6;0x5f2b;0x5f4f;88;;私は食堂からイスを持 ってきて、上の戸棚を あさった。
H6;0x5f51;0x5f82;;;すると缶詰を数儒発見 した。わたしは食堂に それらを持ち帰った。
H6;0x5f84;0x5fc4;;;食堂を捜すと、缶切り はすぐに見つかった。 私は興奮に震える手で 缶詰を開けてみた。
H6;0x5fc6;0x5fe3;;;黒く蠢くもの。
H6;0x5fe5;0x603e;;;私は悲鳴を上げ、飛び 退いた。 缶詰からは黒いものが いくつも這いだしてい た。 もう中に虫が巣くって いたのだ。
H6;0x6040;0x606e;;;私は吐きそうになるの を抑えて次の部屋へ向 かった。
H6;0x6070;0x607d;;SALTO -> entrada 38 (cursor 0x1d8a);
H6;0x607d;0x60ab;89;;これだけ捜しても見つ からなかったのだ。お そらく上の棚にも食べ 物はないだろう
H6;0x60ad;0x60f5;;;わたしは急に恐ろしく なった。 一日くらいなら食べな くても死にはしない。 だが、この状態が何日 も続いたら？
H6;0x60f7;0x6136;;;空腹のまま、死ぬ。 そう思うときゅっと空 腹の胃が締まった。 思わずイスに座り込む。
H6;0x6138;0x619a;;;しばらくして少し落ち 着いたので、私は立ち 上がった。 ふと、掌を見てみた。 すると白く、細い、骨 だけになった手があっ た。
H6;0x619c;0x61d8;;;……!? 次の瞬間には元の手に 戻っていた。 幻にしては生々しかっ た。
H6;0x61da;0x6215;;;……こういうこともあ り得ると言うことか。 私は唾を飲み、次の扉 を開けた。
H6;0x6217;0x621b;;SALTO -> entrada 38 (cursor 0x1d8a);
H6;0x621b;0x626f;90;PREGUNTA (2 opciones) | OPCION -> entrada 92 (cursor 0x62c3) | OPCION -> entrada 93 (cursor 0x63dd);「子供には、やはりお 手本を見せるしかない んでしょうね」 １．そうかもしれない ⇒[92] ２．言ってわかることも 　ある ⇒[93]
H6;0x626f;0x62c3;91;PREGUNTA (2 opciones) | OPCION -> entrada 94 (cursor 0x654d) | OPCION -> entrada 95 (cursor 0x674a);「子供には、やはりお 手本を見せるしかない んでしょうね」 １．そうかもしれない ⇒[94] ２．言ってわかることも 　ある ⇒[95]
H6;0x62c3;0x62d9;92;;そうかもしれない。 わたしはうなずいた。
H6;0x62db;0x6315;;;その瞬間、親ガラスが わたしに向かって飛び 込んできた。
H6;0x6317;0x6339;;;「お前たち、こうやっ て油断させてからやる んだぞ！」
H6;0x633b;0x6389;;;口調が一瞬にして変わ る。子ガラス達も、こ ちらにむかって一斉に 襲いかかってくる！
H6;0x638b;0x63cd;;;わたしはカラス達をな んとか手で払いのけ、 手近にあったドアに転 がり込んだ。
H6;0x63cf;0x63dd;;SALTO -> entrada 117 (cursor 0x7f2c);
H6;0x63dd;0x643e;93;;そんなことはない。言 うだけで解ることもあ るだろう。わたしはそ う親ガラスに告げた。 親ガラスは、わたしの 言葉を聞くと、甲高い 声で叫んだ。
H6;0x6440;0x645f;;;「なるほど、試してみ ましょうか。おまえた ち！」
H6;0x6461;0x64aa;;;その言葉を合図にして、 子ガラスたちが、わた しに向かって殺到した。
H6;0x64ac;0x6502;;;「そうじゃない、もっ と間をおいて襲うんだ」 子ガラスたちはアドバ イス通り、時間差をお いて攻撃し始めた。 なんということだ。
H6;0x6504;0x653d;;;わたしは必死にカラス たちを払いのけ、なん とか扉に飛び込んだ。
H6;0x653f;0x654d;;SALTO -> entrada 117 (cursor 0x7f2c);
H6;0x654d;0x6563;94;;そうかもしれない。 わたしはうなずいた。
H6;0x6565;0x659f;;;その瞬間、親ガラスが わたしに向かって飛び 込んできた。
H6;0x65a1;0x65c3;;;「お前たち、こうやっ て油断させてからやる んだぞ！」
H6;0x65c5;0x6613;;;口調が一瞬にして変わ る。子ガラス達も、こ ちらにむかって一斉に 襲いかかってくる！
H6;0x6615;0x667b;;;わたしは身をかがめ、 カラスの攻撃を間一髪 で避けた。 間を置かず、カラス達 は次々とわたしに飛び かかってくる。
H6;0x667d;0x66cb;;;このまま避けていても 仕方がない。 すれ違う瞬間、わたし は親ガラスに手をのば した。 黒い羽根が散る。
H6;0x66cd;0x6710;;;傷を与えるには至らな かったが、ひるませる ことはできたようだ。 カラス達の攻撃の手が 一瞬止まる。
H6;0x6712;0x673a;;;そのすきに、わたしは 扉の中に飛び込んだ。
H6;0x673c;0x674a;;SALTO -> entrada 117 (cursor 0x7f2c);
H6;0x674a;0x67ab;95;;そんなことはない。言 うだけで解ることもあ るだろう。わたしはそ う親ガラスに告げた。 親ガラスは、わたしの 言葉を聞くと、甲高い 声で叫んだ。
H6;0x67ad;0x67cc;;;「なるほど、試してみ ましょうか。おまえた ち！」
H6;0x67ce;0x6814;;;その言葉を合図にして、 子ガラスたちが、わた しに向かって殺到した。
H6;0x6816;0x6867;;;「そうじゃない、もっ と間をおいて襲うんだ」 子ガラスたちはアドバ イス通り、時間差をお いて攻撃し始めた。
H6;0x6869;0x68c1;;;わたしは無我夢中で手 を振り回した。偶然と はいえ、何匹かの子ガ ラスをはたき落とす。 親ガラスが、威嚇の鳴 声をあげる。
H6;0x68c3;0x68f0;;;そのすきに、わたしは 近くの部屋に飛び込ん だ。
H6;0x68f2;0x6900;;SALTO -> entrada 117 (cursor 0x7f2c);
H6;0x6900;0x6958;96;;先に進むと、ほ乳類の 枝が更に分かれ、二足 歩行する動物の姿が現 れた。 これが進化すると何に なるのだろう。
H6;0x695a;0x6984;;;人、になるのか。 わたしはそこからじっ くりと先を眺め始めた。
H6;0x6986;0x69c6;;;これは猿人…… 滅び、また原人になり …… 様々な人種が生じ…… この先に…… 枝はあるのだろうか。
H6;0x69c8;0x69d0;;;滅び。
H6;0x69d2;0x6a28;;;私の脳裏にその言葉が 浮かんだ。 正面の扉が開き、光が 漏れた。 見ない方がいいのか。
H6;0x6a2a;0x6a4e;;;わたしは下を見ずに、 扉に向かった。
H6;0x6a50;0x6a5d;;SALTO -> entrada 135 (cursor 0x9b15);
H6;0x6a5d;0x6a9b;97;;生命の根元とは何だろ う。 わたしはこの系統図を 最初から見てみたいよ うな気がした。
H6;0x6a9d;0x6aed;;;進化とは発生と滅びの 連続。 その中で何らかの理由 によって、あるものは 繁栄し、あるものは淘 汰されていく。
H6;0x6aef;0x6b25;;;過去へ、過去へ。 わたしはこの大樹に真 理の光を望んでいるの だろうか。
H6;0x6b27;0x6b78;;;何故、生命は現れ、そ してどこへ行くのか。 この木の根本にあるの は、『神』か。 もうすぐその答がわか る。 が……
H6;0x6b7a;0x6b90;;;体の震えが止まらなく なった。
H6;0x6b92;0x6bdb;;;見るな、と体が命令し ていた。 それがいいのかもしれ ない。 そもそもこんなところ に長居していてはいけ ない。
H6;0x6bdd;0x6bf0;;;わたしは次の扉に駆け 出した。
H6;0x6bf2;0x6bf6;;SALTO -> entrada 135 (cursor 0x9b15);
H6;0x6bf6;0x6c55;98;;先に進むと、ほ乳類の 枝が更に分かれ、二足 歩行する動物の姿が現 れた。 これが進化すると人に なるのだろうか。
H6;0x6c57;0x6c92;;;わたしは真理を垣間見 ている気分になり、そ こから系統図をじっく りと眺め始めた。
H6;0x6c94;0x6ce1;;;これは猿人…… 滅び、また原人になり …… 様々な人種が生じ…… この先に…… 枝はあるのだろうか。
H6;0x6ce3;0x6d53;;;わたしは緊張した面持 ちで進んでいたに違い ない。 そして人が現れた。 人の枝は大きく、立派 な葉がついていたが、 その先には何もなかっ た。
H6;0x6d55;0x6daa;;;やはり人は滅びるのだ ろうか。 いや、未来は定められ たものではないのだ。 わたしは次の扉を開け た。
H6;0x6dac;0x6db0;;SALTO -> entrada 135 (cursor 0x9b15);
H6;0x6db0;0x6dd0;99;;私はこの進化樹を最初 から見てみたくなった。
H6;0x6dd2;0x6e22;;;進化とは発生と滅びの 連続。 その中で何らかの理由 によって、あるものは 繁栄し、あるものは淘 汰されていく。
H6;0x6e24;0x6e95;;;過去へ、過去へ。 わたしは何が見たいの だろう。 何故、生命が発生した のか知りたいのだろう。 そして、大樹の根に至 ると、そこには水だけ があった。
H6;0x6e97;0x6ee0;;;水。 ピシャン…… 滴が落ちる音が部屋の 中に響きわたった。
H6;0x6ee2;0x6eff;;;わたしは次の扉を開い た。
H6;0x6f01;0x6f05;;SALTO -> entrada 135 (cursor 0x9b15);
H6;0x6f05;0x6f6f;100;;夜露が帽子から流れて きて、目が覚めた。 昨晩は結局、日が落ち てしまって、枯れ草を 集めて、身を隠し、夜 を過ごすことにしたの だった。
H6;0x6f71;0x6fa5;;;長い夢を見ていたよう な気がする。 わたしは立ち上がり、 下る斜面を見た。
H6;0x6fa7;0x7003;;;すると黄昏の中では気 がつかなかったが、す ぐ下に道路を見つけた。 これで帰れる。 わたしは立ち上がり、 斜面を下り始めた。
H6;0x7005;0x7012;;SALTO -> entrada 148 (cursor 0xa6cc);
H6;0x7012;0x7054;101;;わたしは主人公の登場 を待った。 わたしは私自身の主人 公でありさえすればい い。
H6;0x7056;0x7081;;;スポットライトを浴び るかどうかは、自分で 決めればいい。
H6;0x7083;0x70ae;;;わたしは舞台袖で目を 閉じ、主人公の登場を 待った。
H6;0x70b0;0x70ba;;SALTO -> entrada 136 (cursor 0x9b36);
H6;0x70ba;0x70f9;102;;わたしは扉を開けよう と、ノブに手をかけた。  ……開かない。
H6;0x70fb;0x715f;;;カギがかかっているの か、押しても引いても 扉はびくともしなかっ た。  おそらく中に閉じこめ られた人物が、扉を叩 いているのだろう。
H6;0x7161;0x71cc;;;何か特殊な仕掛けでも あるのだろうか。 わたしは扉をよく調べ ようと、その場から一 且下がろうとした。が、 ノブから手を放すこと ができない。
H6;0x71ce;0x7246;;;私はノブを見た。 わたしがつかんでいる のはノブではなかった。 それは人間の手だった。 手がわたしの手を握っ ている。 わたしは手を思いっき り引っこめた！
H6;0x7248;0x72ab;;;なんとか手を放す。 ドアノブの所から生え ている手は、何かを求 めるようにぐねぐねと 動いていた。 わたしは逃げ出した。
H6;0x72ad;0x72bb;;SALTO -> entrada 137 (cursor 0x9b57);
H6;0x72bb;0x72f4;103;;廊下の先の方から聞こ えてくるのかもしれな い。 わたしは先に進もうと した。
H6;0x72f6;0x7354;;;その瞬間、わたしは腕 を誰かにつかまれた。 思わず振りほどく。 振り返るヒマもなく、 今度は足首をつかまれ た。
H6;0x7356;0x73d3;;;ぐいっと引っぱられ、 倒れ込んでしまう。 わたしは倒れたままな んとか上体を起こした。 わたしの足をつかんで いるのは人間の手だっ た。 手はドアのすきまから 伸びている。
H6;0x73d5;0x7414;;;わたしは右足で、その 手を蹴りつけた。 そして離れたすきに、 扉を思いきり閉める。
H6;0x7416;0x747b;;;ドン！ 鈍い音が響く。 ドアに挟まれた腕は、 部屋の中に引っ込んで いった。 これは効いただろう。 わたしは逃げ出した。
H6;0x747d;0x7481;;SALTO -> entrada 137 (cursor 0x9b57);
H6;0x7481;0x74db;104;;わたしは扉を開けよう と、ノブに手をかけた。  ……開かない。 押しても引いても扉は 開かなかった。
H6;0x74dd;0x750d;;;カギがかかっている？ おそらく中から開かな いので、扉を叩いてい るのだろう。
H6;0x750f;0x7557;;;わたしにできるのはこ れくらいだ……。 ダン！　ダン！ ダン！　ダン！
H6;0x7559;0x75b9;;;扉をさらに強く叩かれ る。 唐突に、音がやんだ。 わたしはふりむいた。 ダン！　ダン！ ダン！　ダン！
H6;0x75bb;0x7609;;;再び扉を叩く音が響く。 わたしにはどうするこ ともできないのだ。 わたしは逃げるように 走り出した。
H6;0x760b;0x761f;;SALTO -> entrada 137 (cursor 0x9b57);
H6;0x761f;0x7657;105;;声の主をさがそうと身 をひるがえした瞬間、 背後で扉が開く音が聞 こえた。
H6;0x7659;0x76ca;;;振り向くと、扉がわず かに開き、そのすきま から何人もの人間の腕 がのばされていた！ それらは何かを求めて いるかのようにウネウ ネとうごめいている。
H6;0x76cc;0x76f3;;;気味が悪くなってくる。 わたしは走り出した。
H6;0x76f5;0x7702;;SALTO -> entrada 137 (cursor 0x9b57);
H6;0x7702;0x7735;106;;わたしは扉を抜け、次 の場所に現れる。 そこは館の外だった。
H6;0x7737;0x779c;;;すっかり夜になってい たが、中よりはずっと いい。 野犬の気配もない。 走ろう。 走るしかない。 わたしは闇の中、駆け 出した。
H6;0x779e;0x77dd;;;いつかはどこかに出ら れるはずだ。 空を見上げると生い茂 る木の枝の間に、星を 見つけ、安心した。
H6;0x77df;0x782c;;;木の根につまづき、枝 に引っかかり、皮膚が 裂けて血が出た。 だが、それでも私は走 った。
H6;0x782e;0x788a;;;走って、木々の向こう に人工の灯りを見つけ たとき、わたしは笑っ た。 だが、その笑みはすぐ に絶望に変わった。
H6;0x788c;0x78e4;;PREGUNTA (2 opciones) | OPCION -> entrada 107 (cursor 0x78e4) | OPCION -> entrada 108 (cursor 0x7961);館の前に、戻ってきて いたのだ。 １．もう一度走る ⇒[107] ２．再び館の中に入る ⇒[108]
H6;0x78e4;0x792f;107;;そんなはずはない。 きっと逃げられるはず だ。 わたしは再び、闇の中 に走り出した。
H6;0x7931;0x795b;;;もしかしたら、朝が来 ることはないかもしれ ない、と思いつつ。
H6;0x795d;0x7961;;SALTO -> entrada 148 (cursor 0xa6cc);
H6;0x7961;0x798f;108;;わたしは再び館の扉に 手をかけた。 まだ、終わっていない のだ。
H6;0x7991;0x79c3;;;生きている限り、人は 扉をくぐり続けなけれ ばならないのかもしれ ない。
H6;0x79c5;0x79fa;;;そしてそこは、本当の 出口だった。
H6;0x79fc;0x7a00;;SALTO -> entrada 148 (cursor 0xa6cc);
H6;0x7a00;0x7a33;109;;わたしは扉を抜け、次 の場所に現れる。 そこは館の外だった。
H6;0x7a35;0x7a63;;;わたしはまだ館に入っ ていなかったのだろう か。 これまでのことは幻だ ったのか。
H6;0x7a65;0x7aaa;;;だが、はっきりとあれ らの感覚は残っている。 もう一度…… わたしは扉のノブを回 そうと、手をのばそう とした。
H6;0x7aac;0x7aea;;;光。 すっかり暗くなった森 の中にライトの光が広 がっていた。 誰か、来たのだ。
H6;0x7aec;0x7b46;;;わたしはライトの持ち 主に向かって走り出し た。 ライトの持ち主はわた しの姿を見ると驚いた 顔で迎えてくれた。
H6;0x7b48;0x7b92;;;その人は地元のハンタ ーで、今日は獲物が捕 れず、この時間まで山 に残っていたのだとい う。
H6;0x7b94;0x7bc4;;;どうしたのだと訊くハ ンターに向かって、わ たしは道に迷ったこと を伝えた。
H6;0x7bc6;0x7c1e;;;ハンターは、運が良か った、一つ間違えば遭 難だったと笑った。 「けど、あんなところ で、いったい何をして いたんだい？」 と彼は訊ねる。
H6;0x7c20;0x7c24;;SALTO -> entrada 110 (cursor 0x7c24);
H6;0x7c24;0x7c3b;110;PREGUNTA (2 opciones) | OPCION -> entrada 111 (cursor 0x7c3b) | OPCION -> entrada 112 (cursor 0x7c7d);
H6;0x7c3b;0x7c7d;111;PREGUNTA (2 opciones) | OPCION -> entrada 113 (cursor 0x7cbf) | OPCION -> entrada 114 (cursor 0x7d2a);わたしは振り返らずに 答えた。 １．捜し物を ⇒[113] ２．道に迷っていたんで 　す ⇒[114]
H6;0x7c7d;0x7cbf;112;PREGUNTA (2 opciones) | OPCION -> entrada 115 (cursor 0x7dd4) | OPCION -> entrada 116 (cursor 0x7e92);わたしは振り返らずに 答えた。 １．捜し物を ⇒[115] ２．道に迷っていたんで 　す ⇒[116]
H6;0x7cbf;0x7cef;113;;捜し物を…… わたしはそう答えて、 振り返らずに森を後に した。
H6;0x7cf1;0x7d24;;;その後、あの森でその 館を見たという話を、 わたしは聞くことがな かった。
H6;0x7d26;0x7d2a;;SALTO -> entrada 148 (cursor 0xa6cc);
H6;0x7d2a;0x7d56;114;;道に迷っていたんです。 そう答えるわたしにハ ンターは言った。
H6;0x7d58;0x7da2;;;良かった、魅入られな くて、と。 わたしは不思議に思っ て、何に、と訊いたが、 彼は答えようとはしな かった。
H6;0x7da4;0x7dce;;;それはあなたが一番よ く知っているでしょう、 と。
H6;0x7dd0;0x7dd4;;SALTO -> entrada 148 (cursor 0xa6cc);
H6;0x7dd4;0x7dfa;115;;捜し物を…… わたしはそう答えて、 館を振り返った。
H6;0x7dfc;0x7e2e;;;館は森の中に、来たと きと変わらずに、たた ずんでいた。
H6;0x7e30;0x7e8c;;;ハンターは忌々しげに 館を見ていった。 ならば……諦めた方が いいですな、と。 わたしは肩をすくめ、 ハンターの案内で下山 した。
H6;0x7e8e;0x7e92;;SALTO -> entrada 148 (cursor 0xa6cc);
H6;0x7e92;0x7ebe;116;;道に迷っていたんです。 そう答えるわたしにハ ンターは言った。
H6;0x7ec0;0x7f26;;;迷っていたのは道です か、と。 わたしは彼が何故そん なことを言うのか不思 議に思ったが、うなず くだけで、それ以上訊 こうとは思わなかった。
H6;0x7f28;0x7f2c;;SALTO -> entrada 148 (cursor 0xa6cc);
H6;0x7f2c;0x7f57;117;PREGUNTA (4 opciones) | OPCION -> entrada 118 (cursor 0x7f57) | OPCION -> entrada 119 (cursor 0x82d8) | OPCION -> entrada 120 (cursor 0x85eb) | OPCION -> entrada 48 (cursor 0x2a9e);
H6;0x7f57;0x7f93;118;;これまでとは違う、重 厚な扉の向こう側で、 大量の本が私を待って いた。
H6;0x7f95;0x7ff1;;;マホガニーの本棚が部 屋の左右いっぱいにな らんでいる。と言って も、圧迫感はない。 落ち着いた雰囲気で、 書斎としては理想的だ った。
H6;0x7ff3;0x8047;;;わたしは中央にある書 見台の上に、一冊の本 が置いてあるのを見つ けた。 ずいぶんと古くて大き な本だった。
H6;0x8049;0x807f;;;頁をめくってみると、 その本はわたしの知ら ない言葉で書かれてい た。
H6;0x8081;0x80c4;;;ラテン語かなにかだろ うか。 だが、わたしはその本 を読むことができた。 なぜ読むことができた のかはわからない。
H6;0x80c6;0x8117;;;もしかしたら内容の方 に関係があるのかもし れない。 なぜなら、その本には わたしのすべてが書か れていた。
H6;0x8119;0x814f;;;わたしの生きてきた道。 子供のころの思い出か ら、この館に入ってき たことまで。
H6;0x8151;0x8185;;;さらにこの屋敷で体験 した不可思議なことの 数々…… そのすべてが書かれて いた。
H6;0x8187;0x81c6;;;次の頁をめくれば 未来のことが書いてあ るのだろうか…… それとも、白紙になっ ているのか……
H6;0x81c8;0x81f4;;;しかし、こんなことは 信じられないし、信じ たくない。信じるつも りもない。
H6;0x81f6;0x8242;;;並んだ本棚に目をやる と、一冊だけ本の入る スペースがあった。こ の本はそこに入ってい たものだろう。
H6;0x8244;0x828a;;;わたしは本を閉じると、 その空いた部分にさし こんだ。本はまるで本 棚の一部であるかのよ うにぴったりと収まる。
H6;0x828c;0x82cc;;;もう二度と開かれるこ とがないように。祈り つつ、わたしは部屋を 出た。
H6;0x82ce;0x82d8;;SALTO -> entrada 48 (cursor 0x2a9e);
H6;0x82d8;0x8314;119;;これまでとは違う、重 厚な扉の向こう側で、 大量の本が私を待って いた。
H6;0x8316;0x8372;;;マホガニーの本棚が部 屋の左右いっぱいにな らんでいる。と言って も、圧迫感はない。 落ち着いた雰囲気で、 書斎としては理想的だ った。
H6;0x8374;0x83c7;;;わたしは中央にある書 見台の上に一冊の本が 置いてあるのを見つけ た。 ずいぶんと古くて大き な本だった。
H6;0x83c9;0x83ff;;;頁をめくってみると、 その本はわたしの知ら ない言葉で書かれてい た。
H6;0x8401;0x8444;;;ラテン語かなにかだろ うか。 だが、わたしはその本 を読むことができた。 なぜ読むことができた のかはわからない。
H6;0x8446;0x848f;;;もしかしたら内容の方 に関係があるのかもし れない。 その本にはわたしのす べてが書かれていた。
H6;0x8491;0x84c7;;;わたしの生きてきた道。 子供のころの思い出か ら、この館に入ってき たことまで。
H6;0x84c9;0x84fd;;;さらにこの屋敷で体験 した不可思議なことの 数々…… そのすべてが書かれて いた。
H6;0x84ff;0x8563;;;次の頁をめくれば 未来のことが書いてあ るのだろうか…… それとも、白紙になっ ているのか…… わたしは震える手で頁 をめくろうとし、やめ た。
H6;0x8565;0x85d6;;;とにかく、これは非常 に大切なものだ。 わたしは本を閉じると 恐る恐る手に取った。 そして逃げるように部 屋を出た。
H6;0x85d8;0x85eb;;SALTO -> entrada 48 (cursor 0x2a9e);
H6;0x85eb;0x8644;120;;部屋の中では、ひとり のやせこけた老人が椅 子に座り、居眠りして いた。 わたしが声をかけよう とした途端、彼はビク リと飛びあがった。
H6;0x8646;0x86d0;;;「お客様で!?　こ、こ ちらへどうぞ、ご主人 様がお待ちです」 彼は部屋の外に出ると、 私の手を引っぱり、廊 下を進んでいった。そ の力はやせこけた風貌 とは裏腹に、意外にも 強かった。
H6;0x86d2;0x8739;;;「こちらの部屋です」 案内されたのは、趣味 のいい一室だった。 「こちらでお待ち下さ い。すぐにご主人様が まいります」
H6;0x873b;0x8776;;;彼はわたしをソファに 座らせ、紅茶をカップ に注ぐと、一礼し、部 屋から出ていった。
H6;0x8778;0x87a7;;;取り残されたわたしは 紅茶をひと口飲み、部 屋の中を観察してみた。
H6;0x87a9;0x87f9;;;多少地味だが、居心地 のいい部屋である。自 分自身の部屋もこんな 風にしたい。そう思わ せるような雰囲気だっ た。
H6;0x87fb;0x8845;;;程なくノックの音が響 いた。 どうぞ……と反射的に 答える。 ドアが開いた。
H6;0x8847;0x8893;;;入ってきたのは、いか にも貴婦人、と言った 感じの若い女性だった。 なるほど主人というの は女性だったのか……
H6;0x8895;0x88f5;;PREGUNTA (2 opciones) | OPCION -> entrada 121 (cursor 0x88f5) | OPCION -> entrada 122 (cursor 0x898d);女性はしげしげと私を 見つめ、口を開いた。 「あなたがこの館のご 主人ですね」 １．わたしが主人です ⇒[121] ２．主人ではありません ⇒[122]
H6;0x88f5;0x8937;121;;わたしが主人です、と わたしは答えた。 目の前の女性は、それ を聞くとなおもわたし に質問を投げかける。
H6;0x8939;0x898d;;PREGUNTA (2 opciones) | OPCION -> entrada 123 (cursor 0x8c08) | OPCION -> entrada 124 (cursor 0x8d95);「……教えてください。 この館は……いったい なんなのですか？」 １．不思議な館です ⇒[123] ２．心の中です ⇒[124]
H6;0x898d;0x89f8;122;;私が今までの経緯を説 明すると、彼女も納得 したようだった。 「そうですか……、そ れではしばらく待ちま しょう」 私はつかっていないカ ップに紅茶を注いでや った。
H6;0x89fa;0x8a50;;;「……私、このお屋敷 に来て、子供のころの ことを思い出しました」 しばらくして、彼女は そんな風に過去のこと を語り始めた。
H6;0x8a52;0x8acb;;;「子供のころ、私には 友人がいました。その 友人は他のみんなには 見えなかったけど、私 には見えたんです。色 々といたずらもしまし た。私は彼と遊ぶのが 楽しかった…」 彼女は続ける。
H6;0x8acd;0x8b0c;;;「でも、ある日気がつ いたんです。そんな友 人なんてどこにもいな い。すべては私の想像 の産物だったんだって。
H6;0x8b0e;0x8b59;;;私には友だちなんてい なかったんです。一人 っ子で寂しがりやの女 の子が生み出した幻影 だったんです……」
H6;0x8b5b;0x8ba2;;;そこまで言って、彼女 は紅茶を一息に飲んだ。 「ありがとうございま す、話を聞いてくれて」
H6;0x8ba4;0x8bbb;;;そして飲み終えカップ を置いた。
H6;0x8bbd;0x8c08;;PREGUNTA (2 opciones) | OPCION -> entrada 125 (cursor 0x8eea) | OPCION -> entrada 126 (cursor 0x8fef);彼女はそのまま静かに 物思いにふけっている。 １．あなたが主人です ⇒[125] ２．本当は私が主人です ⇒[126]
H6;0x8c08;0x8c6c;123;;その答に彼女は納得し てくれなかった。 「この館には、なにか 意味があるはずです。 教えてください」 その問いに、わたしは 答えることができなか った。
H6;0x8c6e;0x8cd9;;;女性は静かに語り始め た。 「ここは、私が子ども のころ想像した世界と 同じなんです。なぜこ んな屋敷が存在するん ですか？　なぜ私はこ こにいるんですか？」
H6;0x8cdb;0x8d31;;;沈黙。私に許されたの はそれだけだった。 しばらくすると彼女は 落胆したように部屋か ら出ていった。
H6;0x8d33;0x8d89;;;わたしに答えられるは ずもない。わたしとて 彼女と同じ立場なのだ から。 わたしは扉を開け、次 の部屋に出た。
H6;0x8d8b;0x8d95;;SALTO -> entrada 48 (cursor 0x2a9e);
H6;0x8d95;0x8dba;124;;「やっぱり……」 わたしの答に彼女は納 得したようだった。
H6;0x8dbc;0x8e29;;;「では、あなたも私の 一部なんですね」 ひょっとしたら、そう なのかもしれない。も しこの館が彼女自身だ ったのなら。わたしも 彼女の想像の一部なの か？
H6;0x8e2b;0x8e9d;;;「私は私の中から出て いくことにします。あ なたは絶対に追わない でください」 力強い言葉だった。 そして扉を開けて出て いく。
H6;0x8e9f;0x8ede;;;少しの時間が過ぎた。 私が部屋から出たころ には、もう彼女の姿は なかった。
H6;0x8ee0;0x8eea;;SALTO -> entrada 48 (cursor 0x2a9e);
H6;0x8eea;0x8f45;125;;わたしの問いに彼女は 少なからずとまどった ようだったが、ふっと 口元に微笑みを浮かべ て違いますよ、と答え た。
H6;0x8f47;0x8f7f;;;「本当はあなたがここ のご主人なんでしょう ？」 彼女は再びわたしに聞 き返した。
H6;0x8f81;0x8fc2;;;わたしがそれに答えら れずにいると、彼女は 笑顔を残したまま部屋 から出ていった。
H6;0x8fc4;0x8fe3;;;しばらくして、わたし も部屋を出た。
H6;0x8fe5;0x8fef;;SALTO -> entrada 48 (cursor 0x2a9e);
H6;0x8fef;0x902b;126;;わたしがそう答えると、 彼女はやさしく微笑ん で言った。 「ありがとうございま す」
H6;0x902d;0x9050;;;その言葉を残し、彼女 は部屋から出ていった。
H6;0x9052;0x9071;;;しばらくして、わたし も部屋を出た。
H6;0x9073;0x907d;;SALTO -> entrada 48 (cursor 0x2a9e);
H6;0x907d;0x9094;127;PREGUNTA (2 opciones) | OPCION -> entrada 128 (cursor 0x9094) | OPCION -> entrada 129 (cursor 0x93fe);
H6;0x9094;0x9100;128;;扉をくぐり抜けると、 そこには真っ暗な空と 森が続いていた。 今まで館内で起こった ことを考えれば疑いた くもなったが、そこは どうやら本当に館の外 のようだった。
H6;0x9102;0x9166;;;「はじめまして」 急に声をかけられ、ギ ョッとした。 声の主を探そうと振り 向くと、一瞬のうちに 周囲の風景は変わって いた。
H6;0x9168;0x91d5;;;そこは……、屋敷の内 らしき部屋の一室だっ た。 暖炉に本棚、ソファ。 居心地のよさそうなイ ンテリアが並べられて いる。
H6;0x91d7;0x921e;;;「驚いてますよ」 そういったのは、部屋 の中央でひとりがけの ソファに座る人物だっ た。
H6;0x9220;0x9283;;;部屋の中だというのに マントをはおり、帽子 を目深にかぶっている。 その表情はシルクハッ トのつばに隠されて、 伺い知ることはできな い。
H6;0x9285;0x92a5;;;「なぜあなたは無駄な あがきをするのです？」
H6;0x92a7;0x92e1;;;口調は丁寧だが、あく まで高圧的に感じる。 その人物は、手に持っ た本を指し示した。
H6;0x92e3;0x9314;;;先ほどの書斎にあった 本……わたしのすべて が書いてあった本だ。
H6;0x9316;0x936b;;;「なぜ『彼』に逆らう のです？　どうして頁 をめくらない？　この 館から出る方法が書い てあるかもしれないの に…」
H6;0x936d;0x93cc;;;確かに、あの本にはわ たしの未来が書いてあ る。ならば、この館か ら出られたかどうか、 もし出られたのなら、 どうやって脱出したの かが、書いてあるのか もしれない。
H6;0x93ce;0x93fe;;SALTO -> entrada 150 (cursor 0xa6e8);「さあ！」 男は立ち上がると、わ たしに向かって本を差 し出した。
H6;0x93fe;0x946a;129;;扉をくぐり抜けると、 そこには真っ暗な空と 森が続いていた。 今まで館内で起こった ことを考えれば疑いた くもなったが、そこは どうやら本当に館の外 のようだった。
H6;0x946c;0x94de;;;「はじめまして」 急に声をかけられ、ギ ョッとした。 声の主を探そうと振り 向くと、一瞬のうちに 周囲の風景は変わって いた。
H6;0x94e0;0x953f;;;そこは……、屋敷の内 らしき部屋の一室だっ た。 暖炉に本棚、ソファ。 居心地のよさそうなイ ンテリアが並べられて いる。
H6;0x9541;0x95a6;;;「泥棒、などと言うつ もりはありません」 そこにはひとりの男が いた。部屋の中だとい うのにマントをはおり、 帽子を目深にかぶって いる。
H6;0x95a8;0x95f3;;;その表情はシルクハッ トのつばに隠されて、 伺い知ることはできな い。 男はわたしの方へスッ と手を差しのべた。
H6;0x95f5;0x960a;;;「ただ、その本は返し て頂きたい」
H6;0x960c;0x962e;;;その口調は丁寧だが、 あくまで高圧的に感じ る。
H6;0x9630;0x9662;;;彼が求めているのは、 わたしの抱えている本 だった。わたしのすべ てが書いてある本。
H6;0x9664;0x96a7;;;「それを手放したくな い気持ちもわかります。 しかしその本に書かれ ているのは、あなたの ことだけではないので す」
H6;0x96a9;0x96cd;;;その人物は一歩一歩、 わたしに近づいてくる。
H6;0x96cf;0x9711;;;「恐れる必要はありま せん。危害を与えるつ もりは毛頭ないのです から」 彼は私の目の前に立っ た。
H6;0x9713;0x9739;;SALTO -> entrada 154 (cursor 0xac64);「どうぞ、その本をこ ちらに」
H6;0x9739;0x9750;130;PREGUNTA (2 opciones) | OPCION -> entrada 128 (cursor 0x9094) | OPCION -> entrada 129 (cursor 0x93fe);
H6;0x9750;0x9767;131;PREGUNTA (2 opciones) | OPCION -> entrada 128 (cursor 0x9094) | OPCION -> entrada 129 (cursor 0x93fe);
H6;0x9767;0x97c1;132;;炎は、館のすべてを焼 き尽くし、ようやくそ の仕事を終えた。 一面、黒と灰色の世界 の中である。
H6;0x97c3;0x97fe;;;焼け跡に残っているの は、灰と、熱で折れ曲 がった鉄骨、黒ずんだ 柱くらいのものだった。
H6;0x9800;0x9841;;;その中に、一片だけ鮮 やかな色を見ることが できた。 それは灰の中から少し だけ顔をのぞかせてい た。
H6;0x9843;0x989e;;;一冊の本である。 革の表紙には、焼け跡 どころか傷ひとつつい ていない。 その時、黒く焼けただ れた柱が倒れた。
H6;0x98a0;0x98ec;;;革の表紙が見えなくな る。 周囲は再び黒と灰色の 世界に戻っていった。
H6;0x98f3;0x993c;133;;新しい主人は待ち人が あらわれるのを待って いた。 もうどれくらいの年月 がすぎたのだろう。
H6;0x993e;0x99a8;;;待ち人が現れる気配は いっこうになかった。 前の人間もそれだけ待 ったのだろうか。 時間だけが過ぎていく。 とにかく待ち続けるし かない。 彼に許されているのは ただそれだけだ。
H6;0x99aa;0x99ba;;;その人物は館の主人だ った。
H6;0x99bc;0x99e0;;;しかし館の主人でしか なかった。
H6;0x99e7;0x9a11;134;;客人の姿を見ながら、 館の主人はため息をつ いた。
H6;0x9a13;0x9a41;;;『彼』はあの客人が、 気に召さなかったらし い。それとも気に入っ たのか……
H6;0x9a43;0x9aa0;;;いずれにせよ、主人は 再び長い年月をこの館 で過ごすことになった。 新たなる客人が現れる まで。 そして、彼はやらなけ ればならないことがあ る。
H6;0x9aa2;0x9ae5;;;主人はペンを取り、新 たな、そして特別な一 行を、その本に記した。 それが主人の仕事だっ た。
H6;0x9ae7;0x9b0e;;;そして、主人は本をゆ っくりと本棚に戻した。
H6;0x9b15;0x9b36;135;PREGUNTA (3 opciones) | OPCION -> entrada 128 (cursor 0x9094) | OPCION -> entrada 129 (cursor 0x93fe) | OPCION -> entrada 109 (cursor 0x7a00);
H6;0x9b36;0x9b57;136;PREGUNTA (3 opciones) | OPCION -> entrada 128 (cursor 0x9094) | OPCION -> entrada 129 (cursor 0x93fe) | OPCION -> entrada 100 (cursor 0x6f05);
H6;0x9b57;0x9b78;137;PREGUNTA (3 opciones) | OPCION -> entrada 128 (cursor 0x9094) | OPCION -> entrada 129 (cursor 0x93fe) | OPCION -> entrada 106 (cursor 0x7702);
H6;0x9b78;0x9b98;138;;そんなことはない、飛 べるようになる。わた しは答えた。
H6;0x9b9a;0x9bde;;;彼の目を見ればわかる。 たとえ肉体は死に行こ うとも… 「そうかな」 竜は羽根を動かした。
H6;0x9be0;0x9bfb;;;部屋の中に、風がまき おこった。
H6;0x9bfd;0x9c4c;;;どれぐらいそうしてい ただろう。 竜は静かに眼を閉じた。 その顔から思いはわか らないが、満ちたりた 表情のように感じた。
H6;0x9c4e;0x9c6c;;;わたしは部屋を出た。
H6;0x9c6e;0x9c72;;SALTO -> entrada 117 (cursor 0x7f2c);
H6;0x9c72;0x9cbc;139;;わたしは彼をそっとし ておくことにした。 長い年月を生きてきた 彼のプライドを傷つけ る必要はない。
H6;0x9cbe;0x9cf5;;;竜は静かに目を閉じて いる。 わたしはそっと部屋を 出た。
H6;0x9cf7;0x9cfb;;SALTO -> entrada 117 (cursor 0x7f2c);
H6;0x9cfb;0x9d17;140;;わたしは再び階段を上 り始めた。
H6;0x9d19;0x9d42;;;……………………  ………………  …………  ……
H6;0x9d44;0x9d65;;;どれくらい上ったのか、 階段はまだ続いている。
H6;0x9d67;0x9d90;;;……………………  ………………  …………  ……
H6;0x9d92;0x9d9a;;;そして……
H6;0x9d9c;0x9db7;;;ついに目の前に小さな 扉が現れた。
H6;0x9db9;0x9ddc;;;わたしはその扉をくぐ り抜けたのだった。
H6;0x9dde;0x9de2;;SALTO -> entrada 26 (cursor 0x178e);
H6;0x9de2;0x9e2b;141;;これはやはり、仕掛け られたトリックにはま ってしまったのだろう。 ならば、これ以上この 階段を上るのは無意味 だ。
H6;0x9e2d;0x9e8a;;;わたしはこの部屋に入 ってきた扉から引き返 そうとした。が、その 瞬間、再び床が崩れ落 ちた！
H6;0x9e8c;0x9eae;;;わたしはまたしても階 段を転げ落ち始めた。
H6;0x9eb0;0x9ed2;;;……………………  ………………  …………  ……
H6;0x9ed4;0x9f4b;;;身体に走る苦痛に耐え ながら、早く終わって くれ、と願い続けてい ると、バタン、と音が して床に投げ出された。 わたしはようやく螺旋 階段を抜け出せたよう だ。
H6;0x9f4d;0x9f6c;;;わたしは頭を振りなが ら、ゆっくりと目を開 けた。
H6;0x9f6e;0x9f72;;SALTO -> entrada 26 (cursor 0x178e);
H6;0x9f72;0x9fbc;142;;やはりここで引き返す のは、危険だ。それこ そが館の主人の狙いに ちがいない。ここから 出るためには、常に進 むしかない。
H6;0x9fbe;0x9fe8;;;わたしは意を決し、再 び階段を上り始めた。
H6;0x9fea;0x9ff8;;;…………  ……
H6;0x9ffa;0xa011;;;ほどなく小さな扉が目 の前に現れた。
H6;0xa013;0xa017;;SALTO -> entrada 26 (cursor 0x178e);
H6;0xa017;0xa060;143;;いや、そうやって迷い 続ける事こそが、この 館の主人の狙いなのだ。 わたしは意を決し、階 段を下り始めた。
H6;0xa062;0xa0a7;;;その瞬間、足下の階段 が崩れ落ちた。 わたしはたまらず、転 がり落ちる。
H6;0xa0a9;0xa0cb;;;……………………  ………………  …………  ……
H6;0xa0cd;0xa121;;;身体にはしる苦痛に耐 えながら、はやく終わ ってくれと願っている と、バタン、と音がし て、わたしは床に投げ 出された。
H6;0xa123;0xa127;;SALTO -> entrada 26 (cursor 0x178e);
H6;0xa127;0xa149;144;;わたしは刃物を拾い上 げると、男の方に向き 直った。
H6;0xa14b;0xa186;;;「そうだ、そのまま…」 男は静かに目を閉じた。 わたしはゆっくりと男 に近づく。
H6;0xa188;0xa202;;;その時、羽ばたきと共 に黒い影がわたしに襲 いかかってきた！ 手にした刃物が転げ落 ちる。わたしはハッ気 づいた。 何という恐ろしいこと をしようとしたのか…
H6;0xa204;0xa25e;;;黒い影はなおも襲いか かってきた。よく見れ ば、先程のカラスであ る。わたしは這々の体 でその場を逃げ出した。
H6;0xa260;0xa282;;;捜すまででもなく、出 口はすぐに見つかった。
H6;0xa284;0xa288;;SALTO -> entrada 26 (cursor 0x178e);
H6;0xa288;0xa2c1;145;;わたしはそのまま、男 を無視して先へと進ん だ。
H6;0xa2c3;0xa32d;;;「裏切り者っ！　覚え てろよ、ここから出た ら、必ずお前のところ へ行くからなっ」 男の罵声を浴びながら、 中庭を探索すると、出 口はすぐに見つかった。
H6;0xa32f;0xa33d;;SALTO -> entrada 26 (cursor 0x178e);
H6;0xa33d;0xa395;146;;女性には悪い気もする が、カーテンを開ける ことにした。何か都合 があるのだろうが、そ れは女性の都合であり、 わたしには関係がない。
H6;0xa397;0xa3cb;;;わたしは先に進まなけ ればならないし、その ためにはカーテンを開 けねばならないのだ。
H6;0xa3cd;0xa427;;;わたしは女性の制止を 振り切って、カーテン を引き開けた。 「あぁっ」 女性の悲痛な声が聞こ える。
H6;0xa429;0xa469;;;カーテンの向こうには  ……誰もいない。 部屋中を見回してみる が、そこには誰もいな かった。
H6;0xa46b;0xa48c;;;女性の姿はどこにもな い。あれは幻だったの だろうか？
H6;0xa48e;0xa4b8;;;とりあえず、出口を求 めて中に踏み入れる。 扉はすぐに見つかった。
H6;0xa4ba;0xa51c;;;突如、部屋の隅の暗が りから、黒い影が飛び 出してきた。憤怒の形 相をした、異形の怪物。 「よくも！」
H6;0xa51e;0xa556;;;怪物が女性の声で叫ぶ。 わたしは命からがら、 その部屋から逃げ出し た。
H6;0xa558;0xa55c;;SALTO -> entrada 26 (cursor 0x178e);
H6;0xa55c;0xa5be;147;;カーテンを開けても姿 さえ見なければ問題は ないだろう。 わたしがそう伝えると、 女性はしぶしぶ承知し てくれた。 わたしは目をつぶる。
H6;0xa5c0;0xa643;;;シャッ、とカーテンの 開く音が聞こえた。 「そのまま、まっすぐ 進んで下さい」 女性がわたしの手を握 って先導してくれる。 わたしは女性に手を引 かれるまま、歩を進め た。
H6;0xa645;0xa669;;;が、先に進むに連れ、 その手の感触が変わっ ていく……
H6;0xa66b;0xa6cc;;PREGUNTA (2 opciones) | OPCION -> entrada 24 (cursor 0x15a9) | OPCION -> entrada 25 (cursor 0x169c);爪は伸び、皮膚はガサ ガサに、手を握る力も 徐々に強くなっていく。 １．目を開ける ⇒[24] ２．我慢する ⇒[25]
H6;0xa6cc;0xa6e3;148;PREGUNTA (2 opciones) | OPCION -> entrada 134 (cursor 0x99e7) | OPCION -> entrada 149 (cursor 0xa6e3);
H6;0xa6e8;0xa6ff;150;PREGUNTA (2 opciones) | OPCION -> entrada 152 (cursor 0xa8ba) | OPCION -> entrada 151 (cursor 0xa6ff);
H6;0xa6ff;0xa76b;151;;わたしは男の手から本 を受け取ると、震える 手で頁をめくった。 これから先のわたしの 運命。そこには、これ から始まるであろう苦 難が記されていた。
H6;0xa76d;0xa78c;;;『この館の主人になり、 待ち続ける』
H6;0xa78e;0xa7a3;;;わたしは、はっとして 男の方を見た。
H6;0xa7a5;0xa804;;;男を見れば安らかな顔 をして事切れていた。 彼はわたしという後継 者を見つけたことで、 この長い苦難から解放 されたのだろうか？
H6;0xa806;0xa86e;;;未来は、本当にこの本 に書かれている通りだ ったのだろうか。いや、 おそらくわたしは、可 能性のひとつを自ら選 択してしまったにすぎ ないのではないか…
H6;0xa870;0xa8b4;;;それは、これからじっ くりと理解すればいい。 わたしには、時間だけ はありあまっているの だ……
H6;0xa8b6;0xa8ba;;SALTO -> entrada 133 (cursor 0x98f3);
H6;0xa8ba;0xa8ed;152;PREGUNTA (2 opciones) | OPCION -> entrada 153 (cursor 0xa8ed) | OPCION -> entrada 151 (cursor 0xa6ff);１．未来は自分で決める ⇒[153] ２．脱出の方法は… ⇒[151]
H6;0xa8ed;0xa91a;153;;わたしはそれを拒否し た。自分の未来は自分 で決めると。
H6;0xa91c;0xa97e;;;「運命には誰も逆らえ ない。これは決められ たことなのだ」 男は叫ぶとともに、自 ら頁を開いた。 その顔が驚愕にゆがむ。
H6;0xa980;0xa9ca;;;「バカな……、あなた は『彼』に…うち勝っ た？」 あの本。あの本がわた しと男を苦しめる元凶 だ。
H6;0xa9cc;0xaa2f;;;わたしは呆然と立ちつ くす男から本を奪い取 ると、暖炉目がけて投 げつけた。 炎があっという間に本 を包み込む。
H6;0xaa31;0xaa5f;;;「うわあぁああぁ！」 同時に男の全身が燃え 上がった。
H6;0xaa61;0xaa9f;;;男は炎をまき散らしな がら、床を転げまわる。 ……部屋中に火が燃え うつった。
H6;0xaaa1;0xab1c;;;わたしは部屋の外に飛 び出した。 そのとき、男が何か叫 んだのを聞いた。その 言葉はわたしの耳に焼 きついた。 「ありがとう」 彼は確かにそう言った。
H6;0xab1e;0xab74;;;出口はどこだ。 わたしは屋敷の中を必 死に走った。 想像以上に、火のまわ りが早い。
H6;0xab76;0xabdc;;;わたしは炎から逃れよ うと必死に走った。そ のうち見覚えのある通 路にたどり着いた。 この先に出口がある。 わたしは解放へとつな がる扉に飛び込んだ。
H6;0xabde;0xac15;;;今度は屋敷の中に引き 戻されることもなかっ た。そこにわたしは立 っていた。
H6;0xac17;0xac49;;;わたしの背後で炎が、 屋敷と死んだ男の言葉 を包みこんでいた。
H6;0xac4b;0xac64;;SALTO -> entrada 132 (cursor 0x9767);
H6;0xac64;0xac7b;154;PREGUNTA (2 opciones) | OPCION -> entrada 156 (cursor 0xae20) | OPCION -> entrada 155 (cursor 0xac7b);
H6;0xac7b;0xac9c;155;;わたしは男の要求を拒 否した。 沈黙が流れる。
H6;0xac9e;0xace6;;;男の表情は依然として うかがうことができな かったが、落胆とも怒 りともとれるような時 間が過ぎた。
H6;0xace8;0xad19;;;しばしの沈黙の後、男 はようやく口を開いた。 「では、仕方がありま せんね」
H6;0xad1b;0xad98;;;男のマントがひるがえ ったかと思うと、次の 瞬間、わたしは床に倒 れ伏していた。 頭がクラクラする。 うすれゆく意識の中、 男を見上げる。
H6;0xad9a;0xae04;;;男はわたしから奪い取 った本の頁を開いてい た。 「やはり『彼』の言う とおりになりましたな」 その言葉を聞いたのが 最後、わたしは意識を 失った。
H6;0xae06;0xae20;;SALTO -> entrada 100 (cursor 0x6f05);
H6;0xae20;0xae5b;156;PREGUNTA (2 opciones) | OPCION -> entrada 157 (cursor 0xae5b) | OPCION -> entrada 155 (cursor 0xac7b);１．この本は読ませたく 　ない ⇒[157] ２．この本はわたしのモ 　ノだ ⇒[155]
H6;0xae5b;0xae84;157;;わたしは首を振った。 この本にはわたしのす べてが書かれているの だ。
H6;0xae86;0xaeeb;;;男は態度をくずさず、 わたしに手を差しのべ たまま言った。 「それならそれでかま いません。そのかわり ……、せめて私のペー ジだけ、譲っていただ きたい」
H6;0xaeed;0xaf37;;;わたしと同様、この男 の人生もこの本に記さ れているというのか。 だったら、他人に知ら れたくないと思うのは 道理だろう。
H6;0xaf39;0xaf7a;;;私は本を開き、ページ をめくった。 「そこです」 と、男はあるページを 指さす。
H6;0xaf7c;0xafea;;;そこには、何も書かれ てはいなかった。 男はそこから数枚の頁 をつかむと、一気に破 りとった。 「ありがとう」 彼は受け取った頁をグ シャグシャに丸めた。
H6;0xafec;0xb044;;;わたしは初めて男の顔 に表情が現れるのを見 た。 笑っていた。 うれしさを押さえきれ ない、そんな感じの笑 い方だった。
H6;0xb046;0xb0aa;;;「それでは私は帰らせ てもらいます、失礼」 彼はきびすを返すと、 部屋から出ていこう とした。 わたしは彼を慌てて引 き留めた。
H6;0xb0ac;0xb0e3;;;聞きたいことは山ほど ある。この屋敷は何な のか。そして、この本 は何なのか……
H6;0xb0e5;0xb13b;;;「ご自分の頁をご覧な さい」 そして続ける。 「『彼』はあなたのこ とを知っているのです よ」 わたしは急いで頁をめ くった。
H6;0xb13d;0xb16f;;;私の頁。そこには、わ たしがの見たことのな い一行が書き加えられ ていた。
H6;0xb171;0xb194;;;『館の主人になり、待 ち続ける』
H6;0xb196;0xb1e3;;;男はさも気の毒そうに 肩をすくめた。 「長くなるかもしれま せんな。でも希望を捨 ててはいけません」
H6;0xb1e5;0xb243;;;彼は破りとった頁を暖 炉に投げ入れた。 そしてドアを開けよう として……、猛烈な炎 に包まれた。
H6;0xb245;0xb2c0;;;「ぅぁぁぁあああああ ああああああ！」 地獄の底から絞り出し たような声で絶叫する。 一瞬の後、彼はすぐに 燃え尽きた。 骨や灰を残すことすら なかった。
H6;0xb2c2;0xb336;;;彼がこうなることも、 彼のページに書かれて いたのだろうか。 いまとなっては調べる こともできない。 今後、わたしはどうな るのか。それを心配す る必要はない。
H6;0xb338;0xb355;;;すべてはこの本に書か れているのだから。
