historia;pantalla;texto;ty_offset;max_chars;primer_kanji;ultimo_kanji;tipo;revisado;ancho_izq;esp_izq_centro;ancho_centro;esp_centro_der;ancho_der;esp_final;opcion1_raw;opcion2_raw;opcion3_raw;ruta_ref;produce_marca;espera_marca
H3;1;HAHAHA...;13;3;0x00F0;0x0105;texto;;;;;;;;;;;;;
H3;2;REIKA, CAN YOU SERIOUSLY SAY HAUNTED HOUSES ARE SCARY WITH A STRAIGHT FACE? YOU ARE SUCH A CHILD. IT IS ALL FAKE. MAMI SAID, HER BIG ROUND EYES SPARKLING.;3;13;0x0107;0x016D;texto;;;;;;;;;;;;;
H3;3;HAUNTED HOUSES, HUH. I WENT TO ONE AT A THEME PARK AS A KID BUT I DO NOT REMEMBER IT BEING SCARY. EMIKO ADDED, NARROWING HER SHARP EYES WITH A SMILE.;0;16;0x016F;0x01E3;texto;;;;;;;;;;;;;
H3;4;SATURDAY AFTERNOON...;7;9;0x01E5;0x0201;texto;;;;;;;;;;;;;
H3;5;WE MET AT OUR USUAL PARK. THE THREE OF US WERE IN DIFFERENT GRADES, SO WE ALMOST NEVER DID THINGS TOGETHER AT SCHOOL.;5;11;0x0203;0x0258;texto;;;;;;;;;;;;;
H3;6;WE STARTED MEETING UP LIKE THIS SINCE THE SUMMER SCHOOL FESTIVAL.;10;6;0x025A;0x0287;texto;;;;;;;;;;;;;
H3;7;EACH OF US WAS A CLASS REP ON THE ORGANIZING COMMITTEE. THE MORE WE WORKED TOGETHER THE BETTER WE GOT ALONG, AND BEFORE LONG HANGING OUT TOGETHER FELT NATURAL.;2;14;0x0289;0x030B;texto;;;;;;;;;;;;;
H3;8;I DOUBT ANYONE WHO SAW US TALKING AS EQUALS WOULD HAVE NOTICED THE GRADE DIFFERENCE.;8;8;0x030D;0x0341;texto;;;;;;;;;;;;;
H3;9;I JUST LAUGHED AND WENT ALONG WITH THEIR CONVERSATION, BUT INSIDE I PRAYED NERVOUSLY FOR THE TOPIC TO CHANGE SOON.;5;11;0x0343;0x03AC;texto;;;;;;;;;;;;;
H3;10;IT WAS NOT THAT I HATED GHOSTS OR SPIRITS OR CURSES OR ANYTHING LIKE THAT, BUT THAT WAS NOT THE PROBLEM.;5;11;0x03AE;0x03F7;texto;;;;;;;;;;;;;
H3;11;HEY, ABOUT THAT NEW HAUNTED HOUSE AT THE THEME PARK OVER THERE - APPARENTLY THERE IS A RUMOR. THEY SAY WHOEVER GOES IN NEVER COMES OUT. MAMI SAID IT LIKE IT WAS NO BIG DEAL.;2;14;0x03F9;0x0456;texto;;;;;;;;;;;;;
H3;12;SHALL WE CHECK IT OUT? EEEEH?;10;6;0x0458;0x047C;texto;;;;;;;;;;;;;
H3;13;WHILE I RAISED MY VOICE IN ALARM, THE TWO OF THEM HAD ALREADY MADE UP THEIR MINDS.;9;7;0x0484;0x04AE;texto;;;;;;;;;;;;;
H3;14;YEAH, WE HAVE TO CHECK IT OUT AT LEAST ONCE. THEY SAID IN UNISON, SMILING AND TURNING TO FACE ME.;8;8;0x04B0;0x04EA;texto;;;;;;;;;;;;;
H3;15;2.@1.@OF@@@ I@@Y-@COURS DO@YE@E@@@@ NO@AH@YOU@@ T@@..@ARE@@ WA@.@@COMIN NT@@@@G,@@@ TO@@@@REIKA .@@@@@.@@@@;5;11;0x04EC;0x052C;pregunta;;2;1;2;1;5;0;1. Y-YEAH...;2. I DO NOT WANT TO.;OF COURSE YOU ARE COMING, REIKA.;;;
H3;16;W-WHY DID I SAY THAT? SATISFIED, THEY LEFT. I FOLLOWED.;7;9;0x0536;0x0569;texto;;;;;;;;;;;;;
H3;17;THE TWO SEEMED SATISFIED AND LEFT AT ONCE. I HAD NO CHOICE BUT TO FOLLOW THEM.;7;9;0x0578;0x05AF;texto;;;;;;;;;;;;;
H3;18;AS WE PASSED THROUGH THE TREES, SOMETHING THAT LOOKED LIKE A HAUNTED HOUSE APPEARED. IT WAS MUCH SMALLER THAN I EXPECTED - SO SMALL THAT OUTSIDE A THEME PARK YOU WOULD WALK RIGHT PAST IT.;0;16;0x05B1;0x0791;texto;;;;;;;;;;;;;
H3;19;MAYBE IT WAS THE SURROUNDING TREES, BUT THE PLACE FELT SOMEHOW DARK AND THE AIR A BIT HEAVY. WOW, IT HAS A LOT MORE ATMOSPHERE THAN I EXPECTED. IS THERE ANYONE ELSE AROUND?;2;14;0x0793;0x07F6;texto;;;;;;;;;;;;;
H3;20;WHEN WE REACHED THE SILENT GATE, THERE WAS INDEED A WOODEN SIGN THAT READ TINY HAUNTED HOUSE, PLACED WITH ALMOST TIMID DISCRETION.;5;11;0x07F8;0x0849;texto;;;;;;;;;;;;;
H3;21;2.@@@1.@@I@@@ IS@@@LOO@LOOK ANYO@K@@@ED@@ NE@@@AT@@AROU ELSE@THE@ND@@ AROU@BUI@A@@@ ND?@@LDI@BIT. @@@@@NG.@@@@@;3;13;0x084B;0x0884;pregunta;;4;1;3;1;4;0;1. LOOK AT THE BUILDING.;2. IS ANYONE ELSE AROUND?;I LOOKED AROUND A BIT.;;;
H3;22;THE TINY HAUNTED HOUSE DID NOT LOOK LIKE AN ATTRACTION BUT LIKE A REAL WESTERN MANOR. SCALY TILES AND TRIANGULAR WINDOWS.;3;13;0x088E;0x08F9;texto;;;;;;;;;;;;;
H3;23;IN FACT, A PLAQUE STATED THE HOUSE HAD BEEN MOVED FROM SALEM, NEW ENGLAND, AND WAS AN 18TH CENTURY HOME - THOUGH THAT WAS SURELY PART OF THE ACT.;2;14;0x08FB;0x0978;texto;;;;;;;;;;;;;
H3;24;IT IS TOO QUIET. IS IT EVEN OPEN? JUST AS MAMI SAID THAT, THE IRON GATE SWUNG INWARD WITH A HEAVY GROAN.;3;13;0x097A;0x0AA5;texto;;;;;;;;;;;;;
H3;25;FROM A BLACK OBJECT ABOVE THE GATE CAME A RECORDED VOICE WITH A CLICK AND CRACKLE. CREEEAK... WELCOME TO THE HAUNTED HOUSE. IF YOU ARE BRAVE ENOUGH, STEP THROUGH THIS GATE AND ENTER.;0;16;0x0AA7;0x0B37;texto;;;;;;;;;;;;;
H3;26;ON CLOSER LOOK, THAT BLACK OBJECT WAS A FAKE CROW. VERY WELL MADE, EMIKO SAID IMPRESSED. MAMI NODDED.;3;13;0x0B39;0x0B9F;texto;;;;;;;;;;;;;
H3;27;HEARING THEM, I LOOKED AT THE CROW AGAIN. ITS HEAD HAD TURNED TO FACE US IN AN ODD WAY. FAKE OR NOT, THAT GAVE OFF A VERY BAD FEELING.;2;14;0x0BA1;0x0C06;texto;;;;;;;;;;;;;
H3;28;AS WE CROSSED THE COURTYARD, A WAX FIGURE DRESSED LIKE A MAID WAITED AT THE ENTRANCE WITH A COIN BOX. THE OTHER TWO DROPPED IN THEIR MONEY ONE AFTER THE OTHER.;0;16;0x0C08;0x0C83;texto;;;;;;;;;;;;;
H3;29;I HESITATED A MOMENT, BUT FINALLY RESIGNED MYSELF AND PUT MY MONEY IN TOO. CREEEEAK. THE ENTRANCE OPENED WITH A SHRILL SOUND.;5;11;0x0C85;0x0CCF;texto;;;;;;;;;;;;;
H3;30;BRAVE LADIES, I WISH YOU LUCK. THE MAID FIGURE BOWED WITH A CLANK. ITS FACE SEEMED TO SMILE FAINTLY. WANTING TO RUN, I FOLLOWED THE OTHER TWO.;2;14;0x0CD1;0x0D52;texto;;;;;;;;;;;;;
H3;31;INSIDE WAS A NARROW HALLWAY, DARK AND DAMP, BARELY WIDE ENOUGH FOR THE THREE OF US. WITHOUT THINKING I GRABBED BOTH THEIR HANDS.;5;11;0x0D54;0x0DAC;texto;;;;;;;;;;;;;
H3;32;REIKA, ARE YOU SCARED ALREADY? EMIKO LAUGHED. MAMI ADDED: IF YOU ARE SCARED OF BEING LAST, WANT TO SWAP? THEY SQUEEZED MY HANDS AND I LET OUT A SIGH OF RELIEF.;0;16;0x0DAE;0x0E2A;texto;;;;;;;;;;;;;
H3;33;CREEEAK. THE DOOR BEHIND CLOSED AND EVERYTHING WENT DARK AT ONCE.;8;8;0x0E2C;0x0E60;texto;;;;;;;;;;;;;
H3;34;NO, THERE IS NOTHING - I COULD NOT SEE A THING. YEAH, I AM LOSING MY BALANCE... WHILE I PANICKED, EMIKO STAYED PERFECTLY CALM.;4;12;0x0E62;0x0EB4;texto;;;;;;;;;;;;;
H3;35;WELCOME TO MY MANSION. A VOICE CAME FROM ABOVE.;10;6;0x0EB6;0x0EE2;texto;;;;;;;;;;;;;
H3;36;ABOVE US, LIT BY BLUE LIGHT, STOOD A BRONZE STATUE OF A KNIGHT WITH BRIGHT MECHANICAL EYES AND A FIXED GAZE.;7;9;0x0EE4;0x0F35;texto;;;;;;;;;;;;;
H3;37;THIS MANSION HOLDS DOORS TO MANY WORLDS. WHERE EACH DOOR LEADS DEPENDS ON YOU. IF THIS HOUSE PLEASES YOU, WE WELCOME YOU AS RESIDENTS.;3;13;0x0F37;0x0F93;texto;;;;;;;;;;;;;
H3;38;I ONLY ASK THAT YOU PLEASE TAKE CARE NOT TO ANGER THE OTHER RESIDENTS. NOW, THE FIRST DOOR WILL OPEN.;7;9;0x0F95;0x0FD8;texto;;;;;;;;;;;;;
H3;39;CREEEAK. THE LIGHT WENT OUT AND A FAINT BLUE GLOW LIT ONLY OUR FEET. OUR FACES WERE LIT FROM BELOW IN A SINISTER WAY.;5;11;0x0FE1;0x104A;texto;;;;;;;;;;;;;
H3;40;MAMI, YOUR FACE IS SCARY. I SAID, TRYING TO HIDE MY OWN FEAR. WHAT? THE FUN STARTS NOW! MAMI REPLIED, EXCITED, A MIX OF ANTICIPATION AND NERVES IN HER VOICE.;2;14;0x104C;0x10C4;texto;;;;;;;;;;;;;
H3;41;JOKING AND NUDGING EACH OTHER, WE WALKED FORWARD. THE LIGHT AT OUR FEET MOVED WITH US.;8;8;0x10C6;0x10FF;texto;;;;;;;;;;;;;
H3;42;THE OLD EXTERIOR GAVE NO HINT OF THIS TECHNOLOGY. BUT MORE THAN FEAR, IT GAVE A CERTAIN FAMILIARITY - AFTER ALL, IT WAS HUMAN MADE.;5;11;0x1101;0x1156;texto;;;;;;;;;;;;;
H3;43;EVEN SO, FOR SUCH AN ELABORATE ATTRACTION THAT WOULD HAVE DELIGHTED TV AND MAGAZINES, THERE WAS NOT A SINGLE OTHER PERSON BESIDES US.;3;13;0x1158;0x11B8;texto;;;;;;;;;;;;;
H3;44;WELL, I SUPPOSE WITH NO CROWD THE FEAR ONLY GROWS... AS EXPECTED, THE TWO AHEAD SEEMED TO BE HAVING A CHEERFUL TIME.;7;9;0x11BA;0x11FC;texto;;;;;;;;;;;;;
H3;45;PIT-PAT, PIT-PAT... I THOUGHT I HEARD A SMALL SOUND. ...HEY, DID YOU HEAR SOMETHING JUST NOW? LIKE WHAT? MAMI ANSWERED WITH A LAUGH.;2;14;0x11FE;0x1279;texto;;;;;;;;;;;;;
H3;46;2.@@1.@@IS@@@@@ FOL@GO@@THIS@@@ LOW@FIR@STILL@@ THE@ST.@NOT@@@@ TWO@@@@@THE@@@@ .@@@@@@@HAUNTED @@@@@@@@HOUSE?@ @@@@@@@@MAYBE.. @@@@@@@@.@@@@@@;1;15;0x127B;0x12C5;pregunta;;3;1;3;1;7;0;1. GO FIRST.;2. FOLLOW THE TWO.;IS THIS STILL NOT THE HAUNTED HOUSE? MAYBE...;;;
H3;47;BANG! THIS TIME IT WAS DEFINITELY SOMETHING. SOMETHING BLACK FELL FROM THE CEILING. I INSTINCTIVELY CLUNG TO BOTH OF THEM.;0;16;0x12CF;0x1348;texto;;;;;;;;;;;;;
H3;48;REIKA, REIKA, LOOK. I LOOKED BACK WITH GREAT TREPIDATION. IT WAS A SAMURAI DOLL. IT HAD FALLEN FACE DOWN FROM THE CEILING AND STOPPED JUST BEFORE HITTING THE FLOOR.;2;14;0x134A;0x13B0;texto;;;;;;;;;;;;;
H3;49;IT WAS AS ELABORATELY CRAFTED AS THE PREVIOUS ONE. ESPECIALLY ITS EXPRESSION - THE ANGUISH ON ITS FACE WAS TERRIFYING.;5;11;0x13B2;0x1404;texto;;;;;;;;;;;;;
H3;50;SUDDENLY THE LIGHT TURNED RED. THE SAMURAI LIMBS THAT HAD BEEN RIGID UNTIL THEN DROPPED AS IF THEY HAD LOST ALL WILL.;5;11;0x1406;0x1459;texto;;;;;;;;;;;;;
H3;51;IT LOOKED AS IF IT HAD BEEN RESISTING WITH ALL ITS STRENGTH UNTIL THAT MOMENT. A CHILL RAN DOWN MY SPINE. THE SAMURAI SWAYED AND WITH A CLANK WAS HOISTED BACK UP TO THE CEILING.;2;14;0x145B;0x14CA;texto;;;;;;;;;;;;;
H3;52;VERY WELL MADE, MAMI SAID IMPRESSED. THIS BODES WELL FOR WHAT COMES NEXT... EMIKO RESPONDED. I FOR ONE WOULD HAVE PREFERRED THE OPPOSITE.;3;13;0x14CC;0x1521;texto;;;;;;;;;;;;;
H3;53;WE KEPT WALKING DOWN THE DARK ROUTE. EH? WHAT IS THAT? MAMI POINTED AHEAD. I SQUINTED TO SEE BETTER.;5;11;0x1523;0x17E3;texto;;;;;;;;;;;;;
H3;54;BOTH WALLS WERE LINED WITH MASKS. THE WHOLE WALL WAS COVERED IN DIFFERENT FACES AND YOU COULD NOT TELL WHAT EXPRESSION THEY WORE.;4;12;0x17E5;0x1845;texto;;;;;;;;;;;;;
H3;55;LIT FROM BELOW, THE REVEALED EXPRESSIONS ONLY SEEMED TO SHOW TERROR. TO THE OTHER TWO THEY PROBABLY LOOKED LIKE FUN...;3;13;0x1847;0x18A7;texto;;;;;;;;;;;;;
H3;56;JAPANESE STUFF AGAIN... MAMI MUTTERED LIKE THAT AND THEN STOPPED ABRUPTLY. HUH? IT IS A DEAD END.;5;11;0x18A9;0x18EC;texto;;;;;;;;;;;;;
H3;57;AT THE END OF THE MASK-LINED HALL WAS A WALL. THERE WAS NO WAY TO CONTINUE.;9;7;0x18EE;0x191A;texto;;;;;;;;;;;;;
H3;58;THERE MUST BE SOMETHING HERE, MAMI SAID, SOUNDING AMUSED. SOMETHING... I CHECKED AROUND FROM OVER THEIR SHOULDERS.;5;11;0x191C;0x195F;texto;;;;;;;;;;;;;
H3;59;...THERE WAS SOMETHING THAT SEEMED PROMISING. ONE OF THE MASKS HAD GLOWING EYES. IF WE DID SOMETHING WITH THAT WE MIGHT BE ABLE TO MOVE ON. I TOLD THEM.;0;16;0x1961;0x19BE;texto;;;;;;;;;;;;;
H3;60;THIS MASK... WHAT DO WE DO WITH IT? WELL OBVIOUSLY PUT IT ON. THE TWO LAUGHED.;7;9;0x19C0;0x19F7;texto;;;;;;;;;;;;;
H3;61;2.@@1.@@WELL@ LET@TRY@THEN, THE@IT@@REIKA SEN@ON.@?@@@@ IOR@@@@@EMIKO S@@@@@@@SAID@ DO@@@@@@SLYLY IT.@@@@@.@@@@;3;13;0x19F9;0x1A40;pregunta;;3;1;3;1;5;0;1. TRY IT ON.;2. LET THE SENIORS DO IT.;WELL THEN, REIKA? EMIKO SAID SLYLY.;;;
H3;62;I COULD NOT JUST STAY SCARED. I REACHED OUT FOR THAT MASK. A COLD LIGHT STARED BACK AT ME.;5;11;0x1A4A;0x1A90;texto;;;;;;;;;;;;;
H3;63;HUH? THE MASK WOULD NOT COME OFF THE WALL. BUT IT COULD BE TURNED TO THE RIGHT.;7;9;0x1A92;0x1AC5;texto;;;;;;;;;;;;;
H3;64;GOGOGO... THE WALL AHEAD SLOWLY OPENED. A HALLWAY APPEARED. WELL THEN, SHALL WE? WE MOVED FORWARD.;5;11;0x1AC7;0x1B23;texto;;;;;;;;;;;;;
H3;65;AT THE END OF THE HALLWAY WAS A WIDE ROOM THAT OPENED INTO A NARROW CORRIDOR.;9;7;0x1B25;0x1C7D;texto;;;;;;;;;;;;;
H3;66;THE SIGN SAID ENTRANCE AND ONLY ONE PERSON COULD BARELY FIT THROUGH. SEEING ME TREMBLING WITH NERVES, EMIKO AND MAMI PLACED THEMSELVES IN FRONT AND BEHIND ME AND WE WALKED LIKE THAT.;0;16;0x1C7F;0x1CEC;texto;;;;;;;;;;;;;
H3;67;AFTER WALKING STRAIGHT FOR A WHILE, THE WALL SUDDENLY ROTATED. A LIFE-SIZE FIGURE OF A LONG-HAIRED WOMAN IN A WHITE KIMONO HOLDING A SHAMISEN LEAPT OUT FROM WITHIN.;3;13;0x1CEE;0x1D60;texto;;;;;;;;;;;;;
H3;68;KYA!... WHAT A FRIGHT. EMIKO, WALKING AHEAD, SEEMED MORE STARTLED THAN ME AND SCRATCHED HER HEAD WITH A LAUGH.;5;11;0x1D62;0x1DA8;texto;;;;;;;;;;;;;
H3;69;THE LIFE-SIZE FIGURE MOVED ITS RIGHT HAND IN JERKS, PLAYING THE SHAMISEN.;10;6;0x1DAA;0x1DD9;texto;;;;;;;;;;;;;
H3;70;THE SHAMISEN GREW SHRILLER AND FASTER, LIKE A SCREAM THAT FILLED THE WHOLE SPACE.;7;9;0x1DDB;0x1E37;texto;;;;;;;;;;;;;
H3;71;PING! THE TAUT STRING SNAPPED.;12;4;0x1E39;0x1E60;texto;;;;;;;;;;;;;
H3;72;CLANG. WITH THAT FINAL ECHO THE FIGURE HEAD DROPPED AND ITS MOVEMENT STOPPED. THE LIGHTING TURNED RED AND ITS WHITE KIMONO SEEMED STAINED WITH BLOOD.;2;14;0x1E62;0x1EC2;texto;;;;;;;;;;;;;
H3;73;THIS FIGURE HERE IS REALLY WELL MADE, MAMI SAID. ON THAT I AGREED.;8;8;0x1EC4;0x1EF3;texto;;;;;;;;;;;;;
H3;74;2.@@1.@@WHAT WAT@STO@IS@@ CH@@P@@@GOIN TOG@HER@G@@@ ETH@.@@@ON?@ ER.@@@@@MAMI @@@@@@@@REAC @@@@@@@@HES@ @@@@@@@@FOR@ @@@@@@@@THE@ @@@@@@@@FIGU @@@@@@@@RE.@;3;12;0x1EF5;0x1F2D;pregunta;;3;1;3;1;4;0;1. STOP HER.;2. WATCH TOGETHER.;WHAT IS GOING ON? MAMI REACHES FOR THE FIGURE.;;;
H3;75;HEY, IS IT OKAY TO TOUCH IT? I ASKED MAMI. I THINK TOUCHING THE FIGURES IN PLACES LIKE THIS IS AGAINST THE RULES. YOU ARE RIGHT, MAMI SAID, TURNING TOWARD US. JUST AT THAT MOMENT...;0;16;0x1F37;0x1FA0;texto;;;;;;;;;;;;;
H3;76;THE SHAMISEN WOMAN EYES FLEW OPEN. SHE REACHED OUT AND GRABBED MAMI FROM BEHIND. KYAH! NATURALLY, MAMI SCREAMED.;3;13;0x1FA2;0x2120;texto;;;;;;;;;;;;;
H3;77;BANG! THE WALL ROTATED AGAIN. THE FIGURE DISAPPEARED BACK INTO THE WALL... TAKING MAMI WITH HER.;7;9;0x2122;0x2162;texto;;;;;;;;;;;;;
H3;78;WAIT, WHAT IS THIS?! MAMI! MAMI! EMIKO BANGED ON THE WALL WITH HER FISTS.;7;9;0x2164;0x219E;texto;;;;;;;;;;;;;
H3;79;...WHAT DO WE DO? THERE IS NOTHING WE CAN DO... ANYWAY, LET US KEEP GOING. WE COULD NOT BE SURE WE WOULD MEET HER AGAIN, BUT NOT FULLY CONVINCED, EMIKO AND I STARTED WALKING, LEAVING MAMI BEHIND.;0;16;0x21A0;0x2215;texto;;;;;;;;;;;;;
H3;80;AT THE END OF THE HALL WAS A SPIRAL STAIRCASE. THE STONE WALLS HAD CANDELABRAS. IT WAS DIFFERENT FROM EVERYTHING BEFORE.;7;9;0x2217;0x292E;texto;;;;;;;;;;;;;
H3;81;THE ROOM THAT AWAITED US AT THE END WAS ALSO UNLIKE ANYTHING BEFORE.;8;8;0x2930;0x295C;texto;;;;;;;;;;;;;
H3;82;IT WAS A WIDE WESTERN-STYLE MARBLE HALL WITH A VERY HIGH CEILING AND SEVERAL DAZZLING CRYSTAL CHANDELIERS. THE WALLS HELD A ROW OF POLISHED GOLD ORNAMENTS.;0;16;0x2965;0x29E4;texto;;;;;;;;;;;;;
H3;83;A LAVISH ROOM THAT EVOKED MEDIEVAL NOBILITY. EVERYWHERE, WAX FIGURES OF MEN AND WOMEN IN VIVID COLORFUL COSTUMES DANCED TO THE MUSIC.;2;14;0x29E6;0x2A5E;texto;;;;;;;;;;;;;
H3;84;WITH EACH SPIN THEY MADE, A CLUNKING SOUND RANG OUT. CLANK! CLANK!;10;6;0x2A60;0x2A89;texto;;;;;;;;;;;;;
H3;85;DID YOU JUST... SEE MAMI? EMIKO SAID. I WAS WATCHING THE DANCING FIGURES, SO I WAS NOT SURE.;4;12;0x2A8B;0x2AD0;texto;;;;;;;;;;;;;
H3;86;A WAX FIGURE APPROACHED US, EXTENDING A HAND WITH ELEGANCE.;10;6;0x2AD2;0x2AFA;texto;;;;;;;;;;;;;
H3;87;IT WAS A NOBLE GENTLEMAN FIGURE. WITH REFINED FEATURES AND ELEGANT ATTIRE HE MIGHT HAVE PASSED FOR A PRINCE, BUT BEING A DOLL, HE ONLY GAVE THE CREEPS.;3;13;0x2AFC;0x2B5E;texto;;;;;;;;;;;;;
H3;88;2.@@1.@@... LEA@DAN@WHY VE@@CE@@NOT IT@@WIT@DAN TO@@H@@@CE@ EMI@IT.@WIT KO.@@@@@H@@ @@@@@@@@IT?;5;11;0x2B60;0x2B8E;pregunta;;3;1;3;1;3;0;1. DANCE WITH IT.;2. LEAVE IT TO EMIKO.;...WHY NOT DANCE WITH IT?;;;
H3;87S;I TOOK THE FIGURE HAND. I FELT A STRANGE WARMTH THAT GAVE OFF A VERY BAD FEELING...;7;9;0x2B9A;0x2BD4;texto;;;;;;;;;;;;;
H3;88S;THE FIGURE PULLED ME FORCEFULLY CLOSER. DID WE REALLY HAVE TO GO THIS FAR?...;9;7;0x2BD9;0x2C04;texto;;;;;;;;;;;;;
H3;89;I TOOK THE FIGURE HAND. I FELT A STRANGE WARMTH THAT GAVE OFF A VERY BAD FEELING. THE FIGURE PULLED MY BODY FORCEFULLY CLOSER. DID WE REALLY HAVE TO GO THIS FAR?...;0;16;0x2B98;0x2DEA;texto;;;;;;;;;;;;;
H3;89S;I ENDED UP DANCING WITH THE WAX FIGURE. TO THE SIDE MAMI AND EMIKO CHEERED ME ON LOUDLY.;7;9;0x2C08;0x2C43;texto;;;;;;;;;;;;;
H3;90S;EVENTUALLY... THE MUSIC STOPPED. CREEEAK. AT THE SAME TIME THE DOOR TO THE NEXT ROOM OPENED. WE WALKED THROUGH IT.;4;12;0x2C47;0x2C93;texto;;;;;;;;;;;;;
H3;90;WHILE DANCING I LOOKED FOR MAMI. I STUDIED THE FACES OF FIGURES PASSING BY MY SIDE BUT MAMI WAS NOWHERE. THEN GRADUALLY... THE MUSIC STOPPED.;2;14;0x2DEC;0x2E47;texto;;;;;;;;;;;;;
H3;91;CREEEAK. AT THE SAME TIME THE DOOR TO THE NEXT ROOM OPENED. WHERE IS MAMI? EMIKO ASKED. I SHOOK MY HEAD AND WALKED THROUGH THAT DOOR.;4;12;0x2E49;0x2EA0;texto;;;;;;;;;;;;;
H3;92;A HALLWAY CONTINUED INTO THE DARK. WHAT IS HAPPENING? A WORRIED TONE SLIPPED OUT OF ME. ALL I COULD THINK WAS TO REACH THE EXIT QUICKLY, WITH NO OTHER THOUGHT IN MY HEAD.;2;14;0x2EA2;0x30FA;texto;;;;;;;;;;;;;
H3;93;2.@@1.@@@A@@@@@@ THE@THE@@FORK.@@ ELD@YOU@@YOUNG@@ ERS@TH@@@FACES@@ ON@@ON@@@ON@@@@@ THE@THE@@THE@@@@ LEF@RIG@@RIGHT,@ T.@@HT.@@OLD@@@@ @@@@@@@@@FACES@@ @@@@@@@@@ON@@@@@ @@@@@@@@@THE@@@@ @@@@@@@@@LEFT.@@;0;16;0x30FC;0x3170;pregunta;;3;1;3;2;7;0;1. THE YOUTH ON THE RIGHT.;2. THE ELDERS ON THE LEFT.;A FORK. YOUNG FACES ON THE RIGHT, OLD FACES ON THE LEFT.;;;
H3;94;...SHALL WE GO RIGHT? I SUGGESTED. EITHER WAY IS FINE WITH ME... EMIKO REPLIED. WE TURNED RIGHT AND KEPT GOING.;2;14;0x317A;0x3626;texto;;;;;;;;;;;;;
H3;95;AFTER WALKING A BIT WE CAME TO A NARROW TUNNEL. IT SEEMED ONLY ONE PERSON COULD PASS AT A TIME.;5;11;0x3628;0x9645;texto;;;;;;;;;;;;;
H3;96;2.@1.@WHO GO@GO@GOE AF@FI@S@@ TE@RS@FIR R.@T.@ST?;7;9;0x9647;0x9671;pregunta;;2;1;2;1;3;0;1. GO FIRST.;2. GO AFTER.;WHO GOES FIRST?;;;
H3;97;I WILL GO FIRST... I SAID WITH SOME HESITATION. I DID NOT KNOW WHAT WAITED IN THE NEXT ROOM, BUT I ALSO DID NOT WANT TO STAY HERE ALONE.;5;11;0x967B;0x96CA;texto;;;;;;;;;;;;;
H3;98;...OKAY. BE CAREFUL. I NODDED AND SLID DOWN THE SLIPPERY SLIDE.;8;8;0x96CC;0x96FC;texto;;;;;;;;;;;;;
H3;99;IT WAS NOT PITCH BLACK INSIDE - A FAINT LIGHT WAS ON. THE WALLS WERE ALL MIRRORS REFLECTING MY FIGURE... WHAT A HORRID DESIGN.;2;14;0x9705;0x9761;texto;;;;;;;;;;;;;
H3;100;AFTER PASSING THE TUNNEL MY FEET TOUCHED THE FLOOR. LOOKING UP I SAW MIRRORS COVERING THE WALL AT VARIOUS ANGLES.;5;11;0x9763;0x97AB;texto;;;;;;;;;;;;;
H3;101;WOW! THE SOUND ESCAPED ME. IN THE MIRRORS MY FIGURE WAS REFLECTED MANY TIMES OVERLAPPING, EACH ONE SHOWING A DIFFERENT REFLECTION.;4;12;0x97AD;0x9801;texto;;;;;;;;;;;;;
H3;102;SOME STRETCHED UP AND DOWN, OTHERS SIDEWAYS. THEN SOME APPEARED FLATTENED. THEY SCATTERED IN ALL DIRECTIONS.;5;11;0x9803;0x984D;texto;;;;;;;;;;;;;
H3;103;YOU DONE? CAN I COME DOWN? EMIKO VOICE CAME FROM ABOVE. YEEAH, COME ON! I REPLIED AND SOON SHE SLID DOWN TOO.;3;13;0x984F;0xC0BF;texto;;;;;;;;;;;;;
H3;104;WELL LET US KEEP GOING, EMIKO SAID. BUT... WHICH WAY?;10;6;0x3F28;0x3F49;texto;;;;;;;;;;;;;
H3;105;LOOKING AGAIN AT THE COUNTLESS MIRRORS, OUR FIGURES MIXED CHAOTICALLY, SO DISTORTED IT WAS HARD TO TELL WHO WAS WHO.;4;12;0x3F4B;0x3FA6;texto;;;;;;;;;;;;;
H3;106;YOU DONE...? A SMALL DISTORTED VOICE CAME FROM THE TUNNEL BEHIND US. IT WAS MAMI VOICE!;7;9;0x3FA8;0x3FEE;texto;;;;;;;;;;;;;
H3;107;MAMI! WE ARE HERE! GET DOWN NOW! EMIKO SHOUTED BACK. WE WAITED FOR MAMI TO COME DOWN, BUT NO MATTER HOW LONG WE WAITED SHE DID NOT ARRIVE.;3;13;0x3FF0;0x404E;texto;;;;;;;;;;;;;
H3;108;......WHAT HAPPENED? THINKING SOMETHING WAS WRONG, I POKED MY HEAD INTO THE TUNNEL. BANG! AT THE WORST MOMENT, MAMI SHOE FELL RIGHT ON MY FACE.;2;14;0x4050;0x40AD;texto;;;;;;;;;;;;;
H3;109;KYAH! HOLDING MY FACE TRYING TO STAND UP, I HEARD EMIKO SCREAM AND STARTLED.;7;9;0x40AF;0x40EC;texto;;;;;;;;;;;;;
H3;110;THE REASON BECAME CLEAR AT ONCE. WHOEVER HAD COME DOWN THE SLIDE WAS NOT MAMI.;8;8;0x40EE;0x4116;texto;;;;;;;;;;;;;
H3;111;IT WAS A CHILD DOLL, HORRIFYINGLY REALISTIC. THE DOLL TRIED TO CLIMB UP ONTO MY KNEES.;7;9;0x4118;0x4154;texto;;;;;;;;;;;;;
H3;112;KYAAAH! WE RAN. THEN THE MIRROR IN FRONT OF US SWUNG OPEN, REVEALING WHAT LOOKED LIKE THE ROOM EXIT. WE DOVE IN WITHOUT HESITATING.;4;12;0x4156;0x41AD;texto;;;;;;;;;;;;;
H3;113;THE NEXT ROOM ALSO HAD DOLLS. ALONG A LONG TABLE, WAX FIGURES SAT HAVING DINNER.;7;9;0x41AF;0x41F1;texto;;;;;;;;;;;;;
H3;114;CLANK! CLANK! AS SOON AS WE ENTERED THE DOLLS STARTED MOVING. UNLIKE THE ELEGANT BALLROOM, THERE WAS NOTHING GLAMOROUS HERE. THIN MEN AND WOMEN LIFTED BREAD AND DISHES IN SILENCE.;0;16;0x41FA;0x427D;texto;;;;;;;;;;;;;
H3;115;THE DYING CANDLELIGHT MADE THE PLACE EVEN MORE SINISTER. ONLY THE SOFT SOUND OF THE MECHANISMS ECHOED IN THE ROOM.;5;11;0x427F;0x42C5;texto;;;;;;;;;;;;;
H3;116;CLANK! CLANK! CLANK! FOR SOME REASON IT FELT LIKE I SHOULD NOT MAKE NOISE, SO I STARTED WALKING CAREFULLY.;8;8;0x42C7;0x42FD;texto;;;;;;;;;;;;;
H3;117;TAC-TAC-TAC... FROM THE BLIND SPOT BEHIND THE TABLE, WHAT APPEARED TO BE A CHILD DOLL ADVANCED.;7;9;0x42FF;0x4342;texto;;;;;;;;;;;;;
H3;118;THE SAME DOLL THAT HAD COME DOWN THE TUNNEL JUST NOW.;10;6;0x4344;0x436B;texto;;;;;;;;;;;;;
H3;119;THE DOLL HEADED TOWARD ME AND HELD OUT A RED APPLE.;10;6;0x436D;0x4390;texto;;;;;;;;;;;;;
H3;120;ON CLOSER LOOK, ITS EXPRESSION SEEMED TWISTED INTO A SMILE IN A DISTURBING WAY. ITS EYES REFLECTED THE BLUE LAMP LIGHT AT ITS FEET WITH AN OMINOUS GLEAM.;2;14;0x4392;0x4402;texto;;;;;;;;;;;;;
H3;121;2.@@1.@@CLANK@@ NO@@THA@CLANK.. THA@NKS@.@@@@@@ NKS@.@@@THE@@@@ .@@@@@@@CHILD@@ @@@@@@@@DOLL@@@ @@@@@@@@KEPT@@@ @@@@@@@@HOLDING @@@@@@@@OUT@@@@ @@@@@@@@THE@@@@ @@@@@@@@APPLE.@;1;15;0x4404;0x4452;pregunta;;3;1;3;1;7;0;1. THANKS.;2. NO THANKS.;CLANK CLANK... THE CHILD DOLL KEPT HOLDING OUT THE APPLE.;;;
H3;122;AH, THANKS... I ACCEPTED THE APPLE IT OFFERED WITHOUT THINKING. IT WAS A REAL APPLE WITH A SINGLE BITE TAKEN OUT OF IT.;5;11;0x445C;0x4B1C;texto;;;;;;;;;;;;;
H3;123;THE DOLL NODDED WITH SATISFACTION AND KEPT STARING AT ME AS IF URGING ME TO EAT IT SOON.;9;7;0x4B1E;0x4B4E;texto;;;;;;;;;;;;;
H3;124;WHY NOT THROW IT AWAY? EMIKO SAID. YEAH, RIGHT. I REPLIED AND LEFT THE APPLE THERE ON THE FLOOR.;7;9;0x4B50;0x4B83;texto;;;;;;;;;;;;;
H3;125;ALL THE TABLE DOLLS TURNED AND FIXED THEIR GAZE ON ME AT ONCE. ALMOST FLEEING, WE OPENED THE NEXT DOOR.;7;9;0x4B85;0x4BD7;texto;;;;;;;;;;;;;
H3;126;WE WALKED DOWN THE HALL IN TOTAL SILENCE. I WONDER WHERE MAMI IS? EMIKO ALSO MURMURED THOSE WORDS. THINKING ABOUT WHAT AWAITED IN THE NEXT ROOM WEIGHED HEAVILY ON US.;2;14;0x4BD9;0x5311;texto;;;;;;;;;;;;;
H3;127;I... I CANNOT TAKE THIS ANYMORE... MY TRUE FEELINGS SLIPPED OUT WITHOUT MEANING TO.;9;7;0x5313;0x5337;texto;;;;;;;;;;;;;
H3;128;......MAYBE MAMI ALREADY WENT AHEAD. I DO NOT WANT TO GO ANY FURTHER. BUT WHAT DO WE DO THEN?;4;12;0x5339;0x5381;texto;;;;;;;;;;;;;
H3;129;A HAUNTED HOUSE LIKE THIS SHOULD HAVE AN EMERGENCY EXIT IN EACH ROOM, SO IN THEORY WE SHOULD BE ABLE TO ESCAPE FROM ANY POINT, BUT HAVING COME THIS FAR I HAD NEVER SEEN ANYTHING LIKE THAT.;0;16;0x5383;0x53F4;texto;;;;;;;;;;;;;
H3;130;AH! EMIKO POINTED AHEAD. FOLLOWING HER FINGER, THERE WAS SOMETHING THAT COMPLETELY DID NOT FIT IN A HAUNTED HOUSE. IT WAS A PHONE BOOTH.;2;14;0x53F6;0x5464;texto;;;;;;;;;;;;;
H3;131;GREAT! MAYBE WE CAN CONTACT STAFF WITH THAT. EMIKO AND I RAN TO THE PHONE BOOTH.;5;11;0x5466;0x54AA;texto;;;;;;;;;;;;;
H3;132;BUT SOMETHING CROSSED MY MIND. WHY WOULD THERE BE A PHONE BOOTH IN A PLACE LIKE THIS...?;7;9;0x54AC;0x54E7;texto;;;;;;;;;;;;;
H3;133;BRRING! ANOTHER PHONE STARTED RINGING ALL OF A SUDDEN. WE LOOKED AT EACH OTHER AND EMIKO DECISIVELY REACHED FOR THE RECEIVER. HELLO, HELLO...?;5;11;0x54E9;0x554D;texto;;;;;;;;;;;;;
H3;134;GOOD DAY, LADIES! THAT VOICE WAS THE SAME AS THE BRONZE STATUE AT THE HAUNTED HOUSE ENTRANCE.;7;9;0x554F;0x5597;texto;;;;;;;;;;;;;
H3;135;JUST THE TWO OF YOU, WELL DONE FOR MAKING IT THIS FAR! ...PLEASE LET US OUT OF HERE. EMIKO SAID, EXHAUSTED.;2;14;0x5599;0x55ED;texto;;;;;;;;;;;;;
H3;136;OF COURSE I CANNOT DO THAT! RATHER, IF YOU WISH TO JOIN MY MANSION I WILL GLADLY WELCOME YOU. LET MAMI GO! EH? WHERE IS MAMI?;0;16;0x55EF;0x565E;texto;;;;;;;;;;;;;
H3;137;IF THAT IS WHAT YOU WANT, I CANNOT HELP. I HAVE AN EXCELLENT SUBORDINATE. THE PHONE WENT DEAD. EMIKO TREMBLED. SCARED, WE HAD NO CHOICE BUT TO KEEP GOING.;0;16;0x5660;0x56E0;texto;;;;;;;;;;;;;
H3;138;AFTER WALKING A BIT WE CAME TO ANOTHER SUSPICIOUS-LOOKING ROOM.;10;6;0x56E2;0x5FAE;texto;;;;;;;;;;;;;
H3;139;A RED LIGHT DIMLY LIT THE WHOLE ROOM. I LOOKED AROUND FOR A MOMENT. THIS PLACE WAS NARROWER THAN THE OTHERS AND THERE WAS NOT A SINGLE FIGURE IN SIGHT.;2;14;0x5FB0;0x601A;texto;;;;;;;;;;;;;
H3;140;BUT THE VARIOUS SHAPES LINED ALONG THE WALL MADE OUR LEGS TREMBLE. THEY WERE THINGS I HAD SEEN BEFORE ON TV OR IN BOOKS. WESTERN MEDIEVAL TORTURE INSTRUMENTS.;2;14;0x601C;0x6090;texto;;;;;;;;;;;;;
H3;141;THIS ENTIRE CIRCULAR ROOM HAD BEEN RECREATED AS A TORTURE CHAMBER.;10;6;0x6092;0x60BE;texto;;;;;;;;;;;;;
H3;142;AT FIRST GLANCE THERE WAS NO DOOR AHEAD. THE TORTURE INSTRUMENTS HANGING ON THE WALL LOOKED AGED AND WORN, GIVING THE IMPRESSION THEY HAD TRULY BEEN USED.;2;14;0x60C0;0x6124;texto;;;;;;;;;;;;;
H3;143;BLADES OF ALL SIZES INCLUDING AN IRON MAIDEN. SEVERAL OLD ROPES HUNG FROM THE CEILING. AT THE BACK WAS A GUILLOTINE.;5;11;0x6126;0x6186;texto;;;;;;;;;;;;;
H3;144;ALL OF THEM WERE CHILLING, WITH WHAT LOOKED LIKE BLOODSTAINS ON THEM. NOT KNOWING WHERE TO GO, WE WALKED TOWARD THE CENTER OF THE ROOM.;5;11;0x6188;0x61D2;texto;;;;;;;;;;;;;
H3;145;EMIKO STOOD FROZEN AS IF LOST HALFWAY. WHAT DO WE DO? THERE IS NO EXIT. HIYAH...... N-NO! MY VOICE ECHOED THROUGH THE ROOM.;3;13;0x61D4;0x6223;texto;;;;;;;;;;;;;
H3;146;WE WAITED A WHILE BUT THERE WAS NO SIGN OF A DOOR. EMIKO AND I STOOD STARING AT EACH OTHER.;8;8;0x6225;0x6254;texto;;;;;;;;;;;;;
H3;147;GOGO... SUDDENLY THE SIDE WALL MOVED AND FROM IT APPEARED A MUSCULAR MAN WITH HIS FACE COVERED BY A MASK.;7;9;0x6256;0x62A6;texto;;;;;;;;;;;;;
H3;148;HE WAS PROBABLY THE KEEPER OF THIS ROOM... I IMMEDIATELY UNDERSTOOD WHAT HE WAS GOING TO DO WITH US.;8;8;0x62AE;0x62E5;texto;;;;;;;;;;;;;
H3;149;HE APPROACHED US STEP BY STEP. CHOOSE ONE OF YOU TWO. HE SAID IN A LOW TREMBLING VOICE.;7;9;0x62E7;0x6323;texto;;;;;;;;;;;;;
H3;150;CHOOSE WHAT? IN WHAT WAY? EMIKO SAID IN A TIRED VOICE.;9;7;0x6325;0x634E;texto;;;;;;;;;;;;;
H3;151;2.@@1.@@CHO WAI@STE@OSE T@@@P@@@ONE FOR@FOR@OF@ HEL@WAR@YOU P.@@D.@@.@@ @@@@@@@@THE @@@@@@@@MAN @@@@@@@@REP @@@@@@@@EAT @@@@@@@@ED.;5;11;0x6350;0x638B;pregunta;;3;1;3;1;3;0;1. STEP FORWARD.;2. WAIT FOR HELP.;CHOOSE ONE OF YOU. THE MAN REPEATED.;;;
H3;152;I WILL GO! I EXCLAIMED. EMIKO LOOKED AT ME SURPRISED.;8;8;0x6395;0x6C36;texto;;;;;;;;;;;;;
H3;153;REIKA, YOU WILL BE FINE, YOU WILL BE FINE. I FORCED A SMILE WITHOUT MUCH CONVICTION. THE MAN WITHOUT A WORD GRABBED MY SHOULDER WITH INHUMAN STRENGTH.;3;13;0x6C38;0x6C93;texto;;;;;;;;;;;;;
H3;154;REIKA! THEY MADE ME STAND BEFORE THE IRON MAIDEN. A HUMAN-SHAPED SARCOPHAGUS WITH SHARP METAL SPIKES ON THE INSIDE.;5;11;0x6C95;0x6CE2;texto;;;;;;;;;;;;;
H3;155;PROBABLY, IF I ENTERED AND THEY SHUT THE DOOR, I WOULD BE PIERCED THROUGH FROM ALL SIDES... THE MAN PUSHED ME INSIDE THAT SARCOPHAGUS.;5;11;0x6CE4;0x6D2D;texto;;;;;;;;;;;;;
H3;156;KYAH! THAT SCREAM... WAS IT MINE? OR WAS IT...;10;6;0x6D2F;0x6D58;texto;;;;;;;;;;;;;
H3;157;BANG! THE SOUND OF THE DOOR CLOSING. YET... MY BODY WAS NOT PIERCED BY ANYTHING.;7;9;0x6D5A;0x6D9A;texto;;;;;;;;;;;;;
H3;158;WITHOUT UNDERSTANDING HOW, I REALIZED I WAS STANDING IN A HALLWAY. SOMEHOW THE SARCOPHAGUS AND THE HALL MUST HAVE BEEN CONNECTED.;5;11;0x6D9C;0x6DED;texto;;;;;;;;;;;;;
H3;159;THE SARCOPHAGUS DOOR CLOSED AND I WAS INSTANTLY SAFE ON THE OTHER SIDE. THERE WAS PROBABLY SOME MECHANISM THAT KEPT THE SPIKES FROM REACHING.;4;12;0x6DEF;0x76D4;texto;;;;;;;;;;;;;
H3;160;HELP ME! A HARROWING SCREAM RANG OUT. IT WAS EMIKO VOICE. STOP IT...! THE SCREAM CUT OFF HALFWAY.;5;11;0x76D6;0x7730;texto;;;;;;;;;;;;;
H3;161;AND THEN OUTSIDE THE SARCOPHAGUS EVERYTHING WENT SILENT. WHAT HAD HAPPENED OUT THERE? EMIKO...;7;9;0x7732;0x7764;texto;;;;;;;;;;;;;
H3;162;THAT GIRL FROM BEFORE IS DONE... WELL, BETTER THIS WAY... IS IT NOT. STILL ONE MORE LEFT. FOOTSTEPS APPROACHED. IN MY HEAD THOSE FOOTSTEPS ECHOED OVER AND OVER, DRAWING ME IN.;2;14;0x7766;0x77CB;texto;;;;;;;;;;;;;
H3;16B;EH, I DO NOT WANT TO... I TOLD THEM. THEY WERE OLDER THAN ME BUT THAT DID NOT MATTER SO MUCH IN THIS GROUP. UNLIKE THEM, I DID NOT OFTEN SPEAK MY MIND, BUT...;2;14;0x0536;0x0626;texto;;;;;;;;;;;;;
H3;17B;THE TWO BURST OUT LAUGHING, FINDING IT MORE AND MORE AMUSING. YOU REALLY DO NOT WANT TO? MAMI SAID, SOMEWHAT SURPRISED.;5;11;0x062E;0x067B;texto;;;;;;;;;;;;;
H3;18B;BUT REIKA, IF YOU SAY YOU WANT TO GO, THEN THE TWO OF US HAVE TO COME WITH PLEASURE. EMIKO SAID, PUFFING HER CHEST UP IN AN EXAGGERATED WAY.;3;13;0x067D;0x06D5;texto;;;;;;;;;;;;;
H3;19B;FINE, UNDERSTOOD. I REPLIED LIKE THAT, ALREADY HALF RESIGNED.;10;6;0x06D7;0x0700;texto;;;;;;;;;;;;;
H3;24B;IS THERE NOBODY ELSE AROUND HERE? THAT ALONE WOULD MAKE IT SO MUCH LESS SCARY. I HAD SOME HOPE BUT NOT A SOUL WAS VISIBLE. INSTEAD THE ATMOSPHERE SEEMED TO PRESAGE SOMETHING APPEARING.;2;14;0x088E;0x09E5;texto;;;;;;;;;;;;;
H3;25B;A HAUNTED HOUSE WHERE ONLY WE ARE HERE - ISN'T THAT SCARY ENOUGH? I SAID, BUT THE TWO ONLY LOOKED AT ME WITH AMUSEMENT WITHOUT TAKING IT SERIOUSLY. I FELT A BIT DEFLATED.;0;16;0x09E7;0x0A4C;texto;;;;;;;;;;;;;
H3;49B;THUD! JUST AS I THOUGHT THE CEILING ABOVE ME HAD ROTATED, WITH A RATTLING SOUND A SAMURAI DOLL FELL HANGING UPSIDE DOWN, STOPPING JUST BEFORE HITTING THE FLOOR.;2;14;0x12CF;0x159B;texto;;;;;;;;;;;;;
H3;50B;KYAH! MAMI JUMPED BACK AND RETREATED IN FRIGHT. I TOO, DRAGGED ALONG BY HER, PRESSED AGAINST THE WALL. AH, WHAT A SCARE.;4;12;0x159D;0x15E7;texto;;;;;;;;;;;;;
H3;51B;MAMI LAUGHED IT OFF ONCE SHE SAW IT WAS JUST A DOLL.;9;7;0x15E9;0x161B;texto;;;;;;;;;;;;;
H3;52B;LIKE THE PREVIOUS FIGURE, IT WAS VERY WELL BUILT. THE AGONY ON THE SAMURAI FACE TRULY CONVEYED DISCOMFORT. EMIKO ALSO LOOKED AT IT IMPRESSED.;3;13;0x1623;0x1680;texto;;;;;;;;;;;;;
H3;53B;SUDDENLY THE LIGHT TURNED RED. THE SAMURAI LIMBS, RIGID UNTIL THEN, DROPPED AS IF THEY HAD LOST ALL THEIR STRENGTH.;5;11;0x1682;0x16D5;texto;;;;;;;;;;;;;
H3;54B;IT HAD SEEMED TO BE RESISTING UNTIL THAT MOMENT. A CHILL RAN DOWN MY SPINE. WITH A JERK IT SWUNG AND WAS HOISTED BACK UP TO THE CEILING WITH A RATTLING SOUND.;2;14;0x16D7;0x1746;texto;;;;;;;;;;;;;
H3;55B;I HAD NEVER SEEN A HAUNTED HOUSE LIKE THIS, IT IS VERY WELL MADE. MAMI SAID IN AN ENTHUSIASTIC VOICE. SAME HERE - THIS PROMISES WELL FOR WHAT COMES NEXT.;3;13;0x1748;0x1799;texto;;;;;;;;;;;;;
H3;65B;I WILL LEAVE IT TO THE OLDER ONE. I SAID. AH, REIKA IS HOPELESS. EMIKO SAID, AND SHE HERSELF PLACED HER HAND ON THE MASK.;7;9;0x1A4A;0x1B77;texto;;;;;;;;;;;;;
H3;66B;HUH? IT SEEMS IT DOES NOT COME OFF THE WALL. EMIKO SAID. SHE THOUGHT A MOMENT, THEN AS IF SOMETHING OCCURRED TO HER, SHE REACHED OUT TOWARD THE MASK.;4;12;0x1B79;0x1BC7;texto;;;;;;;;;;;;;
H3;67B;YOU DO IT LIKE THIS, EMIKO SAID, TURNING THE MASK TO THE RIGHT.;10;6;0x1BC9;0x1BE7;texto;;;;;;;;;;;;;
H3;68B;GOGOGO... THE WALL AHEAD STARTED OPENING. A HALLWAY APPEARED. WELL, LET US GO. I SAID. AND WE MOVED ON.;5;11;0x1BE9;0x1C46;texto;;;;;;;;;;;;;
H3;79B;SEEING HOW PRECISELY IT WAS MADE, I GOT CURIOUS. MAMI AND I LEANED IN TOGETHER TO LOOK AT THE FIGURE.;8;8;0x1F37;0x1FDE;texto;;;;;;;;;;;;;
H3;93B;NO CHOICE, I WILL GO. EMIKO SAID, STEPPING UP AND TAKING THE FIGURE HAND. AND SHE BEGAN TO DANCE. EMIKO WAS SUCH A SKILLED DANCER THAT THE FIGURE COULD NOT MATCH HER.;2;14;0x2B98;0x2F0B;texto;;;;;;;;;;;;;
H3;94B;WHILE LOOKING AROUND FOR MAMI, THE MUSIC STOPPED. WITH A CREAK, THE DOOR TO THE NEXT ROOM OPENED. EMIKO, FINISHED DANCING, CAME OVER.;2;14;0x2F0D;0x2F76;texto;;;;;;;;;;;;;
H3;95B;MAMI WAS NOT THERE... I NODDED AND WALKED THROUGH THE DOOR THAT HAD JUST OPENED.;9;7;0x2F78;0x2FA5;texto;;;;;;;;;;;;;
H3;98B;LET US GO LEFT. I SAID, BUT EMIKO HAD ALREADY SAID IT BEFORE ME. I HAD NO OBJECTION EITHER.;8;8;0x317A;0x3658;texto;;;;;;;;;;;;;
H3;99B;BOTH OF US STARTED WALKING AT ONCE. AND JUST TURNING LEFT... A DOLL WAS WAITING FOR US. KYAAAH! IT WAS SO SUDDEN WE LET OUT A SCREAM.;3;13;0x365A;0x36C6;texto;;;;;;;;;;;;;
H3;100B;IT WAS AN ARMORED WARRIOR. WITH EYES LIKE WILL-O-WISPS GLOWING INSIDE ITS HELMET, IT APPROACHED US. NO, NO, LET US GO BACK! I CLUNG TO EMIKO.;2;14;0x36C8;0x3720;texto;;;;;;;;;;;;;
H3;101B;WHAT ARE YOU SAYING, IT IS AN EMPLOYEE. EMIKO SAID, LAUGHING, WALKING UP TO THE WARRIOR. SHE EXCHANGED A FEW WORDS WITH IT AND CAME BACK.;3;13;0x3722;0x377C;texto;;;;;;;;;;;;;
H3;102B;I ASKED EMIKO. WHAT HAPPENED? IT SAID THEY ARE RENOVATING... THE ARMORED WARRIOR BOWED ITS HEAD IN GREETING.;7;9;0x377E;0x37C4;texto;;;;;;;;;;;;;
H3;103B;AAH. ALL THE TENSION LEFT ME AT ONCE. WITH NO OTHER CHOICE, WE DECIDED TO TAKE THE RIGHT PATH.;7;9;0x37C6;0x37FC;texto;;;;;;;;;;;;;
H3;106B;EMIKO, YOU GO FIRST. I ASKED. I SUPPOSE THERE IS NO HELP FOR IT, EMIKO SAID, AND SAT ON THE SLIDE.;5;11;0x967B;0x9896;texto;;;;;;;;;;;;;
H3;107B;I WILL LET YOU KNOW WHEN I GET TO THE BOTTOM, EMIKO SAID AND WITH THOSE WORDS SLID ON DOWN.;7;9;0x9898;0x98C9;texto;;;;;;;;;;;;;
H3;108B;I WAS LEFT ALONE. QUITE SOME TIME PASSED, THEN FROM BELOW EMIKO VOICE CAME. COME ON DOOOOWN!;4;12;0x98CB;0x9917;texto;;;;;;;;;;;;;
H3;109B;I HURRIED AND LAUNCHED MYSELF INTO THE TUNNEL. IT WAS NOT PITCH BLACK - A FAINT LIGHT WAS ON.;7;9;0x9919;0x9961;texto;;;;;;;;;;;;;
H3;110B;ALL THE WALLS WERE MIRRORS, AND MY OWN REFLECTION SHOWED FROM ALL SIDES. WHAT A HORRID DESIGN.;7;9;0x9963;0x999C;texto;;;;;;;;;;;;;
H3;111B;I CAME OUT OF THE TUNNEL AND MY FEET TOUCHED THE FLOOR. LOOKING UP, I SAW THE ENTIRE WALL WAS A MOSAIC OF MIRRORS AT DIFFERENT ANGLES. WOW! I LET OUT A CRY INVOLUNTARILY.;2;14;0x999E;0x99FA;texto;;;;;;;;;;;;;
H3;112B;MY IMAGE REFLECTED MULTIPLE TIMES, SUPERIMPOSED IN THE MIRRORS. EACH ONE LOOKED COMPLETELY DIFFERENT. STRETCHED UP AND DOWN OR SIDE TO SIDE.;3;13;0x99FC;0x9A56;texto;;;;;;;;;;;;;
H3;113B;OTHERS BY CONTRAST SEEMED SQUASHED. COUNTLESS VERSIONS OF ME SPREAD EVERYWHERE.;8;8;0x9A58;0x9A88;texto;;;;;;;;;;;;;
H3;114B;THIS IS AMAZING, RIGHT? EMIKO SAID, HAVING COME DOWN BEFORE ME. I HAD BEEN IN MIRROR HOUSES BEFORE, BUT NEVER ONE SO COMPLEX AND ELABORATE.;3;13;0x9A8A;0xC1B9;texto;;;;;;;;;;;;;
H3;133B;N-NO I DO NOT WANT IT. I SHOOK MY HEAD IN DISGUST. EVEN SO THE GIRL KEPT HOLDING OUT THE APPLE.;7;9;0x445C;0x4C1E;texto;;;;;;;;;;;;;
H3;134B;WE DO NOT WANT IT! EMIKO SAID AND WITH ONE SWIPE KNOCKED THE APPLE AWAY.;8;8;0x4C20;0x4C4F;texto;;;;;;;;;;;;;
H3;135B;ALL THE TABLE DOLLS STARED FIXEDLY AT US AT ONCE. CREEEEAK. AS IF FLEEING, WE OPENED THE NEXT DOOR.;7;9;0x4C51;0x4CA3;texto;;;;;;;;;;;;;
H3;162B;...I WILL GO. EMIKO SAID STEPPING FORWARD. THIS IS JUST A HAUNTED HOUSE - WE ARE NOT GOING TO DIE. THE MAN GRABBED EMIKO ARM WITH FORCE.;5;11;0x6395;0x6E51;texto;;;;;;;;;;;;;
H3;163B;THE MAN PUSHED EMIKO INTO THE SARCOPHAGUS WITHOUT FURTHER ADO. AND WITH A THUD SHUT THE DOOR. FINISHED WITH HIS WORK, THE MAN LEFT THE ROOM LOOKING SATISFIED.;3;13;0x6E53;0x6EC0;texto;;;;;;;;;;;;;
H3;164B;I STOOD IN FRONT OF THE SARCOPHAGUS UNABLE TO MOVE. BLOOD STARTED SEEPING FROM THE CRACKS OF THE SARCOPHAGUS. INSIDE THAT SARCOPHAGUS WERE MANY SHARP SPIKES. EMIKO...;2;14;0x6EC2;0x6F2D;texto;;;;;;;;;;;;;
H3;165B;ON THE VERGE OF FAINTING, I PUT MY HANDS ON THE SARCOPHAGUS LID. I OPENED IT SLOWLY.;9;7;0x6F2F;0x6F62;texto;;;;;;;;;;;;;
H3;166B;...HUH? IT WAS LIKE A MAGIC TRICK. EMIKO BODY WAS NOT THERE. NOT EVEN A BODY, THERE WAS NOTHING.;7;9;0x6F67;0x6FA7;texto;;;;;;;;;;;;;
H3;167B;RELIEVED, I SANK AGAINST THE SARCOPHAGUS. THE SPIKES TOUCHED MY HAND. OW, THAT HURTS. I STRAIGHTENED UP ABRUPTLY. THESE SPIKES ARE REAL. I WONDERED HOW THE MECHANISM WORKED.;3;13;0x6FA9;0x700A;texto;;;;;;;;;;;;;
H3;168B;BUT NO MATTER HOW MUCH I THOUGHT ABOUT IT, THE FACT THAT I HAD BEEN SEPARATED FROM EMIKO DID NOT CHANGE. I HAD TO FIND EMIKO AND MAMI TOO. I LEFT THE ROOM.;3;13;0x700C;0x706C;texto;;;;;;;;;;;;;
H3;159X;REIKA!? THE ONE RUNNING TOWARD ME FROM THE OTHER END OF THE HALL WAS EMIKO. THANK GOODNESS, YOU ARE ALL RIGHT...;5;11;0xC609;0xC644;texto;;;;;;;;;;;;;
H3;160X;WHAT A RELIEF... ARE YOU OKAY? EMIKO, AND YOU, ARE YOU OKAY? YES, I LEFT THE COFFIN IN THE HALL.;7;9;0xC648;0xC680;texto;;;;;;;;;;;;;
H3;161X;FOR A MOMENT WE WERE GLAD TO BE REUNITED. BUT WE STILL COULD NOT FIND MAMI AND I DID NOT WANT TO STAY THERE FOREVER.;7;9;0xC684;0xC6BF;texto;;;;;;;;;;;;;
H3;169B;I WALKED ON. DARKNESS SPREAD. SOFT FOOTSTEPS FOLLOWED.;9;7;0x706E;0x7C30;texto;;;;;;;;;;;;;
H3;170B;A SOUND APPROACHED FROM BEHIND. I TURNED WITH FEAR, BUT THE FAINT LIGHT DID NOT REACH FAR ENOUGH TO SEE.;7;9;0x7C38;0x7C75;texto;;;;;;;;;;;;;
H3;171B;2.@@@1.@MAYBE@ TOO@@TU@IT@@@@ SCAR@RN@IS@@@@ ED@@@AR@MAMI@@ TO@@@OU@OR@@@@ LOOK@ND@EMIKO@ .@@@@.@@FOLLOW @@@@@@@@ING@@@ @@@@@@@@ME.@@@;2;14;0x7C77;0x7CC4;pregunta;;4;1;2;1;6;0;1. TURN AROUND.;2. TOO SCARED TO LOOK.;MAYBE IT IS MAMI OR EMIKO FOLLOWING ME.;;;
H3;172B;IT SOUNDED LIKE BARE FEET. WHEN I STOPPED, THE SOUND BEHIND ME ALSO STOPPED DEAD. WHEN I QUICKENED MY PACE, THAT SOUND ALSO SPED UP AND FOLLOWED.;2;14;0x7CCE;0xA5D0;texto;;;;;;;;;;;;;
H3;173B;UNABLE TO HELP MYSELF, I STARTED RUNNING. THEN THAT SOUND SPED UP EVEN MORE AND CLOSED IN ON ME.;8;8;0xA5D2;0xA603;texto;;;;;;;;;;;;;
H3;174B;TAP, TAP, TAP, TAP, TAP, TAP... TAP, TAP, TAP, TAP, TAP, TAP... TAP, TAP, TAP, TAP...;5;11;0xA605;0xA68A;texto;;;;;;;;;;;;;
H3;175B;KYAAAH! I SCREAMED AND CROUCHED DOWN HUGGING MY KNEES. THEN THAT SOUND PASSED BY MY SIDE AND VANISHED AS IF ABSORBED INTO THE OTHER SIDE OF THE WALL.;3;13;0xA68C;0xA6F1;texto;;;;;;;;;;;;;
H3;176B;I MOVED AHEAD CAREFULLY.;12;4;0xA6F3;0xA70A;texto;;;;;;;;;;;;;
H3;177B;AFTER THAT I WALKED A BIT MORE AND CAME TO A DOOR. CREEEEAK. I OPENED THE NEAREST DOOR. THERE WAS NOTHING ESPECIALLY SURPRISING IN THE ROOM. IT SEEMED TO BE A STUDY.;0;16;0xA70C;0xA794;texto;;;;;;;;;;;;;
H3;178B;A LITTLE DISAPPOINTED BUT STILL CAUTIOUS, I ENTERED. THREE OF THE WALLS WERE SHELVES CRAMMED WITH BOOKS.;7;9;0xA796;0xA7DC;texto;;;;;;;;;;;;;
H3;179B;I OPENED THE CURTAINS AND LOOKED OUTSIDE THE WINDOW. A FOREST AND A SLOPE SPREAD OUT THERE. IN THAT LANDSCAPE, ONE LIGHT, THEN ANOTHER BEGAN TO APPEAR.;4;12;0xA7DE;0xA836;texto;;;;;;;;;;;;;
H3;180B;AND THOSE LIGHTS SLOWLY GREW, JOINING AND CONVERGING TOWARD THIS MANSION.;9;7;0xA838;0xA863;texto;;;;;;;;;;;;;
H3;181B;IT SEEMS THERE IS NOTHING HERE TO SCARE ME. I FELT A LITTLE RELIEVED. THE BOOKS ON THE SHELVES ALL SEEMED FOREIGN AND NONE I COULD READ. THERE WAS ONLY A DESK.;0;16;0xA865;0xA8CA;texto;;;;;;;;;;;;;
H3;182B;2.@@1.@@A@@@@ LOO@LOO@NOTEB K@@@K@@@OOK@@ AT@@AT@@LAY@@ THE@THE@ON@@@ BOO@NOT@THE@@ KS.@EBO@DESK. @@@@OK.@@@@@@;3;13;0xA8CC;0xA909;pregunta;;3;1;3;1;5;0;1. LOOK AT THE NOTEBOOK.;2. LOOK AT THE BOOKS.;A NOTEBOOK LAY ON THE DESK.;;;
H3;183B;I GLANCED AT WHAT APPEARED TO BE ENGLISH BOOKS. ALL THE TITLES WERE IN WESTERN LETTERS. I TOOK ONE IN MY HANDS.;5;11;0xA913;0xAA88;texto;;;;;;;;;;;;;
H3;184B;KYAH! HOW GROSS. THAT BOOK HAD AN EYE STUCK TO IT AND STARED AT ME WITH HOSTILITY.;8;8;0xAA8A;0xAABC;texto;;;;;;;;;;;;;
H3;185B;THE OTHER BOOKS ALL SEEMED TO BE ABOUT THE OCCULT. WELL, BEING A HAUNTED HOUSE I UNDERSTAND WANTING TO CREATE THAT ATMOSPHERE, BUT...;4;12;0xAABE;0xAB0E;texto;;;;;;;;;;;;;
H3;186B;IT WAS NO USE STAYING SCARED ALONE. I HAD TO HURRY AND FIND MAMI AND EMIKO... JUST THEN I HEARD SOME SOUND.;5;11;0xAB10;0xAB65;texto;;;;;;;;;;;;;
H3;187B;I STRAINED MY EARS. STILL CONFUSED, I GRABBED THE DOOR HANDLE TO GO TO THE NEXT ROOM. AH...! I PULLED MY HAND BACK AT ONCE. THE HANDLE WAS TERRIBLY HOT.;0;16;0xAB67;0xABD8;texto;;;;;;;;;;;;;
H3;188B;THIS CANNOT BE... COULD IT BE A FIRE? THAT SOUND MIGHT ALSO BE THE SOUND OF FLAMES BURNING. THE HAUNTED HOUSE MIGHT BE ON FIRE... I NEARLY LOST CONSCIOUSNESS.;2;14;0xABDA;0xAC3C;texto;;;;;;;;;;;;;
H3;189B;I RAN TO THE DOOR I HAD COME IN THROUGH. THE HANDLE WAS HOT. BUT IT WAS ALSO LOCKED AND WOULD NOT OPEN. I AM TRAPPED... DESPAIR WASHED OVER ME.;0;16;0xAC3E;0xACA4;texto;;;;;;;;;;;;;
H3;190B;HEE HEE HEE. SUDDENLY A CHILLING LAUGH ECHOED THROUGH THE WHOLE ROOM.;10;6;0xACA6;0xB24F;texto;;;;;;;;;;;;;
H3;191B;MY, A VISITOR ON A NIGHT LIKE THIS. I TURNED AROUND, AND WITHOUT NOTICING WHEN SHE HAD ENTERED, AN OLD WOMAN WAS SITTING IN THE CHAIR BY THE WINDOW.;5;11;0xB251;0xB2A7;texto;;;;;;;;;;;;;
H3;192B;POINTED HAT AND BLACK CLOTHES, LIKE FROM A FAIRY TALE. IN A WORD, SHE WAS A WITCH. YES, I AM A WITCH, SHE SAID, AS IF READING MY MIND.;4;12;0xB2A9;0xB304;texto;;;;;;;;;;;;;
H3;193B;SINCE YOU ARE A VISITOR WHO CAME ON MY LAST NIGHT... I MUST RECEIVE YOU WITH FULL COURTESY. THE OLD WOMAN LAUGHED, SHOWING HER CROOKED TEETH.;5;11;0xB306;0xB358;texto;;;;;;;;;;;;;
H3;194B;WHAT DO YOU MEAN BY THAT? I ASKED. DON'T YOU WANT TO LOOK OUTSIDE? TONIGHT IS THE NIGHT OF THE WITCH HUNT. THIS MANSION WILL BURN TO THE GROUND TONIGHT... HEE HEE HEE.;2;14;0xB35A;0xB3BB;texto;;;;;;;;;;;;;
H3;195B;THE OLD WOMAN COULD NOT CONTAIN HER LAUGHTER, CLUTCHING HER STOMACH. THIS CANNOT BE... HOW CAN I ESCAPE?! I ASKED, NEARLY BEGGING.;3;13;0xB3BD;0xB410;texto;;;;;;;;;;;;;
H3;196B;IT IS ALREADY TOO LATE, SHE SAID. AS IF HER WORDS WERE A SIGNAL, THE OUTSIDE OF THE WINDOW TURNED RED. I COULD NOT HOLD OUT.;7;9;0xB412;0xB453;texto;;;;;;;;;;;;;
H3;197B;WELL, IT IS NOT THAT I DO NOT KNOW A WAY OUT. REALLY...? CAN I REALLY ESCAPE?;8;8;0xB455;0xB487;texto;;;;;;;;;;;;;
H3;198B;WELL, I CANNOT GUARANTEE ANYTHING, BUT... DO YOU WANT TO ESCAPE THROUGH THERE? OF COURSE! I REPLIED FIRMLY, THOUGH I WAS FULL OF UNEASE.;5;11;0xB489;0xB4CF;texto;;;;;;;;;;;;;
H3;199B;THEN THE OLD WOMAN LAUGHED WITH AMUSEMENT AGAIN. ARE YOU NOT FORGETTING SOMETHING? I AM A WITCH. KNOWING THAT, WILL YOU STILL TRUST ME?;4;12;0xB4D1;0xB52A;texto;;;;;;;;;;;;;
H3;200B;THAT WAS TRUE... THERE WAS NO GUARANTEE HER WORDS WERE NOT A LIE. BUT THIS WAS MY ONLY HOPE. EVEN IF I COULD NOT TRUST HER, I SAW NO OTHER WAY TO SAVE MYSELF.;2;14;0xB52C;0xB58D;texto;;;;;;;;;;;;;
H3;201B;I WILL GO WITH YOU, MADAM. GOOD GIRL. I HEARD THOSE WORDS CLEARLY. THE OLD WOMAN SLOWLY ROSE, AND WITH A CREEEEAK, THE DOOR OPENED.;4;12;0xB58F;0xB605;texto;;;;;;;;;;;;;
H3;202B;SEEKING OXYGEN, THE FLAMES INVADED THE ROOM. KYAAAH! THE FIRE CAME AT ME... BUT JUST BEFORE REACHING ME, IT PARTED IN TWO.;5;11;0xB607;0xB661;texto;;;;;;;;;;;;;
H3;203B;EH?! COME ON, IT IS THIS WAY. WHEN THE OLD WOMAN PASSED THROUGH THE DOOR, A PATH OPENED THROUGH THE FLAMES.;7;9;0xB663;0xB696;texto;;;;;;;;;;;;;
H3;204B;CALM DOWN, COME THIS WAY. I FOLLOWED HER WITH GREAT FEAR, BUT TRULY I DID NOT FEEL THE HEAT APPROACH NOR DID I HAVE TROUBLE BREATHING.;3;13;0xB698;0xB6F0;texto;;;;;;;;;;;;;
H3;205B;THE OLD WOMAN WENT DOWN A PATH I HAD NEVER SEEN. THIS IS THE ROOM SHE SAID, AND OPENED THE DOOR. THE ROOM WAS COMPLETELY DARK.;5;11;0xB6F2;0xB740;texto;;;;;;;;;;;;;
H3;206B;I HAVE TO GO THROUGH HERE. I LEANED INTO THE ROOM. IT WAS SO DARK I COULD SEE NOTHING. I STARTED WALKING CAREFULLY. HUH? MY FOOT CAUGHT ON SOMETHING. IT WAS A SKULL.;2;14;0xB742;0xB7B1;texto;;;;;;;;;;;;;
H3;207B;KYAAAH! I KICKED THE SKULL AND LET OUT A SCREAM. CALM DOWN! THE OLD WOMAN SCOLDED ME. DO NOT STARTLE AT EVERY LITTLE THING. THIS IS LIKE A STORAGE ROOM. THERE IS AN EXIT AT THE BACK.;0;16;0xB7B3;0xB840;texto;;;;;;;;;;;;;
H3;208B;ARE YOU NOT COMING, MADAM? MY EXIT IS DIFFERENT FROM YOURS. LISTEN - NO MATTER WHAT HAPPENS, DO NOT BE FRIGHTENED. NOW GO AHEAD.;4;12;0xB842;0xB892;texto;;;;;;;;;;;;;
H3;209B;SAYING THAT, THE OLD WOMAN CLOSED THE DOOR. AT THAT INSTANT DARKNESS SWALLOWED EVERYTHING... SOMEONE SCREAM, I DID NOT KNOW WHOSE, REACHED MY EARS. INVOLUNTARILY I NEARLY BURST INTO TEARS.;2;14;0xB894;0xB8F5;texto;;;;;;;;;;;;;
H3;210B;TREMBLING WITH FEAR, I HAD NO CHOICE BUT TO KEEP GOING. I WALKED AND WALKED BUT NEVER REACHED THE DOOR AHEAD. IN THE DARK I EVEN LOST TRACK OF TIME.;3;13;0xB8F7;0xB945;texto;;;;;;;;;;;;;
H3;211B;BUT IT SEEMED SOME LIGHT WAS FILTERING IN FROM SOMEWHERE. GRADUALLY MY EYES ADJUSTED. AT MY FEET WERE VARIOUS OBJECTS I COULD NOT IDENTIFY.;2;14;0xB947;0xB998;texto;;;;;;;;;;;;;
H3;212B;TO AVOID KICKING THOSE THINGS, I CAREFULLY WATCHED WHERE I STEPPED. CLONK, CLONK. WHILE LOOKING ONLY DOWNWARD, SOMETHING HIT MY HEAD. WHAT IS THIS? I REACHED OUT.;2;14;0xB99A;0xB9F5;texto;;;;;;;;;;;;;
H3;213B;IT WAS ROUND. A ROUND, SOFT OBJECT FLOATED IN THE AIR. OUR EYES MET. ...! I BARELY MANAGED TO SUPPRESS A SCREAM.;4;12;0xB9F7;0xBA50;texto;;;;;;;;;;;;;
H3;214B;SUDDENLY A THUNDEROUS CRASH RANG OUT AND VARIOUS SOUNDS HIT MY EARS.;10;6;0xBA52;0xBA88;texto;;;;;;;;;;;;;
H3;215B;I RAN WITH MY EARS COVERED. ALL THE SOUNDS STOPPED, AND THEN I HEARD THE SOUND OF A DOOR OPENING. RED LIGHT CAME FROM AHEAD. THE ESCAPE ROUTE HAD OPENED. I RAN FOR THE EXIT.;0;16;0xBA8A;0xBAF9;texto;;;;;;;;;;;;;
H3;216B;AS I APPROACHED THE DOOR, I REALIZED IT HAD NOT OPENED ON ITS OWN. A WRINKLED HAND HUNG FROM THE HANDLE. IT SEEMED THAT HAND HAD OPENED THE DOOR FOR ME.;2;14;0xBAFB;0xBB66;texto;;;;;;;;;;;;;
H3;217B;HOW KIND... WITH TEARS IN MY EYES I CROSSED THE DOOR. BUT THERE WAS A WORLD OF FLAMES. I THOUGHT I HAD FINALLY ESCAPED, BUT...;5;11;0xBB68;0xBBBD;texto;;;;;;;;;;;;;
H3;218B;MY HOPE OF STAYING ALIVE WAS FADING. I ALMOST COLLAPSED ON THE SPOT. BUT STRAIGHT AHEAD I SAW THE HAUNTED HOUSE EXIT. WITH THIS... I CAN BE SAVED! I RAN WITH ALL MY STRENGTH.;0;16;0xBBBF;0xBC25;texto;;;;;;;;;;;;;
H3;219B;MY HAIR AND CLOTHES WERE SURELY SINGED. BUT I MANAGED TO LEAP OUTSIDE THE MANSION. WHAT RELIEF... I AM SAFE. I LET MYSELF FALL ONTO THE GRASS AS IF ROLLING.;2;14;0xBC27;0xBC8C;texto;;;;;;;;;;;;;
H3;220B;I HAD ESCAPED THE HAUNTED HOUSE AND DID NOT DIE IN THE FIRE. FROM RELIEF TEARS CAME. BUT I... HAD FORGOTTEN SOMETHING VERY IMPORTANT.;2;14;0xBC8E;0xBCE3;texto;;;;;;;;;;;;;
H3;221B;MAMI AND EMIKO... WHERE HAD THOSE TWO GONE? MAMI! EMIKO! AMONG THE CROWD OF ONLOOKERS WATCHING THE FIRE, I KEPT CALLING MAMI AND EMIKO NAMES WITHOUT STOPPING.;0;16;0xBCE5;0xBD51;texto;;;;;;;;;;;;;
H3;174C;I OPENED THE NOTEBOOK. IT SEEMED TO BE FOR PEOPLE WHO CAME TO THE HAUNTED HOUSE TO WRITE IN. THERE WAS A PEN BESIDE IT.;5;11;0xA913;0xA95E;texto;si;;;;;;;;;;;;
H3;175C;...WHAT IS THIS...? I SAID. THE ONLY THINGS WRITTEN IN THE NOTEBOOK WERE TWO SIMPLE LINES.;7;9;0xA960;0xA998;texto;si;;;;;;;;;;;;
H3;176C;HELP ME HELP ME HELP ME HELP ME HELP ME HELP ME HELP ME HELP ME HELP ME HELP ME HELP ME HELP ME;2;14;0xA99A;0xA9E5;texto;si;;;;;;;;;;;;
H3;177C;LET ME OUT LET ME OUT LET ME OUT LET ME OUT LET ME OUT LET ME OUT LET ME OUT LET ME OUT LET ME OUT LET ME OUT LET ME OUT LET ME OUT;2;14;0xA9E7;0xAA19;texto;si;;;;;;;;;;;;
H3;178C;I COULD NOT MOVE AT ALL. I COULD NOT EVEN MAKE A SOUND.;10;6;0xAA1B;0xAA3C;texto;si;;;;;;;;;;;;
H3;106D;I LOOKED AROUND. WHERE WAS EMIKO?;9;7;0xC1C1;0xC1E0;texto;;;;;;;;;;;;;
H3;107D;IT SEEMED I HAD GOTTEN SEPARATED FROM EMIKO, JUST LIKE MAMI... EMIKOOOO! NO MATTER HOW LOUD I CALLED, THERE WAS NO REPLY. I HAD NO CHOICE BUT TO GO ON ALONE.;2;14;0xC1E5;0xC23F;texto;;;;;;;;;;;;;
H3;108D;I HAD TO KEEP GOING, BUT I DID NOT KNOW WHICH WAY. LOOKING AGAIN AT THE COUNTLESS MIRRORS, I SAW MY OWN FRIGHTENED FACE REFLECTED EVERYWHERE.;3;13;0x445F;0x44B3;texto;;;;;;;;;;;;;
H3;109D;SEEING IT THAT WAY HELPED ME CALM DOWN A LITTLE. IF I WATCHED WHERE I STEPPED, I COULD MORE OR LESS TELL WHICH WAY TO GO.;5;11;0x44C0;0x4509;texto;;;;;;;;;;;;;
H3;110D;BUT THAT ONLY LASTED UNTIL THIS VOICE RANG OUT. ARE YOU READY? A SLOW, DRAWLING VOICE CAME FROM THE TUNNEL BEHIND ME.;5;11;0x450D;0x455E;texto;;;;;;;;;;;;;
H3;111D;YEEES, READY! THIS TIME THE LOUD VOICE CAME FROM RIGHT BESIDE ME.;10;6;0x456B;0x4591;texto;;;;;;;;;;;;;
H3;112D;I RAN, STIFLING A SCREAM. THEN THE MIRROR AHEAD SUDDENLY OPENED UP. IT LOOKED LIKE AN ENTRANCE TO ANOTHER ROOM. I THREW MYSELF INSIDE.;5;11;0x4595;0x45E2;texto;;;;;;;;;;;;;
H3;113D;THE NEXT ROOM WAS, ONCE AGAIN, A DOLL ROOM. ACROSS A LONG TABLE, WAX FIGURES SAT EATING.;7;9;0x45ED;0x4633;texto;;;;;;;;;;;;;
H3;114D;CLANG CLANG. THE MOMENT I ENTERED, THEY STARTED MOVING AND BEGAN TO EAT WITH A CLANKING SOUND. UNLIKE THE DANCE ROOM, THERE WAS NOTHING GRAND HERE. THIN FIGURES SILENTLY LIFTED BREAD AND PLATES UP AND DOWN.;0;16;0x463E;0x46B6;texto;;;;;;;;;;;;;
H3;115D;THE CANDLE LIGHT, ON THE VERGE OF GOING OUT, MADE THE PLACE EVEN MORE EERIE. THE ONLY SOUND IN THE ROOM WAS THE CLATTER OF THEIR MECHANISMS.;5;11;0x46BB;0x46FE;texto;;;;;;;;;;;;;
H3;116D;CLANG CLANG CLANG. I FELT I SHOULD NOT MAKE A SOUND, SO I BEGAN TO WALK CAREFULLY.;8;7;0x4703;0x4736;texto;;;;;;;;;;;;;
H3;117D;CLANK CLANK CLANK CLANK... FROM THE BLIND SPOT BEHIND THE TABLE, A DOLL THAT LOOKED LIKE A CHILD CAME FORWARD.;7;9;0x473C;0x477B;texto;;;;;;;;;;;;;
H3;118D;AND THEN IT HELD OUT A RED APPLE TO ME.;10;6;0x4782;0x479F;texto;;;;;;;;;;;;;
H3;119D;THE DOLL'S GRIN WAS HORRIBLE. A BLUE GLOW LIT ITS EYES EERILY.;7;9;0x47B4;0x47FB;texto;;;;;;;;;;;;;
H3;120D;2.@@1.@@CLANK@@ NO@@THA@CLANK.. THA@NKS@.@@@@@@ NKS@.@@@THE@@@@ .@@@@@@@GIRL@@@ @@@@@@@@DOLL@@@ @@@@@@@@STILL@@ @@@@@@@@HELD@@@ @@@@@@@@OUT@@@@ @@@@@@@@THE@@@@ @@@@@@@@APPLE.@;1;15;0x4801;0x484C;pregunta;;3;1;3;1;7;0;1. THANKS.;2. NO THANKS.;CLANK CLANK... THE GIRL DOLL STILL HELD OUT THE APPLE.;;;
H3;121D;AH, THANKS... I TOOK THE APPLE AS OFFERED. IT WAS REAL, AND HAD A SINGLE BITE TAKEN OUT OF IT.;5;11;0x4CB1;0x4CF9;texto;;;;;;;;;;;;;
H3;122D;THE LITTLE GIRL DOLL NODDED CONTENTEDLY AND KEPT STARING AT ME AS THOUGH URGING ME TO EAT IT.;9;7;0x4CFF;0x4D2B;texto;;;;;;;;;;;;;
H3;123D;TRYING TO AVOID THAT GAZE, I HEADED FOR THE NEXT DOOR. BUT THE DOLL FOLLOWED ME, WATCHING TO SEE IF I WOULD EAT THE APPLE.;2;14;0x4D2F;0x4D8D;texto;;;;;;;;;;;;;
H3;124D;AT THIS RATE IT WOULD FOLLOW ME OUT THE DOOR. I THREW THE APPLE AS HARD AS I COULD. ALL THE DOLLS TURNED TO WATCH THE RED OBJECT ARC THROUGH THE AIR.;2;14;0x4D91;0x4DED;texto;;;;;;;;;;;;;
H3;125D;CREEEAK. I SEIZED THE MOMENT AND SLIPPED OUT THE DOOR.;10;6;0x4DF9;0x4E18;texto;;;;;;;;;;;;;
H3;126D;I WALKED DOWN THE HALL IN SILENCE. WHERE WERE MAMI AND EMIKO? AND WHAT WAS WAITING AHEAD? THINKING ABOUT IT MADE MY CHEST TIGHTEN.;2;14;0x56F5;0x574B;texto;;;;;;;;;;;;;
H3;127D;I WAS AT MY LIMIT... FORGET FINDING THE EXIT, I COULD NOT EVEN SEE AN EMERGENCY EXIT, EVEN THOUGH THERE SHOULD NORMALLY BE ONE...;4;12;0x574F;0x579D;texto;;;;;;;;;;;;;
H3;128D;THEN SOMETHING STRANGE CAUGHT MY EYE. A CUBE MADE OF GLASS WALLS. AT FIRST I DID NOT KNOW WHAT IT WAS.;5;11;0x57A1;0x57E8;texto;;;;;;;;;;;;;
H3;129D;IT WAS A PHONE BOX. HAVING ONE IN A PLACE LIKE THIS WAS CLEARLY SUSPICIOUS.;7;9;0x57FA;0x5828;texto;;;;;;;;;;;;;
H3;130D;I APPROACHED CAREFULLY. IF THIS PHONE REALLY WORKED, I COULD CONTACT SOMEONE OUTSIDE OR A STAFF MEMBER.;7;9;0x582C;0x5866;texto;;;;;;;;;;;;;
H3;131D;TRRRING! THE PHONE SUDDENLY STARTED RINGING. I FROZE. IN THE END, THIS REALLY WAS A HAUNTED HOUSE. WITH NO OTHER CHOICE, I PICKED UP THE RECEIVER. HELLO...?;2;14;0x5877;0x58DD;texto;;;;;;;;;;;;;
H3;132D;GOOD DAY, MISS! IT WAS THE SAME VOICE AS THE BRONZE STATUE AT THE ENTRANCE OF THE HAUNTED HOUSE.;7;9;0x58E9;0x5925;texto;;;;;;;;;;;;;
H3;133D;SO YOU ARE FINALLY ALONE, ARE YOU? ...PLEASE GET ME OUT OF HERE... I WAS EXHAUSTED.;5;11;0x592A;0x5966;texto;;;;;;;;;;;;;
H3;134D;THAT CANNOT BE! BUT IF YOU WISH TO JOIN US, I WOULD BE HAPPY TO WELCOME YOU TO MY MANSION! TO JOIN THEM... WHERE WERE MAMI AND EMIKO?;0;16;0x596B;0x59D7;texto;;;;;;;;;;;;;
H3;135D;IF YOU REFUSE, THERE IS NOTHING TO BE DONE. I HAVE AN EXCELLENT SUBORDINATE. I WILL LEAVE YOU TO HIM. THE PHONE CUT OFF. I HUNG UP. NO MATTER HOW SCARED I WAS, I HAD NO CHOICE BUT TO KEEP GOING.;2;14;0x59DF;0x5A4C;texto;;;;;;;;;;;;;
H3;136D;AFTER WALKING A WHILE, I REACHED ANOTHER SUSPICIOUS ROOM. A RED LIGHT DIMLY LIT THE ENTIRE PLACE. I LOOKED AROUND FOR A MOMENT.;2;14;0x639E;0x63FF;texto;;;;;;;;;;;;;
H3;137D;THE ROOM WAS MUCH NARROWER THAN THE ONES BEFORE, AND THERE WERE NO DOLLS. INSTEAD, VARIOUS SHAPES LINED AGAINST THE WALL MADE MY LEGS TREMBLE.;3;13;0x6403;0x645D;texto;;;;;;;;;;;;;
H3;138D;THEY WERE WESTERN TORTURE DEVICES I HAD SEEN BEFORE ON TV AND IN BOOKS. THIS ENTIRE CYLINDRICAL ROOM HAD BEEN RECREATED AS A TORTURE CHAMBER.;3;13;0x646B;0x64CC;texto;;;;;;;;;;;;;
H3;139D;FROM WHAT I COULD SEE, THERE WAS NO DOOR BEYOND THIS POINT. THE TORTURE TOOLS ON THE WALLS WERE HEAVY AND OLD, AS THOUGH THEY HAD ONCE BEEN ACTUALLY USED.;2;14;0x64D0;0x6532;texto;;;;;;;;;;;;;
H3;140D;HUMAN-SHAPED COFFINS COVERED IN SPIKES, ALONG WITH LARGE AND SMALL BLADES. SEVERAL OLD ROPES HUNG FROM THE CEILING, AND AT THE FAR END, A GUILLOTINE.;5;11;0x6536;0x6594;texto;;;;;;;;;;;;;
H3;141D;ALL OF THEM WERE HORRIFYING, SEEMINGLY STAINED WITH DRIED BLOOD. NOT KNOWING WHERE TO GO, I STEPPED INTO THE CENTER OF THE ROOM.;5;11;0x6598;0x65E0;texto;;;;;;;;;;;;;
H3;142D;THERE WAS NO WAY OUT ANYWHERE. I WAITED, BUT THERE WAS NO SIGN THAT A DOOR WOULD APPEAR.;7;9;0x65E4;0x6612;texto;;;;;;;;;;;;;
H3;143D;RUMBLE RUMBLE... SUDDENLY THE SIDE WALL BEGAN TO MOVE, AND FROM IT EMERGED A MUSCULAR MAN WITH A COVERED FACE. HE WAS PROBABLY THE ATTENDANT OF THIS ROOM.;3;13;0x661E;0x6687;texto;;;;;;;;;;;;;
H3;144D;I COULD QUICKLY GUESS HIS SPECIALTY. HE APPROACHED ME ONE STEP AT A TIME.;8;7;0x668B;0x66BC;texto;;;;;;;;;;;;;
H3;145D;PICK ONE OF THE TWO. THE MAN SAID IN A LOW, ALMOST GROWLING VOICE.;10;6;0x66C0;0x66DF;texto;;;;;;;;;;;;;
H3;146D;WHAT CAME INTO MY FIELD OF VISION WERE TWO TORTURE DEVICES. ONE WAS A GUILLOTINE, EASY ENOUGH TO GUESS ITS PURPOSE.;5;11;0x66E3;0x672A;texto;;;;;;;;;;;;;
H3;147D;THE OTHER WAS AN IRON MAIDEN. INSIDE IT WERE SEVERAL METAL SPIKES. IT WAS DESIGNED SO THAT ONCE YOU ENTERED AND THE DOOR CLOSED, YOUR WHOLE BODY WOULD BE PIERCED...;3;13;0x672E;0x6786;texto;;;;;;;;;;;;;
H3;148D;2.@@1.@PICK COF@GU@ONE@ FIN@IL@OF@@ .@@@LO@THE@ @@@@TI@TWO. @@@@NE@HE@@ @@@@.@@SAID @@@@@@@IT@@ @@@@@@@AGAI @@@@@@@N.@@;5;11;0x678A;0x67C0;pregunta;;3;1;2;1;4;0;1. GUILLOTINE.;2. COFFIN.;PICK ONE OF THE TWO. HE SAID IT AGAIN.;;;
H3;149D;WHEN I LOOKED AT THE COFFIN, THE MAN WORDLESSLY GRABBED MY SHOULDER. WITH TREMENDOUS FORCE, I COULD NOT RESIST. LET GO! SCREAMING WAS ALL I COULD DO.;2;14;0x730B;0x736C;texto;;;;;;;;;;;;;
H3;150D;THE MAN SHOVED ME INTO THE COFFIN. I DID NOT HAVE A SINGLE MOMENT TO MOVE.;9;7;0x7378;0x73A5;texto;;;;;;;;;;;;;
H3;151D;BANG. THE DOOR CLOSED. BUT... NOTHING PIERCED MY BODY.;7;9;0x73BB;0x73E7;texto;;;;;;;;;;;;;
H3;152D;I DO NOT KNOW WHAT MECHANISM IT WAS, BUT WHEN I CAME TO, I WAS STANDING IN A HALLWAY. SOMEHOW THE COFFIN MUST HAVE BEEN CONNECTED TO IT.;6;10;0x73EB;0x7435;texto;;;;;;;;;;;;;
H3;153D;IN THE END, THIS IS STILL JUST A HAUNTED HOUSE. THERE IS NO REAL DANGER TO MY LIFE. EVEN IF I AM SCARED, I HAVE TO KEEP GOING.;7;9;0x7439;0x7476;texto;;;;;;;;;;;;;
H3;157D;HOPEFULLY, I TURNED AROUND ONE MORE TIME. BUT AS EXPECTED, I COULD NOT SEE ANYONE THERE.;8;8;0xA3A9;0xA3CF;texto;;;;;;;;;;;;;
H3;158D;TAP TAP TAP, A SOUND. IT SOUNDED LIKE BARE FOOTSTEPS. I QUICKENED MY PACE AND KEPT WALKING.;7;9;0xA3DB;0xA41A;texto;;;;;;;;;;;;;
H3;159D;BUT THAT SOUND ALSO SPED UP AND KEPT FOLLOWING ME. OUT OF PURE FEAR I BROKE INTO A RUN, BUT IT CAUGHT UP IMMEDIATELY.;5;11;0xA41E;0xA465;texto;;;;;;;;;;;;;
H3;160D;TAP TAP TAP TAP... TAP TAP TAP TAP... TAP TAP TAP TAP...;5;9;0xA473;0xA4EC;texto;;;;;;;;;;;;;
H3;161D;AAAAAAH! I SCREAMED AND DROPPED TO THE GROUND, HUGGING MY KNEES. THEN THAT SOUND PASSED BY ME AND VANISHED, AS THOUGH ABSORBED INTO THE WALL.;2;14;0xA4F6;0xA555;texto;;;;;;;;;;;;;
H3;162D;I MOVED FORWARD, STAYING ALERT TO MY SURROUNDINGS.;12;4;0xA559;0xA56E;texto;;;;;;;;;;;;;
H3;166E;REIKA! EMIKO CALLED OUT, RUNNING FROM THE OTHER END OF THE HALL. THANK GOODNESS, I THOUGHT YOU WERE DEAD.;7;9;0xC57B;0xC5B4;texto;si;;;;;;;;;;;;
H3;167E;THERE IS NO WAY WE WOULD DIE IN A THEME PARK, I REPLIED WITH A SMILE. THE TENSION EASED. WE LAUGHED TOGETHER FOR A WHILE.;4;12;0xC5B8;0xC601;texto;si;;;;;;;;;;;;
H3;168E;WE STARTED MOVING DOWN THE HALL AGAIN. A SOUND APPROACHED FROM BEHIND. DRIP, DRIP. WE LOOKED BACK IN FEAR, BUT THE DIM LIGHT DID NOT REACH FAR ENOUGH TO SEE ANYTHING.;2;14;0x7B47;0x7BB5;texto;si;;;;;;;;;;;;
H3;169E;2.@@1.@@MAY ASK@LOO@BE@ EMI@K@@@IT@ KO.@BAC@WAS @@@@K.@@MAM @@@@@@@@I.@;5;11;0x7BBB;0x7BEB;pregunta;si;3;1;3;1;3;0;1. LOOK BACK.;2. ASK EMIKO.;MAYBE IT WAS MAMI.;;;
H3;170E;WE STOPPED AND SO DID THE SOUND. WE PICKED UP SPEED BUT IT MATCHED US.;8;8;0x9C89;0x9CAF;texto;si;;;;;;;;;;;;
H3;171E;IT SOUNDED LIKE BARE FOOTSTEPS. FEAR MADE US BREAK INTO A RUN.;5;11;0x9CB3;0x9D03;texto;si;;;;;;;;;;;;
H3;172E;IT SOUNDED LIKE BARE FOOTSTEPS. FEAR MADE US RUN.;10;6;0x9D07;0x9D2D;texto;si;;;;;;;;;;;;
H3;173E;IT SOUNDED LIKE BARE FOOTSTEPS. FEAR MADE US BREAK INTO A RUN. THEN THE SOUND SPED UP EVEN MORE AND CAME STRAIGHT FOR US.;5;11;0x9D33;0x9D53;texto;si;;;;;;;;;;;;
H3;174E;WE RAN TO THE END OF THE HALL AND HIT A DEAD END. EVEN SO, THAT INVISIBLE THING SLOWLY APPROACHED US.;5;11;0x9D58;0x9D9D;texto;si;;;;;;;;;;;;
H3;175E;DRIP DRIP...;5;11;0x9DAB;0x9E24;texto;si;;;;;;;;;;;;
H3;176E;AAAAAAH! WE ALL SCREAMED IN UNISON AND DROPPED TO THE GROUND HUGGING OUR KNEES.;8;8;0x9E2E;0x9E5D;texto;si;;;;;;;;;;;;
H3;177E;THEN THE SOUND PASSED BY US AND VANISHED, AS IF ABSORBED INTO THE OTHER SIDE OF THE WALL. EMIKO AND I KEPT MOVING, STAYING ALERT TO OUR SURROUNDINGS.;3;13;0x9E61;0x9EB6;texto;si;;;;;;;;;;;;
H3;178E;AFTER A WHILE WE CAME UPON A DOOR. CREEEAK. I OPENED THE NEAREST DOOR. INSIDE THERE WAS NOTHING THAT COULD FRIGHTEN US. IT LOOKED LIKE A STUDY.;2;14;0x9EBE;0x9F3D;texto;si;;;;;;;;;;;;
H3;179E;A LITTLE LET DOWN BUT STILL CAREFUL, WE WENT INSIDE. THREE OF THE WALLS WERE SHELVES PACKED FULL OF BOOKS WITH NO GAPS.;7;9;0x9F42;0x9F85;texto;si;;;;;;;;;;;;
H3;180E;OPENING THE CURTAIN AND LOOKING OUT THE WINDOW, WE SAW A FOREST AND A HILLSIDE. IN THAT LANDSCAPE, LIGHTS BEGAN TO APPEAR, ONE BY ONE...;4;12;0x9F8A;0x9FDF;texto;si;;;;;;;;;;;;
H3;181E;AND THOSE LIGHTS GREW LARGER, ALL HEADING THIS WAY.;9;7;0x9FE3;0xA00C;texto;si;;;;;;;;;;;;
H3;182E;COULD THERE BE A HIDDEN MECHANISM HERE? EMIKO ASKED. ALL THE BOOKS ON THE SHELF SEEMED TO BE IN FOREIGN LANGUAGES AND NONE LOOKED READABLE. THERE WAS ONLY A DESK.;0;16;0xA010;0xA075;texto;si;;;;;;;;;;;;
H3;183E;2.@@1.@@THERE LOO@LOO@WAS@@ K@@@K@@@A@@@@ AT@@AT@@NOTEB THE@THE@OOK@@ BOO@NOT@ON@@@ KS.@EBO@THE@@ @@@@OK.@DESK.;3;13;0xA079;0xA0B4;pregunta;si;3;1;3;1;5;0;1. LOOK AT THE NOTEBOOK.;2. LOOK AT THE BOOKS.;THERE WAS A NOTEBOOK ON THE DESK.;;;
H3;184E;WE GATHERED AND OPENED THE NOTEBOOK. IT SEEMED TO HAVE BEEN WRITTEN IN BY PEOPLE WHO HAD COME TO THE HAUNTED HOUSE. THERE WAS A PEN BESIDE IT.;5;11;0xA0C1;0xA110;texto;si;;;;;;;;;;;;
H3;185E;...WHAT IS THIS... EMIKO EXCLAIMED. THE NOTEBOOK HAD ONLY THREE THINGS WRITTEN IN IT.;7;9;0xA114;0xA14D;texto;si;;;;;;;;;;;;
H3;186E;HELP ME... HELP ME... HELP ME...;2;14;0xA161;0xA19A;texto;si;;;;;;;;;;;;
H3;187E;I AM SORRY... I AM SORRY... I AM SORRY...;2;14;0xA1A0;0xA1CE;texto;si;;;;;;;;;;;;
H3;188E;I COULD NOT MOVE, AND COULD NOT EVEN MAKE A SOUND.;10;6;0xA1D2;0xA1F0;texto;si;;;;;;;;;;;;
H3;189E;REIKA... EMIKO SAID WITH CONCERN. I AM FINE, I REPLIED, THOUGH IN TRUTH I WAS NOT REALLY.;4;12;0xA1F4;0xA233;texto;si;;;;;;;;;;;;
H3;190E;...LET US GO TO THE NEXT ROOM, EMIKO SAID. THERE WAS SOME SOUND.;7;9;0xACBA;0xACE5;texto;si;;;;;;;;;;;;
H3;191E;I LISTENED CLOSELY. WHAT COULD THAT BE? I ASKED EMIKO IF SHE HEARD IT TOO. IT SEEMED THE SOUND WAS REACHING HER AS WELL.;7;9;0xACEA;0xAD23;texto;si;;;;;;;;;;;;
H3;192E;I TILTED MY HEAD IN CONFUSION, BUT GRABBED THE DOORKNOB TO MOVE TO THE NEXT ROOM. AH...! I PULLED MY HAND AWAY AT ONCE. IT WAS HOT. THE DOORKNOB WAS SCORCHING.;2;14;0xAD27;0xAD89;texto;si;;;;;;;;;;;;
H3;193E;IT CANNOT BE... COULD IT BE A FIRE? THIS SOUND ALSO SEEMED LIKE SOMETHING BURNING.;7;9;0xAD8D;0xADC8;texto;si;;;;;;;;;;;;
H3;194E;EMIKO'S FACE ALSO WENT PALE. SHE HAD SURELY REACHED THE SAME CONCLUSION. A HAUNTED HOUSE ON FIRE... I FELT LIKE I WAS GOING TO PASS OUT.;3;13;0xADCD;0xAE1E;texto;si;;;;;;;;;;;;
H3;195E;I RAN FOR THE DOOR WE HAD COME THROUGH. THE DOORKNOB WAS HOT AND ALSO LOCKED. IT WOULD NOT OPEN. WE WERE TRAPPED... DESPAIR WASHED OVER US.;2;14;0xAE22;0xAE86;texto;si;;;;;;;;;;;;
H3;196E;HEH HEH HEH... A COLD LAUGH RANG OUT.;10;6;0xAE8F;0xAEC1;texto;si;;;;;;;;;;;;
H3;197E;VISITORS ON A NIGHT LIKE THIS... WE TURNED AROUND. WITHOUT US NOTICING, AN OLD WOMAN HAD BEEN SITTING IN THE CHAIR BY THE WINDOW.;5;11;0xAEC5;0xAF1C;texto;si;;;;;;;;;;;;
H3;198E;IN A WORD, SHE WAS A WITCH WITH A POINTED HAT AND BLACK CLOTHES, LIKE THOSE FROM FAIRY TALES. YES, I AM A WITCH, SHE SAID, AS IF READING MY MIND.;4;12;0xAF20;0xAF79;texto;si;;;;;;;;;;;;
H3;199E;GUESTS WHO CAME ON MY FINAL NIGHT... I MUST WELCOME THEM PROPERLY. THE OLD WOMAN LAUGHED, BARING HER CROOKED TEETH.;5;11;0xAF7D;0xAFCD;texto;si;;;;;;;;;;;;
H3;200E;WHAT DO YOU MEAN? EMIKO ASKED. DID YOU NOT LOOK OUTSIDE? TONIGHT IS THE NIGHT OF THE WITCH HUNT. THIS MANSION WILL BURN TO THE GROUND TONIGHT... HEH HEH HEH.;2;14;0xAFD1;0xB032;texto;si;;;;;;;;;;;;
H3;201E;THE OLD WOMAN BURST INTO LAUGHTER, CLUTCHING HER BELLY AS IF IT WERE THE FUNNIEST THING. ...IT CANNOT BE, IS THERE NO WAY OUT? EMIKO ASKED, ALMOST PLEADING.;3;13;0xB038;0xB085;texto;si;;;;;;;;;;;;
H3;202E;IT IS TOO LATE. THE MOMENT THE OLD WOMAN SAID THAT, AS IF ON CUE, THE OUTSIDE TURNED RED. IT WOULD NOT LAST MUCH LONGER.;7;9;0xB089;0xB0C8;texto;si;;;;;;;;;;;;
H3;203E;BUT WELL, I DO KNOW OF AN EXIT. WOULD YOU LIKE TO ESCAPE THROUGH IT? OF COURSE! WE ANSWERED IN UNISON.;5;11;0xB0CC;0xB10C;texto;si;;;;;;;;;;;;
H3;204E;THEN THE OLD WOMAN LAUGHED HEARTILY AGAIN. ARE YOU NOT FORGETTING SOMETHING? I AM A WITCH. WILL YOU TRUST ME KNOWING THAT?;4;12;0xB110;0xB167;texto;si;;;;;;;;;;;;
H3;205E;2.@@1.@@TRUE. DEC@LEA@..@@@ IDE@VE@@THE@@ MYS@IT@@OLD@@ ELF@TO@@WOMAN .@@@EMI@MIGHT @@@@KO.@BE@@@ @@@@@@@@LYING @@@@@@@@.@@@@;3;13;0xB16C;0xB1AF;pregunta;si;3;1;3;1;5;0;1. LEAVE IT TO EMIKO.;2. DECIDE MYSELF.;TRUE... THE OLD WOMAN MIGHT BE LYING.;;;
H3;206E;I THOUGHT WE SHOULD FOLLOW THE OLD WOMAN. EMIKO NODDED AT MY WORDS.;7;9;0xB1D2;0xB201;texto;si;;;;;;;;;;;;
H3;207E;GOOD GIRLS. I TOOK THOSE WORDS TO HEART. AS THE OLD WOMAN SLOWLY ROSE TO HER FEET, THE DOOR THAT SHOULD HAVE BEEN LOCKED OPENED.;5;11;0xC6C7;0xC710;texto;si;;;;;;;;;;;;
H3;208E;THIS WAY, THE OLD WOMAN SAID, TOTTERING TOWARD THE DOOR. WE HURRIED TO FOLLOW. THE WAY IT OPENED SO EASILY MADE ME FEEL WE WERE SOMEHOW BEING TRICKED.;2;14;0xC714;0xC76C;texto;si;;;;;;;;;;;;
H3;209E;WE MOVED DOWN THE HALL WITH THE OLD WOMAN LEADING THE WAY. IT WAS A HALL WE HAD NEVER SEEN, SO WE HAD NO IDEA WHERE WE WERE GOING. THE FIRE HAD NOT REACHED THIS AREA AND THERE WAS NO HEAT OR SMOKE.;0;16;0xC780;0xC7E7;texto;si;;;;;;;;;;;;
H3;210E;IT IS THIS WAY. THE OLD WOMAN POINTED FURTHER DOWN THE HALL. THERE WAS A DOOR WAITING FOR US. THIS IS IT. WE BROKE INTO A RUN.;3;13;0xC7EB;0xC832;texto;si;;;;;;;;;;;;
H3;211E;WITH THIS WE WILL BE SAVED... THAT THOUGHT FILLED OUR MINDS. WE THREW THE DOOR WIDE OPEN. OUTSIDE WAS ON THE OTHER SIDE. BEFORE US SPREAD A FOREST. ALL WAS SILENT, WITH NO ONE AROUND.;0;16;0xC836;0xC8AA;texto;si;;;;;;;;;;;;
H3;212E;WHAT A RELIEF... WE ARE SAVED. WE SIGHED AND HELD OUR CHESTS.;9;7;0xC8AE;0xC8D3;texto;si;;;;;;;;;;;;
H3;213E;THE OLD WOMAN POINTED TO THE FOREST. CROSS THE FOREST. THAT WAY YOU CAN RETURN TO YOUR WORLD.;7;9;0xC8D9;0xC910;texto;si;;;;;;;;;;;;
H3;214E;AND WHAT WILL YOU DO? I ASKED. THIS IS MY HOME. I WILL BURN WITH IT, SHE SAID AND CLOSED THE DOOR.;4;12;0xC914;0xC95A;texto;si;;;;;;;;;;;;
H3;215E;LET US GO, EMIKO URGED AND I STARTED RUNNING. JUST BEFORE ENTERING THE FOREST, I LOOKED BACK. IT WAS NOT THE HAUNTED HOUSE WE HAD ENTERED. IT WAS A WESTERN MANSION, BUT DIFFERENT FROM THE HAUNTED HOUSE.;0;16;0xC95F;0xC9C3;texto;si;;;;;;;;;;;;
H3;216E;WE HAD TO KEEP GOING. WE RAN THROUGH THE FOREST. THE TREES BLOCKED THE SUNLIGHT AND EVEN THOUGH IT WAS DAY, IT WAS DARK. BUT THERE WAS NO UNDERGROWTH, SO IT WAS EASY TO RUN.;3;13;0xC9C7;0xCA1A;texto;si;;;;;;;;;;;;
H3;217E;WHERE SHOULD WE GO NOW...? I TRIPPED ON SOMETHING AND FELL TO THE GROUND. WHAT HAD TRIPPED ME WAS EMIKO'S FOOT.;3;13;0xCA1E;0xCA72;texto;si;;;;;;;;;;;;
H3;218E;WAIT! EMIKO, WITHOUT NOTICING I HAD FALLEN, KEPT RUNNING FURTHER AND FURTHER AWAY.;8;8;0xCA76;0xCAA1;texto;si;;;;;;;;;;;;
H3;219E;IT IS THE WITCH, I HEARD PEOPLE WHISPER. IS THAT THE WITCH? THERE WERE PEOPLE HIDDEN IN THE DARKNESS OF THE FOREST, WATCHING. THERE WERE MANY OF THEM.;3;13;0xCAA6;0xCAEB;texto;si;;;;;;;;;;;;
H3;220E;EACH OF THEM CARRIED TORCHES, SPEARS, OR HOES. THEIR CLOTHING WAS NOT THAT OF MODERN PEOPLE.;8;8;0xCAF0;0xCB20;texto;si;;;;;;;;;;;;
H3;221E;WE ARE COMPLETELY SURROUNDED. KILL HER! KILL HER! KILL HER! KILL HER! KILL HER! KILL HER! KILL HER!;2;14;0xCB32;0xCB8A;texto;si;;;;;;;;;;;;
H3;222E;THEY TIED ME WITH A ROPE AND DRAGGED ME TO A CROWDED SQUARE. REIKA! WHEN I LOOKED UP, I SAW MAMI, CRUCIFIED THERE.;2;14;0xCB8E;0xCBF8;texto;si;;;;;;;;;;;;
H3;223E;VERY WELL, BURN HER. ON THAT ORDER, THEY LIT THE FIRE. AAAH! HELP ME! I COULD DO NOTHING BUT STAND FROZEN AND WATCH AS MAMI BURNED.;0;16;0xCC02;0xCC62;texto;si;;;;;;;;;;;;
H3;224E;NOW, THE NEXT ONE IS HER. THE ONE WHO HAD BEEN GIVING ORDERS ALL ALONG WAS THE OLD WOMAN WHO HAD HELPED US. WITH THIS, THERE WILL BE NO WITCHES LEFT. PEACE WILL RETURN. HEHEHEHEHEHE.;2;14;0xCC66;0xCCD2;texto;si;;;;;;;;;;;;
H3;77F;THE DOLL RAISED ITS HEAD AND GLARED AT ME WITH RESENTFUL EYES. BANG! THE WALL ROTATED AGAIN. THE DOLL WAS SWALLOWED BACK INTO THE WALL.;4;12;0x1FFE;0x2058;texto;;;;;;;;;;;;;
H3;78F;MORE THAN SCARY, THAT WAS... SURPRISING, WE SAID. RELIEVED, WE ALL LAUGHED TOGETHER.;5;11;0x205C;0x2092;texto;;;;;;;;;;;;;
H3;79F;AND THE DOOR TO THE NEXT ROOM OPENED. WE MOVED FORWARD.;10;6;0x2096;0x20B8;texto;;;;;;;;;;;;;
H3;80F;BEYOND THE HALL THERE WAS A SPIRAL STAIRCASE. THE STONE WALLS HAD CANDELABRAS. IT WAS DIFFERENT FROM EVERYTHING BEFORE.;7;9;0x263A;0x267C;texto;;;;;;;;;;;;;
H3;81F;THE ROOM WAITING AHEAD WAS ALSO UNLIKE THE ONES BEFORE.;8;7;0x2680;0x26AA;texto;;;;;;;;;;;;;
H3;82F;IT WAS A VAST WESTERN-STYLE MARBLE ROOM WITH A HIGH CEILING FROM WHICH SEVERAL DAZZLING CRYSTAL CHANDELIERS HUNG. THE WALLS WERE LINED WITH A ROW OF GLEAMING GOLDEN ORNAMENTS.;0;16;0x26B6;0x2732;texto;;;;;;;;;;;;;
H3;83F;IT WAS A LAVISH ROOM THAT EVOKED MEDIEVAL NOBILITY. EVERYWHERE, WAX DOLLS DRESSED IN VIVID AND COLORFUL COSTUMES DANCED TOGETHER TO THE MUSIC.;2;14;0x2736;0x27AC;texto;;;;;;;;;;;;;
H3;84F;WITH EACH SPIN, THEIR NECKS CREAKED WITH A RATTLING SOUND. SUDDENLY EVERYTHING BECAME SO WESTERN, HUH? MAMI SAID.;5;11;0x27B0;0x27F7;texto;;;;;;;;;;;;;
H3;85F;AND ONE OF THE WAX DOLLS APPROACHED US. IT GRACEFULLY EXTENDED ITS HAND.;10;6;0x27FB;0x2821;texto;;;;;;;;;;;;;
H3;86F;IT WAS A NOBLE DOLL. WITH PERFECT FEATURES AND ELEGANT CLOTHING, HAD IT BEEN A REAL HUMAN IT WOULD HAVE LOOKED LIKE A PRINCE. BUT BEING A DOLL, IT WAS JUST CREEPY.;3;13;0x2825;0x2885;texto;;;;;;;;;;;;;
H3;87F;3.@@2.@@1.@REI@ HID@BE@@AC@KA,@ E@@@A@@@CE@SOM@ @@@@WAL@PT@EON@ @@@@LFL@TH@E@@@ @@@@OWE@E@@IS@@ @@@@R@@@DA@ASK@ @@@@@@@@NC@ING@ @@@@@@@@E@@YOU@ @@@@@@@@@@@TO@@ @@@@@@@@@@@DAN@ @@@@@@@@@@@CE@@ @@@@@@@@@@@@@@@ @@@@@@@@@@@@@@@ @@@@@@@@@@@@@@@;1;15;0x2889;0x28D8;texto;;;;;;;;;;;;;
H3;88F;NO HELP FOR IT, I WILL GO, EMIKO SAID, STEPPED FORWARD AND TOOK THE DOLL'S HAND. AND SHE BEGAN TO DANCE.;7;9;0x2CA3;0x2CD8;texto;;;;;;;;;;;;;
H3;89F;EMIKO DANCED SO WELL THE DOLL WAS NO MATCH FOR HER. IN THE END, IT IS JUST A DOLL, SHE MURMURED WITH A CALM SMILE.;3;13;0x2CDD;0x2D36;texto;;;;;;;;;;;;;
H3;90F;AFTER A WHILE THE MUSIC STOPPED. CREEEAK. AND THEN THE DOOR TO THE NEXT ROOM OPENED.;8;8;0x2D3A;0x2D71;texto;;;;;;;;;;;;;
H3;91F;THE HALL CONTINUED INTO DARKNESS. A WORRIED SOUND SLIPPED FROM MY LIPS - WHAT IS HAPPENING? I COULD NOT STOP THINKING IT MIGHT ESCAPE AT ANY MOMENT.;2;14;0x2FBB;0x3013;texto;;;;;;;;;;;;;
H3;92F;2.@@1.@@A@@@@@@@ THE@THE@FORK.@@@ OLD@YOU@YOUNG@@@ ONE@NG@@FACES@@@ S@@@ONE@ON@@@@@@ ON@@S@@@THE@@@@@ THE@ON@@RIGHT,@@ LEF@THE@OLD@@@@@ T.@@RIG@ONES@@@@ @@@@HT.@ON@@@@@@ @@@@@@@@THE@@@@@ @@@@@@@@LEFT.@@@;0;16;0x3025;0x3088;pregunta;;3;1;3;1;8;0;1. THE YOUNG ONES ON THE RIGHT.;2. THE OLD ONES ON THE LEFT.;A FORK. YOUNG FACES ON THE RIGHT, OLD ONES ON THE LEFT.;;;
H3;93F;LET'S GO RIGHT, I SUGGESTED. EITHER ONE IS FINE WITH ME, MAMI REPLIED.;7;9;0x317D;0x31AC;texto;;;;;;;;;;;;;
H3;94F;WE TURNED RIGHT AND KEPT MOVING DOWN THE PATH.;10;6;0x31B8;0x31D4;texto;;;;;;;;;;;;;
H3;95F;AS WE MOVED ALONG, AT SOME POINT THE WALLS BEGAN TO LOOK CRUMBLED. WHAT IS THIS? I TOUCHED THE WALL. MORE THAN DECORATION, IT LOOKED LIKE SOMETHING HAD SCRATCHED IT.;2;14;0x31D8;0x3239;texto;;;;;;;;;;;;;
H3;96F;CLANG. A LOUD CRASH SOUNDED AND THE LIGHTS AROUND US WENT OUT.;9;7;0x3245;0x326C;texto;;;;;;;;;;;;;
H3;97F;RUMBLE RUMBLE RUMBLE... IN THE DARKNESS A GREAT NOISE ECHOED. WHAT? WHAT IS HAPPENING?;7;9;0x3278;0x32AC;texto;;;;;;;;;;;;;
H3;98F;I SCREAMED AS LOUD AS I COULD BUT NO ONE ANSWERED. THE FLOOR BENEATH MY FEET STARTED TO TREMBLE. NOT JUST THE FLOOR - THE WALLS AND CEILING VIBRATED WITH A TINGLING FEELING.;2;14;0x32B0;0x3312;texto;;;;;;;;;;;;;
H3;99F;SOMETHING BUMPED INTO MY SHOULDER. WHAT HAPPENED? WHAT? SOMETHING HIT ME? THERE WAS NO REPLY.;3;13;0x3316;0x3358;texto;;;;;;;;;;;;;
H3;100F;AGAIN SOMETHING HIT MY SHOULDER. IT WAS NOT A PERSON. IT WAS THE WALL. I COULD NOT SEE WELL IN THE DARKNESS, BUT THE WALL WAS CLOSING IN!;4;12;0x335E;0x33A5;texto;;;;;;;;;;;;;
H3;101F;RUN! I STARTED RUNNING, PUSHING THE OTHER TWO FORWARD. AHEAD I SAW A BRIGHT LIGHT. I THREW MYSELF TOWARD IT.;5;11;0x33AA;0x33EA;texto;;;;;;;;;;;;;
H3;102F;THAT WAS CLOSE, WAS IT NOT? THE WALL CAME NO CLOSER AFTER THAT.;10;6;0x33EE;0x3414;texto;;;;;;;;;;;;;
H3;103F;AS WE MOVED ON A BIT, THIS TIME WE CAME TO A NARROW TUNNEL. IT SEEMED ONLY ONE PERSON COULD PASS THROUGH AT A TIME.;5;11;0x7CD0;0x7D21;texto;;;;;;;;;;;;;
H3;104F;2.@1.@WHO AF@RE@GOE TE@IK@S@@ R@@A@@FIR YO@GO@ST? U.@ES@@@@ @@@FI@@@@ @@@RS@@@@ @@@T.@@@@;7;9;0x7D26;0x7D53;pregunta;;2;1;2;1;3;0;1. REIKA GOES FIRST.;2. AFTER YOU.;WHO GOES FIRST?;;;
H3;105F;ME FIRST, I SAID CHEERFULLY TO HIDE MY FEAR. BEING LEFT ALONE IN A PLACE LIKE THIS WOULD BE AWFUL. AH, WHAT IS GOING ON? EMIKO SUDDENLY ASKED WITH A HAPPY TONE.;0;16;0x7D5F;0x7DC5;texto;;;;;;;;;;;;;
H3;106F;HERE I COME! AND I DROPPED MY WEIGHT ONTO THE DARK SLIDE.;10;6;0x7DC9;0x7DEA;texto;;;;;;;;;;;;;
H3;107F;INSIDE IT WAS NOT COMPLETELY DARK, THERE WAS A FAINT LIGHT ON. THE WALLS WERE ALL MIRRORS AND MY OWN REFLECTION PROJECTED ON THEM. WHAT AN UNPLEASANT DESIGN.;2;14;0x380B;0x3867;texto;;;;;;;;;;;;;
H3;108F;I CAME OUT OF THE TUNNEL AND MY FEET TOUCHED THE GROUND. TAKING A STEP, I SAW THE ENTIRE WALL WAS COVERED IN MIRRORS SET AT DIFFERENT ANGLES AND BEFORE I KNEW IT I LET OUT A STARTLED CRY.;2;14;0x386D;0x38C8;texto;;;;;;;;;;;;;
H3;109F;IN THE MIRRORS MANY REFLECTIONS OF MY FIGURE OVERLAPPED, EACH DISTORTED IN A DIFFERENT WAY. SOME STRETCHED UP AND DOWN, OTHERS STRETCHED SIDEWAYS.;3;13;0x38CD;0x391D;texto;;;;;;;;;;;;;
H3;110F;OTHERS APPEARED SQUASHED. STRANGE FIGURES EVERYWHERE.;10;6;0x3921;0x3946;texto;;;;;;;;;;;;;
H3;111F;THROUGH THE MIRRORS I SAW THE FIGURES OF MAMI AND EMIKO. I WONDERED IF ALL THREE OF US HAD FALLEN INTO DIFFERENT SPOTS, BUT MIDWAY I NOTICED SOMETHING WAS WRONG.;3;13;0x2229;0x227D;texto;;;;;;;;;;;;;
H3;112F;REFLECTED ALONGSIDE THOSE TWO WAS SOMEONE IDENTICAL TO ME. HEY LET'S GO, HURRY UP! WHAT IS WITH YOU REIKA, SUDDENLY SO DECISIVE. DID SOMETHING HAPPEN?;0;16;0x2282;0x22E5;texto;;;;;;;;;;;;;
H3;113F;IT IS NOTHING. MAMI AND EMIKO, HOLDING HANDS WITH SOMEONE WHO LOOKED LIKE ME, LEFT THE MIRROR ROOM. I, FROM INSIDE THE MIRROR, WATCHED AS THEY WALKED AWAY.;2;14;0x22E9;0x234D;texto;;;;;;;;;;;;;
H3;128G;NO, I DO NOT WANT IT. I SHOOK MY HEAD IN DISGUST. ALL THE DOLLS AT THE TABLE STARED AT US AT ONCE.;7;9;0x4E2D;0x4E64;texto;;;;;;;;;;;;;
H3;129G;CREAK. BEHIND ME I HEARD THE SOUND OF A DOOR OPENING. I JUMPED THROUGH THE GAP AND PUSHED THE DOOR SHUT WITH ALL MY STRENGTH. WHEN THE HEAVY IRON FINALLY SEPARATED THE TWO SPACES, I HEARD A DULL SOUND BENEATH MY FEET.;0;16;0x4E70;0x4EDA;texto;;;;;;;;;;;;;
H3;130G;LOOKING DOWN, I SAW THE LITTLE GIRL DOLL'S ARM, STILL HOLDING THE APPLE, HAD SNAPPED OFF AND WAS ROLLING ON THE FLOOR. I COULD NOT EVEN SCREAM, AND JUST STARED AT IT FOR A WHILE.;3;13;0x4EDE;0x4F35;texto;;;;;;;;;;;;;
H3;154G;I GLANCED TOWARD THE GUILLOTINE. THEN THE MAN WORDLESSLY GRABBED MY SHOULDER. WITH TREMENDOUS FORCE, I COULD NOT RESIST. LET GO OF ME! SCREAMING WAS ALL I COULD DO.;0;16;0x7087;0x70F3;texto;;;;;;;;;;;;;
H3;155G;THE MAN TIED ME TO THE GUILLOTINE. I COULD NOT MOVE AT ALL. IN FRONT OF MY EYES HUNG A ROPE. IF I PULLED THAT ROPE THE BLADE WOULD FALL AND TAKE MY HEAD OFF AT THE SAME TIME.;2;14;0x70F8;0x7165;texto;;;;;;;;;;;;;
H3;156G;DO IT YOURSELF. THE MAN SAID AND LEFT THE ROOM. DO IT MYSELF? MEANING PULL THIS ROPE WITH MY OWN HANDS. I STRETCHED OUT MY NUMB HANDS AND GRIPPED THE ROPE.;2;14;0x716A;0x71DB;texto;;;;;;;;;;;;;
H3;157G;AFTER A MOMENT OF HESITATION, I PULLED WITH ALL MY STRENGTH. SHHHAK! A METALLIC SOUND SLID THROUGH THE AIR. I COULD NOT HELP CLOSING MY EYES.;5;11;0x71E0;0x7223;texto;;;;;;;;;;;;;
H3;158G;CLANG! A SHARP SOUND RANG OUT. MY HEAD... SEEMED TO BE FINE.;7;9;0x722C;0x7260;texto;;;;;;;;;;;;;
H3;159G;I SAT UP. THE BONDS HOLDING MY HANDS AND FEET HAD COME COMPLETELY LOOSE. IT SEEMED THAT PULLING THE ROPE RELEASED THE RESTRAINTS.;4;12;0x7265;0x72AF;texto;;;;;;;;;;;;;
H3;160G;IN THE END THIS WAS A HAUNTED HOUSE. IT WAS SCARY AT FIRST, BUT IN THE END IT CALMED DOWN. I DECIDED TO LEAVE THE ROOM AND MOVE DOWN THE HALL.;3;13;0x72B3;0x7303;texto;;;;;;;;;;;;;
H3;155V;AT THAT MOMENT I HEARD THE SOUND OF HEAVY FOOTSTEPS ECHOING FROM THE HALL. I RAN BACK INTO THE ROOM. THAT MAN HAD RETURNED.;4;12;0x77DA;0x7822;texto;;;;;;;;;;;;;
H3;156V;I DECIDED TO HIDE INSIDE THE WARDROBE. I SLIPPED INSIDE. THAT WAY HE WOULD NOT NOTICE I WAS THERE.;5;11;0x7826;0x7864;texto;;;;;;;;;;;;;
H3;157V;HIS FOOTSTEPS COULD BE HEARD ECHOING. CLANG, AND THEN A SMALL METALLIC SOUND... IT CANNOT BE. I TRIED PUSHING THE DOOR. IT WOULD NOT OPEN. THAT MAN HAD LOCKED IT!;0;16;0x7869;0x78CA;texto;;;;;;;;;;;;;
H3;158V;I BANGED ON THE DOOR WITH ALL MY STRENGTH. THEN FROM THE OTHER SIDE OF THE COFFIN I HEARD A SMALL VOICE. OPEN UP!;7;9;0x78CF;0x7913;texto;;;;;;;;;;;;;
H3;159V;SHE IS NOT HERE EITHER, REIKA... IT WAS EMIKO'S VOICE. I AM IN HERE! I BANGED ON THE DOOR EVEN HARDER. HEY EMIKO, THAT COFFIN IS MOVING. DID YOU NOTICE?;2;14;0x7917;0x7978;texto;;;;;;;;;;;;;
H3;160V;HELP! OPEN UP! I SCREAMED WITH ALL MY STRENGTH AND KEPT BANGING THE DOOR. THIS IS A TRAP. LET'S LEAVE IT AND FIND REIKA FAST. YEAH, YOU ARE RIGHT.;2;14;0x797C;0x79E9;texto;;;;;;;;;;;;;
H3;196G;I WILL GO WITH THE OLD WOMAN, I SAID. GOOD GIRL. I HEARD THOSE WORDS CLEARLY, SHE REPLIED. WHEN THE OLD WOMAN SLOWLY ROSE TO HER FEET, THE DOOR OPENED.;4;12;0xBD60;0xBDBD;texto;;;;;;;;;;;;;
H3;197G;SEARCHING FOR OXYGEN, THE FLAMES ENTERED THE ROOM. AAAH! THE FIRE CAME AT ME... BUT JUST BEFORE REACHING ME, IT SPLIT IN TWO.;5;11;0xBDD1;0xBE19;texto;;;;;;;;;;;;;
H3;198G;EH!? COME, LET US GO THIS WAY. WHEN THE OLD WOMAN CROSSED THE DOORWAY, A PATH OPENED UP THROUGH THE FLAMES.;7;9;0xBE1E;0xBE4E;texto;;;;;;;;;;;;;
H3;199G;STAY CALM, COME THIS WAY. I FOLLOWED THE OLD WOMAN FEARFULLY. THOUGH IT WAS HOT, I DID NOT ACTUALLY BURN OR FEEL MY BODY SUFFERING.;3;13;0xBE52;0xBEA8;texto;;;;;;;;;;;;;
H3;200G;THE OLD WOMAN MOVED ALONG A PATH I HAD NEVER SEEN. IT IS THIS WAY. THE OLD WOMAN POINTED TO THE END OF THE HALL. THERE WAS A DOOR.;5;11;0xBEAE;0xBEEF;texto;;;;;;;;;;;;;
H3;201G;THIS IS IT. I STARTED RUNNING. WITH THIS I CAN ESCAPE... THAT THOUGHT TOOK HOLD OF ME. I THREW THE DOOR OPEN.;5;11;0xBEF3;0xBF33;texto;;;;;;;;;;;;;
H3;202G;N-NO WAY... THAT PLACE WAS THE SAME STUDY AS BEFORE. YOU DID NOT TRUST ME, DID YOU? THE OLD WOMAN'S VOICE RANG OUT. WITH A SLAM THE DOOR CLOSED AT THE SAME TIME.;2;14;0xBF3D;0xBF9F;texto;;;;;;;;;;;;;
H3;203G;BY REFLEX I GRABBED THE DOORKNOB, BUT THE DOOR WOULD NOT OPEN. IN MY MIND, ONLY TWO WORDS REMAINED.;5;11;0xBFA5;0xBFEA;texto;;;;;;;;;;;;;
H3;204G;HELP ME HELP ME HELP ME HELP ME HELP ME HELP ME HELP ME HELP ME HELP ME HELP ME HELP ME HELP ME;2;13;0xBFF8;0xC031;texto;;;;;;;;;;;;;
H3;88H;I HID BEHIND THE OTHER TWO. I HAD NEVER DANCED, SO THERE WAS NO WAY I COULD DANCE WELL.;7;9;0x942E;0x9465;texto;;;;;;;;;;;;;
H3;89H;I WILL DANCE, MAMI SAID, TAKING THE DOLL'S HAND. AND SO SHE BEGAN TO DANCE.;8;8;0x9469;0x9496;texto;;;;;;;;;;;;;
H3;90H;MAMI'S DANCING COULD NOT BE CALLED GOOD BY ANY STRETCH. AHAHAHA, HEHEHEHE, AFTER A WHILE LAUGHTER BEGAN TO BE HEARD AROUND HER.;2;14;0x949B;0x94F8;texto;;;;;;;;;;;;;
H3;91H;THAT LAUGHTER WAS CLEARLY AIMED AT MAMI. MAMI STOPPED DANCING AND, SAYING THAT FOR A DOLL IT WAS TOO RUDE, SHE PUSHED IT.;4;12;0x94FC;0x955F;texto;;;;;;;;;;;;;
H3;92H;THE FALLEN DOLL'S HEAD CAME OFF AND RED LIQUID BEGAN TO POUR FROM IT. THE MUSIC STOPPED. MAMI'S FACE WENT A LITTLE PALE.;3;13;0x9564;0x95B9;texto;;;;;;;;;;;;;
H3;93H;CREEEAK. AND THEN THE DOOR TO THE NEXT ROOM OPENED.;10;6;0x95C5;0x95E5;texto;;;;;;;;;;;;;
H3;174J;STILL WITH SOME HOPE, I LOOKED BACK ONCE MORE. BUT THERE WAS STILL NO FIGURE TO BE SEEN. TAP TAP TAP, IT SOUNDED LIKE BARE ANKLES. WE LOOKED AT EACH OTHER AND QUICKENED OUR PACE.;0;16;0x9AA3;0x9B1A;texto;;;;;;;;;;;;;
H3;175J;BUT THAT SOUND ALSO SPED UP AND FOLLOWED US. OUT OF PURE FEAR WE ENDED UP RUNNING. EVEN SO, IT CAUGHT UP TO US IMMEDIATELY.;5;11;0x9B1E;0x9B65;texto;;;;;;;;;;;;;
H3;176J;TAP TAP TAP TAP TAP... TAP TAP TAP TAP TAP TAP... TAP TAP TAP TAP TAP TAP TAP TAP...;5;11;0x9B73;0x9BEC;texto;;;;;;;;;;;;;
H3;177J;KYAAAAA! EMIKO AND I SCREAMED AT THE SAME TIME AND DROPPED TO THE GROUND HUGGING OUR KNEES.;8;8;0x9BF6;0x9C28;texto;;;;;;;;;;;;;
H3;178J;THEN THAT SOUND PASSED BY US AND VANISHED, AS IF ABSORBED INTO THE OTHER SIDE OF THE WALL. EMIKO AND I KEPT MOVING, STAYING ALERT TO OUR SURROUNDINGS.;3;13;0x9C2C;0x9C81;texto;;;;;;;;;;;;;
H3;207J;I THINK WE SHOULD FOLLOW HER, EMIKO SAID FIRMLY.;10;6;0xE066;0xE087;texto;;;;;;;;;;;;;
H3;208J;GOOD GIRLS. I HEARD THOSE WORDS CLEARLY. WHEN THE OLD WOMAN SLOWLY ROSE TO HER FEET, THE DOOR THAT SHOULD HAVE BEEN LOCKED OPENED.;5;11;0xCD18;0xCD61;texto;;;;;;;;;;;;;
H3;209J;THIS WAY, THE OLD WOMAN SAID, TOTTERING AS SHE HURRIED THROUGH THE DOOR. THE WAY IT OPENED SO EASILY... SOMEHOW I FELT WE WERE BEING TRICKED.;2;14;0xCD65;0xCDBD;texto;;;;;;;;;;;;;
H3;210J;WE MOVED DOWN THE HALL WITH THE OLD WOMAN LEADING THE WAY. IT WAS A HALL WE HAD NEVER SEEN SO WE HAD NO IDEA WHERE WE WERE GOING. BUT THE FIRE HAD NOT REACHED THERE, THERE WAS NO HEAT OR SMOKE.;0;16;0xCDD1;0xCE38;texto;;;;;;;;;;;;;
H3;211J;IT IS FURTHER AHEAD, THE OLD WOMAN SAID, POINTING TO THE END OF THE HALL. A DOOR WAITED FOR US THERE.;7;9;0xCE3C;0xCE6D;texto;;;;;;;;;;;;;
H3;212J;THE EXIT! WE BROKE INTO A RUN. WITH THIS WE WILL BE SAVED... THAT THOUGHT COMPLETELY CONSUMED US. WE THREW THE DOOR WIDE OPEN.;5;11;0xCE71;0xCEB7;texto;;;;;;;;;;;;;
H3;213J;IT WAS OUTSIDE. A SMALL CLEARING OPENED UP AND BEYOND IT SPREAD A FOREST.;9;7;0xCEC9;0xCEF4;texto;;;;;;;;;;;;;
H3;214J;A CROWD WAITED THERE. EACH ONE CARRIED TORCHES, SPEARS, OR HOES. THEIR CLOTHING WAS NOT THAT OF PEOPLE FROM THE PRESENT DAY.;5;11;0xCEF8;0xCF40;texto;;;;;;;;;;;;;
H3;215J;IT WAS NOT THAT THEIR CLOTHES WERE RAGGED, BUT THEY WERE COMPLETELY DIFFERENT FROM OURS. UPON SEEING US, THEY APPROACHED EYEING US WARILY, AS THOUGH ON GUARD.;0;16;0xCF44;0xCFB4;texto;;;;;;;;;;;;;
H3;216J;NOT THAT WAY! GO AROUND THE BACK! THE ONE WHO SHOUTED THAT WAS THE OLD WOMAN. THEN THEY, AS IF ANSWERING HER CALL, CAME RUNNING AROUND TO THE BACK OF THE MANSION.;2;14;0xCFB8;0xD016;texto;;;;;;;;;;;;;
H3;217J;WELL THEN, LET'S GO, THE OLD WOMAN SAID AND LED US INTO THE FOREST. THE TREES BLOCKED THE SUNLIGHT AND EVEN THOUGH IT WAS DAY IT WAS DARK. BUT AS THERE WAS NO UNDERGROWTH IT WAS EASY TO WALK.;2;14;0xD01A;0xD07B;texto;;;;;;;;;;;;;
H3;218J;WHERE ARE WE GOING? JUST AS I WAS ABOUT TO ASK THAT... AH... THE OLD WOMAN HAD VANISHED.;5;11;0xD07F;0xD0C0;texto;;;;;;;;;;;;;
H3;219J;WE LOOKED AROUND NERVOUSLY BUT SHE WAS NOWHERE TO BE SEEN. OVER THERE! EMIKO POINTED.;7;9;0xD0C6;0xD100;texto;;;;;;;;;;;;;
H3;220J;WE CAME OUT OF THE FOREST. WE WERE IN FRONT OF THE HAUNTED HOUSE. AND THERE IT WAS, THE HAUNTED HOUSE, ALSO WRAPPED IN BLACK SMOKE, BURNING.;5;11;0xD10C;0xD156;texto;;;;;;;;;;;;;
H3;221J;WHAT A RELIEF... WE ARE SAVED. I COULD NOT HELP COLLAPSING RIGHT THERE. WE HAD MANAGED TO ESCAPE THE HAUNTED HOUSE AND WE WERE NOT GOING TO DIE IN THE FIRE.;2;14;0xD15A;0xD1AC;texto;;;;;;;;;;;;;
H3;222J;FROM PURE RELIEF, TEARS CAME TO MY EYES. BUT A SINGLE SENTENCE FROM EMIKO LEFT ME FROZEN. AND MAMI...!? IT WAS TRUE, MAMI... THE MANSION WAS STILL BURNING.;3;13;0xD1B2;0xD207;texto;;;;;;;;;;;;;
H3;223J;STAY CALM, SHE IS SURELY OUTSIDE WORRIED ABOUT US. I DID NOT EVEN BELIEVE THOSE WORDS MYSELF.;7;9;0xD20B;0xD247;texto;;;;;;;;;;;;;
H3;224J;AFTER THAT, MAMI NEVER CAME HOME. NO BODY WAS FOUND AT THE FIRE SITE EITHER.;7;9;0xD24D;0xD282;texto;;;;;;;;;;;;;
H3;92K;BEFORE I COULD SAY ANYTHING, EMIKO WAS ALREADY THERE. I HAD NO OBJECTION EITHER. LET'S GO LEFT.;8;8;0x3423;0x344C;texto;;;;;;;;;;;;;
H3;93K;THE THREE OF US STARTED WALKING AT THE SAME TIME. AND JUST AS WE TURNED THE CORNER... A FIGURE WAS WAITING FOR US. KYAAAA! IT WAS SO SUDDEN WE COULD NOT HELP SCREAMING.;3;13;0x3451;0x34C0;texto;;;;;;;;;;;;;
H3;94K;IT WAS A WARRIOR IN ARMOR. WITH EYES GLOWING LIKE WILL-O-THE-WISPS INSIDE THE HELMET, IT APPROACHED US. NO NO, LET'S GO BACK. I CLUNG TO THE OTHER TWO.;3;13;0x34C4;0x3517;texto;;;;;;;;;;;;;
H3;95K;WHAT ARE YOU SAYING, IT'S JUST A STAFF MEMBER. EMIKO LAUGHED AND APPROACHED THE WARRIOR. SHE SAID A WORD OR TWO AND CAME BACK.;3;13;0x351C;0x3573;texto;;;;;;;;;;;;;
H3;96K;MAMI TILTED HER HEAD AND ASKED. WHAT HAPPENED? WE ARE UNDER RENOVATION, HE SAID... THE WARRIOR BOWED HIS HEAD.;7;9;0x3578;0x35BF;texto;;;;;;;;;;;;;
H3;97K;AAH. ALL MY FEAR VANISHED AT ONCE. WE HAD NO CHOICE BUT TO TAKE THE RIGHT PATH.;7;9;0xA360;0xA394;texto;;;;;;;;;;;;;
H3;100K;I DID NOT REPLY, I JUST STOOD THERE IN A DAZE. WELL, WE HAVE NO CHOICE BUT TO GO, MAMI SAID.;5;11;0x7DF9;0x7E33;texto;;;;;;;;;;;;;
H3;101K;I WILL LET YOU KNOW WHEN I GET TO THE BOTTOM, MAMI SAID AND SLID DOWN WITHOUT HESITATION.;8;8;0x7E37;0x7E67;texto;;;;;;;;;;;;;
H3;102K;EMIKO STOOD BY THE SLIDE. NO, ME FIRST. I SAID YES, BUT AN IDEA HIT ME.;9;7;0x7E6B;0x7E96;texto;;;;;;;;;;;;;
H3;103K;IF EMIKO WENT FIRST, I WOULD BE LEFT ALONE UP HERE! EMIKO, I AM GOING FIRST, I STOPPED HER IN A HURRY. REALLY?;5;11;0x7E9B;0x7ED8;texto;;;;;;;;;;;;;
H3;104K;I PUSHED EMIKO ASIDE AND SLID MY BODY INTO THE TUNNEL.;4;12;0x7EDD;0x7F2D;texto;;;;;;;;;;;;;
H3;105K;AFTER WAITING A WHILE, A VOICE ECHOED FROM BELOW. YEAAAH, ALL GOOOD.;10;6;0x7F31;0x7F58;texto;;;;;;;;;;;;;
H3;110K;WHEN ALL THREE OF US WERE DOWN, LIGHTS CAME ON AND THE MIRRORS GLEAMED. AMAZING, MAMI SAID, EYES SPARKLING WITH EXCITEMENT.;4;12;0x3A45;0x3AA4;texto;;;;;;;;;;;;;
H3;111K;I HAD BEEN IN A MIRROR MAZE BEFORE, BUT NEVER ONE THIS COMPLEX AND ELABORATE. WELL, LET'S KEEP MOVING, MAMI SAID.;5;11;0x3AAA;0x3AF5;texto;;;;;;;;;;;;;
H3;112K;BUT WHICH WAY? LOOKING AGAIN AT THE COUNTLESS MIRRORS, OUR THREE FIGURES BLURRED AND DISTORTED SO MUCH THAT I COULD NO LONGER TELL WHICH WAS WHICH. I NEARLY GOT DIZZY.;3;13;0x3AF9;0x3B58;texto;;;;;;;;;;;;;
H3;113K;I FELT AS IF MY OWN BODY HAD TRULY TWISTED. ARE YOU DONE YET? A FAINT, DRAWN-OUT VOICE CAME FROM THE TUNNEL BEHIND US.;3;13;0x3B5C;0x3BC2;texto;;;;;;;;;;;;;
H3;114K;FOR A MOMENT WE ALL STOPPED AND TURNED TOWARD THE TUNNEL AT THE SAME TIME.;10;6;0x3BC7;0x3BF2;texto;;;;;;;;;;;;;
H3;115K;YEEES, ALL DONE. THIS TIME THE VOICE WAS LOUD, RIGHT BESIDE ME.;10;6;0x3BFC;0x3C22;texto;;;;;;;;;;;;;
H3;116K;KYAAAAAA! I SHUT MY EYES AND CLUNG TO MAMI. WHO WAS COMING DOWN THE TUNNEL?;7;9;0x3C36;0x3C6E;texto;;;;;;;;;;;;;
H3;117K;WE RAN. AND SUDDENLY THE MIRROR AHEAD OPENED. IT SEEMED TO BE THE ENTRANCE TO A ROOM. WE JUMPED INSIDE.;5;11;0x3C73;0x3CB7;texto;;;;;;;;;;;;;
H3;118K;THE NEXT ROOM WAS ONCE AGAIN A DOLL ROOM. ACROSS A LONG TABLE, DOLLS SAT EATING.;7;9;0x3CC2;0x3D08;texto;;;;;;;;;;;;;
H3;119K;WHEN WE ENTERED, THE DOLLS STARTED MOVING AGAIN. CLICK! CLACK! THEY SOUNDED AS THEY MOVED. UNLIKE THE DANCE ROOM, THERE WAS NOTHING ELEGANT HERE. THIN MALE AND FEMALE FIGURES SILENTLY LIFTED BREAD AND DISHES UP AND DOWN.;0;16;0x3D13;0x3D8D;texto;;;;;;;;;;;;;
H3;120K;THE NEARLY BURNED-OUT CANDLELIGHT MADE THE PLACE EVEN MORE EERIE. THE ONLY SOUND IN THE ROOM WAS THE SOFT CLATTER OF THE MECHANISMS.;5;11;0x3D92;0x3DD5;texto;;;;;;;;;;;;;
H3;121K;CLICK! CLACK! I FELT I SHOULD NOT MAKE NOISE, SO I BEGAN TO WALK CAREFULLY.;8;7;0x3DDA;0x3E0D;texto;;;;;;;;;;;;;
H3;122K;TAC TAC TAC... A BLIND SPOT AT THE FAR END. FROM THE TABLE SHADOW, A DOLL LIKE A CHILD STEPPED OUT.;7;9;0x3E13;0x3E52;texto;;;;;;;;;;;;;
H3;123K;AND IT OFFERED ME A RED APPLE.;10;6;0x3E59;0x3E76;texto;;;;;;;;;;;;;
H3;124K;THE DOLL SMILED WITH AN INDESCRIBABLE EXPRESSION, AND ITS EYES REFLECTED THE BLUE FLOOR LIGHT IN A SINISTER WAY.;7;9;0x3E8B;0x3ECE;texto;;;;;;;;;;;;;
H3;125K;2.@@1.@@TAC@@@@ NO@@THA@TAC@@@@ THA@NKS@TAC...@ NKS@.@@@THE@@@@ .@@@@@@@LITTLE@ @@@@@@@@GIRL@@@ @@@@@@@@DOLL@@@ @@@@@@@@KEPT@@@ @@@@@@@@OFFERIN @@@@@@@@G@@@@@@ @@@@@@@@ME@@@@@ @@@@@@@@THE@@@@ @@@@@@@@APPLE.@;1;15;0x3ED4;0x3F1E;pregunta;;3;1;3;1;7;0;1. THANKS.;2. NO THANKS.;TAC TAC TAC... THE LITTLE GIRL DOLL KEPT OFFERING ME THE APPLE.;;;
H3;126K;AH, THANKS... I TOOK THE APPLE BEING OFFERED WITHOUT THINKING. IT WAS A REAL APPLE, WITH A BITE ALREADY TAKEN OUT OF IT.;5;11;0x485E;0x48A6;texto;;;;;;;;;;;;;
H3;127K;THE DOLL NODDED CONTENTEDLY AND KEPT STARING AT ME AS THOUGH URGING ME TO EAT IT.;9;7;0x48AC;0x48D8;texto;;;;;;;;;;;;;
H3;128K;GROSS, I DO NOT WANT THAT. MAMI SNATCHED THE APPLE FROM ME AND THREW IT ON THE SPOT. ALL THE DOLLS AT THE TABLE TURNED TO STARE AT US AT ONCE.;3;13;0x48DD;0x4934;texto;;;;;;;;;;;;;
H3;129K;CREEEAK. WE OPENED THE NEXT DOOR AS THOUGH FLEEING.;10;6;0x4940;0x4969;texto;;;;;;;;;;;;;
H3;130K;WE WALKED DOWN THE HALL FOR A WHILE WITHOUT SAYING ANYTHING. THE SMILES ON MAMI'S AND EMIKO'S FACES WERE SLOWLY FADING.;7;9;0x4F4B;0x4F87;texto;;;;;;;;;;;;;
H3;131K;THINKING ABOUT WHAT MIGHT BE WAITING AHEAD WEIGHED HEAVILY ON MY CHEST. I CANNOT TAKE ANYMORE..., IT SLIPPED OUT OF ME.;5;11;0x4F8C;0x4FCF;texto;;;;;;;;;;;;;
H3;132K;MAMI AND EMIKO LOOKED AT EACH OTHER. REIKA IS SCARED TOO... WHAT DO WE DO? YEAH, BUT HOW DO WE GET OUT OF HERE?;5;11;0x4FD4;0x5011;texto;;;;;;;;;;;;;
H3;133K;THE HAUNTED HOUSE SHOULD HAVE AN EMERGENCY EXIT SOMEWHERE IN CASE OF DISASTER. WE COULD ESCAPE THROUGH THAT. BUT SO FAR, WE HAD NOT SEEN ANYTHING LIKE IT.;2;14;0x5015;0x5073;texto;;;;;;;;;;;;;
H3;134K;AH! EMIKO POINTED AHEAD. I FOLLOWED HER FINGER, AND THERE WAS SOMETHING THAT DID NOT FIT IN A HAUNTED HOUSE. IT WAS A PHONE BOX.;2;14;0x5077;0x50E3;texto;;;;;;;;;;;;;
H3;135K;WHAT A RELIEF, WE MIGHT BE ABLE TO CONTACT A STAFF MEMBER WITH THAT. MAMI RAN TOWARD THE BOX. EMIKO AND I FOLLOWED. BUT... WHY WOULD THEY PUT A PHONE BOX RIGHT HERE?;0;16;0x50E7;0x5154;texto;;;;;;;;;;;;;
H3;136K;TRRRING! THE PHONE SUDDENLY STARTED RINGING. WE LOOKED AT EACH OTHER. MAMI REACHED FOR THE RECEIVER. HELLO...?;5;11;0x5165;0x51B3;texto;;;;;;;;;;;;;
H3;137K;GOOD AFTERNOON, LADIES. IT WAS THE SAME VOICE AS THE BRONZE STATUE AT THE ENTRANCE OF THE HAUNTED HOUSE.;7;9;0x51BF;0x51FB;texto;;;;;;;;;;;;;
H3;138K;TO THINK ALL THREE OF YOU ARE STILL TOGETHER, YOU HAVE LEFT US ALL IN AWE! PLEASE LET US OUT OF HERE, MAMI SAID WITH EXHAUSTION.;4;12;0x5200;0x524C;texto;;;;;;;;;;;;;
H3;139K;2.@@1.@@I@@@@@@ JOI@NO@@CANNOT@ N@@@THA@DO@@@@@ THE@NKS@THAT.@@ M.@@.@@@BUT@@@@ @@@@@@@@WOULD@@ @@@@@@@@YOU@@@@ @@@@@@@@NOT@@@@ @@@@@@@@JOIN@@@ @@@@@@@@US?@@@@;1;15;0x5251;0x529C;pregunta;;3;1;3;1;7;0;1. NO THANKS.;2. JOIN THEM.;I CANNOT DO THAT. BUT WOULD YOU NOT JOIN US?;;;
H3;140K;IF YOU REFUSE, THERE IS NOTHING TO BE DONE. I HAVE AN EXCELLENT SUBORDINATE, I WILL LEAVE YOU TO HIM. THE CALL CUT OFF ABRUPTLY.;0;16;0x5A5B;0x5ACB;texto;;;;;;;;;;;;;
H3;141K;MY HAND TREMBLED AS I HUNG UP. NO MATTER HOW SCARED WE WERE, WE HAD NO CHOICE BUT TO KEEP GOING.;9;7;0x5AD1;0x5AF3;texto;;;;;;;;;;;;;
H3;142K;AFTER WALKING A WHILE, WE REACHED ANOTHER SUSPICIOUS ROOM. A RED LIGHT DIMLY LIT THE ENTIRE PLACE. I LOOKED AROUND FOR A MOMENT.;2;14;0x5B7A;0x5BDB;texto;;;;;;;;;;;;;
H3;143K;THIS ROOM WAS MUCH SMALLER THAN THE ONES BEFORE, AND AS FAR AS WE COULD SEE, THERE WAS NOT A SINGLE WAX FIGURE.;8;8;0x5BDF;0x5C0E;texto;;;;;;;;;;;;;
H3;144K;INSTEAD, THE VARIOUS SHAPES LINED AGAINST THE WALL MADE OUR LEGS TREMBLE. THEY WERE WESTERN TORTURE DEVICES I HAD SEEN BEFORE ON TV AND IN BOOKS.;2;14;0x5C12;0x5C84;texto;;;;;;;;;;;;;
H3;145K;THIS ENTIRE CIRCULAR ROOM HAD BEEN RECREATED AS A TORTURE CHAMBER.;10;6;0x5C88;0x5CB2;texto;;;;;;;;;;;;;
H3;146K;THERE SEEMED TO BE NO DOOR FURTHER AHEAD. THE TORTURE DEVICES ON THE WALLS LOOKED OLD AND WORN, WITH A HEAVY COLOR, AS THOUGH THEY HAD REALLY BEEN USED.;2;14;0x5CB6;0x5D17;texto;;;;;;;;;;;;;
H3;147K;FROM BLADES OF ALL SIZES TO A HUMAN-SHAPED COFFIN COVERED IN SPIKES. SEVERAL OLD ROPES HUNG FROM THE CEILING. AND AT THE FAR END WAS A GUILLOTINE.;3;13;0x5D1B;0x5D7C;texto;;;;;;;;;;;;;
H3;148K;EVERYTHING WAS HORRIFYING, SEEMINGLY STAINED WITH DRIED BLOOD. NOT KNOWING WHICH WAY TO GO, I STEPPED INTO THE CENTER OF THE ROOM.;5;11;0x5D80;0x5DC8;texto;;;;;;;;;;;;;
H3;149K;EMIKO AND MAMI STOOD THERE AS IF FROZEN. WHAT DO WE DO? MY VOICE ONLY ECHOED WITH NO REPLY. WE WAITED A WHILE, BUT THERE WAS NO SIGN OF ANYONE APPEARING.;2;14;0x5DCD;0x5E2D;texto;;;;;;;;;;;;;
H3;150K;WE LOOKED AT EACH OTHER. WHAT DO WE DO? RUMBLE... SUDDENLY THE SIDE WALL MOVED, AND FROM IT EMERGED A MUSCULAR MAN. HE WAS PROBABLY THE ATTENDANT OF THIS ROOM.;2;14;0x5E32;0x5EB2;texto;;;;;;;;;;;;;
H3;151K;HE DOES NOT LOOK LIKE A BAD PERSON, RIGHT? MAMI SAID. HE APPROACHED US ONE STEP AT A TIME. I DID NOT EVEN HEAR MAMI'S JOKE.;5;11;0x5EB7;0x5EFB;texto;;;;;;;;;;;;;
H3;152K;CHOOSE ONE OF YOU, THE MAN SAID IN A LOW, TREMBLING VOICE. CHOOSE? MAMI SNAPPED ANGRILY.;5;11;0x5F00;0x5F3D;texto;;;;;;;;;;;;;
H3;153K;2.@@1.@@CHO WAT@STE@OSE CH@@P@@@ONE IN@@FOR@OF@ SIL@WAR@YOU ENC@D.@@,@@ E.@@@@@@THE @@@@@@@@MAN @@@@@@@@REP @@@@@@@@EAT @@@@@@@@ED.;5;11;0x5F42;0x5F7B;pregunta;;3;1;3;1;3;0;1. STEP FORWARD.;2. WATCH IN SILENCE.;CHOOSE ONE OF YOU, THE MAN REPEATED.;;;
H3;154K;I STEPPED FORWARD, AND THE OTHER TWO STARED AT ME IN SURPRISE.;10;6;0x67CC;0x67EA;texto;;;;;;;;;;;;;
H3;155K;THE MAN SAID NOTHING AND GRABBED MY SHOULDER. HIS STRENGTH WAS TREMENDOUS AND I COULD NOT RESIST. REIKA! THE VOICES OF MAMI AND EMIKO ECHOED OUT.;4;12;0x67EF;0x6837;texto;;;;;;;;;;;;;
H3;156K;THEY STOOD ME IN FRONT OF THE COFFIN. IT WAS HUMAN-SHAPED, AND THE LID WAS COVERED IN METAL SPIKES.;7;9;0x683B;0x687F;texto;;;;;;;;;;;;;
H3;157K;SURELY IF I WENT INSIDE AND THEY CLOSED THE DOOR, I WOULD BE PIERCED FROM ALL SIDES... THE MAN PUSHED ME INTO THE COFFIN.;5;11;0x6883;0x68CA;texto;;;;;;;;;;;;;
H3;158K;KYAAA! I DO NOT KNOW IF THAT SCREAM WAS MINE, OR MAYBE...;10;6;0x68D5;0x68F5;texto;;;;;;;;;;;;;
H3;159K;BANG. THE DOOR CLOSED. BUT... NOTHING PIERCED MY BODY.;7;9;0x690B;0x6937;texto;;;;;;;;;;;;;
H3;160K;I DO NOT KNOW HOW IT WORKED, BUT WHEN I CAME TO I WAS STANDING IN A HALLWAY. THE COFFIN MUST HAVE BEEN CONNECTED TO THE HALLWAY SOMEHOW.;6;10;0x693B;0x6985;texto;;;;;;;;;;;;;
H3;161K;THE COFFIN DOOR CLOSED AND EVERYTHING WAS WRAPPED IN DARKNESS. I... WAS FINE. THERE MUST HAVE BEEN SOME MECHANISM TO KEEP THE SPIKES FROM PIERCING.;4;12;0x74C5;0x751B;texto;;;;;;;;;;;;;
H3;162K;MAMIII! A TERRIFYING SCREAM KEPT RINGING OUT. IT WAS EMIKO'S VOICE.;9;7;0x7522;0x7553;texto;;;;;;;;;;;;;
H3;163K;PLEASE STOP! EMIKO'S SCREAM CUT OFF MID-WAY. AND OUTSIDE THE COFFIN, EVERYTHING FELL SILENT.;5;11;0x755A;0x759F;texto;;;;;;;;;;;;;
H3;164K;WHAT HAD HAPPENED OUTSIDE. MAMI... AND EMIKO...;9;7;0x75A4;0x75C6;texto;;;;;;;;;;;;;
H3;165K;AT THAT MOMENT, SOMETHING LIQUID TOUCHED MY HAND. IT HAD SEEPED IN THROUGH A GAP IN THE COFFIN. I SMELLED IT. IT WAS BLOOD. I COULD NOT ESCAPE FROM THE COFFIN.;2;14;0x75CA;0x762A;texto;;;;;;;;;;;;;
H3;166K;AAAAAH! AFTER THAT, EMIKO'S SCREAM ECHOED ON AND ON IN MY EARS.;8;8;0x7630;0x7667;texto;;;;;;;;;;;;;
H3;140M;UNDERSTOOD, I ANSWERED. ALL RIGHT, THEN I WILL BE WAITING, SHE SAID. I THOUGHT THIS HAUNTED HOUSE WAS REALLY WELL MADE.;4;12;0x5B01;0x5B63;texto;;;;;;;;;;;;;
H3;160M;EMIKO! THANK GOODNESS, I THOUGHT YOU WERE DEAD. I WAS TREMBLING, MY FACE AS PALE AS IF I HAD DIED. WE ARE NOT GOING TO DIE IN AN AMUSEMENT PARK, EMIKO SAID.;4;12;0xC2E3;0xC348;texto;;;;;;;;;;;;;
H3;161M;NOW THAT I THINK ABOUT IT, I DO NOT KNOW WHERE EMIKO WENT. IT SEEMS I GOT SEPARATED FROM HER WITHOUT NOTICING.;4;12;0xC34C;0xC39F;texto;;;;;;;;;;;;;
H3;162M;...THERE IS NO OTHER WAY. SHALL WE GO? YES, YOU ARE RIGHT...;10;6;0xC3A3;0xC3C2;texto;;;;;;;;;;;;;
H3;176M;IT LOOKED LIKE A BOOK IN ENGLISH. I GLANCED AT IT. THE TITLE WAS IN WESTERN LETTERS. I PICKED ONE OF THEM UP.;5;11;0xA23B;0xA27F;texto;;;;;;;;;;;;;
H3;177M;KYAA! HOW DISGUSTING. THAT BOOK HAD AN EYEBALL STUCK TO IT, STARING RIGHT AT ME.;8;8;0xA286;0xA2B3;texto;;;;;;;;;;;;;
H3;178M;THE OTHER BOOKS SEEMED TO ALL BE ABOUT OCCULT TOPICS. WELL, IT IS A HAUNTED HOUSE, SO THAT WAS TO BE EXPECTED. THE ATMOSPHERE WAS WELL DONE.;4;12;0xA2B7;0xA305;texto;;;;;;;;;;;;;
H3;179M;EMIKO HAD BEEN LOOKING AT THE NOTEBOOK AND FELL SILENT. I ASKED IF SHE HAD WRITTEN SOMETHING, BUT SHE JUST SHOOK HER HEAD.;4;12;0xA30A;0xA358;texto;;;;;;;;;;;;;
H3;217N;IN THE MIDST OF THE FLAMES, I FINALLY REALIZED... THAT I HAD BEEN DECEIVED BY THE WITCH...;8;8;0xCCD4;0xCD06;texto;;;;;;;;;;;;;
H3;196P;EMIKO SAID FIRMLY THAT SHE DID NOT WANT TO GO... BUT HOW ARE WE SUPPOSED TO GET IN THERE? WE LOOKED OUTSIDE THROUGH THE WINDOW, FROM EVERY SIDE.;2;14;0xD916;0xD971;texto;;;;;;;;;;;;;
H3;197P;EVEN THOUGH IT WAS THE SECOND FLOOR, IT WAS NOT AN ORDINARY BUILDING OR APARTMENT. IT WAS QUITE HIGH UP, AND THERE WERE NO TREES OR BUSHES THAT COULD CUSHION A FALL.;4;12;0xD977;0xD9CB;texto;;;;;;;;;;;;;
H3;198P;THERE IS NO OTHER WAY, AFTER ALL... IF YOU SAY THAT, THEN I WILL GO WITH THIS PERSON, REIKA SAID. EMIKO LOOKED ANGRY... OR MAYBE SHE WAS JUST USING ANGER TO HIDE HER FEAR.;2;14;0xD9CF;0xDA2F;texto;;;;;;;;;;;;;
H3;199P;WHAT ARE YOU TWO GOING TO DO? ARE YOU GOING... OR NOT GOING...;8;7;0xDA33;0xDA59;texto;;;;;;;;;;;;;
H3;200P;...I WILL GO, REIKA SAID. WHAT ABOUT EMIKO? EMIKO JUST SHOOK HER HEAD, LOOKING SULLEN.;5;11;0xDA5D;0xDA95;texto;;;;;;;;;;;;;
H3;201P;WELL THEN... I WILL GO, I SAID. I LEFT THE ROOM TOGETHER WITH THE OLD WOMAN.;9;7;0xDA99;0xDAC3;texto;;;;;;;;;;;;;
H3;202P;THE DOOR THAT SHOULD HAVE BEEN LOCKED OPENED AS SOON AS THE OLD WOMAN MURMURED SOMETHING. IF WE ESCAPE, EMIKO WILL COME LOOKING FOR US, I THOUGHT.;3;13;0xDAC8;0xDB20;texto;;;;;;;;;;;;;
H3;203P;WE FOLLOWED THE HALLWAY WITH THE OLD WOMAN LEADING. I HAD NO IDEA WHERE WE WERE GOING. IT WAS NOT HOT AROUND HERE, AND THERE WAS NO SMOKE.;0;16;0xDB34;0xDB9B;texto;;;;;;;;;;;;;
H3;204P;IT IS THIS WAY, THE OLD WOMAN SAID, POINTING DOWN THE HALLWAY. A DOOR WAS WAITING FOR ME THERE. HANG IN THERE. I STARTED RUNNING.;3;13;0xDB9F;0xDBE2;texto;;;;;;;;;;;;;
H3;205P;NOW I CAN FINALLY ESCAPE... THAT THOUGHT FILLED MY MIND COMPLETELY. I THREW THE DOOR OPEN. IT LED OUTSIDE. THERE WAS A SMALL CLEARING, AND BEYOND IT THE FOREST STRETCHED ON.;2;14;0xDBE6;0xDC4F;texto;;;;;;;;;;;;;
H3;206P;AND A LARGE CROWD OF PEOPLE WAS WAITING FOR US. THEY HELD TORCHES AND HOES IN THEIR HANDS. THEIR CLOTHES DID NOT LOOK LIKE THEY WERE FROM THIS ERA.;5;11;0xDC53;0xDC9B;texto;;;;;;;;;;;;;
H3;207P;THEY WERE NOT DRESSED SHABBILY, THEIR CLOTHES WERE COMPLETELY DIFFERENT FROM OURS. AT THE SAME TIME, THEY SEEMED TO HAVE SEEN US COME OUT THE DOOR, AND THEY CLOSED IN WARILY, STARING AT US.;0;16;0xDC9F;0xDD0B;texto;;;;;;;;;;;;;
H3;208P;NOT THAT WAY! GO AROUND BACK! GO AROUND BACK! IT WAS THE OLD WOMAN WHO SHOUTED THAT. AS IF ANSWERING THE CALL, THEY ALL RAN OFF TOWARD THE BACK OF THE MANSION.;2;14;0xDD0F;0xDD6D;texto;;;;;;;;;;;;;
H3;209P;WELL THEN, LET US GO, THE OLD WOMAN SAID, LEADING ME TOWARD THE FOREST. THE TREES BLOCKED OUT THE SUNLIGHT, AND EVEN THOUGH IT WAS DAYTIME, IT WAS DARK. BUT THERE WAS NO UNDERBRUSH, SO IT WAS EASY TO WALK.;2;14;0xDD71;0xDDD0;texto;;;;;;;;;;;;;
H3;210P;HOW FAR ARE WE GOING? JUST AS I WAS ABOUT TO ASK... WAIT... THE OLD WOMAN HAD VANISHED.;5;11;0xDDD4;0xDE15;texto;;;;;;;;;;;;;
H3;211P;I LOOKED AROUND FRANTICALLY, BUT I COULD NOT SEE HER ANYWHERE. I RETRACED MY STEPS BACK TO THE MANSION. WHEN I GOT THERE, PEOPLE WERE GATHERED IN THE CLEARING.;2;14;0xDE1B;0xDE7A;texto;;;;;;;;;;;;;
H3;212P;IT IS THE WITCH! KILL THE WITCH! THEY SURROUNDED TWO STAKES, CHEERING WILDLY.;7;9;0xDE85;0xDEBB;texto;;;;;;;;;;;;;
H3;213P;SOMEONE, HELP ME... THE ONES TIED TO THE STAKES ARE... IT IS MAMI AND EMIKO!;7;9;0xDEC0;0xDF02;texto;;;;;;;;;;;;;
H3;214P;BOTH OF THEM WERE SCREAMING AND STRUGGLING, BUT NO ONE CARED. THEY SET THEM ON FIRE. MAMI LOOKED TOWARD WHERE I WAS, AND OUR EYES MET WHILE I HID AMONG THE BUSHES.;3;13;0xDF07;0xDF5B;texto;;;;;;;;;;;;;
H3;215P;REIKA, HELP ME! THAT VOICE WAS SO CLOSE THAT EVERYONE THERE TURNED TO LOOK AT ME. REIKA... REIKA... THE VOICE GREW FAINTER AND FAINTER.;3;13;0xDF5F;0xDFB1;texto;;;;;;;;;;;;;
H3;216P;THE CROWD AROUND THE TWO OF THEM WAS SO THICK THERE WAS NO WAY TO GET CLOSE. THE TWO OF THEM WERE ENGULFED IN FLAMES.;7;9;0xDFB6;0xDFEB;texto;;;;;;;;;;;;;
H3;217P;IHIHIHI, HELP ME HIHIHI THE WITCHS LAUGHTER KEPT ECHOING FROM THE DISTANT MOUNTAIN... IHIHIHI...;9;7;0xDFED;0xE057;texto;;;;;;;;;;;;;
H3;225Q;EVEN NOW, I AM STILL LOOKING FOR MAMI. THERE WAS ALSO A RUMOR THAT SOMEONE WHO LOOKED LIKE HER WAS AT A HAUNTED HOUSE, SOMEWHERE.;6;10;0xD284;0xD2C2;texto;;;;;;;;;;;;;
H3;125L;NO, I DO NOT WANT IT. I SHOOK MY HEAD IN DISGUST, BUT THE DOLL KEPT HOLDING OUT THE APPLE. STOP COMING NEAR ME! MAMI YELLED...;3;13;0x4977;0x49D0;texto;;;;;;;;;;;;;
H3;126L;CREEEAK! BEHIND US CAME THE SOUND OF A DOOR OPENING. WE SQUEEZED THROUGH THE GAP AND BEFORE IT COULD FULLY OPEN, WE PUSHED THE DOOR SHUT WITH ALL OUR STRENGTH.;3;13;0x49DC;0x4A32;texto;;;;;;;;;;;;;
H3;127L;JUST AS THE HEAVY IRON DOOR SEPARATED THE TWO SPACES, A DULL SOUND WAS HEARD AT OUR FEET.;9;7;0x4A36;0x4A63;texto;;;;;;;;;;;;;
H3;128L;LOOKING DOWN, WE SAW THE DOLL'S ARM, STILL HOLDING THE APPLE, TWISTED AND LYING ON THE FLOOR. WE COULD NOT MAKE A SOUND AND JUST STARED AT IT FOR A WHILE.;3;13;0x4A67;0x4AC0;texto;;;;;;;;;;;;;
H3;153L;...I WILL GO. THE ONE WHO STEPPED FORWARD WAS, OF COURSE, MAMI. WHAT DO YOU THINK YOU ARE DOING TO ME? WHAT NERVE. THE MAN FIRMLY GRABBED MAMI'S ARM.;3;13;0x69AA;0x69F8;texto;;;;;;;;;;;;;
H3;154L;STOP! IF YOU DO ANYTHING STRANGE I WILL GET ANGRY! THE MAN SHOVED MAMI AS-IS INTO THE COFFIN.;8;8;0x69FC;0x6A3B;texto;;;;;;;;;;;;;
H3;155L;AND CLOSED THE LID. KYAAAAAAA! MAMI'S PROLONGED SCREAM ECHOED. THE COFFIN LID WAS COVERED IN MANY SHARP SPIKES.;4;12;0x6A3F;0x6A95;texto;;;;;;;;;;;;;
H3;156L;FROM THE GAP IN THE COFFIN, BLOOD BEGAN TO POUR... THE MAN, HAVING FINISHED HIS WORK, LEFT THE ROOM SATISFIED.;7;9;0x6AA2;0x6AE5;texto;;;;;;;;;;;;;
H3;157L;MAMI! WE THREW OURSELVES AT THE COFFIN. BUT IMAGINING WHAT WAS INSIDE, WE COULD NOT OPEN IT...;7;9;0x6AE9;0x6B25;texto;;;;;;;;;;;;;
H3;158L;HERE I GO! EMIKO CLOSED HER EYES AND FLUNG THE COFFIN LID OPEN. EH? WHAT?;8;8;0x6B29;0x6B60;texto;;;;;;;;;;;;;
H3;159L;IT WAS LIKE MAGIC. MAMI WAS NO LONGER THERE, NOT EVEN A BODY. ...IT SEEMS TO BE CONNECTED TO SOMEWHERE ELSE. THAT MUST HAVE BEEN IT.;2;14;0x6B64;0x6BB8;texto;;;;;;;;;;;;;
H3;160L;WE HAVE TO FIND HER. EMIKO AND I LEFT THE ROOM THE WAY THE MAN HAD GONE. MAMI...!;7;9;0x6BBD;0x6BF8;texto;;;;;;;;;;;;;
H3;161L;WE SEARCHED THE TORTURE ROOM, WE SEARCHED THE HALL, BUT WE COULD NOT FIND MAMI. MAMI HAD DISAPPEARED... EMIKO AND I DID NOT KNOW WHAT TO DO.;3;13;0xC3CC;0xC422;texto;;;;;;;;;;;;;
H3;162L;...WELL, SHE DID NOT DIE, MAYBE SHE IS WAITING FOR US FURTHER AHEAD. TYPICAL EMIKO - SHE HAD ALREADY SNAPPED BACK TO HER USUAL SELF.;5;11;0xC426;0xC46A;texto;;;;;;;;;;;;;
H3;163L;SHE WAS RIGHT. EITHER WAY THERE WAS NO POINT IN GOING IN CIRCLES IN A PLACE LIKE THIS.;8;8;0xC46E;0xC49B;texto;;;;;;;;;;;;;
H3;300;@@@@@@@@@@@@@@ @@@@@@@@@@@@@@ @@@@@@@@@@@@@@ @@@@@@@@@@@@@@ @@@@@@@@@@@@@@ @@@@@@@@@@@@@@ @@@@@@@@@@@@@@ @@CONTINUE @@@@@@@@@@ @@RESTART@@@@ @@@@@@@@@ @@@@@@@@@@@@@@@@RESTART ALL @@STORIES;2;14;0x03A;0x03A;texto;no;;;;;;;;;;;;
H3;301;@@@@@@@@@@@@@@ @@@@@@@@@@@@@@ @@@@@@@@@@@@@@ @@@@@@@@@@@@@@ @@@@@@@@@@@@@@ @@@@@@@@@@@@@@ @@@@@@@@@@@@@@ @@@@@@@@@@@@@@@@@@@@@@@@@@@@@@@@@@@@ @START STORY;2;14;0x069;0x069;texto;no;;;;;;;;;;;;
H3C;304;@@@@@@@@@@@@@@@@ @@@@@@@@@@@@@@@@ @@@@@@@@@@@@@@@@ @@@@@@@@@@@@@@@@ @@@@@@@@@@@@@@@@ @@@@@@@@@@@@@@@@ @@@@@@@@@@@@@@@@ @@RE-READ FROM @@THE BEGINNING @@@@@@@@@@@@@@@@ @@@@@@@@@@@@@@@@@@@@@@@@@@@@@@@@@@@YES @@NO;0;16;0x060;0x060;texto;no;;;;;;;;;;;;
H3;305;@@@@@@@@@@@@@@@@ @@@@@@@@@@@@@@@@ @@@@@@@@@@@@@@@@ @@@@@@@@@@@@@@@@ @@@@@@@@@@@@@@@@ @@@@@@@@@@@@@@@@ @@@@@@@@@@@@@@@@ @@@RE-READ ALL @@@STORIES FROM @@@THE START @@@@@@@@@@@@@@@@ @@@@@@@@@@@@@@@@ @@@YES @@NO;0;16;0x056;0x056;texto;no;;;;;;;;;;;;
H3B;307;@@@@@@@@@@@@@@@@ @@@@@@@@@@@@@@@@ @@@@@@@@@@@@@@@@ @@@@@@@@@@@@@@@@ @@@@@@@@@@@@@@@@ @@@@@@@@@@@@@@@@ @@@@@@@@@@@@@@@@ @@@@@@@@@@@@@@@@@@@START STORY @@@@@@@@@@@@@@@@@@@RE-READ@ ALL @@@FROM START;0;16;0x069;0x069;texto;no;;;;;;;;;;;;
H4;1;A LEAFY BAMBOO FOREST SPREAD OUT AT THE FOOT OF THE MOUNTAIN. IT SHIELDED US FROM THE HARSH SUN, AND AS THE SOUND OF THE CICADAS FADED AWAY, A COLD BREEZE SLOWLY WRAPPED AROUND US.;3;13;0x00EC;0x0151;texto;;;;;;;;;;;;;
H4;2;WE HURRIED UP THE SMALL PATH. HEY, IS GRANDPA OKAY? MADOKA ASKED, WORRIED. WELL, HE IS STUBBORN. HE SHOULD GO TO THE HOSPITAL ANYWAY.;0;16;0x0153;0x01C1;texto;;;;;;;;;;;;;
H4;3;MADOKA GAVE ME A PUZZLED LOOK.;12;4;0x01C3;0x01EE;texto;;;;;;;;;;;;;
H4;4;3.@@2.@@1.@@HEY@ YOU@I@@@UM.@,@@@ 'RE@WAN@..@@IS@@ GOI@T@@@WEL@IT@@ NG@@HIM@L..@REA@ TO@@TO@@.@@@LLY@ BE@@MEE@@@@@OKA@ MY@@T@@@@@@@Y@@@ FUT@YOU@@@@@FOR@ URE@@@@@@@@@ME@@ WIF@@@@@@@@@TO@@ E@@@@@@@@@@@MEE@ @@@@@@@@@@@@T@@@ @@@@@@@@@@@@HIM@ @@@@@@@@@@@@?@@@;0;16;0x01F0;0x0248;texto;;;;;;;;;;;;;
H4;5;UM... MADOKA AND I HAD BEEN TOGETHER SINCE I STARTED UNIVERSITY. WHEN I MET HER, MY FATHER HAD JUST DIED.;4;12;0x0252;0x02A5;texto;;;;;;;;;;;;;
H4;6;MAYBE BECAUSE OF OUR SIMILAR SITUATIONS, WITHOUT NOTICING WE GREW CLOSE, IN A BOND HARD TO DEFINE, BOTH PARTNERS AND FRIENDS AT ONCE.;5;11;0x02A7;0x02F8;texto;;;;;;;;;;;;;
H4;7;I SMILED SEEING IN HER EYES THAT SHE HAD NOTICED HER OWN FEELINGS.;10;6;0x02FA;0x0322;texto;;;;;;;;;;;;;
H4;8;SHE GAVE ME BACK A SMILE THAT WOULD NOT YIELD TO THE SUMMER SUN.;10;6;0x0324;0x0346;texto;;;;;;;;;;;;;
H4;9;THE FOREST ENDED, AND IN THE LIGHT A SMALL HERMITAGE APPEARED WITH ONLY TWO ROOMS.;8;8;0x0348;0x05FC;texto;;;;;;;;;;;;;
H4;10;AS I TRIED TO ENTER I HEARD A CREAK ON THE OTHER SIDE OF THE DOORS. I OPENED THE DOOR.;5;11;0x05FE;0x0667;texto;;;;;;;;;;;;;
H4;11;GRANDPA GREETED US WITH A GENTLE SMILE.;10;6;0x0669;0x0698;texto;;;;;;;;;;;;;
H4;12;I ASKED IF HE WAS OKAY AND WAS SHOCKED. GRANDPA LOOKED AT ME WITH HIS ONE EYE, MORE GAUNT THAN I HAD EVER SEEN HIM, WITH A BAD COLOR AND SKIN LIKE A WAX FIGURE.;2;14;0x069A;0x0702;texto;;;;;;;;;;;;;
H4;13;THANK YOU FOR COMING. OF COURSE. IF YOU WERE GONE I WOULD BE COMPLETELY ALONE IN THIS WORLD. GRANDPA SAT UP HALFWAY AND NOTICED MADOKA.;0;16;0x0704;0x0764;texto;;;;;;;;;;;;;
H4;14;2.@@1.@@I@@@@ MY@@A@@@HADN' MOS@FRI@T@@@@ T@@@END@TOLD@ IMP@FRO@GRAND ORT@M@@@PA@@@ ANT@UNI@ANYTH PER@VER@ING@@ SON@SIT@ABOUT @@@@Y@@@MADOK @@@@@@@@A@@@@;3;13;0x0766;0xF84B;pregunta;;3;1;3;1;5;0;1. A FRIEND FROM UNIVERSITY;2. MY MOST IMPORTANT PERSON;I HADN'T TOLD GRANDPA ANYTHING ABOUT MADOKA;;;
H4;15;THIS IS MADOKA, A FRIEND FROM UNIVERSITY. I THOUGHT OF INTRODUCING HER TO GRANDPA, SO WE CAME TOGETHER. MADOKA LOOKED AT ME CONFUSED, AND SAID:;5;11;0x077D;0x07CD;texto;;;;;;;;;;;;;
H4;16;NICE TO MEET YOU. ARE YOU OKAY? MADOKA SAID IN A SOFTER VOICE THAN USUAL. GRANDPA REPLIED BRIEFLY: YES.;5;11;0x07CF;0x0813;texto;;;;;;;;;;;;;
H4;17;MY BODY IS ALREADY QUITE WORN DOWN... I WILL PROBABLY NEVER SEE MY GREAT-GRANDCHILD'S FACE. GRANDPA SMILED BITTERLY.;4;12;0x0815;0x0864;texto;;;;;;;;;;;;;
H4;18;CREAK CREAK CREAK. AGAIN, THERE WAS NOTHING IN THE ROOM THAT COULD MAKE THAT SOUND. GRANDPA DRANK THE MEDICINE ON THE FLOOR AND SIGHED.;2;14;0x0866;0xF8C1;texto;;;;;;;;;;;;;
H4;19;DON'T PUSH YOURSELF TOO HARD. WE'RE WORRIED. WE'LL STAY HERE FOR A WHILE. GRANDPA SMILED WIDELY.;3;13;0xF8C3;0xF913;texto;;;;;;;;;;;;;
H4;20;I'M GLAD MADOKA CAME.;12;4;0xF915;0xF928;texto;;;;;;;;;;;;;
H4;21;WE PUT OUT TWO FUTONS IN THE NEXT ROOM AND FINALLY LAY DOWN. GRANDPA HAD FALLEN ASLEEP QUICKLY SINCE WE ARRIVED. HE REALLY DIDN'T LOOK WELL.;4;12;0x09A7;0x0A0C;texto;;;;;;;;;;;;;
H4;22;I'M GLAD YOUR GRANDFATHER SEEMS SO KIND, MADOKA SAID HAPPILY, LOOKING RIGHT AT ME. I'M RELIEVED TOO. IT'S A LOAD OFF MY SHOULDERS. THOUGH IT'S SAD WE COULDN'T SHOW HIM HIS GREAT-GRANDCHILD'S FACE.;0;16;0x0A0E;0x0A7C;texto;;;;;;;;;;;;;
H4;23;2.@@@1.@I@@@@ I@@@@UM@HAVEN BRO@@..@'T@@@ UGH@@.@@THOUG T@@@@@@@HT@@@ YOU@@@@@THAT@ HER@@@@@FAR.@ E@@@@@@@BUT@@ @@@@@@@@THAT' @@@@@@@@S@@@@ @@@@@@@@WHY.@;3;13;0x0A7E;0xF989;pregunta;;3;2;2;1;5;0;1. UM...;2. I BROUGHT YOU HERE;I HAVEN'T THOUGHT THAT FAR. BUT THAT'S WHY.;;;
H4;24;UM, WELL, I HAVEN'T REALLY THOUGHT THAT FAR AHEAD. YOU HAVEN'T? BUT THAT'S WHY I CAME HERE. SHE LOOKED AT ME WITH MOCKING EYES.;3;13;0x0AAB;0x0AFA;texto;;;;;;;;;;;;;
H4;25;CREAK, CREAK. SOMETHING SOUNDED AGAIN IN THE NEXT ROOM. SOME KIND OF CREAKING SOUND. WHAT WAS THAT? DON'T TRY TO DODGE THE SUBJECT. NO, I MEAN IT. WELL, I ALSO WANTED TO KNOW WHAT IT WAS.;2;14;0x0AFC;0x0B6A;texto;;;;;;;;;;;;;
H4;26;SO SHE HEARD IT TOO?;10;6;0x0B6C;0x0B95;texto;;;;;;;;;;;;;
H4;27;COME TO THINK OF IT, IT SOUNDED LIKE A SPRING BEING COILED UP. SIMILAR TO THE SOUND I HEARD MANY TIMES WHEN GRANDPA TAUGHT ME TO MAKE DOLLS AS A CHILD.;4;12;0x0B97;0x0D60;texto;;;;;;;;;;;;;
H4;28;BUT IT WASN'T THIS LOUD BEFORE.;12;4;0x0D62;0x0D76;texto;;;;;;;;;;;;;
H4;29;2.@@1.@@GRA WAI@RUS@NDP T@@@H@@@A@@ AND@TO@@COU WAT@GRA@GHE CH@@NDP@D.@ @@@@A@@@WHA @@@@@@@@T@@ @@@@@@@@NOW @@@@@@@@?@@;5;11;0x0D81;0x0DCA;pregunta;;3;1;3;1;3;0;1. RUSH TO GRANDPA;2. WAIT AND WATCH;GRANDPA COUGHED. WHAT NOW?;;;
H4;30;I RUSHED AND OPENED THE SLIDING DOORS. RED BLOOD HAD SPREAD ACROSS THE FUTON, AND GRANDPA WAS COVERING HIS MOUTH WITH HIS HAND. GRANDPA, I'LL CALL AN AMBULANCE.;2;14;0x0DD4;0x0E46;texto;;;;;;;;;;;;;
H4;31;NO! IT WAS THE FIRST TIME HE HAD EVER SPOKEN TO ME SO FIRMLY. I FROZE. HE TOOK A BOOK BOUND IN JAPANESE STYLE FROM BESIDE HIS PILLOW AND HANDED IT TO ME.;0;16;0x0E48;0x0EC3;texto;;;;;;;;;;;;;
H4;32;THE TITLE SAID BOOK OF HEAVENLY OLD MEN. CREAK, CREAK. THAT SOUND WAS COMING FROM HIS CHEST.;3;13;0x0EC5;0x0F1F;texto;;;;;;;;;;;;;
H4;33;NO MATTER WHAT, I HAVE TO GIVE YOU THIS. I WAS LOST IN HIS WORDS.;7;9;0x0F24;0x0F5D;texto;;;;;;;;;;;;;
H4;34;AND THIS TOO. THEN GRANDPA PUT HIS FINGER IN HIS ONE EYE AND PULLED IT OUT WITHOUT A SINGLE GROAN OF PAIN.;7;9;0x0F5F;0x0F9E;texto;;;;;;;;;;;;;
H4;35;IN HIS PALM WAS AN EXQUISITE WORK OF CRYSTAL. UUU...;11;5;0x0FAC;0x0FD7;texto;;;;;;;;;;;;;
H4;36;2.@@@1.@@@MADO I@@@@I@@@@KA@@ REAC@HUGG@LET@ HED@@ED@@@OUT@ FOR@@HER@@A@@@ THE@@SO@@@SOUN CRYS@SHE@@D@@@ TAL@@WOUL@ALMO EYE@@DN'T@ST@@ @@@@@SEE@@LIKE @@@@@@@@@@A@@@ @@@@@@@@@@SCRE @@@@@@@@@@AM.@;2;14;0x0FD9;0x1027;pregunta;;4;1;4;1;4;0;1. I HUGGED HER SO SHE WOULDN'T SEE;2. I REACHED FOR THE CRYSTAL EYE;MADOKA LET OUT A SOUND ALMOST LIKE A SCREAM.;;;
H4;37;DON'T LOOK! I HUGGED MADOKA TIGHTLY. I KEPT HOLDING HER NO MATTER HOW LONG IT TOOK.;8;8;0x1031;0x14CF;texto;;;;;;;;;;;;;
H4;38;USING BONES, ONI CREATE NEW PEOPLE. IN THIS WORLD THERE IS ONLY BONE, DEATH, AND SICKNESS.;8;8;0x14D1;0x197D;texto;;;;;;;;;;;;;
H4;39;THEREFORE, I WILL SEEK A FRIEND IN HUMAN FORM, EVEN IF IT LEADS ME OFF THE RIGHT PATH.;10;6;0x197F;0x19A5;texto;;;;;;;;;;;;;
H4;40;THESE WERE THE OPENING WORDS OF TENROKI.;12;4;0x19A7;0x19BE;texto;;;;;;;;;;;;;
H4;41;MONK SAIGYO, TRAINING ON MOUNT KOYA, GATHERED BONES AND TRIED THE ART OF REVIVING SOULS, BUT ONLY MADE A SOULLESS MONSTER.;3;13;0x19C0;0x1A29;texto;;;;;;;;;;;;;
H4;42;AS I KEPT READING, IT SEEMED TO DESCRIBE IN DETAIL THE TECHNIQUE FOR CREATING A PERSON.;5;11;0x1A2B;0x1A6D;texto;;;;;;;;;;;;;
H4;43;THE NEXT MORNING, WE DUG GRANDPA'S GRAVE IN THE GARDEN. I WAS MORE WORRIED ABOUT MY SADNESS THAN THE STRANGE THINGS THAT HAD HAPPENED. BUT ONCE WE FINISHED BURYING HIM, I WAS FINALLY PULLED BACK TO REALITY.;0;16;0x1A2B;0x1B09;texto;;;;;;;;;;;;;
H4;44;WHAT ON EARTH WAS THAT? MADOKA PUT HER HANDS TOGETHER IN PRAYER BEFORE GRANDPA'S GRAVE. SHE MUST HAVE SEEN IT TOO.;5;11;0x1B0B;0x1B4A;texto;;;;;;;;;;;;;
H4;45;2.@@1.@@I@@ I@@@THI@SPO WON@NGS@KE@ DER@HAV@TO@ WHA@E@@@HER T@@@CAL@.@@ THA@MED@@@@ T@@@DOW@@@@ WAS@N@@@@@@;5;11;0x1B4C;0x1B88;pregunta;;3;1;3;1;3;0;1. THINGS HAVE CALMED DOWN;2. I WONDER WHAT THAT WAS;I SPOKE TO HER.;;;
H4;46;THINGS HAVE FINALLY CALMED DOWN. THANKS. SHE LOOKED UP AND SHOOK HER HEAD A LITTLE. NOT AT ALL. YOU'RE THE ONE HAVING A HARD TIME HERE, NOT ME.;3;13;0x1B92;0x1BED;texto;;;;;;;;;;;;;
H4;47;I LOOKED DOWN AND NODDED SLIGHTLY. I THINK I'LL STAY HERE A WHILE. I NEED TO SAY GOODBYE TO GRANDPA, AND ALSO... MADOKA SMILED.;2;14;0x1BEF;0x1C47;texto;;;;;;;;;;;;;
H4;48;I THOUGHT YOU'D SAY THAT. I'LL STAY WITH YOU. THEN WE LEFT GRANDPA'S GRAVE BEHIND.;7;9;0x1C49;0x1C81;texto;;;;;;;;;;;;;
H4;49;WE STILL HADN'T PUT GRANDPA'S FUTON AWAY. THE BLOOD HE HAD THROWN UP HAD FADED A LOT AND WAS CLEARLY NOT NORMAL BLOOD.;3;13;0x1C83;0x1E3C;texto;;;;;;;;;;;;;
H4;50;THEN MADOKA APPEARED WITH CLEANING SUPPLIES. SHE WAS FULL OF ENERGY. COME ON, I'LL CLEAN UP. YOU PUT THAT FUTON AWAY. I LEFT THE CLEANING TO HER AND DECIDED TO BURN THE FUTON IN THE GARDEN.;2;14;0x1E3E;0x1EAD;texto;;;;;;;;;;;;;
H4;51;GRANDPA... I HAD AIRED OUT THIS FUTON FOR HIM. I KEENLY FELT ANOTHER PART OF HIM DISAPPEAR.;7;9;0x1EB6;0x1EF2;texto;;;;;;;;;;;;;
H4;52;I'M DONE CLEANING. I'M GOING TO TOWN TO DO SOME SHOPPING, MADOKA SAID. AS I CAME BACK TO MY SENSES, SHE HANDED ME THE BOOK OF HEAVENLY OLD MEN.;5;11;0x1EF4;0x1F4B;texto;;;;;;;;;;;;;
H4;53;HERE. THIS IS IMPORTANT, ISN'T IT? ...THANKS. I ASKED HER TO GET A FEW THINGS AND STARTED READING THE BOOK WHILE KEEPING WATCH.;2;14;0x1F4D;0x1FAC;texto;;;;;;;;;;;;;
H4;54;THE BOOK OF HEAVENLY OLD MEN HELD A RECORD OF SUCCESSES AND FAILURES FROM GENERATIONS OF DOLL MAKERS. THAT WAS WHAT GRANDPA HAD DONE HIS WHOLE LIFE.;4;12;0x1FAE;0x201D;texto;;;;;;;;;;;;;
H4;55;I FOUND A PASSAGE THAT CAUGHT MY EYE.;12;4;0x201F;0x2038;texto;;;;;;;;;;;;;
H4;56;ONCE THE TRUE IDENTITY OF THE CREATED PERSON IS REVEALED, THE RESURRECTION RITUAL BREAKS AND BOTH CREATOR AND CREATION DISSOLVE INTO NOTHING.;5;11;0x203A;0x2092;texto;;;;;;;;;;;;;
H4;57;THE RESURRECTION RITUAL IS A SPELL TO REVIVE THE DEAD. BUT EVEN IF THE BODY RETURNS, THE PERSON'S SOUL DOES NOT NECESSARILY RETURN WITH IT.;3;13;0x2094;0x20F3;texto;;;;;;;;;;;;;
H4;58;SAIGYO HOSHI BURNED INCENSE DURING THE RITUAL TO WARD OFF EVIL SPIRITS, SO THE DOLL COULD NOT GAIN A SOUL.;7;9;0x20F5;0x2136;texto;;;;;;;;;;;;;
H4;59;BUT IF THE INCENSE IS NOT BURNED, THE BODY IS TAKEN OVER BY EVIL SPIRITS AND BECOMES A MONSTER;8;8;0x2138;0x216D;texto;;;;;;;;;;;;;
H4;60;WITHOUT A HEART THERE IS NO PERSON. BUT I BELIEVED GRANDPA WAS A PERSON.;10;6;0x216F;0x2195;texto;;;;;;;;;;;;;
H4;61;I READ A LITTLE FURTHER AND FOUND A NOTE. IT WAS GRANDPA'S HANDWRITING. A NEW BODY MUST BE MADE FOR THAT BOY WHEN HE TURNS SEVEN. THAT BOY...;2;14;0x219E;0x21FB;texto;;;;;;;;;;;;;
H4;62;THAT BOY...;7;9;0x2200;0x221F;texto;;;;;;;;;;;;;
H4;63;EVERYTHING STARTED TO FEEL DISTANT. I CLOSED THE BOOK OF HEAVENLY OLD MEN AND WENT TO THE STOREHOUSE BEHIND THE HERMITAGE. AS A CHILD I HAD BEEN STRICTLY FORBIDDEN FROM ENTERING IT.;3;13;0x221F;0x2281;texto;;;;;;;;;;;;;
H4;64;I OPENED THE HEAVY IRON DOOR OF THE STOREHOUSE. UP FRONT WAS GRANDPA'S WORK AREA, AND IN THE BACK, STACKED BOXES.;7;9;0x2283;0x22D6;texto;;;;;;;;;;;;;
H4;65;WHILE CHECKING THE DUSTY BOXES, I FOUND A HIDDEN ENTRANCE IN THE STOREHOUSE FLOOR. WITH TREMBLING HANDS I PUT IN THE KEY AND OPENED IT.;3;13;0x22D8;0x2347;texto;;;;;;;;;;;;;
H4;66;THERE WERE SEVERAL WOODEN BOXES. SOME WERE STACKED, OTHERS LEANED AGAINST THE WALL. THERE WERE SMALL BOXES AND OTHERS THE SIZE OF A PERSON.;3;13;0x2352;0x23A6;texto;;;;;;;;;;;;;
H4;67;I OPENED ONE OF THEM.;12;4;0x23AB;0x23C7;texto;;;;;;;;;;;;;
H4;68;BONES... NO, ANIMAL FOSSILS PACKED INSIDE. THEY MUST HAVE BEEN MEDICINAL INGREDIENTS. MATERIALS FOR DOLLS?;7;9;0x23C9;0x240E;texto;;;;;;;;;;;;;
H4;69;I OPENED ANOTHER AND SAW STEEL SPRINGS NEATLY ARRANGED. THEY WERE PARTS FOR THE DOLLS' MECHANISMS.;8;8;0x2410;0x2452;texto;;;;;;;;;;;;;
H4;70;MAYBE I WAS RUNNING AWAY. I HAD NATURALLY BEEN AVOIDING THE LARGE BOXES. BUT I HAD TO OPEN THEM IF I WANTED TO FIND THE TRUTH.;7;9;0x2454;0x2497;texto;;;;;;;;;;;;;
H4;71;I BRACED MYSELF AND OPENED THE LID OF A BOX LEANING AGAINST THE WALL.;10;6;0x2499;0x24C0;texto;;;;;;;;;;;;;
H4;72;INSIDE WAS ME, AT SEVEN YEARS OLD.;5;11;0x24C2;0x24F6;texto;;;;;;;;;;;;;
H4;73;WHEN I RETURNED, MADOKA WAS ALREADY BACK AND MAKING DINNER. WHAT'S WRONG? YOU LOOK EVEN MORE LIFELESS THAN THIS MORNING. MADOKA LEANED IN TO LOOK AT MY FACE, WORRIED.;0;16;0x24F8;0x257E;texto;;;;;;;;;;;;;
H4;74;SEEMS I COULDN'T HIDE IT. NO MATTER HOW I TRIED, THERE WAS NO WAY TO CONCEAL IT.;9;7;0x2580;0x25AC;texto;;;;;;;;;;;;;
H4;75;2.@@1.@@I@@ ACT@COV@THO COL@ER@@UGH D@@@IT@@T@@ TOW@UP@@ABO ARD@A@@@UT@ S@@@LIT@HOW HER@TLE@TO@ @@@@@@@@ANS @@@@@@@@WER @@@@@@@@.@@;5;11;0x25AE;0x25ED;pregunta;;3;1;3;1;3;0;1. COVER IT UP A LITTLE;2. ACT COLD TOWARDS HER;I THOUGHT ABOUT HOW TO ANSWER.;;;
H4;76;NO, I EXPLORED THE STOREHOUSE FOR A WHILE AND I'M A BIT TIRED... SHE GAVE ME A STRANGE LOOK. BUT SHE QUICKLY SMILED AND ANSWERED.;5;11;0x25F7;0x2645;texto;;;;;;;;;;;;;
H4;77;ALRIGHT, TAKE A BREAK. I'LL MAKE YOU SOMETHING TASTY. SEEING HER GENTLE SMILE ALWAYS TOOK MY EXHAUSTION AWAY.;3;13;0x2647;0x26A4;texto;;;;;;;;;;;;;
H4;78;...THANKS. I STAYED THERE AND OPENED THE BOOK OF HEAVENLY OLD MEN ON THE PORCH.;9;7;0x26A6;0x26D2;texto;;;;;;;;;;;;;
H4;79;THE PERSON I CREATE IS UGLY AND ONLY MAKES STRANGE SOUNDS. ANYONE WHO DIDN'T KNOW THEM WOULD ONLY SEE A MONSTER.;5;11;0x26D4;0x2735;texto;;;;;;;;;;;;;
H4;80;BUT WHAT I CREATE IS UNDOUBTEDLY ALIVE. THOUGH IT LIVES, IT IS ONLY A BEING WITHOUT A HEART.;7;9;0x2737;0x2774;texto;;;;;;;;;;;;;
H4;81;A HEART... DO I HAVE ONE? IF I HAD A HEART I WOULD BE A PERSON. SO WHAT AM I?;5;11;0x2776;0x27C3;texto;;;;;;;;;;;;;
H4;82;AFTER THINKING FOR A WHILE, MADOKA CAME TO CALL ME.;12;4;0x27C5;0x27E8;texto;;;;;;;;;;;;;
H4;83;ON THE TABLE WAS GRILLED FISH AND VEGETABLE SOUP. THIS IS SOMETHING I LEARNED TO MAKE. EAT UP. THANKS. ITADAKIMASU.;5;11;0x27EA;0x2836;texto;;;;;;;;;;;;;
H4;84;I CHEWED EVERY BITE CAREFULLY, SAVORING IT ALL. MADOKA LEANED IN TO WATCH MY FACE FROM THE SIDE. HEY, IS IT GOOD?;3;13;0x2838;0x2888;texto;;;;;;;;;;;;;
H4;85;...IT'S REALLY GOOD. HER FACE LIT UP BRIGHT LIKE A SUNFLOWER IN THE MIDDLE OF SUMMER. I COULD BECOME A GOOD WIFE, RIGHT?;2;14;0x288A;0x2B8D;texto;;;;;;;;;;;;;
H4;86;YOU COULD. BUT SADLY... I CAN'T BE YOUR PARTNER. IT'S LIKE WE'RE NEWLYWEDS ALREADY. YOU'RE SO KIND. I'M REALLY GLAD YOU CAME.;2;14;0x2B8F;0x2BED;texto;;;;;;;;;;;;;
H4;87;2.@@1.@@WHA FOR@TRY@T@@ CE@@TO@@SHO A@@@HID@ULD SMI@E@@@I@@ LE@@IT@@DO?;5;11;0x2BEF;0x2C24;pregunta;;3;1;3;1;3;0;1. TRY TO HIDE IT;2. FORCE A SMILE;WHAT SHOULD I DO?;;;
H4;88;COME TO THINK OF IT, YOU'RE RIGHT, I SAID LAUGHING. BUT MADOKA'S LAUGH SOUNDED HOLLOW. SHE PROBABLY NOTICED, BUT WE LAUGHED TOGETHER ANYWAY. I REALLY LIKE YOU, SHE SAID.;0;16;0x2C2E;0x2E3A;texto;;;;;;;;;;;;;
H4;89;BUT WHEN I TRIED TO PUT IT INTO WORDS, TEARS WOULD HAVE COME AND I COULDN'T. I DIDN'T KNOW HOW MADOKA FELT SEEING THAT. BUT MAYBE SHE JUST THOUGHT I WAS SHAKEN BY GRANDPA'S DEATH.;0;16;0x2E3C;0x2EAA;texto;;;;;;;;;;;;;
H4;90;BUT EVEN SO, I COULD KEEP GOING LIKE THIS. SHE SAID: I'M HERE FOR YOU, SO... AND ALL I COULD DO WAS NOD.;3;13;0x2EB3;0x2EF5;texto;;;;;;;;;;;;;
H4;91;BY THE TIME WE FINISHED EATING, THE SKY HAD FILLED WITH HUGE CLOUDS. RAIN BEGAN TO FALL AND THUNDER RUMBLED IN THE DISTANCE. I WATCHED THE GARDEN OUTSIDE, EXPRESSIONLESS.;3;13;0x2EF7;0x362F;texto;;;;;;;;;;;;;
H4;92;SHE CAME CLOSE TO MY SIDE. HEY, WHAT WAS GRANDPA LIKE? SHE SUDDENLY ASKED, OUT OF NOWHERE.;5;11;0x3631;0x3679;texto;;;;;;;;;;;;;
H4;93;HE WAS KIND BUT STUBBORN AND HARD ON HIMSELF. HE KEPT WORKING RIGOROUSLY AT THE ART OF MAKING DOLLS. I LOVED HIM DEARLY.;5;11;0x367B;0x36CD;texto;;;;;;;;;;;;;
H4;94;THE RAIN FELL HARD, SPLASHING UP IN THE GARDEN. I COULDN'T HOLD BACK THE TEARS OVERFLOWING.;7;9;0x36CF;0x370E;texto;;;;;;;;;;;;;
H4;95;HE WAS A GOOD PERSON. HE WAS GRANDPA.;7;9;0x3710;0x3739;texto;;;;;;;;;;;;;
H4;96;GRANDPA... WAS HE HUMAN? HE RAISED ME WITH SO MUCH CARE. EVEN IF HE WAS A DOLL, HIS HEART WAS A PERSON'S. THAT'S WHAT I BELIEVE.;2;14;0x373B;0x37A8;texto;;;;;;;;;;;;;
H4;97;CAN DOLLS HAVE A HEART TOO? MADOKA STAYED SILENT FOR A MOMENT. THEN, SLOWER THAN USUAL, SHE SPOKE ONE WORD AT A TIME.;5;11;0x37AD;0x37EF;texto;;;;;;;;;;;;;
H4;98;A PERSON IS A PERSON BECAUSE THEY HAVE A HUMAN SHAPE. BUT A DOLL ALSO HAS A HUMAN SHAPE. SO MAYBE A HEART CAME TO LIVE IN IT AND IT BECAME A PERSON, RIGHT?;3;13;0x37F1;0x3851;texto;;;;;;;;;;;;;
H4;99;HOW HAPPY I WOULD BE IF THAT WERE TRUE.;12;4;0x3853;0x3868;texto;;;;;;;;;;;;;
H4;100;THE SUN WENT DOWN AND WE DECIDED TO REST. I COULDN'T SLEEP THOUGH I WANTED TO. THERE WAS SOME SHOCK, BUT ALSO MY BODY FELT STRANGE.;3;13;0x386A;0x38D8;texto;;;;;;;;;;;;;
H4;101;PEOPLE CANNOT CREATE PEOPLE. THEY CAN ONLY CREATE DOLLS...;8;8;0x38DA;0x3900;texto;;;;;;;;;;;;;
H4;102;IT WAS A PASSAGE FROM THE BOOK OF HEAVENLY OLD MEN. WHAT AM I? AND WHAT HAPPENS WHEN A DOLL DIES?;8;8;0x3902;0x393C;texto;;;;;;;;;;;;;
H4;103;THOSE ARE THINGS PEOPLE ALSO WONDER, AND I WAS NO EXCEPTION.;10;6;0x393E;0x3964;texto;;;;;;;;;;;;;
H4;104;IT WAS LATE INTO THE NIGHT. AFTER THE RAIN THE INSECT SOUNDS WERE FAINT. NORMALLY I WOULD FIND IT PLEASANT. BUT TONIGHT IT BOTHERED ME.;5;11;0x3966;0x39BD;texto;;;;;;;;;;;;;
H4;105;AMID ALL THOSE SOUNDS, AGAIN...;10;6;0x39BF;0x39DE;texto;;;;;;;;;;;;;
H4;106;AT FIRST I THOUGHT IT WAS MY IMAGINATION. BUT LISTENING CLOSELY IT WAS CLEAR. IT CAME FROM DEEP IN MY CHEST.;2;14;0x39E0;0x3A4C;texto;;;;;;;;;;;;;
H4;107;I SAT UP AND LOOKED AT MADOKA SLEEPING BESIDE ME. I TOOK THE BOOK OF HEAVENLY OLD MEN AND BEGAN READING BY THE MOONLIGHT.;5;11;0x3A4E;0x3AAB;texto;;;;;;;;;;;;;
H4;108;A DOLL'S LIFE DEPENDS ON HOW IT WAS MADE. THE SECRET BEING REVEALED, THE MATERIALS WEARING OUT AND SPRINGS BREAKING, THE MECHANISMS FALLING OUT OF ADJUSTMENT...;3;13;0x3AAD;0x3B2B;texto;;;;;;;;;;;;;
H4;109;OR EVEN IF THE SECRET ISN'T REVEALED, IF SUSPECTED, THE MECHANISMS SPEED UP AND LIFE SHORTENS.;8;8;0x3B2D;0x3B69;texto;;;;;;;;;;;;;
H4;110;CREAK, CREAK. THAT SOUND FROM GRANDPA... IT MUST HAVE BEEN HIS MECHANISMS REACHING THEIR LIMIT. SO WHAT ABOUT ME?;5;11;0x3B6B;0x3BBF;texto;;;;;;;;;;;;;
H4;111;2.@1.@@I@@@@@ MA@GEA@HADN'T DO@RS@@GOTTEN KA@OUT@THAT@@ IS@OF@@FAR.@@ SU@ADJ@I@@@@@ SP@UST@THOUGH IC@MEN@T@@@@@ IO@T@@@ABOUT@ US@@@@@REASON @@@@@@@S.@@@@;3;13;0x3BC1;0x3C0A;pregunta;;2;1;3;1;6;0;1. GEARS OUT OF ADJUSTMENT;2. MADOKA IS SUSPICIOUS;I HADN'T GOTTEN THAT FAR. I THOUGHT ABOUT REASONS.;;;
H4;112;IT HAD TO BE OUT OF ADJUSTMENT. I STARTED GOING BACK THROUGH THE BOOK. I HAD BEEN SEPARATED FROM GRANDPA FOR A LONG TIME. MAYBE I NEEDED ADJUSTING MORE OFTEN THAN A NORMAL DOLL.;2;14;0x3C14;0x3CA3;texto;;;;;;;;;;;;;
H4;113;I DON'T WANT TO DIE. AND I DON'T WANT TO DIE LIKE THAT EITHER. GRANDPA MUST HAVE GIVEN ME THIS BOOK EXACTLY FOR THAT. I FLIPPED THROUGH THE PAGES DESPERATELY.;2;14;0x3CA5;0x3D16;texto;;;;;;;;;;;;;
H4;114;WAS THERE A WAY TO ADJUST MY OWN BODY? COME TO THINK OF IT, WHEN WE ARRIVED GRANDPA WAS DRINKING SOMETHING LIKE MEDICINE. BUT WE HAD ALREADY PUT IT AWAY.;2;14;0x3D18;0x3D7A;texto;;;;;;;;;;;;;
H4;115;I HAD TO FIND THE FORMULA FOR THAT MEDICINE NO MATTER WHAT. I MADE MY DECISION... WHAT'S WRONG? MADOKA HAD WOKEN UP.;5;11;0x3D7C;0x3DC5;texto;;;;;;;;;;;;;
H4;116;IT'S NOTHING. I CALMLY LAY BACK DOWN IN THE FUTON. PRAYING SHE COULDN'T HEAR THE SOUND COMING FROM MY CHEST.;3;13;0x3DC7;0x3E1D;texto;;;;;;;;;;;;;
H4;117;THE NEXT MORNING I STARTED INVESTIGATING, BUT DAYS PASSED WITHOUT ANSWERS, AND MY BODY'S DECAY BEGAN SHOWING.;5;11;0x3E1F;0x40DA;texto;;;;;;;;;;;;;
H4;118;MY EYES WOULDN'T FOCUS AND MY FINGERS TREMBLED. STILL I DIDN'T STOP SEARCHING THE BOOK. THAT MEANT DEATH... OR MAYBE FALLING APART.;3;13;0x40DC;0x4147;texto;;;;;;;;;;;;;
H4;119;WORRIED, SHE SAID: YOU'RE NOT PUSHING TOO FAR, ARE YOU?;10;6;0x4149;0x4179;texto;;;;;;;;;;;;;
H4;120;BUT I HAD NO TIME. I SHOOK MY HEAD. EACH TIME I HEARD THAT SOUND, MY CHEST ACHED AS IF SOMETHING SQUEEZED IT.;3;13;0x417B;0x41D7;texto;;;;;;;;;;;;;
H4;121;NO... MAYBE I DON'T EVEN HAVE A HEART.;8;8;0x41DF;0x4209;texto;;;;;;;;;;;;;
H4;122;HEY, IS THERE ANYTHING I CAN DO TO HELP? HER WORDS MADE ME HAPPY. BUT IF SHE READ THE BOOK OF HEAVENLY OLD MEN SHE'D REALIZE I WAS A DOLL.;2;14;0x420B;0x426E;texto;;;;;;;;;;;;;
H4;123;2.@@1.@@WHA IT'@LOO@T@@ S@@@K@@@SHO IMP@INT@ULD OSS@O@@@I@@ IBL@IT@@DO? E@@@ALO@@@@ FOR@NE@@@@@ YOU@@@@@@@@;5;11;0x4270;0x42A6;pregunta;;3;1;3;1;3;0;1. LOOK INTO IT ALONE;2. IT'S IMPOSSIBLE FOR YOU;WHAT SHOULD I DO?;;;
H4;124;I'M SORRY, I WANT YOU TO LET ME LOOK INTO THIS ALONE FOR A WHILE. I HAD TO PUSH HER AWAY ON PURPOSE. SINCE SHE DIDN'T KNOW THE REAL REASON, I ALSO HAD TO CONSIDER SHE MIGHT START SUSPECTING ME.;0;16;0x42B0;0x4325;texto;;;;;;;;;;;;;
H4;125;COULD I DISPEL HER SUSPICIONS? NO, AT THIS POINT THAT WOULD BE HARD. THE CHANGES IN MY BODY AND MY OBSESSION WITH THE BOOK HAVE PUT HER ON GUARD.;0;16;0x4327;0x4398;texto;;;;;;;;;;;;;
H4;126;SO THEN, WOULD I HAVE TO KILL HER? NO... THAT'S IMPOSSIBLE. I WISH SHE WOULD GET SICK OF ME AND LEAVE.;3;13;0x439A;0x43EB;texto;;;;;;;;;;;;;
H4;127;BUT LOSING HER SMILE WOULD BE CRUELER TO ME THAN DEATH.;10;6;0x43ED;0x4418;texto;;;;;;;;;;;;;
H4;128;AM I IN THE WAY? SHE ASKED WITH A CALM SMILE. MADOKA HELD BACK TEARS WITH ALL HER STRENGTH. CAN'T I HELP AT ALL?;7;9;0x441A;0x4464;texto;;;;;;;;;;;;;
H4;129;I CLENCHED MY FIST. I COULDN'T EVEN PUT ANY FORCE INTO IT.;10;6;0x4466;0x4488;texto;;;;;;;;;;;;;
H4;130;2.@@@1.@I@@ YOU@@IF@HAD BEI@@I..TO@ NG@@@.@@SAY HER@@@@@SOM E@@@@@@@ETH IS@@@@@@ING ENO@@@@@.@@ UGH@@@@@@@@ ...@@@@@@@@;5;11;0x448A;0x44BD;pregunta;;3;2;3;0;3;0;1. IF I...;2. YOU BEING HERE IS ENOUGH...;I HAD TO SAY SOMETHING.;;;
H4;131;...IF I... I TRIED TO SAY IT BUT COULDN'T FINISH THE SENTENCE.;8;8;0x44C7;0x46EC;texto;;;;;;;;;;;;;
H4;132;I LOVE YOU. OF COURSE, I FEEL THE SAME.;9;7;0x46EE;0x4727;texto;;;;;;;;;;;;;
H4;133;BUT THE CONVERSATION CUT OFF THERE. MADOKA LOOKED AT ME WITH A SAD YET TENDER EXPRESSION.;7;9;0x4729;0x4767;texto;;;;;;;;;;;;;
H4;134;A MOMENT LATER SHE WENT OUTSIDE. I WORRIED, BUT WHEN SHE CAME BACK SHE STARTED MAKING DINNER AS USUAL.;5;11;0x4769;0x47BC;texto;;;;;;;;;;;;;
H4;135;IT WAS WHEN I COULD BARELY EVEN STAND UP THAT IT OCCURRED TO ME THE STOREHOUSE MIGHT HOLD A CLUE. I REGRETTED NOT CHECKING IT SOONER, BUT THERE WAS NO TIME LEFT.;2;14;0x47BE;0x50AC;texto;;;;;;;;;;;;;
H4;136;I OPENED THE STOREHOUSE AND WITH GREAT EFFORT REACHED THE ENTRANCE. I COULD NO LONGER STAND WITHOUT LEANING ON THE WALL.;5;11;0x50AE;0x5102;texto;;;;;;;;;;;;;
H4;137;BIG AND SMALL BOXES STACKED TO THE CEILING. INSIDE SOME OF THEM SLEPT MY SEVEN-YEAR-OLD SELF... OR SEVERAL. BUT THERE WAS NO TIME TO THINK ABOUT THAT.;2;14;0x5104;0x5178;texto;;;;;;;;;;;;;
H4;138;I OPENED THE NEAREST BOXES ONE BY ONE. THERE WERE THINGS STORED CAREFULLY. I HOPED TO FIND THE MEDICINE, BUT IT DIDN'T TURN UP.;3;13;0x517A;0x51D5;texto;;;;;;;;;;;;;
H4;139;I NOTICED THAT IN THE BACK THERE WAS AN ESPECIALLY LARGE BOX LEANING AGAINST THE WALL. I WENT OVER AND PUT MY HAND ON IT. IT WAS THE SIZE OF A PERSON, OR BIGGER.;3;13;0x51D7;0x5230;texto;;;;;;;;;;;;;
H4;140;THE BOX HAD A SEAL. SHOULDN'T I OPEN IT?;10;6;0x5232;0x5259;texto;;;;;;;;;;;;;
H4;141;WITH ALL THE HOPE I HAD LEFT I BROKE THE SEAL AND REMOVED THE LID.;10;6;0x5262;0x5297;texto;;;;;;;;;;;;;
H4;142;INSIDE WAS A FEUDAL-ERA WARRIOR'S ARMOR. A SWORD HUNG AT ITS HIP. BUT THE SHOULDERS HAD SLUMPED. I TRIED TO PUT IT BACK IN PLACE.;5;11;0x529F;0x52EF;texto;;;;;;;;;;;;;
H4;143;BUT THEN... CREAK, CREAK. IT WASN'T MY SOUND. SOMETHING FROM INSIDE IT STRUCK MY HAND AND THE ARMOR TOOK A STEP FORWARD.;0;16;0x52F1;0x537D;texto;;;;;;;;;;;;;
H4;144;THIS THING IS ALIVE. IT MUST HAVE BEEN A DOLL AN EARLIER VERSION OF GRANDPA HAD CREATED. THE ARMOR CREAKED AND TURNED TOWARD ME.;3;13;0x537F;0x53F8;texto;;;;;;;;;;;;;
H4;145;THE EYES INSIDE THE HELMET GLOWED LIKE A DEMON'S. IT WAS LOOKING AT ME. THE WARRIOR GRIPPED THE SWORD AT ITS HIP.;7;9;0x53FA;0x544E;texto;;;;;;;;;;;;;
H4;146;2.@@1.@HE'S RUN@GI@GOIN DES@VE@G@@@ PER@UP@TO@@ ATE@@@@CUT@ LY@@@@@ME@@ @@@@@@@DOWN @@@@@@@.@@@ @@@@@@@I...;5;11;0x5460;0x548E;pregunta;;3;1;2;1;4;0;1. GIVE UP;2. RUN DESPERATELY;HE'S GOING TO CUT ME DOWN. I...;;;
H4;147;IT'S CUTTING ME DOWN. I CAN'T MOVE.;2;14;0x5498;0x54C5;texto;;;;;;;;;;;;;
H4;148;BY THE WAY...;0;16;0x54C7;0x54C7;texto;;;;;;;;;;;;;
H4;149;MADOKA'S VOICE BROUGHT ME BACK TO MY SENSES. SHE HAD COME ALL THE WAY THERE. THE WARRIOR WAS ABOUT TO RAISE ITS SWORD.;4;12;0x54DE;0x5526;texto;;;;;;;;;;;;;
H4;150;I DODGED THE SWORD BY DROPPING DOWN.;12;4;0x552B;0x554C;texto;;;;;;;;;;;;;
H4;151;THE SWORD PIERCED ONE OF THE BOXES. THE DOLL INSIDE TORE APART, AND SPRINGS AND GEARS FLEW OUT.;7;9;0x554E;0x5597;texto;;;;;;;;;;;;;
H4;152;INSIDE I COULD SEE A HEAD SPLIT IN HALF.;12;4;0x5599;0x55AF;texto;;;;;;;;;;;;;
H4;153;BY THE WAY...;0;16;0x55B1;0x55B1;texto;;;;;;;;;;;;;
H4;154;NOW, WHILE YOU CAN! MADOKA GRABBED ME AND, TAKING UNSTEADY STEPS, STARTED MOVING TOWARD THE EXIT. AS SHE HELPED ME WAKE UP I TURNED AROUND.;2;14;0x55B9;0x5624;texto;;;;;;;;;;;;;
H4;155;IT'S OKAY. IF I DIE EVERYTHING IS SOLVED. WHY WOULD YOU SAY THAT? WERE THE WORDS YOU TOLD ME A LIE? MY WORDS... WHAT YOU TOLD ME THE FIRST TIME WE MET...;0;16;0x5626;0x5697;texto;;;;;;;;;;;;;
H4;156;THE WARRIOR WAS SLOWLY APPROACHING. EITHER WAY, AS LONG AS I STAYED HERE SHE COULDN'T ESCAPE. MADOKA MURMURED: DON'T LEAVE ME ALONE.;2;14;0x5699;0x56FE;texto;;;;;;;;;;;;;
H4;157;THE STOREHOUSE DOOR WAS HEAVY AND WOULDN'T OPEN EASILY.;10;6;0x5703;0x5732;texto;;;;;;;;;;;;;
H4;158;2.@@1.@@I@@ FAC@PUS@MAD E@@@H@@@E@@ THE@TOG@MY@ WAR@ETH@DEC RIO@ER@@ISI R@@@TO@@ON. @@@@OPE@@@@ @@@@N@@@@@@ @@@@IT@@@@@;5;11;0x5734;0x576C;pregunta;;3;1;3;1;3;0;1. PUSH TOGETHER TO OPEN IT;2. FACE THE WARRIOR;I MADE MY DECISION.;;;
H4;159;WE PUT OUR STRENGTH TOGETHER TO OPEN THE DOOR. I FELT THE SWORD COMING DOWN RIGHT OVER US.;7;9;0x5776;0x5AAF;texto;;;;;;;;;;;;;
H4;160;THE WARRIOR WRITHED IN PAIN AS THE SUNLIGHT HIT IT. USING MY LAST STRENGTH, I MANAGED TO GET OUT OF THE STOREHOUSE WITH HER.;5;11;0x5AB1;0x5B1C;texto;;;;;;;;;;;;;
H4;161;I CONFIRMED THE WARRIOR WASN'T MOVING ANYMORE.;12;4;0x5B1E;0x5B34;texto;;;;;;;;;;;;;
H4;162;IT'S OKAY NOW. THANKS, YOU SAVED ME. I HUGGED HER.;10;6;0x5B36;0x5B5F;texto;;;;;;;;;;;;;
H4;163;BUT HER BODY HAD NO STRENGTH. I ONLY FELT A WET SENSATION. THE SWORD HAD CUT DEEP INTO HER SHOULDER.;3;13;0x5B61;0x5BB6;texto;;;;;;;;;;;;;
H4;164;...THANK GOODNESS. WE MADE IT. I'LL CALL AN AMBULANCE, HANG ON... MMM... MAYBE THIS IS FINE AS IT IS.;3;13;0x5BB8;0x5C0D;texto;;;;;;;;;;;;;
H4;165;THE COLOR WAS LEAVING MADOKA'S FACE. THE FLAME OF HER LIFE WAS GOING OUT. WHY? NO, NOT LIKE THIS. WAKE UP.;7;9;0x5C0F;0x5C4F;texto;;;;;;;;;;;;;
H4;166;MADOKA SMILED. AS IF SHE UNDERSTOOD EVERYTHING.;10;6;0x5C51;0x5C75;texto;;;;;;;;;;;;;
H4;167;...I HAD BEEN IN LOVE WITH YOU FROM THE START. EVEN IF ALL YOU HAVE IS GRANDPA, IF YOU AND I COULD BE FRIENDS, THAT WOULD BE ONE MORE PERSON. BEING TOGETHER, JUST THE TWO OF US...;2;14;0x5C77;0x5CDC;texto;;;;;;;;;;;;;
H4;168;...WHY DIDN'T YOU SAY SO BEFORE? I CAN HEAR YOU. PLEASE... ME TOO... SO YOU KNEW FROM THE START.;4;12;0x5CDE;0x5D23;texto;;;;;;;;;;;;;
H4;169;I FELT THE STRENGTH SLOWLY LEAVE HER BODY. I KNEW HER SOUL WAS NO LONGER THERE.;8;8;0x5D25;0x5D66;texto;;;;;;;;;;;;;
H4;170;THE PERSON I LOVED MOST. SHE HAD DIED BECAUSE OF ME.;9;7;0x5D68;0x5D97;texto;;;;;;;;;;;;;
H4;171;YES, LET'S BE TOGETHER FOREVER. I SWORE IT.;8;8;0x5D99;0x5DB7;texto;;;;;;;;;;;;;
H4;172;SINCE MADOKA DIED, MY BODY'S PROBLEMS VANISHED LIKE MAGIC.;10;6;0x5DBC;0x5DE8;texto;;;;;;;;;;;;;
H4;173;ALSO, THE WARRIOR NO LONGER MOVED EITHER. IT WAS SO OLD THAT PERHAPS THE SUNLIGHT HAD WORN DOWN ITS PARTS.;3;13;0x5DEA;0x5E3E;texto;;;;;;;;;;;;;
H4;174;I WAS LEFT LIKE AN EMPTY SHELL. BUT I THOUGHT ABOUT WHO I WOULD LIVE FOR NOW THAT SHE WAS GONE, AND CAME TO A CONCLUSION.;5;11;0x5E40;0x6241;texto;;;;;;;;;;;;;
H4;175;AFTER ALL, IT'S POSSIBLE TO REVIVE A PERSON...;7;9;0x6243;0x6261;texto;;;;;;;;;;;;;
H4;176;YES, EVEN IF I FAILED, I HAD TO MAKE IT WORK. BUT EVEN IF I CREATED A DOLL IDENTICAL TO HER, IF HER HEART DIDN'T RETURN IT WOULD ONLY BE A MONSTER.;3;13;0x6263;0x62C2;texto;;;;;;;;;;;;;
H4;177;THE BOOK OF HEAVENLY OLD MEN DIDN'T EXPLAIN HOW TO CREATE A HEART.;10;6;0x62C4;0x62E9;texto;;;;;;;;;;;;;
H4;178;2.@@1.@@WHA DON@LOO@T@@ 'T@@K@@@IS@ THI@INT@A@@ NK@@O@@@HEA ABO@THE@RT@ UT@@HEA@TO@ IT@@RT@@A@@ NOW@@@@@BOD @@@@@@@@Y?@;5;11;0x62EB;0x6323;pregunta;;3;1;3;1;3;0;1. LOOK INTO THE HEART;2. DON'T THINK ABOUT IT NOW;WHAT IS A HEART TO A BODY?;;;
H4;179;OF COURSE I HAD TO LOOK INTO IT.;12;4;0x632D;0x637A;texto;;;;;;;;;;;;;
H4;180;THE TENROU OF THE BOOK WAS AN IMMORTAL FROM ANCIENT CHINA WHO ALSO CREATED PEOPLE. IT IS SAID THEY BECAME SAGES WHO HELPED RULE THE KINGDOM.;5;11;0x637C;0x63DB;texto;;;;;;;;;;;;;
H4;181;AS LONG AS THE METHOD DIDN'T CHANGE, I SHOULD BE ABLE TO CREATE A HEART THE SAME WAY. BUT WHAT MATERIAL IS A HEART MADE FROM?;5;11;0x63DD;0x6430;texto;;;;;;;;;;;;;
H4;182;HOW HAD I COME TO HAVE A HEART? AND WHERE HAD GRANDPA GOTTEN HIS?;5;11;0x6432;0x645F;texto;;;;;;;;;;;;;
H4;183;WHAT GRANDPA HAD LEFT ME WAS THIS BOOK AND THE CRYSTAL EYE. COME TO THINK OF IT, GRANDPA HAD ONLY ONE EYE. EVEN THOUGH HE WAS A DOLL...;5;11;0x6461;0x64A5;texto;;;;;;;;;;;;;
H4;184;I FELT LIKE I COULD ALMOST LAUGH. BUT LAUGHTER DIDN'T COME SO EASILY, SO I DECIDED TO BEGIN THE WORK OF CREATING THE DOLL.;5;11;0x64A7;0x64EE;texto;;;;;;;;;;;;;
H4;185;FIRST, THE BONES. HERS HAD BEEN CREMATED. LUCKILY, THE BOOK OF HEAVENLY OLD MEN HAD THE METHODS USED TO CREATE A BODY FROM BONES.;4;12;0x64F0;0x655D;texto;;;;;;;;;;;;;
H4;186;THERE ARE 206 HUMAN BONES IN TOTAL. I KNEADED HUMAN BONE DUST MIXED WITH DRAGON BONE, SHAPED IT, AND LEFT IT TO DRY FOR ABOUT 10 DAYS. THEN I CARVED THEM.;4;12;0x655F;0x65CC;texto;;;;;;;;;;;;;
H4;187;WHAT WAS WRITTEN WAS VAGUE, BUT THE DETAILS WERE ON THE BACK. BY THE TIME I NOTICED, WORKING AT THE KILN OUT BACK, IT WAS ALREADY AUTUMN.;3;13;0x65CE;0x6615;texto;;;;;;;;;;;;;
H4;188;AS I FINISHED EACH PART OF THE BODY, IT HAD TO BE MIXED WITH THE ESSENCE OF MANY PLANTS. I RAN THROUGH THE AUTUMN FIELDS AND GATHERED THE NEEDED PLANTS.;5;11;0x6617;0x666E;texto;;;;;;;;;;;;;
H4;189;I ASSEMBLED THE BONES, WRAPPING THEM WITH KUZU FIBER AND SILK THREAD. WHERE THE MUSCLES WOULD GO, I PLACED WHALEBONE SO SHE COULD MOVE.;5;11;0x6670;0x66E0;texto;;;;;;;;;;;;;
H4;190;IN HER THROAT I PLACED A PITCHER PLANT SO SHE COULD PRODUCE A VOICE. BY THEN THE SKY HAD ALREADY BEGUN DROPPING WHITE FLAKES. THERE WAS ENDLESS WORK LEFT TO DO.;0;16;0x66E2;0x6742;texto;;;;;;;;;;;;;
H4;191;WHEN THE NEW YEAR CAME I STARTED WORKING ON THE EYES. GRANDPA'S EYES WERE CARVED CRYSTAL. THE EYEBALL WAS CLEAR AND SEMI-LIQUID. ACCORDING TO THE BOOK, YOU HAD TO SOFTEN THE CRYSTAL WITH A SOLUTION AND USE IT LIKE THAT.;0;16;0x6744;0x67CE;texto;;;;;;;;;;;;;
H4;192;ONCE SOAKED, IT TURNED SOFT LIKE LIVING FLESH. I CARVED THE LENS, PUPIL, AND IRIS WITH THE UTMOST CARE.;7;9;0x67D0;0x681C;texto;;;;;;;;;;;;;
H4;193;A WARM EYE ROLLED BETWEEN MY HANDS. FOR SOME REASON THE BACK OF MY EYES ACHED A LITTLE.;9;7;0x681E;0x6853;texto;;;;;;;;;;;;;
H4;194;I HELD IT WITH MY FINGERS, AND THOUGH IT LOOKED FRAGILE, IT DIDN'T CRUSH. I WATCHED IT AND STROKED IT WITH MY PALM. THE BACK OF MY EYES ACHED.;5;11;0x6855;0x689E;texto;;;;;;;;;;;;;
H4;195;WITHOUT MEANING TO, I ENDED UP SQUEEZING THE EYEBALL UNTIL IT CRUSHED. THOUGH THE WORK WAS PROGRESSING, I HADN'T THOUGHT OF THE MOST IMPORTANT THING: WHERE TO FIND THE HEART.;2;14;0x68A0;0x6909;texto;;;;;;;;;;;;;
H4;196;I WANTED TO TALK TO MADOKA. WHAT WOULD SHE HAVE ANSWERED? WILL WE MEET AGAIN? HER LAST WORDS CAME BACK TO ME ONCE MORE.;2;14;0x6911;0x696B;texto;;;;;;;;;;;;;
H4;197;WE WILL MEET AGAIN. ALL I COULD DO WAS BELIEVE THAT AND KEEP BUILDING.;10;6;0x696D;0x6995;texto;;;;;;;;;;;;;
H4;198;THE WINTER SKY SHOULD HAVE BEEN CLEAR, BUT THESE LAST FEW DAYS IT HAD BEEN CLOUDY, WITH BARELY ANY SUN. MAYBE THE SKY KNEW WHAT I WAS ABOUT TO DO.;3;13;0x6997;0x6A07;texto;;;;;;;;;;;;;
H4;199;I PUSHED THROUGH THE BAMBOO FOREST AND REACHED THE FIELDS AT THE FOOT OF THE MOUNTAIN. ONLY DRY GRASS AND SOME LINGERING SNOW REMAINED.;4;12;0x6A09;0x6A5F;texto;;;;;;;;;;;;;
H4;200;IN THE MIDDLE OF THE FIELD WAS A MOUND OF DRY GRASS I HAD PILED UP. INSIDE THAT MOUND LAY THE DOLL I HAD CREATED.;5;11;0x6A61;0x6AB3;texto;;;;;;;;;;;;;
H4;201;I ALSO GAVE HER GRANDPA'S EYE ALONG WITH THE ONE I HAD MADE.;10;6;0x6AB5;0x6ADA;texto;;;;;;;;;;;;;
H4;202;THE MATCH WOULDN'T LIGHT EASILY. MY HANDS WERE SHAKING.;10;6;0x6ADC;0x6B07;texto;;;;;;;;;;;;;
H4;203;IF I LIT THIS FIRE AND THE DOLL BURNED, ALL THAT WAS LEFT WAS TO CAST THE RESURRECTION RITUAL. WHY WAS I HESITATING? I DIDN'T KNOW WHAT FACE THE DOLL I HAD BUILT WOULD HAVE.;2;14;0x6B09;0x6B6F;texto;;;;;;;;;;;;;
H4;204;MAYBE I WAS CREATING A MONSTER, BUT THIS WAY I MIGHT BRING HER BACK TO LIFE. THOSE THOUGHTS KEPT RUNNING THROUGH MY MIND, ONE AFTER ANOTHER.;3;13;0x6B71;0x6BC4;texto;;;;;;;;;;;;;
H4;205;WHERE DOES THE HEART COME FROM AND WHERE DOES IT GO? I HAD GOTTEN THIS FAR WITHOUT AN ANSWER. THE HEART IS SOMETHING PEOPLE CANNOT CREATE NO MATTER HOW HARD THEY TRY.;3;13;0x6BC6;0x6C1F;texto;;;;;;;;;;;;;
H4;206;I LOOSENED THE GRIP OF THE HAND HOLDING THE MATCH. I UNDERSTOOD WHY I COULDN'T LIGHT THE FIRE. IT WAS STILL INCOMPLETE.;7;9;0x6C21;0x6C6C;texto;;;;;;;;;;;;;
H4;207;I HAD TO DO SOMETHING. I PLACED MY FINGER ON MY EYELID AND, IN ONE PULL, PUSHED IT INSIDE.;8;8;0x6C6E;0x6CAC;texto;;;;;;;;;;;;;
H4;208;BY THE WAY...;4;12;0x6CAE;0x6CAE;texto;;;;;;;;;;;;;
H4;209;THERE WAS NO PAIN. I HAD PULLED IT OUT MYSELF. IN ITS PLACE I PUT THAT. THIS EYE HAD SEEN THE SAME THINGS SHE HAD. IT HAD WITNESSED THE SAME MOMENTS.;3;13;0x6CBB;0x6D00;texto;;;;;;;;;;;;;
H4;210;IF I WAS TO BRING HER BACK TO LIFE, WOULDN'T SOMETHING THAT HAD SEEN THINGS WITH HER BE NEEDED? IT WAS JUST A HUNCH.;7;9;0x6D02;0x6D4E;texto;;;;;;;;;;;;;
H4;211;I STRUCK THE MATCH AND THREW IT ONTO THE PILE OF DRY GRASS. IN AN INSTANT THE FIRE SPREAD AND SPARKS ROSE INTO THE SKY. IT WAS ONLY A MATTER OF TIME BEFORE THE FLAME REACHED THE CENTER.;2;14;0x6D50;0x6DB9;texto;;;;;;;;;;;;;
H4;212;I FOLLOWED THE SPARKS WITH MY EYES AND LOOKED AT THE SKY. THESE FLAMES WERE SAID TO BURN AWAY MISFORTUNE AND WORLDLY DESIRES, AND CREATE A NEW PERSON. THE SKY WAS AN ENDLESS BLUE.;2;14;0x6DBB;0x6E2E;texto;;;;;;;;;;;;;
H4;213;THE SPARKS OVERLAPPED WITH THE STARS. THE HORIZON SLOWLY CLEARED. I LOOKED AT THE FIRE AND THE FLAMES HAD GROWN AS IF TRYING TO BURN THE SKY.;3;13;0x6E30;0x6E90;texto;;;;;;;;;;;;;
H4;214;ONCE EVERYTHING BURNED AWAY, ALL THAT WAS LEFT WAS TO WAIT.;5;11;0x6E92;0x6EE3;texto;;;;;;;;;;;;;
H4;215;EVEN WHEN THIS ENDS, NO MATTER THE OUTCOME, I WILL KEEP MAKING DOLLS. IF I DO, MAYBE I CAN GO ON BEING HUMAN. I PUT MY HAND OVER MY LEFT CHEST, TRYING TO FEEL THAT SOUND.;2;14;0x6EE5;0x6F52;texto;;;;;;;;;;;;;
H4;216;I TURNED MY BACK ON THE FLAMES.;13;3;0x6F54;0x6F61;texto;;;;;;;;;;;;;
H4;217;SPRING CAME. AND I WAVED MY HAND. GRANDPA, I CAN SEE YOU CLEARLY FROM HERE NOW.;9;7;0x6F63;0x6FAA;texto;;;;;;;;;;;;;
H4;5B;I WANTED HIM TO MEET MADOKA. I HAD SAID IT MANY TIMES. AND THAT WAS MY TRUE INTENTION.;5;11;0x0252;0x039E;texto;;;;;;;;;;;;;
H4;6B;I HAD KNOWN MADOKA SINCE WE STARTED COLLEGE. WHEN I MET HER, HER FATHER HAD JUST DIED.;7;9;0x03A0;0x03E2;texto;;;;;;;;;;;;;
H4;7B;MAYBE BECAUSE OF SIMILAR CIRCUMSTANCES TO MINE, SHE HAD BECOME THE MOST IMPORTANT PERSON. I HELD HER HAND TIGHT.;7;9;0x03E4;0x042A;texto;;;;;;;;;;;;;
H4;14B;THIS IS MY MOST IMPORTANT PERSON. I BLUSHED A LITTLE SAYING IT MYSELF.;8;8;0x086A;0x089E;texto;;;;;;;;;;;;;
H4;15B;SHE ALSO BLUSHED AND LOWERED HER EYES. A SMILE FORMED ON GRANDFATHER'S LIPS.;8;8;0x08A0;0x08CE;texto;;;;;;;;;;;;;
H4;16B;NICE TO MEET YOU, THANK YOU FOR TAKING CARE OF MY GRANDSON. OF COURSE. TATSUKI ALWAYS GIVES ME STRENGTH.;5;11;0x08D0;0x0919;texto;;;;;;;;;;;;;
H4;17B;THAT SHOULD BE MY LINE, I WAS ABOUT TO SAY, BUT GRANDFATHER CUT ME OFF.;9;7;0x091B;0x0946;texto;;;;;;;;;;;;;
H4;18B;FROM NOW ON YOU WILL FACE GREAT OBSTACLES. WHEN THAT TIME COMES, PLEASE BE EACH OTHERS STRENGTH. THEN GRANDFATHER CLOSED HIS EYES. MADOKA SMILED AT HIM.;3;13;0x0948;0x09A1;texto;;;;;;;;;;;;;
H4;25B;I DID NOT EXPECT THAT. WELL, I WOULD BE VERY HAPPY TO SEE IT. MADOKA LOOKED AT ME HAPPILY.;5;11;0x0B9B;0x0BD8;texto;;;;;;;;;;;;;
H4;26B;GOOD. I THOUGHT YOU WERE UPSET BECAUSE GRANDFATHER WAS SO SICK. BUT IF YOU CAN SAY THAT, YOU WILL BE FINE. THANKS. I NODDED.;2;14;0x0BDA;0x0C37;texto;;;;;;;;;;;;;
H4;27B;NO, I UNDERSTAND IT IS HARD. DO NOT FORCE YOURSELF. YES. I NODDED AGAIN.;7;9;0x0C39;0x0C70;texto;;;;;;;;;;;;;
H4;28B;CREAK, CREAK. SOMETHING CREAKED FROM THE ROOM NEXT DOOR. A KIND OF SOUND.;8;8;0x0C72;0x0CB6;texto;;;;;;;;;;;;;
H4;29B;WHAT SOUND IS THAT? I LISTENED CLOSELY. IT CAME FROM INSIDE. SHE HAD HEARD IT TOO.;5;11;0x0CB8;0x0D03;texto;;;;;;;;;;;;;
H4;33B;I WAITED A WHILE UNTIL IT CALMED DOWN. THEN GRANDFATHER CALLED ME. I HAVE SOMETHING TO GIVE YOU. COME. WHEN I OPENED THE SLIDING DOORS I SAW THE BOOK.;2;14;0x0DD4;0x109E;texto;;;;;;;;;;;;;
H4;34B;IT IS A BOOK. JUST A BOOK.;12;4;0x10A3;0x10BD;texto;;;;;;;;;;;;;
H4;35B;GRANDFATHER! WITHOUT EVEN WIPING HIS EYES AFTER COUGHING, GRANDFATHER HELD A BOOK IN HIS HANDS. YOU SHOULD BE IN BED. NO, THIS...;2;14;0x10BF;0x111F;texto;;;;;;;;;;;;;
H4;36B;GRANDFATHER EXTENDED HIS HAND AND GAVE ME THE BOOK. THE TITLE WAS BOOK OF THE CELESTIAL SAGES.;7;9;0x1121;0x1164;texto;;;;;;;;;;;;;
H4;37B;CREAK, CREAK. THAT SOUND CAME FROM GRANDFATHER'S CHEST. ABOVE ALL, I HAD TO GIVE YOU THIS.;2;14;0x1166;0x11CB;texto;;;;;;;;;;;;;
H4;38B;I WAS LOST IN GRANDFATHER'S WORDS. AND THEN, THIS...;10;6;0x11CD;0x11EF;texto;;;;;;;;;;;;;
H4;39B;GRANDFATHER PUT HIS FINGER INTO HIS ONE EYE AND PULLED IT OUT WITHOUT A SINGLE MOAN OF PAIN.;8;8;0x11F1;0x1232;texto;;;;;;;;;;;;;
H4;40B;IN HIS PALM WAS AN EXQUISITE PIECE OF GLASS. I DID NOT EXPECT THE MOMENT TO COME SO SOON.;9;7;0x1234;0x1265;texto;;;;;;;;;;;;;
H4;41B;HIS VOICE CHANGED. THE TIP OF HIS FINGER STARTED DRIPPING, MIXED WITH MELTING FLESH. HE WAS DISSOLVING.;7;9;0x1267;0x12B0;texto;;;;;;;;;;;;;
H4;42B;WHERE MUSCLES SHOULD HAVE BEEN THERE WERE MECHANISMS MADE OF TIED THREADS...;9;7;0x12B2;0x12DA;texto;;;;;;;;;;;;;
H4;43B;WHERE MUSCLES SHOULD HAVE BEEN THERE WERE MECHANISMS MADE OF TIED THREADS. IN HIS THROAT WAS A DEVICE THAT ALLOWED HIS VOICE...;5;11;0x12DC;0x12FB;texto;;;;;;;;;;;;;
H4;44B;WHERE MUSCLES SHOULD HAVE BEEN THERE WERE MECHANISMS OF TIED THREADS. IN HIS THROAT A DEVICE FOR HIS VOICE... ALL OF IT MELTED AND CRUMBLED ALONG WITH THE FLESH.;2;14;0x12FD;0x1319;texto;;;;;;;;;;;;;
H4;45B;SO YOU DO NOT LOSE WHAT MATTERS... USE IT. GRANDFATHER WAS ALREADY LOSING HIS SHAPE.;7;9;0x131E;0x135E;texto;;;;;;;;;;;;;
H4;46B;I TOOK THE EYE WITH TREMBLING HANDS. THE SPRINGS LOST ALL STRENGTH AND FELL TO THE FLOOR.;2;14;0x1360;0x13C5;texto;;;;;;;;;;;;;
H4;47B;WHAT WAS LEFT WAS JUST A PILE OF BONES. GRANDFATHER. I REACHED OUT MY HAND. WHEN I TRIED TO TOUCH THEM, THE BONES CRUMBLED.;0;16;0x13CA;0x141A;texto;;;;;;;;;;;;;
H4;48B;AH, AH... A VOICE CAME OUT THAT WAS NOT A VOICE.;10;6;0x141C;0x143F;texto;;;;;;;;;;;;;
H4;49B;2.@@@1.@@MAD HID@@WAT@OKA E@@@@CH@@WAS MAD@@THE@ON@ OKA@@SCE@THE @@@@@NE@@OTH @@@@@@@@@ER@ @@@@@@@@@SID @@@@@@@@@E@@ @@@@@@@@@OF@ @@@@@@@@@THE @@@@@@@@@DOO @@@@@@@@@RS.;3;12;0x1441;0x148B;pregunta;;3;2;3;1;3;0;1. WATCH THE SCENE;2. HIDE MADOKA;MADOKA WAS ON THE OTHER SIDE OF THE DOORS.;;;
H4;50B;I COULD NOT OPEN THE SLIDING DOORS.;12;4;0x1495;0x1848;texto;;;;;;;;;;;;;
H4;51B;WHAT'S WRONG, OPEN UP. NO. DO NOT COME IN. YOU CANNOT SEE THIS. I PUSHED MY BACK AGAINST THE DOORS. BEFORE MY EYES WAS A SEA OF MELTED FLESH.;3;13;0x184A;0x18A5;texto;;;;;;;;;;;;;
H4;52B;AND IN THE MIDDLE OF IT ALL, WHAT HAD BEEN GRANDFATHER REMAINED STILL. NOT HEARING MADOKA'S VOICE, I JUST CRIED WITH A SOB THAT WAS NOT A VOICE.;2;14;0x18AA;0x1910;texto;;;;;;;;;;;;;
H4;61B;THAT WAS... WHAT WAS ALL THAT? I FELT I HAD TO SAY IT AND GATHERED THE COURAGE TO SPEAK.;7;9;0x1B92;0x1CC6;texto;;;;;;;;;;;;;
H4;62B;MADOKA SHOOK HER HEAD NOT KNOWING WHAT TO SAY. I DO NOT KNOW, BUT I THINK WE SHOULD NOT THINK ABOUT IT. TATSUKI, YOU ARE PUSHING YOURSELF TOO HARD.;3;13;0x1CCB;0x1D25;texto;;;;;;;;;;;;;
H4;63B;MAYBE YOU ARE RIGHT. IT HIT ME LIKE A PUNCH KNOWING GRANDFATHER'S LIFE WAS ENDING. HE WAS SO KIND. AND NOW GRANDFATHER WAS GONE. AND IN THAT WAY.;3;13;0x1D27;0x1D7F;texto;;;;;;;;;;;;;
H4;64B;MADOKA STOOD UP AND GENTLY CAME CLOSE TO MY SIDE. I CANNOT LEAVE YOU ALONE. AND THEN... GRANDFATHER...;2;14;0x1D81;0x1DE2;texto;;;;;;;;;;;;;
H4;92B;WITH MY HEAD IN A DAZE, ALL I COULD MANAGE WAS A COLD REPLY. MY HEAD HURTS... COULD YOU BE QUIET? MADOKA LOOKED DOWN, HURT, AND GLANCED AT ME SIDEWAYS. I'M SORRY. YOU HAVE NOTHING TO APOLOGIZE FOR.;0;16;0x25F7;0x28F6;texto;;;;;;;;;;;;;
H4;93B;I COULD NOT TAKE IT ANYMORE AND VANISHED FROM THERE AS IF FLEEING. THEN WITH A CONFUSED MIND I OPENED THE BOOK OF THE CELESTIAL SAGES.;5;11;0x28F8;0x294A;texto;;;;;;;;;;;;;
H4;94B;THE PERSON I HAD CREATED WAS UGLY AND ONLY MADE STRANGE SOUNDS. ANYONE WHO DID NOT KNOW HER WOULD ONLY SEE A MONSTER.;5;11;0x294C;0x29A7;texto;;;;;;;;;;;;;
H4;95B;BUT WHAT I HAD CREATED WAS UNDOUBTEDLY MYSELF. THOUGH I LIVED, I WAS JUST A BEING WITHOUT A HEART.;7;9;0x29A9;0x29E5;texto;;;;;;;;;;;;;
H4;96B;A HEART... DO I HAVE A HEART? IF I HAD A HEART I WOULD BE A PERSON. AND WHAT AM I?;5;11;0x29E7;0x2A37;texto;;;;;;;;;;;;;
H4;97B;AFTER THINKING FOR A WHILE MADOKA CAME TO CALL ME. ARE YOU OKAY? I WAS WORRIED ABOUT YOU BEFORE. I AM FINE NOW. I SAT AT THE TABLE.;3;13;0x2A39;0x2A99;texto;;;;;;;;;;;;;
H4;98B;ON THE TABLE WAS GRILLED FISH AND SOUP WITH VEGETABLES. I SAT DOWN, TOOK THE CHOPSTICKS, AND CHEWED EACH BITE, SAVORING EVERYTHING ON THE PLATE.;3;13;0x2A9B;0x2B01;texto;;;;;;;;;;;;;
H4;99B;HOW ARE YOU? ASKED MADOKA, PEEKING AT MY FACE WITH WORRY.;10;6;0x2B03;0x2B27;texto;;;;;;;;;;;;;
H4;100B;I NODDED VAGUELY. MADOKA TOOK HER CHOPSTICKS WITH RELIEF.;9;7;0x2B29;0x3149;texto;;;;;;;;;;;;;
H4;101B;SORRY, MADOKA. YOU ARE AN IRREPLACEABLE PERSON TO ME... IT IS A SHAME, BUT I CANNOT BE WHAT YOU NEED.;7;9;0x314B;0x3182;texto;;;;;;;;;;;;;
H4;102B;I BIT MY LIP. I HAD REALLY BEEN HAPPY THAT SHE CAME WITH ME. BUT I COULD NOT TELL HER THAT.;5;11;0x318E;0x31CF;texto;;;;;;;;;;;;;
H4;103B;3.@@2.@@1.@@WHA I@@@DEN@STA@T@@ CAN@Y@@@Y@@@SHO 'T@@IT@@SIL@ULD HID@@@@@ENT@I@@ E@@@@@@@@@@@DO? IT@@@@@@@@@@@@@ ANY@@@@@@@@@@@@ MOR@@@@@@@@@@@@ E@@@@@@@@@@@@@@;1;15;0x31D1;0x3215;texto;;;;;;;;;;;;;
H4;104B;I TREATED HER COLDLY. RIGHT NOW I CANNOT THINK OF ANYTHING. MADOKA TOOK THAT BLOW AND STOOD UP.;2;14;0x321F;0x3426;texto;;;;;;;;;;;;;
H4;105B;YOU DID NOT HAVE TO SAY THAT. WHY... I ALSO WANTED TO UNDERSTAND WHAT WAS HAPPENING TO YOU... MADOKA PROTESTED WITH HER WHOLE BEING THROUGH TEARS.;3;13;0x342B;0x3487;texto;;;;;;;;;;;;;
H4;106B;...I KNOW YOU ARE RIGHT. BUT I CANNOT FIND THE WORDS.;7;9;0x3493;0x34B6;texto;;;;;;;;;;;;;
H4;107B;...I... AM NOT HUMAN.;7;9;0x34B8;0x34CE;texto;;;;;;;;;;;;;
H4;108B;EVEN SO... I WILL NOT FORGET YOU. MY WORDS?;9;7;0x34D0;0x34FE;texto;;;;;;;;;;;;;
H4;109B;I COULD NOT BEAR MADOKA'S PROTEST. BUT I ALSO STOOD UP AND HUGGED HER. SORRY. MADOKA LET HERSELF BE HUGGED WITHOUT RESISTING.;2;14;0x3500;0x3565;texto;;;;;;;;;;;;;
H4;110B;...HEY, CAN I CRY? I COULD NOT TELL HER. BUT I HUGGED HER TIGHTER SO THAT WOULD BE MY ANSWER.;5;11;0x3567;0x35AF;texto;;;;;;;;;;;;;
H4;132B;WAS MADOKA SUSPICIOUS OF ME? BUT I HAD ONLY JUST FOUND OUT, AND HAD DONE NOTHING TO RAISE SUSPICION. OR MAYBE SHE UNDERSTOOD HOW UNEASY I WAS.;2;14;0x3C14;0x3EA9;texto;;;;;;;;;;;;;
H4;133B;I DO NOT WANT TO DIE. AND I DO NOT WANT TO DIE THAT WAY EITHER. GRANDFATHER MUST HAVE GIVEN ME THE BOOK EXACTLY FOR THAT. I TURNED THE PAGES IN DESPERATION.;2;14;0x3EAB;0x3F16;texto;;;;;;;;;;;;;
H4;134B;IS THERE A WAY TO FIX MY OWN BODY? BY THE WAY, WHEN WE ARRIVED GRANDFATHER WAS DRINKING SOMETHING LIKE MEDICINE. BUT WE HAD ALREADY PUT IT AWAY.;2;14;0x3F18;0x3F7D;texto;;;;;;;;;;;;;
H4;135B;I HAD TO FIND THAT MEDICINES FORMULA NO MATTER WHAT. I MADE MY DECISION... WHAT'S WRONG? MADOKA HAD WOKEN UP.;5;11;0x3F7F;0x3FD1;texto;;;;;;;;;;;;;
H4;136B;IT IS NOTHING. I WENT BACK INTO THE FUTON QUIETLY. PRAYING THAT THE SOUND FROM MY CHEST WOULD NOT BE HEARD.;5;11;0x3FD3;0x401F;texto;;;;;;;;;;;;;
H4;137B;MAYBE SHE WAS ALREADY HEARING IT. BUT IN THAT CASE WHAT SHOULD I DO? EVEN IF I CLOSED MY EYES, SLEEP DID NOT COME AS A REFUGE.;3;13;0x4021;0x407C;texto;;;;;;;;;;;;;
H4;145B;IT'S IMPOSSIBLE WITH YOU. I HAD NO CHOICE BUT TO SAY THAT. BECAUSE IF THEY FOUND OUT I'M NOT HUMAN, MY LIFE WOULD CEASE TO EXIST.;5;11;0x42B0;0x451A;texto;;;;;;;;;;;;;
H4;146B;AND EVEN WITHOUT THAT, MY BODY'S DECAY AND MY OBSESSION WITH THE BOOK HAD PUT HER ON GUARD.;7;9;0x451C;0x4568;texto;;;;;;;;;;;;;
H4;147B;THEN, I HAVE NO CHOICE BUT TO KILL HER.;12;4;0x456A;0x4581;texto;;;;;;;;;;;;;
H4;148B;I COULD NOT DO THAT. I WISHED SHE WOULD GET TIRED OF ME AND LEAVE. BUT LOSING HER SMILE WOULD BE CRUELER TO ME THAN DEATH.;0;16;0x4583;0x45F6;texto;;;;;;;;;;;;;
H4;149B;SO, AM I A BURDEN TO YOU? MADOKA ASKED ME WITH A TREMBLING VOICE. MY CHEST HURT. EVEN THIS HEART THAT DOES NOT SEEM LIKE A HEART ACHES LIKE A PERSON'S.;3;13;0x45F8;0x465B;texto;;;;;;;;;;;;;
H4;150B;2.@@@1.@@BUT@@ DO@@@YES@I@@@@ NOT@@,@@@HAD@@ MAKE@YOU@TO@@@ ME@@@ARE@TELL@ SAY@@A@@@HER@@ MORE@BUR@SOMET @@@@@DEN@HING.;2;14;0x465D;0x46AB;pregunta;;4;1;3;1;5;0;1. YES, YOU ARE A BURDEN;2. DO NOT MAKE ME SAY MORE;BUT I HAD TO TELL HER SOMETHING.;;;
H4;151B;PLEASE DO NOT MAKE ME SAY MORE. I TURNED MADOKA'S FACE AWAY. EVEN IF SHE REALIZED THE LIE THERE WAS NOTHING TO DO. IT IS A LIE, RIGHT? I COULD ONLY NOD.;2;14;0x46B5;0x4F07;texto;;;;;;;;;;;;;
H4;152B;I DID NOT WANT TO DIE DISSOLVING BEFORE HER EYES. I DID NOT WANT TO SHOW HER THAT DEATH. BUT I DID NOT WANT TO LOSE HER EITHER.;3;13;0x4F09;0x4F73;texto;;;;;;;;;;;;;
H4;153B;I NO LONGER KNEW WHAT TO DO. I WILL NOT LEAVE YOU ALONE, TATSUKI... EVEN IF YOU HATE ME IT IS FINE. I WILL NOT ABANDON YOU. NEVER.;3;13;0x4F75;0x4FCF;texto;;;;;;;;;;;;;
H4;154B;A MOMENT LATER SHE WENT OUTSIDE. I WAS WORRIED, BUT WHEN SHE CAME BACK SHE STARTED MAKING DINNER AS USUAL.;5;11;0x4FD1;0x5024;texto;;;;;;;;;;;;;
H4;155B;A FEW DAYS LATER, WHILE CHECKING THE BOOK, I FOUND SOMETHING THAT SEEMED TO BE A MEDICINE FORMULA.;7;9;0x5026;0x722F;texto;;;;;;;;;;;;;
H4;156B;BY THEN IT WAS EVEN HARD TO GET UP, SUCH WAS THE LOSS OF STRENGTH.;10;6;0x7231;0x7259;texto;;;;;;;;;;;;;
H4;157B;I ASKED MADOKA TO BUY THE INGREDIENTS. THEN SHE SHOWED ME A FACE THAT ALMOST BROKE INTO TEARS. SHE MUST HAVE HAD A HARD TIME TOO.;3;13;0x7262;0x72C6;texto;;;;;;;;;;;;;
H4;158B;WHEN I HANDED HER THE PAPER WITH THE LIST, SHE WENT DOWN TO THE VILLAGE.;10;6;0x72C8;0x72F0;texto;;;;;;;;;;;;;
H4;159B;ALONE IN THE MOUNTAIN HERMITAGE, THE SOUND FROM MY CHEST WORRIED ME MORE THAN EVER. EVEN IF I MADE THE MEDICINE, MAYBE I COULD NO LONGER RETURN TO A NORMAL BODY. THAT FEELING OVERCAME ME.;2;14;0x72F2;0x7364;texto;;;;;;;;;;;;;
H4;160B;MADOKA HAD CLEARLY NOTICED MY CONDITION. BUT THERE WAS NOTHING SHE COULD DO AND SHE LOOKED LIKE SHE WAS SUFFERING. WOULD DRINKING THE MEDICINE BE ENOUGH TO EXTEND MY LIFE?;2;14;0x7366;0x73D5;texto;;;;;;;;;;;;;
H4;161B;BUT I HAD NO IDEA HOW LONG MY BODY WOULD LAST WITHOUT DISSOLVING. IN THE WORST CASE, I WOULD HAVE TO KILL MADOKA.;3;13;0x73D7;0x7433;texto;;;;;;;;;;;;;
H4;162B;KILL.;6;10;0x743E;0x7449;texto;;;;;;;;;;;;;
H4;163B;I WOULD COMMIT THAT CRIME AGAINST HER AGAIN MYSELF. BUT KILLING HER AND LEAVING HER AS A DOLL FELT UNREAL. BUT THERE WAS NO OTHER OPTION.;0;16;0x7449;0x74C1;texto;;;;;;;;;;;;;
H4;164B;KILL HER AND THEN... IT WILL BE FINE, RIGHT. AS A DOLL.;10;6;0x74C3;0x74E4;texto;;;;;;;;;;;;;
H4;165B;SHARING THE SECRET AND NEVER PARTING. A BOND DEEPER THAN LOVERS. I FELT A SWEET AND DANGEROUS TEMPTATION IN THAT IDEA.;5;11;0x74E6;0x7539;texto;;;;;;;;;;;;;
H4;166B;MADOKA RETURNED FROM THE VILLAGE WHEN THE SUN HAD ALMOST SET.;7;9;0x753B;0x7587;texto;;;;;;;;;;;;;
H4;167B;I BOUGHT WHAT YOU ASKED FOR. I HOPE THIS MAKES YOU BETTER. IT TOOK ME A LONG TIME TO FIND IT ALL.;7;9;0x7589;0x75C5;texto;;;;;;;;;;;;;
H4;168B;YOU SENT ME TO LOOK FOR SUCH STRANGE THINGS. SHE HANDED ME THE INGREDIENTS WITH A SMILE AND WENT TO MAKE DINNER.;3;13;0x75C7;0x761F;texto;;;;;;;;;;;;;
H4;169B;IF MY BODY WERE NORMAL THAT WOULD BE A TRULY HAPPY SCENE. I WANTED TO PRESERVE THAT HAPPINESS. I TOOK THE INGREDIENTS AND PREPARED THE MEDICINE.;3;13;0x7621;0x7681;texto;;;;;;;;;;;;;
H4;170B;MYSTERIOUSLY MY STRENGTH RETURNED AND THE SOUND OF SPRINGS IN MY CHEST DISAPPEARED. I WAS SO HAPPY I ALMOST CRIED. MADOKA ALWAYS SMILED. BUT IT WAS A SLIGHTLY SAD SMILE.;0;16;0x7683;0x76FA;texto;;;;;;;;;;;;;
H4;171B;I THINK I WILL GO BACK HOME FOR A WHILE.;10;6;0x76FC;0x772A;texto;;;;;;;;;;;;;
H4;172B;IT WAS TRUE WE HAD SPENT A LONG TIME AT THE HERMITAGE. IT WAS UNDERSTANDABLE SHE WOULD SAY THAT. BUT IT WAS HARD.;5;11;0x772F;0x7777;texto;;;;;;;;;;;;;
H4;173B;I WILL COME BACK SOMETIME. MADOKA CONTINUED. I WANTED TO BELIEVE THOSE WORDS.;7;9;0x7779;0x77A7;texto;;;;;;;;;;;;;
H4;174B;SEVERAL DAYS PASSED AND MY BODY HAD IMPROVED A LOT. I THOUGHT IF THIS CONTINUED I COULD LIVE A WHILE LONGER.;5;11;0x77A9;0x7807;texto;;;;;;;;;;;;;
H4;175B;BUT REALITY WAS NOT FOR TWO. IF SHE SPOKE ABOUT WHAT HAPPENED HERE WHAT WOULD HAPPEN? EVEN WITH THIS MEDICINE MAYBE I COULD NOT STOP MY BODY FROM DISSOLVING.;2;14;0x7809;0x7879;texto;;;;;;;;;;;;;
H4;176B;I WATCHED MADOKA SLEEPING AGAINST THE WALL. SHE HAD A PEACEFUL FACE. THEN I PUT MY HAND ON HER NECK. I FELT HER HEARTBEAT.;5;11;0x787B;0x78C9;texto;;;;;;;;;;;;;
H4;177B;IT WAS SO WARM. THEN I SQUEEZED HER THIN NECK WITH ALL MY STRENGTH. MADOKA'S EYES SNAPPED OPEN. AND I KEPT SQUEEZING.;3;13;0x78CB;0x7D68;texto;;;;;;;;;;;;;
H4;178B;...W, WHAT... WHY... THE VIBRATION OF HER VOICE REACHED MY HANDS DIRECTLY. EVEN SO I DID NOT STOP SQUEEZING.;7;9;0x7D6A;0x7DB6;texto;;;;;;;;;;;;;
H4;179B;CALM DOWN AND DIE. I WILL BRING YOU BACK SOON. TOGETHER FOREVER, FOREV...;9;7;0x7DB8;0x7DF8;texto;;;;;;;;;;;;;
H4;180B;MADOKA LOOKED AT ME IN ANGUISH, TEARS ROLLING DOWN HER CHEEKS AND SALIVA FALLING FROM HER MOUTH AS SHE GASPED FOR AIR.;7;9;0x7DFA;0x7E3E;texto;;;;;;;;;;;;;
H4;181B;MADOKA'S HANDS DESPERATELY TRIED TO PULL MINE AWAY, BUT MY HANDS CLOSED WITH UNNATURAL FORCE AND OVERCAME HER LAST EFFORT.;5;11;0x7E40;0x7E9A;texto;;;;;;;;;;;;;
H4;182B;A FEW MINUTES LATER MADOKA STOPPED MOVING. EVEN SO I DID NOT TRY TO LET GO.;8;8;0x7E9C;0x7ED6;texto;;;;;;;;;;;;;
H4;183B;NOW YOU ARE MINE. I FELT THE WARMTH GRADUALLY LEAVING HER BODY THROUGH MY HANDS.;7;9;0x7ED8;0x7F0F;texto;;;;;;;;;;;;;
H4;184B;EVEN AFTER I RELAXED MY HANDS STAYED CLENCHED AND FOR A MOMENT I COULD NOT LET GO OF HER.;8;8;0x7F11;0x7F49;texto;;;;;;;;;;;;;
H4;185B;I INTENDED TO START RIGHT AWAY REMOVING THE NECESSARY PARTS FROM HER FOR THE DOLL... NO, FOR THE RESURRECTION RITUAL. BUT IF I STARTED I COULD NEVER SEE HER AGAIN.;2;14;0x7F4E;0x7FC5;texto;;;;;;;;;;;;;
H4;186B;THAT WAS SAD. SO AFTER THINKING IT OVER I DECIDED TO MAKE A DEATH MASK.;9;7;0x7FC7;0x7FF3;texto;;;;;;;;;;;;;
H4;187B;I USED PLASTER TO PRESS AGAINST HER DEAD FACE AND MAKE THE MOLD. BUT THE AGONIZED EXPRESSION ON HER FACE NOW DID NOT SUIT MADOKA WHO HAD ALWAYS CARED FOR ME.;3;13;0x7FF5;0x805F;texto;;;;;;;;;;;;;
H4;188B;I USED MY FINGER TO TRY TO MAKE A SMILE ON HER DEAD FACE, BUT I SIMPLY COULD NOT RECREATE THAT SMILE THAT ALWAYS GAVE ME LIFE. SO I LEFT IT AS IT WAS.;3;13;0x8061;0x80BC;texto;;;;;;;;;;;;;
H4;189B;ANYWAY WHEN SHE CAME BACK TO LIFE I COULD SEE THAT REAL SMILE. I TOOK HER DEATH MASK AND BEGAN MY WORK.;7;9;0x80BE;0x80FF;texto;;;;;;;;;;;;;
H4;190B;IT WAS ALREADY WINTER. IT WAS HARD WORK CREATING A DOLL. BUT ENCOURAGED BY MADOKA'S DEATH MASK I COULD KEEP GOING.;5;11;0x8104;0x8150;texto;;;;;;;;;;;;;
H4;191B;I MADE MY WAY THROUGH THE BAMBOO FOREST AND REACHED THE FIELDS AT THE FOOT OF THE MOUNTAIN. ONLY DRY GRASS STILL STANDING, GRASS FELLED BY WIND, AND A LITTLE SNOW LEFT.;4;12;0x8152;0x81A7;texto;;;;;;;;;;;;;
H4;192B;IN THE MIDDLE OF THE FIELD WAS A PILE OF DRY GRASS I HAD STACKED. INSIDE LAY THE DOLL I HAD CREATED. LIGHTING IT AND LETTING IT BURN WAS ALL THAT WAS LEFT TO APPLY THE RESURRECTION RITUAL.;0;16;0x81A9;0x8224;texto;;;;;;;;;;;;;
H4;193B;I COULD ALMOST BRING HER BACK. I STRUCK THE MATCH AND THREW IT ONTO THE PILE OF DRY GRASS. IN AN INSTANT THE FIRE SPREAD AND SPARKS ROSE TO THE SKY.;2;14;0x8226;0x82A0;texto;;;;;;;;;;;;;
H4;194B;THE FIRE TURNED INTO FLAMES AND BURNED HUGE AND BRIGHT. THEN I THREW THE DEATH MASK I HAD BROUGHT INTO THE FIRE TOO. IT HAD NO MORE USE. I TURNED MY BACK ON THE FLAMES.;2;14;0x82A2;0x830F;texto;;;;;;;;;;;;;
H4;195B;THE FIRE WENT OUT ON ITS OWN AFTER TWO HOURS. COLUMNS OF WHITE SMOKE FLOATED GENTLY. AS I CAREFULLY PARTED THE ASHES, I FOUND MADOKA'S BEAUTIFUL SMILING FACE.;2;14;0x8318;0x8383;texto;;;;;;;;;;;;;
H4;196B;I SMILED WITHOUT BEING ABLE TO HELP IT. I FELT THESE LAST SIX MONTHS WITHOUT HER HAD BEEN TRULY LONELY. WE WOULD NEVER PART AGAIN. WE WOULD BE TOGETHER UNTIL OUR SPRINGS REACHED THEIR LIMIT.;0;16;0x8385;0x8403;texto;;;;;;;;;;;;;
H4;197B;YES, IT HAD BEEN LONELY. BUT AT THAT MOMENT, SUDDENLY AN ARM CAME OUT OF THE FIRE AND GRIPPED MY NECK WITH ENORMOUS FORCE. WITH THAT MOMENTUM MADOKA STOOD UP AND THREW ME TO THE GROUND.;2;14;0x8405;0x8470;texto;;;;;;;;;;;;;
H4;198B;...WH... WHY... MADOKA SMILED. HER HANDS SQUEEZED AND SQUEEZED MY NECK. WHY DID YOU KILL ME?;2;14;0x8472;0x84C5;texto;;;;;;;;;;;;;
H4;199B;THEN MADOKA'S FACE SPLIT OPEN. BEHIND IT WAS HER REAL FACE, TWISTED WITH CONCENTRATED HATRED AND ACCUMULATED RESENTMENT. THAT FACE APPEARED. CREAK, CREAK. THE SOUND CAME FROM AMID IT ALL.;0;16;0x84C7;0x854C;texto;;;;;;;;;;;;;
H4;200B;ONE CAME FROM MY CHEST... THE OTHER FROM HER. AND THEN I WAS ENVELOPED IN DARKNESS.;8;8;0x854E;0x8581;texto;;;;;;;;;;;;;
H4;38C;I TOOK GRANDPA'S EYE. IT WAS STILL WARM. I NEVER THOUGHT THIS MOMENT WOULD COME SO SOON...;7;9;0x1031;0x1526;texto;;;;;;;;;;;;;
H4;39C;HIS VOICE CHANGED. HIS FINGER TURNED INTO A FLESHY LIQUID AND STARTED TO DRIP.;10;6;0x1528;0x155E;texto;;;;;;;;;;;;;
H4;40C;THE FLESH OF HIS THROAT WAS MELTING.;12;4;0x1563;0x157C;texto;;;;;;;;;;;;;
H4;41C;THE FLESH OF HIS THROAT MELTED. WHERE THERE HAD BEEN MUSCLE, THERE WERE TIED WHALEBONES, AND INSIDE HIS THROAT A MECHANISM. ALL OF IT MELTED ALONG WITH THE FLESH AND CRUMBLED APART.;0;16;0x157E;0x15DB;texto;;;;;;;;;;;;;
H4;42C;SO YOU DON'T LOSE SIGHT OF WHAT MATTERS... USE THIS... GRANDPA WAS ALREADY LOSING HIS SHAPE.;7;9;0x15E0;0x1631;texto;;;;;;;;;;;;;
H4;43C;WITH A SOFT SOUND, THE SPRING LOST ALL ITS FORCE AND FELL TO THE FLOOR.;7;9;0x1633;0x166E;texto;;;;;;;;;;;;;
H4;44C;ALL THAT WAS LEFT WERE HOLLOW BONES. I REACHED OUT MY HAND. GRANDPA... WHEN I TRIED TO TOUCH THEM, THE BONES CRUMBLED APART, AND BEHIND ME I HEARD A VOICE THAT WAS NOT QUITE A VOICE.;2;14;0x1670;0x16D4;texto;;;;;;;;;;;;;
H4;45C;AH... AH... MADOKA FROZE IN SHOCK. BUT MY HEART FELT LIKE IT WAS TEARING APART. AAAAAH! I ALSO CLENCHED MY FISTS AND LET OUT A SCREAM THAT WAS NOT QUITE A SCREAM.;2;14;0x16D6;0x173D;texto;;;;;;;;;;;;;
H4;70C;THAT BOY...;7;9;0x2200;0x2200;texto;;;;;;;;;;;;;
H4;151C;KILL?!;6;10;0x743E;0x743E;texto;;;;;;;;;;;;;
H4;38D;GRANDPA PUT HIS FINGERS INTO THE ONE EYE HE HAD LEFT, AND WITHOUT A SINGLE MOAN, PULLED OUT THE EYEBALL.;8;8;0x11F3;0x1226;texto;;;;;;;;;;;;;
H4;49D;I HUGGED MADOKA. THE RAW COLOR OF THE MELTED FLESH AND THE STENCH STINGING MY NOSE CONFIRMED, WITHOUT A DOUBT, THAT THIS WAS REALITY. WHAT HAPPENED? YOU DON'T NEED TO KNOW... YOU DON'T NEED TO.;1;15;0x175F;0x17DE;texto;;;;;;;;;;;;;
H4;50D;I WANTED TO PROTECT HER. UUN, BUT... I SHUT MY MOUTH, AND SO THE NIGHT WENT BY.;5;11;0x17E2;0x181C;texto;;;;;;;;;;;;;
H4;101D;I TRIED TO HIDE IT AS BEST I COULD. I THOUGHT THAT IF WE GOT MARRIED WE COULD LIVE IN A NICE HOUSE. WHY DID I EVER DECIDE TO GET MARRIED... MADOKA KEPT LOOKING AT THE PEOPLE AND OUTSIDE, RESTLESS.;0;16;0x2EFD;0x2F63;texto;;;;;;;;;;;;;
H4;102D;INCENSE BURNING ON THE PORCH, AND BEYOND IT THE FOREST AND THE SONG OF THE CICADAS. IT COULD HAVE BEEN A LOVELY VACATION.;7;9;0x2F69;0x2FB0;texto;;;;;;;;;;;;;
H4;103D;...YOU DON'T SEE ANYONE LIKE THAT AROUND HERE ANYMORE...;10;6;0x2FBA;0x2FE1;texto;;;;;;;;;;;;;
H4;104D;MADOKA'S EYES WENT WIDE, AS IF SHE COULDN'T BELIEVE IT.;10;6;0x2FE9;0x3009;texto;;;;;;;;;;;;;
H4;105D;WHY DO YOU SAY THAT? I DIDN'T KNOW WHAT TO ANSWER. EVEN I WAS SURPRISED I HAD SAID IT. BECAUSE GRANDPA IS GONE?;2;14;0x300D;0x306B;texto;;;;;;;;;;;;;
H4;106D;HOW COLD OF YOU. WAS THAT ALL WE WERE? IF TATSUKI SUFFERS, I SUFFER TOO. SO DON'T SAY THAT, LET'S STAY TOGETHER.;3;13;0x3071;0x30C1;texto;;;;;;;;;;;;;
H4;107D;THAT'S NOT IT, I LOVE YOU VERY MUCH. BE STRONG AND MOVE FORWARD. YOU HAD ALWAYS HELPED ME. THANK YOU. I SAID IT WITH ALL MY HEART.;4;12;0x30CC;0x3115;texto;;;;;;;;;;;;;
H4;147D;YOU ARE IN THE WAY. I PUSHED HER AWAY COLDLY. I COULDN'T THINK OF ANYTHING ELSE. I FOUND NO OTHER WAY TO SAVE MYSELF THAN MAKING HER BELIEVE MY LIE. BUT JUST THINKING ABOUT IT HURT.;0;16;0x4A81;0x4AF4;texto;;;;;;;;;;;;;
H4;148D;ITS A LIE, RIGHT? MADOKA LOOKED AT ME WITH AN EXPRESSION OF DISBELIEF. TELL ME ITS A LIE.;7;9;0x4B01;0x4B36;texto;;;;;;;;;;;;;
H4;149D;PLEASE LEAVE... I ANSWERED, SHAKING MY HEAD. I KEPT TELLING MYSELF THIS WAS RIGHT.;7;9;0x4B44;0x4B87;texto;;;;;;;;;;;;;
H4;150D;YOU ARE GOING TO LEAVE ME ALONE, AREN'T YOU. MADOKA SAID IT THROUGH TEARS.;9;7;0x4B91;0x4BBE;texto;;;;;;;;;;;;;
H4;151D;GOODBYE, BUT... SHE PRESSED HER LIPS TOGETHER, AND SAID NOTHING MORE.;8;8;0x4BC2;0x4BEC;texto;;;;;;;;;;;;;
H4;152D;AFTER A WHILE, MADOKA GATHERED HER THINGS AND, WITHOUT SAYING A WORD, STARTED WALKING TOWARD THE VILLAGE. THIS IS FOR THE BEST. I MURMURED IT WHILE WATCHING HER WALK AWAY.;3;13;0x4BFD;0x4C50;texto;;;;;;;;;;;;;
H4;153D;LOOKING AT THE SUNSET, I REMEMBERED MY SHORT LIFE SO FAR. THINKING ABOUT IT, THERE WEREN'T MANY GOOD THINGS.;5;11;0x4C62;0x4C94;texto;;;;;;;;;;;;;
H4;154D;MOM AND DAD DIED IN AN ACCIDENT, AND GRANDPA RAISED ME. I GUESS THAT WAS GOOD, IN SOME WAY.;7;9;0x4C99;0x4CD2;texto;;;;;;;;;;;;;
H4;155D;I PROBABLY DIED IN THAT ACCIDENT. AND GRANDPA CREATED ME AGAIN. IT DIDN'T TURN OUT VERY WELL. MAYBE IT WOULD HAVE BEEN BETTER TO STAY DEAD.;2;14;0x4CD6;0x4D3D;texto;;;;;;;;;;;;;
H4;156D;THE SUN WAS SETTING AND THE SKY HAD A BEAUTIFUL COLOR. BUT I WAS TRULY GLAD TO HAVE MET MADOKA, SUCH A LOVELY GIRL. IT WAS I WHO LET HER GO.;3;13;0x4D42;0x4D9E;texto;;;;;;;;;;;;;
H4;157D;I CAN NO LONGER MOVE MY BODY AS I WISH. AT LEAST MADOKA DIDN'T GET TO SEE ME LIKE THIS.;7;9;0x4DA2;0x4DD3;texto;;;;;;;;;;;;;
H4;158D;CREAK, CREAK, CREAK, CREAK...;7;9;0x4DE1;0x4E0A;texto;;;;;;;;;;;;;
H4;159D;LITTLE BY LITTLE MY BODY GREW LIGHTER. SO THIS WAS THE END. I LOOKED AT MY HANDS. THE FLESH HAD ALREADY MELTED AWAY, AND ONLY THE BONES REMAINED. STRANGE, BUT IT DIDN'T HURT.;2;14;0x4E14;0x4E7D;texto;;;;;;;;;;;;;
H4;95E;I STAYED SILENT. MADOKA'S EYES ALSO WELLED UP, AS IF SHE COULDN'T BEAR IT. MAYBE IT WOULD HAVE BEEN BETTER NOT TO COME, I THOUGHT. THEN I REACHED OUT MY HAND AND WIPED HER TEARS WITH MY FINGER.;0;16;0x3221;0x3294;texto;;;;;;;;;;;;;
H4;96E;THAT CAN'T BE, I TOLD HER. FROM SOMEWHERE THE SOUND CREAK CREAK CREAK WAS HEARD AGAIN. BUT I KEPT TALKING.;7;9;0x3298;0x32D4;texto;;;;;;;;;;;;;
H4;97E;BECAUSE YOU WERE THERE, I WAS ABLE TO KEEP STANDING, I TOLD HER. I WANTED HER TO DRY MY HEAD, AND I ALSO WANTED TO DRY HER TEARS.;5;11;0x32D9;0x3318;texto;;;;;;;;;;;;;
H4;98E;STAY WITH ME. I SAID IT WITH A BROKEN VOICE, MAKING A GREAT EFFORT. OVER AND OVER I ASKED MYSELF IF I HAD THE RIGHT TO ASK HER FOR SOMETHING LIKE THAT.;2;14;0x331C;0x337E;texto;;;;;;;;;;;;;
H4;99E;THEN, MADOKA WIPED HER TEARS AND FORCED A SMILE. I WILL STAY WITH YOU, SHE SAID. I LOVED HER MORE THAN EVER FOR THAT.;7;9;0x3385;0x33BF;texto;;;;;;;;;;;;;
H4;141E;JUST YOU BEING HERE IS ENOUGH. JUST YOU BEING HERE IS ENOUGH, I SAID. I SPUN EACH WORD AS IF I WERE CREATING SOMETHING.;5;11;0x47DD;0x481D;texto;;;;;;;;;;;;;
H4;142E;I LOVE YOU. TRULY, WITH ALL MY HEART.;12;4;0x482D;0x4846;texto;;;;;;;;;;;;;
H4;143E;MADOKA LOOKED AT ME WITH SAD BUT TENDER EYES. SEEING THOSE EYES, I THOUGHT MADOKA SURELY KNEW I WASN'T HUMAN. BUT I COULDN'T TELL HER.;0;16;0x484E;0x48BD;texto;;;;;;;;;;;;;
H4;144E;I COULDN'T BEAR IT ANYMORE. I GOT UP STAGGERING AND WENT OUTSIDE... WITH NO FIXED DIRECTION, I STARTED WALKING TOWARD THE FIELDS AND HILLS I MISSED SO MUCH.;3;13;0x48CB;0x491C;texto;;;;;;;;;;;;;
H4;145E;IF I HAD BEEN WELL, IT WOULD HAVE BEEN A SHORT WALK, BUT IT FELT LIKE A VERY LONG ROAD, AS IF I HAD GONE BACK TO CHILDHOOD. I TRULY WISHED I COULD RETURN TO THAT TIME WHEN I KNEW NOTHING.;2;14;0x4928;0x498E;texto;;;;;;;;;;;;;
H4;146E;COMPLETELY EXHAUSTED, I ENDED UP CURLED UP IN THE MIDDLE OF THE BAMBOO GROVE. THE CREAKING IN MY CHEST GREW LOUDER AND LOUDER. I GUESS I HAD LITTLE TIME LEFT TO LIVE. BEFORE I KNEW IT, MADOKA HAD COME LOOKING FOR ME.;0;16;0x4993;0x4A0C;texto;;;;;;;;;;;;;
H4;147E;LET'S GO HOME. I REACHED OUT MY HAND AND TOOK HERS. I THOUGHT I WOULD NEVER FORGET THE TENDERNESS OF THAT HAND.;5;11;0x4A17;0x4A59;texto;;;;;;;;;;;;;
H4;169E;KILL HER... THAT COULDN'T BE. I REMEMBERED HOW I MET HER.;8;7;0x78E9;0x7917;texto;;;;;;;;;;;;;
H4;170E;IS THIS SEAT FREE? WE HAPPENED TO SIT TOGETHER IN THE AUDITORIUM. WE DIDN'T KNOW EACH OTHER, BUT THOSE WORDS HAD WARMTH. IN THE NEXT CLASS WE SAT TOGETHER AGAIN.;3;13;0x7936;0x7993;texto;;;;;;;;;;;;;
H4;171E;SHE SMILED AT ME, AND I, THOUGH A LITTLE CONFUSED, SMILED BACK. FROM THEN ON, I STARTED LOOKING FORWARD TO THAT CLASS.;5;9;0x79A1;0x79DD;texto;;;;;;;;;;;;;
H4;172E;WHEN THAT HAPPENED SEVERAL TIMES, I FELT THAT HER SMILE HAD BEEN FADING LITTLE BY LITTLE. AT FIRST I FELT DISCOURAGED, BUT THEN I WANTED TO BECOME A SUPPORT FOR HER.;3;13;0x79E8;0x7A3F;texto;;;;;;;;;;;;;
H4;173E;IT SEEMED SHE ALSO WORRIED ABOUT ME. SHE NOTICED SOMETHING WAS WRONG. SHE TOLD ME SHE HAD LOST HER FATHER, AND WAS ALONE WITH HER MOTHER. I DON'T TELL THIS TO JUST ANYONE, SHE SAID.;2;14;0x7A52;0x7AB8;texto;;;;;;;;;;;;;
H4;174E;NOT BEING HUMAN, I AM GOING TO END UP ALONE, AREN'T I? I ANSWERED AS IF I DIDN'T CARE. BUT I ALSO HAVE JUST ONE FRIEND, EVEN IF WE ARE TWO, YOU AND I.;0;16;0x7AC3;0x7B2B;texto;;;;;;;;;;;;;
H4;175E;I ASKED MYSELF WHAT IT WAS THAT SCARED ME. WAS IT DYING? OR WAS IT LOSING HER, LOSING EVERYTHING? I DIDN'T KNOW.;7;9;0x7B38;0x7B79;texto;;;;;;;;;;;;;
H4;176E;ALL I KNEW FOR SURE WAS THAT IF I KEPT GOING LIKE THIS, THE WORDS I HAD TOLD HER WOULD BECOME A LIE... I ONLY KNEW I WOULD END UP LEAVING HER ALONE.;5;11;0x7B7E;0x7BC0;texto;;;;;;;;;;;;;
H4;177E;MY CHEST HURT. AGAIN, THE SOUND WAS HEARD.;12;4;0x7BC8;0x7BF0;texto;;;;;;;;;;;;;
H4;178E;IT SEEMED THAT EVEN THAT MEDICINE WASN'T PERFECT. I GOT UP AND DRANK THE SYRUP. I FELT A LITTLE BETTER.;7;9;0x7BF4;0x7C2B;texto;;;;;;;;;;;;;
H4;179E;DYING MUST HAVE BEEN SOMETHING MUCH MORE PAINFUL. AFTER ALL, THEY SAY DOLLS WERE BORN TO SERVE AS SUBSTITUTES FOR HUMANS.;5;11;0x7C33;0x7C74;texto;;;;;;;;;;;;;
H4;180E;FOR EXAMPLE, NAGASHIBINA DOLLS CARRY AWAY MISFORTUNE, BUT IF A DOLL KILLS A HUMAN, THAT IS A CONTRADICTION.;7;9;0x7C78;0x7CBD;texto;;;;;;;;;;;;;
H4;181E;IF I WAS CREATED WITH A PURPOSE, I WANTED TO FULFILL IT. I DON'T WANT TO LEAVE YOU ALONE, I MURMURED. SHE ALSO SAID SOMETHING IN HER SLEEP, BUT I COULDN'T UNDERSTAND WHAT IT WAS.;3;13;0x7CC2;0x7D10;texto;;;;;;;;;;;;;
H4;182E;THE NEXT MORNING, MADOKA STARTED GETTING READY TO LEAVE. I DIDN'T TRY TO STOP HER. SHE TOLD ME SHE WOULD BE BACK SOON, BUT IN MY HEART I FELT IT WAS A FAREWELL FOREVER.;3;13;0x8593;0x85ED;texto;;;;;;;;;;;;;
H4;183E;I WANTED TO HOLD HER BACK. BUT I COULDN'T THINK OF HOW TO DO IT. IF THIS KEPT UP, I WOULD BE LEFT ALONE.;7;9;0x85F2;0x862F;texto;;;;;;;;;;;;;
H4;184E;MADOKA STEPPED DOWN ONTO THE DIRT FLOOR WITH JUST ONE BAG, TRAVELING LIGHT. I WILL COME BACK AS SOON AS I CALM MY MOTHER DOWN, SHE SAID. SHE REPEATED IT OVER AND OVER SINCE THE MORNING, MAYBE TO REASSURE ME.;0;16;0x8634;0x869F;texto;;;;;;;;;;;;;
H4;185E;2.@1.@I@@ DO@TA@SPO N'@KE@KE@ T@@CA@TO@ GO@RE@HER;7;9;0x86A3;0x86CE;pregunta;;2;1;2;1;3;0;1. TAKE CARE;2. DON'T GO;I SPOKE TO HER;;;
H4;186E;WELL THEN, TAKE CARE, I SAID. I FORCED A SMILE AND SAW HER OFF.;8;8;0x86DA;0x8700;texto;;;;;;;;;;;;;
H4;187E;CREAK CREAK CREAK. I FELT MY CHEST TIGHTEN. I DRANK THE SYRUP QUICKLY. BUT IT DIDN'T HELP MUCH.;7;9;0x870E;0x874B;texto;;;;;;;;;;;;;
H4;188E;I WONDERED IF I WAS GOING TO DIE JUST LIKE THAT.;7;4;0x875B;0x8774;texto;;;;;;;;;;;;;
H4;189E;I COULDN'T STAY STILL, AND I RAN OUT AFTER MADOKA.;10;6;0x8782;0x87A5;texto;;;;;;;;;;;;;
H4;190E;WHAT'S WRONG WITH YOU? MADOKA LOOKED AT ME, PUZZLED. I TOLD HER, BREATHLESS: I WILL GO WITH YOU. AND I TOOK HER LUGGAGE.;5;11;0x88C0;0x8905;texto;;;;;;;;;;;;;
H4;191E;THERE IS NO NEED, IF YOU FEEL SICK.;12;4;0x890F;0x891E;texto;;;;;;;;;;;;;
H4;192E;NO, NO, LET ME CARRY IT. BETTER NOT, MADOKA SAID LAUGHING, AND TOOK THE BAG BACK.;7;9;0x8922;0x8953;texto;;;;;;;;;;;;;
H4;193E;EITHER WAY, I ENDED UP CARRYING THE LUGGAGE. IT MADE ME HAPPY TO FEEL WE WERE LIKE BEFORE.;8;7;0x895B;0x898E;texto;;;;;;;;;;;;;
H4;194E;AND I WALKED A LITTLE BEHIND HER, AT AN ANGLE. HER NAPE, WHITE AND SLENDER... I FELT I COULD BREAK IT.;3;13;0x8998;0x89DE;texto;;;;;;;;;;;;;
H4;195E;HEY, IT HAS BEEN A WHILE SINCE WE WALKED LIKE THIS, HASN'T IT? MADOKA TURNED AROUND AND LOOKED ME IN THE FACE. Y-YES, THAT'S TRUE. SINCE WE GOT HERE, WE HADN'T GONE OUT TOGETHER.;3;13;0x89F4;0x8A48;texto;;;;;;;;;;;;;
H4;196E;I LOWERED MY EYES. THAT'S TRUE... HOW LONG COULD WE KEEP GOING LIKE THIS? IF YOU WISH, FOREVER, I SAID. BUT THOSE WORDS CAME OUT OF MY MOUTH ALMOST WITHOUT THINKING.;0;16;0x8A52;0x8AB5;texto;;;;;;;;;;;;;
H4;197E;FOREVER.;14;2;0x8ABF;0x8AC3;texto;;;;;;;;;;;;;
H4;198E;IF ONLY I WERE A DOLL, AND IF THE SECRET WERE NEVER DISCOVERED, MAYBE WE COULD GET SOMETHING LIKE ETERNAL LIFE.;7;9;0x8ACE;0x8B0D;texto;;;;;;;;;;;;;
H4;199E;I WANT TO BE WITH YOU FOREVER. THOSE WORDS WERE THE GATEWAY TO HELL. I DROPPED MADOKA'S LUGGAGE ON THE GROUND. WHAT'S WRONG WITH YOU?, SHE ASKED, CONFUSED, AND I LUNGED AT HER.;0;16;0x8B18;0x8B84;texto;;;;;;;;;;;;;
H4;200E;STOP, STOP! SHE WAS WRITHING, BUT I WOULDN'T LET GO. THE HAND GRIPPING MADOKA'S THROAT WOULDN'T EASE UP. WE ARE GOING TO BE TOGETHER FOREVER, IT SAID IN A GUTTURAL VOICE.;3;13;0x8B98;0x8BF6;texto;;;;;;;;;;;;;
H4;201E;THAT'S A LIE..., SHE SAID. THOSE WORDS HIT ME LIKE A BLOW. AT THAT MOMENT, MADOKA SLIPPED OUT OF MY ARMS AND RAN OFF.;5;11;0x8BFA;0x8C47;texto;;;;;;;;;;;;;
H4;202E;2.@1.@SEE FO@ST@ING LL@AY@MAD OW@HE@OKA MA@RE@,@@ DO@@@@I@@ KA@@@@THO @@@@@@UGH @@@@@@T@@;7;9;0x8C57;0x8C81;pregunta;;2;1;2;1;3;0;1. STAY HERE;2. FOLLOW MADOKA;SEEING MADOKA, I THOUGHT;;;
H4;203E;I COULDN'T LET HER GET AWAY. I RAN AFTER HER, DOWN THE SLOPE TOWARD THE NEIGHBORING HOUSE. MADOKA WAS ALSO RUNNING WITH ALL HER STRENGTH. I DECIDED TO CUT AHEAD THROUGH THE BAMBOO GROVE.;0;16;0x9067;0x90F2;texto;;;;;;;;;;;;;
H4;204E;THIS WAS MY TERRITORY AND I COULD GET THERE FASTER THAN BY THE ROAD. I GRABBED A MACHETE FROM THE SHED AND RAN DOWN THE SLOPE;7;9;0x90F6;0x913F;texto;;;;;;;;;;;;;
H4;205E;I JUMPED OUT OF THE BAMBOO GROVE. NO TRACE SHE HAD PASSED THROUGH THERE.;10;6;0x9149;0x9167;texto;;;;;;;;;;;;;
H4;206E;2.@1.@@MADO WA@CLI@KA@@ IT@MB@@HADN HE@THE@'T@@ RE@SLO@COME @@@PE@@BY@@ @@@@@@@YET@;5;11;0x9171;0x919F;pregunta;;2;1;3;1;4;0;1. CLIMB THE SLOPE;2. WAIT HERE;MADOKA HADN'T COME BY YET;;;
H4;207E;I RAN UP THE SLOPE. ROUNDING A GENTLE BEND, I SAW MADOKA'S FIGURE. SEEING ME, SHE HESITATED FOR A MOMENT, BUT THEN RAN STRAIGHT INTO THE BAMBOO GROVE.;2;14;0x91B8;0x922F;texto;;;;;;;;;;;;;
H4;208E;MADOKA RAN THROUGH THE THICK GREEN OF THE BAMBOO. IT WAS USELESS. I KNEW THIS PLACE BETTER. THERE WAS A CLIFF UP AHEAD. MADOKA WAS NOW RUNNING WITH ALL HER STRENGTH.;0;16;0x923D;0x929F;texto;;;;;;;;;;;;;
H4;209E;SHE NOTICED THE SLOPE AND TURNED TO LOOK AT ME FOR A MOMENT. THEN, RESOLUTE, SHE SLID DOWN THE HILLSIDE. I FOLLOWED HER TOO. BELOW THERE WAS A RAVINE.;0;14;0x92AA;0x9304;texto;;;;;;;;;;;;;
H4;210E;MADOKA GOT UP COVERED IN SCRATCHES. BUT I WAS FASTER. I RAN DOWN THE HILLSIDE AND STOOD IN FRONT OF HER, BLOCKING HER WAY.;5;11;0x930F;0x9359;texto;;;;;;;;;;;;;
H4;211E;YOU CAN'T ESCAPE ANYMORE. MADOKA, PERHAPS RESIGNED, STARED AT ME. HEY, TATSUKI..., SHE ASKED ME.;6;10;0x9360;0x939E;texto;;;;;;;;;;;;;
H4;212E;WHAT WAS SHE GOING TO ASK ME? IF I WAS A DOLL? BEFORE THAT, I HAD TO KILL HER... OR ELSE, I WOULD END UP MELTING AWAY.;5;11;0x93A9;0x93F8;texto;;;;;;;;;;;;;
H4;213E;LISTEN TO ME..., I RAISED THE MACHETE. WITH THIS I WOULDN'T MISS.;10;6;0x9403;0x9427;texto;;;;;;;;;;;;;
H4;214E;I BROUGHT IT DOWN WITH ALL MY STRENGTH. MADOKA CROUCHED DOWN ON THE SPOT AND LOOKED UP AT ME. PLEASE, LISTEN TO ME!, MADOKA SCREAMED WITH ALL HER MIGHT.;3;13;0x945E;0x94BB;texto;;;;;;;;;;;;;
H4;215E;SHE WAS CRYING. SHE SHED BIG TEARS. I HAD MADE HER CRY.;10;6;0x94C3;0x94E3;texto;;;;;;;;;;;;;
H4;216E;I KNOW YOUR SECRET. THAT'S WHY I WANT TO HELP YOU!;3;13;0x94EF;0x953B;texto;;;;;;;;;;;;;
H4;217E;THE SOUND IN MY CHEST GREW STRONGER AND SWELLED, THROBBING AS IF IT WERE ALIVE.;10;6;0x955E;0x9585;texto;;;;;;;;;;;;;
H4;218E;I FELT THE TIPS OF THE FINGERS ON MY LEFT HAND GROWING HOT. LOOKING DOWN, THE FLESH HAD MELTED AND THE BONE SHOWED THROUGH. I COULD NO LONGER HOLD THE MACHETE, AND I JUST LET IT FALL.;2;14;0x95A9;0x9601;texto;;;;;;;;;;;;;
H4;219E;CALM DOWN, I DIDN'T TELL ANYONE. WE ARE STILL IN TIME! MADOKA STOOD UP AND HUGGED ME.;7;9;0x9619;0x9657;texto;;;;;;;;;;;;;
H4;220E;SHE WAS WARM. SHE WAS SOFT. ALL MY HAPPINESS WAS THERE, IN THAT EMBRACE. STRANGELY, THE SOUND IN MY CHEST CALMED DOWN, AND THE FLESH STOPPED MELTING RIGHT AT MY RIGHT ELBOW.;3;13;0x9670;0x96C2;texto;;;;;;;;;;;;;
H4;221E;MADOKA WHISPERED SOFTLY IN MY EAR. LISTEN TO WHAT I HAVE TO TELL YOU.;7;9;0x96C7;0x96EF;texto;;;;;;;;;;;;;
H4;222E;WE WENT BACK TO THE CABIN AND I DRANK THE MEDICINE. LITTLE BY LITTLE I CALMED DOWN. MADOKA WAS WITH ME. COMING BACK TO MY SENSES, I REGRETTED DOING SOMETHING LIKE THAT.;3;13;0x9702;0x9759;texto;;;;;;;;;;;;;
H4;223E;MADOKA TOOK A DEEP BREATH AND STARTED TALKING. SHE EXPLAINED THE SITUATION TO ME: IT SEEMED THAT WHAT TATSUKI HAD DONE WOULD HOLD UP A WHILE LONGER.;4;12;0x9CF7;0x9D4E;texto;;;;;;;;;;;;;
H4;224E;I'M SORRY. I READ THE TENROKI BEFORE YOU, TATSUKI-KUN. I GOT CURIOUS WHILE BURNING THE FUTON.;5;11;0x9D53;0x9DA3;texto;;;;;;;;;;;;;
H4;225E;MADOKA STUDIED JAPANESE LITERATURE. SHE COULD READ THOSE CLASSIC TEXTS EASIER THAN ME. I SAW GRANDFATHER'S NOTES AND IT DISTRESSED ME DEEPLY. I DIDN'T KNOW ANY OF THIS, SHE SAID.;0;16;0x9DA7;0x9E18;texto;;;;;;;;;;;;;
H4;226E;SO THAT WAS IT. THAT'S WHY MADOKA HAD STAYED IN THE CABIN FOR SO LONG. HEARING THE CREAK CREAK SOUND, SHE BECAME FULLY CONVINCED.;2;14;0x9E1C;0x9E7C;texto;;;;;;;;;;;;;
H4;227E;I LOWERED MY HEAD. SHE HAD BEEN WATCHING OVER ME ALL THIS TIME.;10;6;0x9E80;0x9EA1;texto;;;;;;;;;;;;;
H4;228E;I ALSO READ THE TENROKI BEHIND YOUR BACK, AND I ALSO EXPLORED INSIDE THE STOREROOM. AND LISTEN, I FOUND A WAY. A WAY TO SAVE YOU.;2;13;0x9EB4;0x9F18;texto;;;;;;;;;;;;;
H4;229E;I WAITED IN THE APARTMENT FOR MY OLDER SISTER TO COME BACK. SHE HAD A GATHERING TODAY AND WOULD BE LATE. I HOPED SHE WOULDN'T DRINK TOO MUCH.;5;11;0x9F35;0x9F83;texto;;;;;;;;;;;;;
H4;230E;WHEN THE CLOCK PASSED TEN, MY SISTER CAME BACK HELD UP BY HER FRIENDS. AAAH, I'M SO DRUNK... OH, RIGHT, DID MADOKA HAVE A YOUNGER BROTHER?;3;13;0x9F9C;0x9FF9;texto;;;;;;;;;;;;;
H4;231E;MY SISTERS FRIEND LOOKED DOWN AT ME AND SAID: HI, NICE TO MEET YOU. I GRINNED FROM EAR TO EAR. EVEN AS SHE PRAISED ME, I THOUGHT: HA, WHO DO YOU THINK YOU ARE?;2;14;0x9FFE;0xA059;texto;;;;;;;;;;;;;
H4;232E;MY SISTER TAPPED ME ON THE HEAD. SEEMS LIKE YOU'RE FINE. I THOUGHT YOU WOULD BE DEPRESSED ABOUT SOMETHING, BUT YOU ARE FINE NOW, RIGHT? THAT'S ALL SHE SAID, AND MY SISTERS FRIEND WENT HOME.;0;16;0xA05D;0xA0CA;texto;;;;;;;;;;;;;
H4;233E;THERE'S NO REASON FOR ME TO BE DEPRESSED, RIGHT? MADOKA STROKED MY HEAD TENDERLY. BECAUSE THERE ARE TWO OF US, SHE SAID.;7;9;0xA0CF;0xA100;texto;;;;;;;;;;;;;
H4;50F;A LIFE THAT TRANSCENDED TIME, LASTING FOREVER. THE KOKONOE ANCESTOR FOUND IT, BUT STOPPED BEING HUMAN AND VANISHED. WHOEVER REACHED IT NEXT WOULD HOLD THE SACRED TREASURE.;3;13;0xA1CC;0xA230;texto;;;;;;;;;;;;;
H4;51F;I FLIPPED THROUGH THE TENROKI WITHOUT THINKING MUCH. ONE PASSAGE CAUGHT MY EYE. ETERNAL LIFE, A SACRED TREASURE?;5;11;0xA236;0xA27D;texto;;;;;;;;;;;;;
H4;52F;2.@@1.@@WHAT@@@ BUT@INV@I@@@@@@ I@@@EST@SOUGHT@ WAS@IGA@WAS@@@@ ALS@TE@@NOT@@@@ O@@@THE@THE@@@@ CUR@MYS@TREASUR IOU@TER@E,@@@@@ S@@@Y@@@BUT@@@@ ABO@OF@@THE@@@@ UT@@THE@MYSTERY THE@DEA@OF@@@@@ TRE@TH@@MADOKA' ASU@@@@@S@@@@@@ RE@@@@@@DEATH@@;1;15;0xA281;0xA2D0;pregunta;;3;1;3;1;7;0;1. INVESTIGATE THE MYSTERY OF THE DEATH;2. BUT I WAS ALSO CURIOUS ABOUT THE TREASURE;WHAT I SOUGHT WAS NOT THE TREASURE, BUT THE MYSTERY OF MADOKA'S DEATH;;;
H4;53F;BUT THE TREASURE ALSO INTRIGUED ME. A LIFE BEYOND TIME HAD TO MEAN ETERNAL YOUTH AND IMMORTALITY. FOLLOWING THE PASSAGE, I REACHED A PART THAT LOOKED LIKE A SUTRA.;3;13;0xA4AA;0xA507;texto;;;;;;;;;;;;;
H4;54F;I THOUGHT A WHILE, BUT READING CLOSELY WHAT CAME BEFORE AND AFTER, I UNDERSTOOD IT EXPLAINED THE ART OF SOUL RESURRECTION.;7;9;0xA50B;0xA540;texto;;;;;;;;;;;;;
H4;55F;SOUL RESURRECTION WAS A SPELL TO REVIVE THE DEAD, BUT IT REQUIRED HISOU, ARSENIC.;7;9;0xA546;0xA582;texto;;;;;;;;;;;;;
H4;56F;WAS THIS THE SACRED TREASURE? WHAT DID IT HAVE TO DO WITH GRANDPA? THERE HAD TO BE SOME CONNECTION TO WHAT GRANDPA GAVE ME.;2;14;0xA586;0xA5E9;texto;;;;;;;;;;;;;
H4;57F;THE NEXT MORNING WE MADE GRANDPA'S GRAVE IN THE GARDEN. WE FINISHED BURYING GRANDPA'S REMAINS, AND MADOKA AND I PUT OUR HANDS TOGETHER BEFORE HIS GRAVE.;5;11;0xA9C4;0xAA11;texto;;;;;;;;;;;;;
H4;58F;I FINALLY FEEL AT PEACE. THANK YOU. I TOLD HER.;10;6;0xAA15;0xAA34;texto;;;;;;;;;;;;;
H4;59F;SHE LOOKED UP AT ME AND SHOOK HER HEAD SLIGHTLY. NO, TATSUKI HAD IT HARDER. IT MIGHT HAVE BEEN TRUE, BUT LOOKING DOWN, SHE COULD NOT HELP REMEMBERING HOW GRANDPA HAD DIED.;0;16;0xAA3A;0xAAA4;texto;;;;;;;;;;;;;
H4;60F;IT'S OKAY, I'M HERE WITH YOU. MADOKA PUT HER HAND ON MY SHOULDER FOR REAL.;9;7;0xAAA8;0xAAD3;texto;;;;;;;;;;;;;
H4;61F;I FORCED A SMILE. MADOKA NARROWED HER EYES, PLEASED, AND SPOKE TO CHANGE THE SUBJECT.;9;7;0xAAD7;0xAB07;texto;;;;;;;;;;;;;
H4;62F;RIGHT, THERE IS A STOREHOUSE IN THE BACK. YES, IT IS GRANDPA'S WORKSHOP. THEY NEVER LET ME IN, NOT EVEN ONCE. I IMAGINED WHAT GRANDPA'S FACE WOULD LOOK LIKE.;0;16;0xAB15;0xAB78;texto;;;;;;;;;;;;;
H4;63F;THE STOREHOUSE HAD NO LOCK, BUT I REMEMBER I COULD NEVER OPEN IT. MAYBE I SHOULD CHECK INSIDE THE STOREHOUSE.;5;11;0xAB7D;0xABE0;texto;;;;;;;;;;;;;
H4;64F;UNTIL I CLEARED UP THE MYSTERY OF GRANDPA'S DEATH, I DID NOT PLAN TO GO BACK.;10;6;0xABE4;0xAC09;texto;;;;;;;;;;;;;
H4;65F;TO THINK HE KNEW THE ART OF IMMORTALITY AND STILL ENDED UP LIKE THIS. WILL YOU COME WITH ME? OF COURSE. FOR YOU, TATSUKI, ANYTHING.;3;13;0xAC0F;0xAC56;texto;;;;;;;;;;;;;
H4;66F;MADOKA ANSWERED, ROLLING UP HER SLEEVES DRAMATICALLY. MY FACE RELAXED WITHOUT MEANING TO. SHE WAS TRULY RELIABLE. WE WENT BACK TO THE HOUSE. BUT BEFORE ENTERING, I WANTED TO PREPARE OR KEEP READING THE TENROKI.;0;16;0xAC5B;0xACD7;texto;;;;;;;;;;;;;
H4;67F;2.@1.@@WH OR@INV@IC TH@EST@H@ E@@IGA@ON TR@TE@@E@ EA@DEA@DO SU@TH@@I@ RE@@@@@PI @@@@@@@CK;7;9;0xACE2;0xAD10;pregunta;;2;1;3;1;2;0;1. INVESTIGATE DEATH;2. OR THE TREASURE;WHICH ONE DO I PICK;;;
H4;68F;TO CONFIRM THE MYSTERY OF GRANDPA'S DEATH, I KEPT READING THE TENROKI. IT RECORDED THE SUCCESSES AND FAILURES OF THE KOKONOE TECHNIQUE FOR MAKING DOLLS. THERE WAS THE LINE I WAS LOOKING FOR.;2;14;0xAFCF;0xB040;texto;;;;;;;;;;;;;
H4;69F;WHEN THE IDENTITY OF THE PERSON IT WAS MADE WITH IS REVEALED, BOTH DOLL AND CREATOR WILL MELT AWAY.;8;8;0xB04E;0xB083;texto;;;;;;;;;;;;;
H4;70F;THE PERSON IT WAS MADE WITH SEEMED TO REFER TO THE DOLL A KOKONOE HAD CREATED. IT MEANT THAT IF THEIR TRUE IDENTITY WAS REVEALED THE RESURRECTION WOULD BREAK, AND BOTH DOLL AND CREATOR WOULD MELT AND DISAPPEAR.;2;14;0xB088;0xB0F2;texto;;;;;;;;;;;;;
H4;71F;THE ART OF SOUL RESURRECTION WAS A MAGIC METHOD TO REVIVE THE DEAD. HAD GRANDPA DONE SOMETHING WITH IT, OR WAS HE HIMSELF A DOLL? THINKING OF THE SPRING THAT HAD COME LOOSE FROM HIM, MAYBE HE WAS A DOLL.;0;16;0xB0F8;0xB16C;texto;;;;;;;;;;;;;
H4;72F;HEY, LET'S GO IN ALREADY. I CAME BACK TO MY SENSES WHEN MADOKA SAID IT. YOU ARE RIGHT, LET'S GO IN. LETTING MYSELF BE CARRIED BY HER WORDS, I DECIDED TO ENTER. THE SHOCK WAS STILL TOO BIG.;0;16;0xB187;0xB1EB;texto;;;;;;;;;;;;;
H4;73F;A HEAVY IRON DOOR. PLASTER WALLS IN A GRID PATTERN. WE STOOD IN FRONT OF THE STOREHOUSE. SEEING A WINDOW UP HIGH, IT MUST HAVE HAD A SECOND FLOOR TOO. WOULD IT BE FROM THE EDO ERA?;2;14;0xB1FB;0xB25C;texto;;;;;;;;;;;;;
H4;74F;GRANDPA, I AM GOING IN. WE GRABBED THE DOOR HANDLE AND PULLED WITH ALL OUR STRENGTH TOGETHER FOR A FEW MINUTES. SOAKED IN SWEAT, IT DID NOT MOVE A MILLIMETER. WE TOOK A BREAK.;0;16;0xB260;0xB2CC;texto;;;;;;;;;;;;;
H4;75F;THAT IS STRANGE, THERE IS NO HOLE FOR A KEY. LET'S CHECK IT CAREFULLY. MADOKA WIPED THE SWEAT FROM HER FOREHEAD WHILE LOOKING AROUND THE DOOR.;5;11;0xB2D0;0xB315;texto;;;;;;;;;;;;;
H4;76F;2.@@1.@I@ LOO@CH@PA K@@@EC@US IN@@K@@ED THE@CA@TO WIN@RE@TH DOW@FU@IN @@@@LL@K@ @@@@Y@@@@;5;9;0xB31E;0xB349;pregunta;;3;1;2;1;2;0;1. CHECK CAREFULLY;2. LOOK IN THE WINDOW;I PAUSED TO THINK;;;
H4;77F;CHECKING THE DOOR CAREFULLY, I FOUND A SLOT THE SIZE OF A PING PONG BALL NEAR THE HANDLE. LET ME SEE, IF IT IS THE USUAL PATTERN, I THOUGHT.;3;13;0xB356;0xB3A8;texto;;;;;;;;;;;;;
H4;78F;THEN IT OCCURRED TO ME. I TOOK GRANDPA'S GLASS EYE FROM MY POCKET AND TRIED IT IN THE SLOT.;8;7;0xB3AC;0xB3E2;texto;;;;;;;;;;;;;
H4;79F;CREAK CREAK CREAK. THE DOOR OPENED WITH A TREMENDOUS NOISE. WE LOOKED AT EACH OTHER AND I WENT IN FIRST.;7;9;0xB3EE;0xB42C;texto;;;;;;;;;;;;;
H4;80F;A COLD AIR AND A MUSTY SMELL HIT MY NOSE. ARE YOU OKAY? MADOKA ASKED IN A WORRIED VOICE. I NODDED SLIGHTLY. MADOKA FOLLOWED ME WITH SOFT STEPS, LIKE A CAT.;2;14;0xB441;0xB4A3;texto;;;;;;;;;;;;;
H4;81F;CREAK, BANG. THE DOOR SLAMMED SHUT AND OUR SIGHT WAS SEALED IN DARKNESS. AH! WHAT HAPPENED? HMM, I CANNOT SEE ANYTHING.;2;14;0xB4D4;0xB529;texto;;;;;;;;;;;;;
H4;82F;UGH, NO, HOW SCARY, HOW GROSS. I TRIED TO PUSH THE DOOR WITH MY BODY, BLINDLY. IT DOES NOT WORK. I TRY AGAIN.;5;11;0xB52D;0xB576;texto;;;;;;;;;;;;;
H4;83F;OW OW OW. THE DOOR BOUNCED ME BACK AND I FELL SITTING DOWN SUDDENLY.;9;7;0xB580;0xB5A3;texto;;;;;;;;;;;;;
H4;84F;INSTEAD OF THE COLD FLOOR, I FELT SOMETHING SOFT UNDER MY HANDS AND BACK. COULD IT BE...? RIGHT WHEN I FELT THAT. GET OFF QUICK, YOU ARE HEAVY, SAID MADOKA, WHOSE TONE HAD DROPPED CONSIDERABLY.;2;14;0xB5A7;0xB60A;texto;;;;;;;;;;;;;
H4;85F;2.@@1.@@SORRY@@ STA@GET@,@@@@@@ Y@@@UP@@BUT@@@@ LIK@RIG@I@@@@@@ E@@@HT@@ALSO@@@ THI@AWA@WANT@@@ S@@@Y@@@TO@@@@@ A@@@@@@@STAY@@@ LIT@@@@@LIKE@@@ TLE@@@@@THIS@@@ LON@@@@@A@@@@@@ GER@@@@@LITTL@@ @@@@@@@@E@@@@@@ @@@@@@@@LONGE@@ @@@@@@@@R@@@@@@;1;15;0xB60F;0xB656;pregunta;;3;1;3;1;5;2;1. GET UP RIGHT AWAY;2. STAY LIKE THIS A LITTLE LONGER;SORRY, BUT I ALSO WANT TO STAY LIKE THIS A LITTLE LONGER;;;
H4;86F;SORRY. I GOT OFF MADOKA RIGHT AWAY. WHAT A PERVERT. IT WAS NOT ON PURPOSE. I DO NOT CARE, WHATEVER, JUST TURN ON THE FLASHLIGHT ALREADY.;2;14;0xBA6F;0xBAC3;texto;;;;;;;;;;;;;
H4;87F;I FUMBLED IN MY POCKET. AT THAT MOMENT, MORE THAN ANYTHING, I FEARED MADOKA'S ANGER. THEN, I HEARD A SOUND NEAR MY EAR.;5;11;0xBACD;0xBB10;texto;;;;;;;;;;;;;
H4;88F;FLAP FLAP FLAP. AH, WHAT IS THIS NOW, HURRY, TURN IT ON ALREADY. I SWITCHED ON THE FLASHLIGHT AT ONCE AND POINTED THE LIGHT AT WHATEVER WAS FLUTTERING AROUND US.;3;13;0xBB1C;0xBB7A;texto;;;;;;;;;;;;;
H4;89F;WHAT IS THAT? CAUGHT BY THE LIGHT, IT FLED AND STOOD STILL IN FRONT OF US. MADOKA STOOD UP TREMBLING AND ALSO TURNED ON HER OWN FLASHLIGHT.;2;14;0xBC88;0xBCE9;texto;;;;;;;;;;;;;
H4;90F;IT IS A PARROT. THERE WERE DIVIDING PANELS ON THE SIDES, AND FURTHER BACK THERE WAS EVEN A PERCH FOR THE PARROT. IT STAYED RIGHT THERE, AS IF THE PARROT WANTED TO BLOCK OUR WAY.;2;14;0xBCFB;0xBD64;texto;;;;;;;;;;;;;
H4;91F;I TOOK A STEP FORWARD TO CHECK IT. THEN THE PARROTS BEAK SUDDENLY OPENED.;8;7;0xBD68;0xBDA0;texto;;;;;;;;;;;;;
H4;92F;WHOEVER DARES ENTER THIS STOREHOUSE MUST BE OF KOKONOE BLOOD. OTHERWISE DEATH AWAITS.;7;9;0xBDBD;0xBE01;texto;;;;;;;;;;;;;
H4;93F;THE PARROT CLACKED ITS BEAK. WHAT A SKILLED TALKING PARROT. MADOKA APPROACHED THE PARROT, IMPRESSED. THIS GOES AGAINST GRANDPA'S WISHES. THIS IS A MECHANISM.;2;14;0xBE10;0xBE72;texto;;;;;;;;;;;;;
H4;94F;A PIANO WIRE HUNG FROM THE CEILING, CONNECTED TO THE PARROT, MAKING IT SEEM ALIVE. IT CANNOT BE. THERE MUST BE SOME MECHANISM THAT PRODUCES THE VOICE. COULD IT USE A WAX CYLINDER?;2;14;0xBE86;0xBEE9;texto;;;;;;;;;;;;;
H4;95F;I SWALLOWED HARD. IT HAD NOTHING TO ENVY IN A WESTERN AUTOMATON. WOULD GRANDPA HAVE MADE SOMETHING LIKE THIS TOO?;5;11;0xBEED;0xBF3B;texto;;;;;;;;;;;;;
H4;96F;A WAX CYLINDER IS AN OLD RECORDER. SOUND IS RECORDED ON A TUBE COVERED WITH A THIN LAYER OF WAX. AHA. I DID NOT KNOW IF I UNDERSTOOD, BUT I COLLECTED MYSELF AND LOOKED AT THE PARROT AGAIN.;2;14;0xBF40;0xBFA9;texto;;;;;;;;;;;;;
H4;97F;I AM KOKONOE TATSUKI, THE RIGHTFUL HEIR. I DECLARED IT. AS IF IT HAD UNDERSTOOD, THE PARROT OPENED ITS EYES WIDE, OPENED ITS BEAK, AND STAYED STILL FOREVER.;2;14;0xBFBB;0xC01F;texto;;;;;;;;;;;;;
H4;98F;SO IN THE END, HE TOOK THE KOKONOE NAME AND BECAME A DOLL MASTER BEFORE PASSING IT ON? MADOKA LOOKED AT THE PARROT. MAYBE. THAT IS WHY I AM HERE, PERHAPS.;2;14;0xC02A;0xC085;texto;;;;;;;;;;;;;
H4;99F;A LITTLE NERVOUS, HUH. GIRLS ARE TOUGH, OR HOW TO PUT IT, I WAS A BIT IMPRESSED SHE COULD THINK OF SOMETHING LIKE THAT IN A SITUATION LIKE THIS.;4;12;0xC089;0xC0DA;texto;;;;;;;;;;;;;
H4;100F;WELL, THAT WILL BE FOR LATER. I SHRUGGED AND CHECKED IF THE DOOR AHEAD WAS LOCKED. IT DID NOT SEEM TO MOVE AN INCH. THERE WAS NOTHING LEFT BUT TO KEEP GOING.;2;14;0xC0DE;0xC13C;texto;;;;;;;;;;;;;
H4;101F;WE WALKED DOWN THE HALLWAY AND FOUND AN OPENING ON THE RIGHT SIDE. POINTING THE LIGHT THERE, IT LOOKED LIKE A WORKSHOP.;3;13;0xC147;0xC197;texto;;;;;;;;;;;;;
H4;102F;A LITTLE FURTHER AHEAD THERE WAS ANOTHER OPENING ON THE LEFT. THAT LOOKED LIKE A STOREHOUSE.;8;7;0xC19B;0xC1CA;texto;;;;;;;;;;;;;
H4;103F;3.@2.@@1.@WHIC@ LE@THE@TH@H@@@@ TS@STO@E@@ONE@@ KE@RAG@WO@DO@@@ EP@E@@@RK@WE@@@ GO@ON@@SH@CHOO@ IN@THE@OP@SE?@@ G@@LEF@ON@MADO@ @@@T@@@TH@KA@@@ @@@@@@@E@@ASKE@ @@@@@@@RI@D@@@@ @@@@@@@GH@@@@@@ @@@@@@@T@@@@@@@ @@@@@@@@@@@@@@@ @@@@@@@@@@@@@@@;1;15;0xC1CE;0xC21C;texto;;;;;;;;;;;;;
H4;104F;WE DECIDED TO GO TO THE STOREHOUSE. I WONDERED WHAT THINGS WOULD BE IN THERE.;5;11;0xC3FC;0xC43E;texto;;;;;;;;;;;;;
H4;105F;FURTHER BACK THERE WERE SEVERAL WOODEN BOXES, FINISHED OR NOT. SOME STACKED, OTHERS AGAINST THE WALL, AND ON THE SHELVES WERE BOXES FROM SMALL ONES TO OTHERS THE SIZE OF A COFFIN.;2;14;0xC449;0xC4AC;texto;;;;;;;;;;;;;
H4;106F;LOOKING THROUGH ALL THIS IS GOING TO BE QUITE A JOB, HUH. MADOKA SIGHED. I REACHED OUT TOWARD A SMALL BOX ON THE SHELF AND OPENED ONE OF THEM.;5;11;0xC4B0;0xC4FD;texto;;;;;;;;;;;;;
H4;107F;THEY WERE ANIMAL FOSSILS PACKED TO THE TOP. IT WAS RYUKOTSU, USED IN CHINESE MEDICINE. MATERIAL FOR DOLLS? IN ANOTHER I FOUND WHALE WHISKERS ARRANGED WITH CARE. MAYBE FOR THE SPRINGS OF THE MECHANISMS.;0;16;0xC502;0xC57F;texto;;;;;;;;;;;;;
H4;108F;2.@1.@@BEFORE GO@KEE@THE@@@ TO@P@@@BATTER TH@CHE@IES@@@ E@@CKI@DIE,@@ WO@NG@@LET'S@ RK@@@@@GO@@@@ SH@@@@@TO@@@@ OP@@@@@THE@@@ @@@@@@@WORKSH @@@@@@@OP,@@@ @@@@@@@MADOKA @@@@@@@SAID@@;3;13;0xC583;0xC5C7;pregunta;;2;1;3;1;6;0;1. KEEP CHECKING;2. GO TO THE WORKSHOP;BEFORE THE BATTERIES DIE, LET'S GO TO THE WORKSHOP, MADOKA SAID;;;
H4;109F;THIS TIME, THE WORKSHOP ACROSS THE HALL.;13;3;0xCC23;0xCC2F;texto;;;;;;;;;;;;;
H4;110F;WHEN I LIT IT WITH THE FLASHLIGHT, HANDS, FEET AND HEADS APPEARED IN DISORDER. THOSE ARE DOLLS, RIGHT? SAID MADOKA, HIDING BEHIND ME.;3;13;0xCC3B;0xCC8F;texto;;;;;;;;;;;;;
H4;111F;THEY ARE DOLLS, AND WELL MADE TOO. THERE WAS A WORK TABLE, AND AROUND IT HEAD MANNEQUINS FOR PLACING WIGS, AND FINISHED MECHANICAL DOLLS LINED UP.;2;14;0xCC93;0xCD05;texto;;;;;;;;;;;;;
H4;112F;MADOKA LET OUT A SCREAM. AH, WHAT IS THAT? A SKULL!? THERE WAS A SKULL ON THE WORK TABLE. I APPROACHED CAREFULLY AND POINTED THE LIGHT AT IT.;3;13;0xCD0A;0xCD6E;texto;;;;;;;;;;;;;
H4;113F;IT WAS A SKULL, BUT THE SURFACE WAS FIRED AND THE MATERIAL DID NOT LOOK LIKE BONE. PORCELAIN? IT SEEMED UNFINISHED.;7;9;0xCD73;0xCDB8;texto;;;;;;;;;;;;;
H4;114F;GRANDPA, WHAT WERE YOU PLANNING TO DO WITH SOMETHING LIKE THIS? THIS IS NOT THE REAL ONE, IS IT?;8;7;0xCDBC;0xCDEB;texto;;;;;;;;;;;;;
H4;115F;GLAD YOU CAME, HUH. IT HAD SOMETHING ENGRAVED. NUMBER FIVE, FINAL MODEL?;10;6;0xCDEF;0xCE15;texto;;;;;;;;;;;;;
H4;116F;GRANDPA SURELY MADE THIS AS PART OF A SERIES OF SKULLS. IT IS VERY WELL MADE. MADOKA TOUCHED THE SKULL FEARFULLY.;5;11;0xCE19;0xCE69;texto;;;;;;;;;;;;;
H4;117F;MAYBE GRANDPA WAS TRYING TO USE THE ART OF SOUL RESURRECTION AGAIN. A MAGIC METHOD TO REVIVE THE DEAD. ONLY, IT SEEMED THE KOKONOE GAVE SOULS TO DOLLS INSTEAD.;0;16;0xCE77;0xCEEA;texto;;;;;;;;;;;;;
H4;118F;IS THAT CREATING A PERSON? LIKE THE GOLEM FROM THE OLD TESTAMENT? MADOKA LOOKED AT THE SKULL WITH DISTRUSTFUL EYES. BUT HAVING ALSO SEEN THE STRANGE WAY GRANDPA DIED, SHE WAS HALF BELIEVING AND HALF DOUBTING.;0;16;0xCEF5;0xCF68;texto;;;;;;;;;;;;;
H4;119F;THAT IS TRUE. I SUPPOSE GRANDPA REALLY WAS A DOLL. I SAID THIS NEW DOUBT OUT LOUD AGAIN. THEN, WHERE IS THE REAL ONE? I COULD NOT ANSWER.;3;13;0xCF6C;0xCFC4;texto;;;;;;;;;;;;;
H4;120F;WE EXPLORED THE WORKSHOP A WHILE, BUT FOUND NOTHING THAT LOOKED LIKE A CLUE. BEFORE THE BATTERIES DIED, WE WENT UP TO THE SECOND FLOOR.;5;11;0xCFCB;0xD01F;texto;;;;;;;;;;;;;
H4;121F;THE HALLWAY ENDED THERE. POINTING THE LIGHT AT THE CEILING, I FOUND A FOLDING LADDER. IT PROBABLY ONLY CAME DOWN WHEN YOU WANTED TO GO TO THE SECOND FLOOR. THERE MUST BE A SWITCH SOMEWHERE. COULD THIS BE IT?;0;16;0xD031;0xD09D;texto;;;;;;;;;;;;;
H4;122F;2.@@1.@@MADOK STO@KEE@A@@@@ P@@@P@@@WAS@@ HER@WAT@ABOUT RIG@CHI@TO@@@ HT@@NG@@PULL@ AWA@@@@@THE@@ Y@@@@@@@HANGI @@@@@@@@NG@@@ @@@@@@@@ROPE@;3;13;0xD0A2;0xD0E2;pregunta;;3;1;3;1;5;0;1. KEEP WATCHING;2. STOP HER RIGHT AWAY;MADOKA WAS ABOUT TO PULL THE HANGING ROPE;;;
H4;123F;I STOPPED HER RIGHT AWAY. YOU HAVE TO BE CAREFUL WITH THINGS LIKE THIS. YOU ARE RIGHT. I TOOK THE HANGING ROPE FROM MADOKA'S HANDS AND LOOKED UP CAREFULLY.;2;14;0xD21F;0xD27F;texto;;;;;;;;;;;;;
H4;124F;THE TRAPDOOR WAS RIGHT ABOVE WHERE SHE HAD BEEN STRUGGLING. IF THAT HAD FALLEN IT WOULD HAVE BEEN DANGEROUS. I PULLED THE ROPE. CREEEAK! THE FOLDING LADDER CAME DOWN SUDDENLY.;2;14;0xD28D;0xD301;texto;;;;;;;;;;;;;
H4;125F;A CLOUD OF DUST ROSE UP. UGH, HOW GROSS. MADOKA MADE A DISGUSTED FACE. WELL, THERE IS NO OTHER WAY, WE ARE EXPLORING. I TRIED TO CLIMB THE STAIRS.;0;16;0xD305;0xD364;texto;;;;;;;;;;;;;
H4;126F;WAIT... MADOKA STOPPED ME. AT THE TOP OF THE STAIRS THERE WAS A HUMAN SILHOUETTE.;7;9;0xD56D;0xD59D;texto;;;;;;;;;;;;;
H4;127F;NO, IT WAS A DOLL. A GIRL DOLL, TOO. A GIRL DRESSED IN A RED BROCADE KIMONO.;8;7;0xD5A1;0xD5CD;texto;;;;;;;;;;;;;
H4;128F;IT WATCHED US WITH GLASS EYES. IT IS JUST A DOLL, RIGHT? SAID MADOKA IN A TREMBLING VOICE. EVEN SO, IT GAVE OFF AN AIR THAT MADE IT HARD TO BELIEVE IT WAS JUST A DOLL.;3;13;0xD5E3;0xD632;texto;;;;;;;;;;;;;
H4;129F;WE CLIMBED THE STAIRS STEP BY STEP. MAYBE NOTICING WE HESITATED HALFWAY, THE DOLL'S ARM ROSE. THEN IT WENT UP AND DOWN OVER AND OVER.;4;12;0xD644;0xD6A2;texto;;;;;;;;;;;;;
H4;130F;IS IT CALLING US? SEEMS LIKE IT.;10;4;0xD6C7;0xD6DD;texto;;;;;;;;;;;;;
H4;131F;WE CLIMBED UP TO THE LANDING OF THE FOLDING LADDER AND STOOD IN FRONT OF THE GIRL DOLL. THE CLASPS ON THE DOLL'S KIMONO SHONE VIVIDLY UNDER THE LIGHT.;5;11;0xD6E1;0xD72C;texto;;;;;;;;;;;;;
H4;132F;IT STOOD ABOUT EIGHTY CENTIMETERS TALL. IT HAD THE FACE OF A BEAUTIFUL GIRL WITH PERFECT FEATURES. HOW LOVELY. MADOKA TRIED TO TOUCH THE GIRL DOLL.;5;11;0xD737;0xD782;texto;;;;;;;;;;;;;
H4;133F;CLANK! THE DOLL'S FACE SUDDENLY LIFTED AND TURNED INTO THE FACE OF A CARNIVOROUS BEAST.;8;8;0xD79B;0xD7CB;texto;;;;;;;;;;;;;
H4;134F;THEN, HISSING LIKE A THREAT, IT TWISTED ITS NECK AND BARED ITS FANGS.;10;6;0xD7E0;0xD7FB;texto;;;;;;;;;;;;;
H4;135F;THOSE FANGS WERE AIMED AT MADOKA'S HAND.;12;4;0xD802;0xD817;texto;;;;;;;;;;;;;
H4;136F;WATCH OUT! I STEPPED IN TO PROTECT MADOKA AND STRETCHED OUT MY OWN ARM INSTEAD.;10;6;0xD848;0xD866;texto;;;;;;;;;;;;;
H4;137F;A SHARP PAIN RAN THROUGH ME. BUT EVEN WITH THE DOLL BITING ME, I LIFTED IT AND SLAMMED IT AGAINST THE FLOOR. BLOOD SPLATTERED ACROSS THE FLOOR.;5;11;0xD87D;0xD8C5;texto;;;;;;;;;;;;;
H4;138F;THE DOLL FINALLY OPENED ITS MOUTH. THEN, AS IF IT WERE A LIVING THING, IT QUICKLY BACKED AWAY ON ALL FOURS AND STOOD UP AT ONCE.;5;11;0xD8D0;0xD917;texto;;;;;;;;;;;;;
H4;139F;ARE YOU OKAY? ARE YOU HURT? I AM FINE, IT JUST HURTS, BUT IT IS NOT OVER YET. I SAID WHILE PRESSING THE WOUND.;7;9;0xD91B;0xD967;texto;;;;;;;;;;;;;
H4;140F;I FINALLY REALIZED WHAT KIND OF DOLL IT WAS. IT WAS TAMAMO, A JORURI THEATER DOLL.;5;11;0xD96B;0xD9AD;texto;;;;;;;;;;;;;
H4;141F;IT KEPT A SECOND HEAD INSIDE ITS BELLY. THAT TRICK LET IT TRANSFORM INSTANTLY FROM AN UNMATCHED BEAUTY INTO A FOX SPIRIT. BUT THIS TAMAMO DID NOT STOP THERE.;3;13;0xD9BF;0xDA1C;texto;;;;;;;;;;;;;
H4;142F;WHOEVER IS NOT OF KOKONOE BLOOD MUST LEAVE AT ONCE. IF YOU DO NOT LEAVE, YOUR LIFE WILL BE WORTHLESS.;3;13;0xDA27;0xDA60;texto;;;;;;;;;;;;;
H4;143F;THE FOX SPIRIT BARED ITS FANGS AND RED TONGUE. IT WAS AS IF THE SPIRIT SPOKE OF ITS OWN WILL.;7;9;0xDA69;0xDAA1;texto;;;;;;;;;;;;;
H4;144F;ANOTHER AUTOMATON? I WONDER IF THAT IS ALL IT IS. I LOOKED AT THE FOX SPIRIT WITH BLAZING EYES. I AM OF KOKONOE BLOOD. WHAT IS THE PROBLEM?;3;13;0xDAAC;0xDB00;texto;;;;;;;;;;;;;
H4;145F;WHOEVER IS NOT OF KOKONOE BLOOD MUST LEAVE AT ONCE. IF YOU DO NOT LEAVE, YOUR LIFE WILL BE WORTHLESS.;3;13;0xDB05;0xDB3F;texto;;;;;;;;;;;;;
H4;146F;THE SAME PHRASE AGAIN. HEARING IT, MADOKA POINTED AT HERSELF. IS IT BECAUSE. I AM HERE?;7;9;0xDB45;0xDB78;texto;;;;;;;;;;;;;
H4;147F;PROBABLY, YES. BUT I COULD NOT SAY IT OUT LOUD. THE FOX SPIRIT LUNGED AT US SWIFTLY. DID IT HAVE WHEELS ON ITS FEET OR SOMETHING?;4;12;0xDB7E;0xDBD6;texto;;;;;;;;;;;;;
H4;148F;LET'S RUN. MADOKA GRABBED MY HAND AND WE WENT DOWN THE STAIRS. OW, OW. WE RAN DOWN AND KEPT GOING AT ONCE. BUT THINKING ABOUT IT, THIS WAS A DEAD END. THE DOOR WOULD NOT OPEN.;0;16;0xDBE4;0xDC53;texto;;;;;;;;;;;;;
H4;149F;LOOKING BACK, THE FOX SPIRIT WAS ALSO COMING DOWN THE STAIRS IN LEAPS. THE LEAD WOULD ONLY LAST FOR NOW. I THOUGHT IF THERE WAS SOMETHING IN THE WORKSHOP THAT COULD SERVE AS A WEAPON. LOOSE ARMS OR LEGS, I DID NOT WANT TO HAVE TO USE THOSE.;0;16;0xDC58;0xDCD6;texto;;;;;;;;;;;;;
H4;150F;WHILE I THOUGHT, I REACHED THE DOOR. WHAT DO WE DO, IT IS A DEAD END.;9;7;0xDCDB;0xDD18;texto;;;;;;;;;;;;;
H4;151F;MADOKA SCREAMED. THE FOX SPIRIT WAS ALREADY FINISHING DOWN THE STAIRS.;10;6;0xDD2A;0xDD4F;texto;;;;;;;;;;;;;
H4;152F;I MOVED THE FLASHLIGHT LOOKING FOR ANYTHING AT ALL. THEN SOMETHING GLEAMED AT MY FEET. IT WAS GRANDPA'S GLASS EYE. HAD IT FALLEN ON THIS SIDE OF THE DOOR?;3;13;0xDD72;0xDDCE;texto;;;;;;;;;;;;;
H4;153F;HERE IT COMES. THE FOX SPIRIT WAS APPROACHING WITH A TERRIBLE EXPRESSION.;10;6;0xDDF4;0xDE16;texto;;;;;;;;;;;;;
H4;154F;HERE IT COMES. THE FOX SPIRIT WAS APPROACHING WITH A TERRIBLE EXPRESSION. I PICKED UP THE GLASS EYE AND PUT IT IN THE DOOR'S SLOT.;5;11;0xDE1F;0xDE42;texto;;;;;;;;;;;;;
H4;155F;THEN THE DOOR, IMMOVABLE UNTIL NOW, BEGAN TO OPEN SLOWLY, AND A DAZZLING LIGHT POURED IN.;8;8;0xDE49;0xDE79;texto;;;;;;;;;;;;;
H4;156F;AND THE FOX SPIRIT AIMED ITS SHARP FANGS AT US.;12;4;0xDE87;0xDE9D;texto;;;;;;;;;;;;;
H4;157F;BUT. THAT WAS ALL.;8;8;0xDEAC;0xDEB8;texto;;;;;;;;;;;;;
H4;158F;THE FOX SPIRIT, BATHED IN SUNLIGHT, LIKE A BROKEN TOY, CLOSED ITS MOUTH AND STOPPED MOVING COMPLETELY.;7;9;0xDEC0;0xDEFD;texto;;;;;;;;;;;;;
H4;159F;WE WERE SAVED. WE HELD HANDS. I HAD ENOUGH OF SUCH DANGEROUS THINGS. MADOKA LOOKED AT ME WITH NARROWED EYES. I COULD ONLY SMILE IN RESIGNATION.;3;13;0xDF09;0xDF5D;texto;;;;;;;;;;;;;
H4;160F;BUT WE STILL DO NOT UNDERSTAND ANYTHING. THAT IS WHY, NEXT TIME WE COME WELL EQUIPPED. THIS IS A FULL HAUNTED HOUSE.;5;11;0xDF61;0xDFA5;texto;;;;;;;;;;;;;
H4;161F;MAYBE SHE WAS RIGHT, BUT IF I GO ALONE, THE MYSTERY IS RIGHT THERE, IN FRONT OF ME.;8;8;0xDFB0;0xDFE0;texto;;;;;;;;;;;;;
H4;162F;THERE WAS A FULL MOON. WE WERE COMPLETELY EXHAUSTED, SO WE DECIDED TO SLEEP. I WAITED UNTIL MADOKA'S BREATHING BECAME CALM AND STEADY SO I COULD ENTER THE STOREHOUSE ALONE.;2;14;0xE29C;0xE2FA;texto;;;;;;;;;;;;;
H4;163F;I SLIPPED AWAY QUIETLY AND HELD MY BREATH IN FRONT OF THE STOREHOUSE DOOR. I WAS ABOUT TO INHERIT THE SECRET AS A MEMBER OF THE KOKONOE CLAN.;5;11;0xE2FE;0xE349;texto;;;;;;;;;;;;;
H4;164F;I USED THE GLASS EYE TO OPEN THE DOOR. THEN I WENT UP TO THE SECOND FLOOR AT ONCE.;10;6;0xE356;0xE387;texto;;;;;;;;;;;;;
H4;165F;THIS PULL THAT DREW ME COULD NOT BE HELD BACK IN ANY WAY. I STEPPED FIRMLY ON THE CREAKING STAIRS, WHILE A STRANGE SOUND ECHOED.;5;11;0xE38B;0xE3D6;texto;;;;;;;;;;;;;
H4;166F;WHEN I GOT TO THE TOP, A DIM LIGHT LIT THE ROOM.;10;6;0xE3E4;0xE404;texto;;;;;;;;;;;;;
H4;167F;THERE WAS A SOUND OF CALM, VERY SLOW BREATHING.;10;6;0xE409;0xE426;texto;;;;;;;;;;;;;
H4;168F;THAT ALSO WENT ON FOR A WHILE. MY EYES SLOWLY GREW USED TO IT.;10;6;0xE431;0xE44A;texto;;;;;;;;;;;;;
H4;169F;...;6;10;0xE47E;0xE47F;texto;;;;;;;;;;;;;
H4;170F;MUMMIES.;6;10;0xE4A1;0xE4A4;texto;;;;;;;;;;;;;
H4;171F;DOZENS OF SELF MUMMIFIED MUMMIES WATCHED ME. WELCOME, BLOOD OF THE KOKONOE. A VOICE ECHOED.;7;9;0xE4B7;0xE4EF;texto;;;;;;;;;;;;;
H4;172F;YOU WHO SEEK ETERNAL LIFE, NOW, I WILL GRANT IT TO YOU AS WELL.;7;9;0xE502;0xE520;texto;;;;;;;;;;;;;
H4;173F;AMONG THE MUMMIES, ONE STOOD UP. IT WAS MYSELF.;8;8;0xE544;0xE56D;texto;;;;;;;;;;;;;
H4;174F;IT WAS A GOOD MORNING. MADOKA DID NOT SEEM TO HAVE NOTICED I HAD GONE OUT THE NIGHT BEFORE. I STARTED GATHERING MY THINGS TO GO BACK.;5;11;0xE581;0xE5CB;texto;;;;;;;;;;;;;
H4;175F;AH, ARE YOU LEAVING? YES, THE WOUND STILL HURTS A LITTLE. I RUBBED MY ARM THAT NO LONGER HURT. I SEE, WELL, WE CAN ALWAYS COME BACK ANOTHER DAY. MADOKA SMILED, KNOWING NOTHING.;0;16;0xE5DD;0xE63C;texto;;;;;;;;;;;;;
H4;176F;YES, I WILL SURELY COME BACK. THE SPRING INSIDE MY CHEST MADE A SMALL SOUND. I SLOWLY CLOSED MY EYES.;2;14;0xE643;0xE6A0;texto;;;;;;;;;;;;;
H4;5H;YOU ARE GOING TO BE MY FUTURE WIFE. IF YOU DON'T LET ME SEE YOUR FACE, WHAT ARE YOU GOING TO DO? MADOKA BLUSHED AND LOWERED HER EYES. I ALSO BLUSHED, NOT TO BE OUTDONE.;3;13;0x0433;0x047E;texto;;;;;;;;;;;;;
H4;6H;I MET MADOKA WHEN I STARTED UNIVERSITY. WHEN I MET HER, SHE HAD JUST LOST HER FATHER. SINCE WE HAD SIMILAR SITUATIONS, WE GREW CLOSE.;3;13;0x0489;0x04DD;texto;;;;;;;;;;;;;
H4;7H;I NEVER THOUGHT I WOULD END UP SAYING THESE THINGS WITH A SERIOUS FACE. SHE WAS CHEERFUL AND KIND, AND SHE WAS ALSO POPULAR AT SCHOOL.;5;11;0x04E1;0x052B;texto;;;;;;;;;;;;;
H4;8H;AT FIRST I THOUGHT WE WEREN'T COMPATIBLE. EVEN SO, I WANTED TO BECOME A MAN WHO MATCHED HER. BUT THAT WAS ALSO A MISTAKE, AND NOW I COULD SEE HER HONESTLY, AS JUST ANOTHER GIRL.;0;16;0x052F;0x059F;texto;;;;;;;;;;;;;
H4;9H;AND THAT IS HOW I BROUGHT HER WITH ME.;12;4;0x05A3;0x05B4;texto;;;;;;;;;;;;;
H4;25H;2.@@1.@@MADO@ I@@@THE@KA@@@ CAN@WED@RAIS@ 'T@@DIN@ED@@@ WAI@G@@@HER@@ T@@@COM@EYEB@ @@@@ES@@ROWS@ @@@@FIR@PLAY@ @@@@ST@@FULL@ @@@@@@@@Y@@@@;3;13;0x0A81;0xF95A;pregunta;;3;1;3;1;4;1;1. THE WEDDING COMES FIRST;2. I CAN'T WAIT;MADOKA RAISED HER EYEBROWS PLAYFULLY;;;
H4;26H;BEFORE THAT WE HAVE TO HAVE THE WEDDING. I NODDED FIRMLY. SINCE I SAID IT WITH A SERIOUS FACE, MADOKA TURNED COMPLETELY RED AND LOOKED AWAY.;3;13;0xF6DC;0xF731;texto;;;;;;;;;;;;;
H4;27H;WELL, THAT'S TRUE, BUT... REALLY... ARE YOU SERIOUS? MADOKA SAID IT IN AN ALMOST INAUDIBLE VOICE. I NODDED.;5;11;0xF735;0xF775;texto;;;;;;;;;;;;;
H4;28H;CREAK, CREAK. FROM THE ROOM NEXT DOOR A STRANGE NOISE SOUNDED AGAIN, AS IF SOMETHING WERE GRINDING. WHAT COULD IT BE... IT MADE ME UNEASY.;5;11;0xF783;0xF7CB;texto;;;;;;;;;;;;;
H4;29H;MADOKA CHANGED THE SUBJECT HASTILY. MAYBE THE CHANGE OF SUBJECT WAS TOO ABRUPT;10;6;0xF7D0;0xF7F7;texto;;;;;;;;;;;;;
H4;104I;FOR NOW LET'S KEEP GOING, BUT THE HALLWAY ENDED IN A DEAD END. FOR NOW LET'S LOOK AT THE ROOM AHEAD, MADOKA SAID AS IF THERE WERE NO OTHER OPTION, SO I AGREED.;3;13;0xC5DA;0xC639;texto;;;;;;;;;;;;;
H4;105I;1.@2.@SO@ GO@GO@WHE TO@TO@RE@ ST@TH@ARE OR@E@@WE@ ER@WO@GOI OO@RK@NG? M@@SH@@@@ @@@OP@@@@;7;9;0xC63D;0xC668;pregunta;;2;1;2;1;3;0;2. GO TO THE WORKSHOP;1. GO TO STOREROOM;SO WHERE ARE WE GOING?;;;
H4;106I;FIRST, THE WORKSHOP WE HAD IN FRONT OF US.;13;3;0xC229;0xC235;texto;;;;;;;;;;;;;
H4;107I;WHEN I LIT IT UP WITH THE FLASHLIGHT, HANDS, LEGS AND HEADS APPEARED, PILED UP WITHOUT ORDER.;8;8;0xC247;0xC279;texto;;;;;;;;;;;;;
H4;108I;IN THE CENTER THERE WAS A WORKBENCH, AND AROUND IT THERE WERE WIG MANNEQUIN HEADS AND FINISHED DOLLS. WHAT IS THAT? MADOKA EXCLAIMED.;3;13;0xC285;0xC2E7;texto;;;;;;;;;;;;;
H4;109I;ON THE WORKBENCH THERE WAS A SKULL. I APPROACHED FEARFULLY AND POINTED THE LIGHT AT IT.;8;8;0xC2F9;0xC32F;texto;;;;;;;;;;;;;
H4;110I;IT WAS A SKULL, BUT THE SURFACE WAS FIRED AND THE MATERIAL DIDN'T LOOK LIKE BONE. WAS IT PORCELAIN?;7;9;0xC33A;0xC37F;texto;;;;;;;;;;;;;
H4;111I;GRANDPA, WHAT COULD HE HAVE WANTED TO DO WITH THIS. IS IT REAL? IT'S WELL MADE, HUH. IT HAD SOMETHING ENGRAVED. NUMBER 5, FINAL MODEL, PERHAPS.;3;13;0xC383;0xC3DC;texto;;;;;;;;;;;;;
H4;112I;GRANDPA MUST HAVE MADE THIS SKULL AS PART OF A SERIES. IT'S VERY WELL MADE, MADOKA SAID, LOOKING AT THE SKELETON FEARFULLY AND TOUCHING IT WITH THE TIP OF HER FINGER.;2;14;0xC681;0xC6DC;texto;;;;;;;;;;;;;
H4;113I;MAYBE GRANDPA WAS TRYING TO USE THE SOUL REVIVAL TECHNIQUE AGAIN. THE SOUL REVIVAL TECHNIQUE? ITS A RITE TO BRING BACK THE DEAD. WELL, IT SEEMS THE KOKONOE GAVE SOULS TO THEIR DOLLS...;0;16;0xC79D;0xC819;texto;;;;;;;;;;;;;
H4;114I;IS THAT CREATING PEOPLE? LIKE THE GOLEM FROM THE OLD TESTAMENT. MADOKA LOOKED AT THE SKULL WITH DISTRUST.;7;9;0xC81D;0xC85B;texto;;;;;;;;;;;;;
H4;115I;BUT, HAVING SEEN THE STRANGE WAY GRANDPA DIED, I WAS HALF CONVINCED. YES... I WONDER IF GRANDPA REALLY WAS A DOLL, I SAID MY NEW DOUBT OUT LOUD.;0;16;0xC85F;0xC8C9;texto;;;;;;;;;;;;;
H4;116I;AND THEN, WHAT ABOUT THE REAL ONE? I COULDN'T ANSWER.;12;4;0xC8CD;0xC8E5;texto;;;;;;;;;;;;;
H4;117I;FOR A WHILE WE EXPLORED THE WORKSHOP, BUT THERE WAS NOTHING THAT LOOKED LIKE A CLUE. BEFORE THE BATTERIES RAN OUT, I WANTED TO KEEP MOVING.;3;13;0xC8F1;0xC93F;texto;;;;;;;;;;;;;
H4;118I;THEN WE WENT TO THE STOREROOM. SHELVES WERE BUILT ON SEVERAL LEVELS, WITH WOODEN CRATES STORED IN ORDER.;7;9;0xC944;0xC986;texto;;;;;;;;;;;;;
H4;119I;FURTHER IN THERE WERE SEVERAL WOODEN CRATES, MAYBE UNFINISHED. SOME STACKED AND OTHERS LEANING AGAINST THE WALL. FROM SMALL BOXES TO ONES THE SIZE OF A COFFIN, THERE WERE ALL SIZES.;2;14;0xC991;0xC9F4;texto;;;;;;;;;;;;;
H4;120I;GOING THROUGH ALL THIS IS GOING TO BE QUITE A JOB, MADOKA SAID WITH A SIGH. I REACHED OUT TOWARD A SMALL BOX ON THE SHELF AND OPENED ONE OF THEM.;5;11;0xC9F8;0xCA4B;texto;;;;;;;;;;;;;
H4;121I;IT WAS PACKED FULL OF ANIMAL FOSSILS. IT WAS RYUKOTSU, USED IN CHINESE MEDICINE. COULD IT BE MATERIAL FOR DOLLS? IN ANOTHER ONE I FOUND WHALEBONES ARRANGED WITH CARE. MAYBE IT WAS TO BE USED FOR THE SPRINGS IN THE MECHANISMS.;0;16;0xCA50;0xCAD3;texto;;;;;;;;;;;;;
H4;122I;SHOULDN'T WE MOVE ON BEFORE THE BATTERIES DIE? MADOKA SAID. I AGREED. WE DECIDED TO CHECK FURTHER DOWN THE HALLWAY.;5;11;0xCAD7;0xCB1B;texto;;;;;;;;;;;;;
H4;125I;I STOOD THERE, UNABLE TO REACT. CREAK, CREAK! WITH A TREMENDOUS NOISE, THE LADDER CAME CRASHING DOWN. AAAH! I SCREAMED AND JUMPED ASIDE.;2;14;0xD0EE;0xD156;texto;;;;;;;;;;;;;
H4;126I;THE LADDER FELL RIGHT WHERE I HAD BEEN STANDING, RAISING A HUGE CLOUD OF DUST. I ALMOST GOT CRUSHED.;7;9;0xD15E;0xD1A0;texto;;;;;;;;;;;;;
H4;127I;BE CAREFUL! SORRY, SORRY, BUT AT LEAST WE FOUND IT, RIGHT? MADOKA SAID, LAUGHING AND APOLOGIZING. WELL, I WOULD LET IT SLIDE.;3;13;0xD1A7;0xD1F4;texto;;;;;;;;;;;;;
H4;128I;FEELING SOMETHING I COULDN'T SHAKE OFF, I TRIED TO CLIMB THE LADDER.;10;6;0xD1F8;0xD217;texto;;;;;;;;;;;;;
H4;209K;LET'S KEEP GOING LIKE THIS. I REALIZED MY OWN PETTINESS. IT WAS TRUE THAT MAYBE I COULD REVIVE MADOKA BY TURNING HER INTO A DOLL.;5;11;0x8C93;0x8CE1;texto;;;;;;;;;;;;;
H4;210K;BUT I ALREADY KNOW THAT, AND I KNOW THAT SHE MIGHT NO LONGER BE THE MADOKA I LOVED. I WILL GO BACK TO THE CABIN ALONE, AND MAYBE MADOKA WILL CALL THE POLICE. AT THAT MOMENT... ALL I WILL HAVE LEFT IS TO ACCEPT IT.;0;16;0x8CE5;0x8D57;texto;;;;;;;;;;;;;
H4;211K;SITTING ON THE PORCH WATCHING THE SUNSET, I REMEMBERED MY SHORT LIFE UP TO THAT MOMENT. MY MOM AND DAD DIED IN AN ACCIDENT, AND MY GRANDPA RAISED ME... MAYBE THAT WAS GOOD, AFTER ALL.;2;14;0x8D68;0x8DCB;texto;;;;;;;;;;;;;
H4;212K;THE REAL ME PROBABLY DIED IN THAT ACCIDENT. AND THEN... MY GRANDPA CREATED ME.;7;9;0x8DDA;0x8E16;texto;;;;;;;;;;;;;
H4;213K;IT DIDN'T TURN OUT VERY WELL. MAYBE IT WOULD HAVE BEEN BETTER TO STAY DEAD BACK THEN.;8;8;0x8E1A;0x8E47;texto;;;;;;;;;;;;;
H4;214K;THE SUN SETS. THE SUNSET IS BEAUTIFUL. BUT SINCE I GOT TO SEE MADOKA, I AM TRULY GLAD I SAW HER. EVEN SO, I MYSELF LET HER GO.;3;13;0x8E4C;0x8EA5;texto;;;;;;;;;;;;;
H4;215K;I CAN NO LONGER MOVE MY BODY AS I WANT. AT LEAST MADOKA DIDN'T SEE ME LIKE THIS.;7;9;0x8EA9;0x8ED7;texto;;;;;;;;;;;;;
H4;216K;CREAK CREAK CREAK CREAK CREAK CREAK;7;9;0x8EE2;0x8F14;texto;;;;;;;;;;;;;
H4;217K;LITTLE BY LITTLE MY HEAD GREW BIGGER. I SEE, THIS IS ENDING NOW. I LOOKED AT MY OWN HAND. THE FLESH HAD ALREADY MELTED AWAY AND ONLY THE BONE REMAINED. STRANGELY, IT DIDN'T HURT.;2;14;0x8F1E;0x8F80;texto;;;;;;;;;;;;;
H4;218K;I WAS GOING BACK TO WHAT I HAD BEEN BEFORE, JUST AN OBJECT. I CLOSED MY EYES.;10;6;0x8F84;0x8FA0;texto;;;;;;;;;;;;;
H4;219K;NO, NOT YET. I OPENED MY EYES AT THE SOUND OF THAT VOICE. MADOKA HAD COME BACK. DON'T LOOK AT ME LIKE THAT... IT'S OKAY, JUST DRINK THIS.;0;16;0x8FA8;0x8FF8;texto;;;;;;;;;;;;;
H4;220K;MADOKA GAVE ME A LIQUID MEDICINE. I DRANK IT JUST AS SHE TOLD ME. THEN THE MELTING AND THE STABBING PAIN DISAPPEARED. WHY DID SHE SAVE ME?;3;13;0x8FFD;0x904C;texto;;;;;;;;;;;;;
H4;168L;I DECIDED TO FACE HIM. I COULDN'T DRAG HER INTO THIS. THINKING THAT, I FELT STRENGTH WELLING UP INSIDE ME. I PULLED MY HAND AWAY FROM HERS AND, GATHERING STRENGTH FROM EVERY CORNER OF MY BODY, I STOOD IN FRONT OF THE WARRIOR.;0;16;0x5E46;0x5EC4;texto;;;;;;;;;;;;;
H4;169L;IT'S IMPOSSIBLE! BUT FOR SOME REASON, PART OF ME FELT THAT IT WASN'T.;10;6;0x5ECC;0x5EF1;texto;;;;;;;;;;;;;
H4;170L;THE WARRIOR RAISED HIS SWORD. I STOPPED THE BLADE WITH MY RIGHT HAND. IT SANK IN UP TO MY ELBOW.;7;9;0x5F02;0x5F55;texto;;;;;;;;;;;;;
H4;171L;MY ARM SPLIT DOWN THE MIDDLE, BUT I TWISTED IT ASIDE AND BROKE THE SWORD EASILY. IT WAS STRANGE, I FELT NO PAIN. INSIDE, WHALEBONES AND SPRINGS SHOWED THROUGH.;2;14;0x5F5A;0x5FC1;texto;;;;;;;;;;;;;
H4;172L;LOOKING AT MYSELF LIKE THAT AGAIN, I UNDERSTOOD THAT AFTER ALL I WASN'T HUMAN. WITH THE LEFT ARM I HAD LEFT, I STRUCK THE WARRIOR.;5;11;0x5FC5;0x600F;texto;;;;;;;;;;;;;
H4;173L;THE WARRIOR FELL AS IF ALL ITS STRENGTH HAD LEFT IT, SCATTERING GEARS AND SPRINGS. TATSUKI-KUN... I'M SORRY... I WASN'T HUMAN EITHER.;5;11;0x6022;0x606C;texto;;;;;;;;;;;;;
H4;174L;SAYING THAT, I FELT SOMETHING IN MY CHEST EASE. I HAD NEVER HIDDEN ANYTHING FROM MADOKA UNTIL NOW. THINKING ABOUT IT, I SMILED NATURALLY. GOODBYE;2;14;0x6073;0x60C9;texto;;;;;;;;;;;;;
H4;175L;CREAK, CREAK, CREAK, CREAK, CREAK, CREAK, CREAK...;2;14;0x60D7;0x6121;texto;;;;;;;;;;;;;
H4;176L;THE SPRING IN MY CHEST STARTED RINGING LOUDLY. I'M SORRY... -CHAN, I LOST SOMETHING IMPORTANT.;7;9;0x612B;0x6166;texto;;;;;;;;;;;;;
H4;177L;IT'S OKAY... MADOKA SMILED AS IF SHE HAD UNDERSTOOD IT ALL. THE SPRING WAS ALREADY ABOUT TO BURST OUT OF MY CHEST.;7;9;0x616A;0x61AF;texto;;;;;;;;;;;;;
H4;178L;I HEARD MADOKA'S LAST WORDS. BECAUSE I AM GOING TO REBUILD YOU.;8;8;0x61BB;0x61E4;texto;;;;;;;;;;;;;
H4;146Z;I DON'T WANT TO DIE. I RAN DESPERATELY, ORDERING MY TREMBLING LEGS TO KEEP GOING, FALLING TO DODGE THE BLADE. I CRAWLED ACROSS THE FLOOR WITH MY NAILS ALMOST TORN OFF. I AM NOT GOING TO DIE!!;2;14;0x5779;0x57D5;texto;;;;;;;;;;;;;
H4;147Z;I WAS SUPPOSEDLY CREATED, BUT I FOUGHT DESPERATELY TO KEEP LIVING. I DIDN'T EVEN HAVE TIME TO THINK ABOUT THAT. BUT MY WEAKENED BODY BARELY OBEYED ME.;2;14;0x57DA;0x5832;texto;;;;;;;;;;;;;
H4;148Z;THERE WAS A HAND REACHING OUT TO HELP ME. GRAB ON! IT WAS MADOKA, WHO HAD FOLLOWED ME THERE. THE WARRIOR WAS ALREADY RAISING HIS CHIPPED SWORD.;2;14;0x5839;0x5891;texto;;;;;;;;;;;;;
H4;149Z;MADOKA TOOK MY HAND AND HELPED ME UP, AND THE TWO OF US RAN OFF. THE SWORD SPLIT ONE OF THE CRATES IN TWO. THE DOLL INSIDE TORE APART, AND SPRINGS AND GEARS FLEW EVERYWHERE.;2;14;0x5895;0x5911;texto;;;;;;;;;;;;;
H4;150Z;IN THE MIDDLE OF THAT I SAW A HEAD SPLIT IN HALF. IT WAS MY OWN FACE FROM WHEN I WAS A CHILD.;9;7;0x5918;0x5942;texto;;;;;;;;;;;;;
H4;151Z;THE WARRIOR WAS ALREADY RAISING THE SWORD AGAIN. SOMEHOW WE MANAGED TO ESCAPE THE INNER ROOM, AND LEANING ON MADOKA'S SHOULDER, I LOOKED BACK.;5;11;0x5948;0x5993;texto;;;;;;;;;;;;;
H4;152Z;IF WE KEEP GOING LIKE THIS, THEY WILL CATCH YOU TOO. NO, WE HAVE TO MOVE FORWARD EVEN IF IT'S JUST ONE STEP. AT MADOKA'S SERIOUS WORDS, I NODDED SLIGHTLY. MADOKA SAID AS IF MURMURING:;2;14;0x5997;0x59F9;texto;;;;;;;;;;;;;
H4;153Z;DON'T LEAVE ME ALONE. THERE WAS ONLY A LITTLE LEFT TO REACH THE STOREROOM DOOR. THE DOOR WAS HEAVY AND COULDN'T BE OPENED RIGHT AWAY. THE WARRIOR WAS ALREADY ABOUT TO CATCH UP TO US.;3;13;0x5A03;0x5A67;texto;;;;;;;;;;;;;
H4;176AB;EVEN IF I WAS LEFT WITH DOUBTS, I HAD TO KEEP MOVING FORWARD.;10;6;0x633B;0x6358;texto;;;;;;;;;;;;;
H4;300;@@@@@@@@@@@@@@ @@@@@@@@@@@@@@ @@@@@@@@@@@@@@ @@@@@@@@@@@@@@ @@@@@@@@@@@@@@ @@@@@@@@@@@@@@ @@@@@@@@@@@@@@ @@CONTINUE @@@@@@@@@@ @@RESTART@@@@ @@@@@@@@@ @@@@@@@@@@@@@@@@RESTART ALL @@STORIES;2;14;0x03A;0x03A;texto;no;;;;;;;;;;;;
H4;301;@@@@@@@@@@@@@@ @@@@@@@@@@@@@@ @@@@@@@@@@@@@@ @@@@@@@@@@@@@@ @@@@@@@@@@@@@@ @@@@@@@@@@@@@@ @@@@@@@@@@@@@@ @@@@@@@@@@@@@@@@@@@@@@@@@@@@@@@@@@@@ @START STORY;2;14;0x069;0x069;texto;no;;;;;;;;;;;;
H4C;304;@@@@@@@@@@@@@@@@ @@@@@@@@@@@@@@@@ @@@@@@@@@@@@@@@@ @@@@@@@@@@@@@@@@ @@@@@@@@@@@@@@@@ @@@@@@@@@@@@@@@@ @@@@@@@@@@@@@@@@ @@RE-READ FROM @@THE BEGINNING @@@@@@@@@@@@@@@@ @@@@@@@@@@@@@@@@@@@@@@@@@@@@@@@@@@@YES @@NO;0;16;0x060;0x060;texto;no;;;;;;;;;;;;
H4;305;@@@@@@@@@@@@@@@@ @@@@@@@@@@@@@@@@ @@@@@@@@@@@@@@@@ @@@@@@@@@@@@@@@@ @@@@@@@@@@@@@@@@ @@@@@@@@@@@@@@@@ @@@@@@@@@@@@@@@@ @@@RE-READ ALL @@@STORIES FROM @@@THE START @@@@@@@@@@@@@@@@ @@@@@@@@@@@@@@@@ @@@YES @@NO;0;16;0x056;0x056;texto;no;;;;;;;;;;;;
H4B;307;@@@@@@@@@@@@@@@@ @@@@@@@@@@@@@@@@ @@@@@@@@@@@@@@@@ @@@@@@@@@@@@@@@@ @@@@@@@@@@@@@@@@ @@@@@@@@@@@@@@@@ @@@@@@@@@@@@@@@@ @@@@@@@@@@@@@@@@@@@START STORY @@@@@@@@@@@@@@@@@@@RE-READ@ ALL @@@FROM START;0;16;0x069;0x069;texto;no;;;;;;;;;;;;
H5;1;THE TENSION EASED AND THE CLASSROOM FILLED WITH NOISE.;12;4;0x009C;0x00BE;texto;;;;;;;;;;;;;
H5;2;I QUICKLY STUFFED MY BOOKS AND NOTEBOOKS INTO MY BAG AND TURNED MY BURNING GAZE TO ONE SPOT. THERE HE WAS, THE PERSON I LOVED SO MUCH I MIGHT DEDICATE MY WHOLE LIFE TO HIM, MAYBE.;2;14;0x00C0;0x0121;texto;;;;;;;;;;;;;
H5;3;WITH A SOFT WARM SMILE, HE TURNED AROUND LIKE A COOL BREEZE.;10;6;0x0123;0x0153;texto;;;;;;;;;;;;;
H5;4;KAORU... YES, HIS NAME WAS KAORU. DETERMINED AND SOMEONE I COULD TRUST, A KIND PERSON. MAYBE HE WAS MY BOYFRIEND.;2;14;0x0155;0x01B8;texto;;;;;;;;;;;;;
H5;5;ARE YOU GOING HOME NOW?, I ASKED. I HESITATED A MOMENT BEFORE USING THOSE WORDS SO NATURAL BETWEEN COUPLES: LET'S GO TOGETHER.;3;13;0x01BD;0x0237;texto;;;;;;;;;;;;;
H5;6;BECAUSE THROUGH HIS BANGS, KAORU'S EYES LOOKED CLOUDED. SORRY, YOKO. HAYASE ASKED ME TO GO TO THE LIBRARY NO MATTER WHAT TO LOOK SOMETHING UP.;0;16;0x0239;0x02B8;texto;;;;;;;;;;;;;
H5;7;2.@@1.@@KAORU@@ CHA@GO@@SAID@@@ NGE@TO@@IT@@@@@ THE@THE@WITH@@@ SUB@LIB@REAL@@@ JEC@RAR@REGRET. T@@@Y@@@HOW@@@@ TO@@TOG@SHOULD@ HID@ETH@I@@@@@@ E@@@ER@@ANSWER? IT@@@@@@@@@@@@@;1;15;0x02BD;0x031B;pregunta;;3;1;3;1;7;0;1. GO TO THE LIBRARY TOGETHER;2. CHANGE THE SUBJECT TO HIDE IT;KAORU SAID IT WITH REAL REGRET. HOW SHOULD I ANSWER?;;;
H5;8;OH, THEN I AM ALSO GOING TO THE LIBRARY... AH, IN THAT CASE, LET'S GO TOGETHER. KAORU ANSWERED SMILING NATURALLY AND WALKED OVER TO ME.;0;16;0x0325;0x40F3;texto;;;;;;;;;;;;;
H5;9;I FELT MY WHOLE BODY STIFFEN, AND A PULSING CURRENT RUSH THROUGH ME.;7;9;0x40F5;0x42CB;texto;;;;;;;;;;;0x40F3;1;
H5;9A;I FELT MY WHOLE BODY GO STIFF;10;6;0x039F;0x42CB;texto;;;;;;;;;;;0x0397;2;
H5;10;I FELT MY WHOLE BODY STIFFEN, AND A PULSING CURRENT RUSH THROUGH ME. KAORU WHISPERED IN MY EAR.;3;13;0x42CF;0x42DE;texto;;;;;;;;;;;;;1
H5;10A;I FELT MY WHOLE BODY GO STIFF, AND A PULSING CURRENT RUSH THROUGH ME. KAORU WHISPERED IN MY EAR.;6;10;0x42CF;0x42DE;texto;;;;;;;;;;;;;2
H5;11;YOKO, HAPPY BIRTHDAY!;7;9;0x42E0;0x4309;texto;;;;;;;;;;;;;
H5;12;KAORU TOOK MY HAND AND SLID A RING GENTLY ONTO MY LEFT FINGER.;10;6;0x430E;0x4336;texto;;;;;;;;;;;;;
H5;13;KAORU TOOK MY HAND AND SLID A RING GENTLY ONTO MY LEFT RING FINGER. IT WAS THE TWISTED SILVER RING I HAD WANTED FOR A LONG TIME.;3;13;0x4338;0x4378;texto;;;;;;;;;;;;;
H5;14;LATELY, WE BARELY SAW EACH OTHER ON WEEKENDS. I HAD BEEN WORKING PART TIME.;10;6;0x437A;0x43AE;texto;;;;;;;;;;;;;
H5;15;LATELY, WE BARELY SAW EACH OTHER ON WEEKENDS. THE THING IS I HAD BEEN WORKING PART TIME. KAORU, A LITTLE EMBARRASSED, LOOKED UP AT ME SIDEWAYS.;5;11;0x43B0;0x43D1;texto;;;;;;;;;;;;;
H5;16;COULD KAORU HAVE BEEN WORKING WEEKENDS TO BUY MY BIRTHDAY GIFT?;8;8;0x43D3;0x440F;texto;;;;;;;;;;;;;
H5;17;COULD KAORU HAVE BEEN WORKING WEEKENDS TO BUY MY BIRTHDAY GIFT? SHYLY, I LOOKED AT THE RING SHINING SOFTLY ON MY FINGER.;2;14;0x4411;0x4439;texto;;;;;;;;;;;;;
H5;18;THANK YOU. I RETURNED THOSE WORDS FROM THE BOTTOM OF MY HEART.;8;8;0x443B;0x4471;texto;;;;;;;;;;;;;
H5;19;THANK YOU. I RETURNED THOSE WORDS FROM THE BOTTOM OF MY HEART. UNTIL NOW, I HAD NEVER HAD A BIRTHDAY AS HAPPY AS THIS ONE.;2;14;0x4473;0x449C;texto;;;;;;;;;;;;;
H5;20;I LOST MY MOTHER SHORTLY AFTER BIRTH, AND JUST BEFORE TURNING FOUR I ALSO LOST MY FATHER TO CANCER. SINCE THEN I HAD LIVED WITH MY GRANDMOTHER.;5;11;0x449E;0x44F8;texto;;;;;;;;;;;;;
H5;21;I LOST MY MOTHER SHORTLY AFTER BIRTH, AND A FEW DAYS BEFORE TURNING FOUR, I ALSO LOST MY FATHER TO CANCER, SINCE THEN I HAD LIVED WITH MY GRANDMOTHER. THAT GRANDMOTHER ALSO PASSED AWAY SOME YEARS AGO.;0;16;0x44FA;0x451C;texto;;;;;;;;;;;;;
H5;22;NOW I LIVED ALONE RENTING AN APARTMENT, SURVIVING ON THE SMALL INHERITANCE MY FATHER LEFT ME.;9;7;0x451E;0x455B;texto;;;;;;;;;;;;;
H5;23;NOW I LIVED ALONE RENTING AN APARTMENT, SURVIVING ON THE SMALL INHERITANCE MY FATHER LEFT ME. FOR SEVERAL DAYS I HAD BEEN IMAGINING WHAT THIS DAY WOULD BE LIKE, BUT I NEVER EXPECTED TO RECEIVE SUCH A WONDERFUL GIFT.;0;16;0x455D;0x4596;texto;;;;;;;;;;;;;
H5;24;I TOLD KAORU, WITH TEARY EYES, THE EMOTION AND JOY GROWING INSIDE ME.;10;6;0x4598;0x45CD;texto;;;;;;;;;;;;;
H5;25;I TOLD KAORU, WITH TEARY EYES, THE EMOTION AND JOY GROWING INSIDE ME. KAORU LIFTED THE RING SHINING ON MY CHEST WITH HIS FINGER, AND SAID IN A SWEET VOICE:;3;13;0x45CF;0x45FD;texto;;;;;;;;;;;;;
H5;26;YOKO, COULD YOU GIVE ME THIS RING ON THE CHAIN IN EXCHANGE?;10;6;0x45FF;0x4633;texto;;;;;;;;;;;;;
H5;27;I HESITATED A LITTLE AT THOSE WORDS.;5;11;0x463B;0x4653;texto;;;;;;;;;;;;;
H5;28;2.@@1.@@THIS@@@@ REF@GIV@RING@@@@ USE@E@@@WAS@@@@@ @@@@IT@@MY@@@@@@ @@@@IN@@PARENT@@ @@@@EXC@S@@@@@@@ @@@@HAN@HEIRLO@@ @@@@GE@@OM.@@@@@ @@@@@@@@THE@@@@@ @@@@@@@@TREASU@@ @@@@@@@@RE@@@@@@ @@@@@@@@MY@@@@@@ @@@@@@@@FATHER@@ @@@@@@@@LEFT@@@@ @@@@@@@@ME.@@@@@;0;16;0x4655;0x46CA;pregunta;;3;1;3;1;6;2;1. GIVE IT IN EXCHANGE;2. REFUSE;THIS RING WAS MY PARENTS HEIRLOOM. THE TREASURE MY FATHER LEFT ME.;;;
H5;29;SEEING KAORU'S SWEET PLEADING FACE, I COULD NOT RESIST HIM AT ALL.;10;6;0x03A3;0x46D4;texto;;;;;;;;;;;;;
H5;30;SEEING KAORU'S SWEET PLEADING FACE, I COULD NOT RESIST HIM AT ALL. MY FEELINGS FOR HIM WERE REAL. I WANTED TO SHARE EVEN MY PAST WITH HIM.;2;14;0x03C9;0x03F4;texto;;;;;;;;;;;;;
H5;31;THAT FEELING GAVE STRENGTH TO MY OWN WISHES.;12;4;0x03F6;0x040E;texto;;;;;;;;;;;;;
H5;32;THAT FEELING GAVE STRENGTH TO MY OWN WISHES. IF YOU WANT IT THAT MUCH, IT'S FINE. I TOOK THE CHAIN OFF MY NECK AND DROPPED IT INTO KAORU'S HAND.;0;16;0x0410;0x0467;texto;;;;;;;;;;;;;
H5;33;WITH THIS, IT'S AS IF WE HAD EXCHANGED ENGAGEMENT RINGS, KAORU SAID. EXCITED LIKE A CHILD, HE TOOK THE RING OFF THE CHAIN AND PUT IT ON HIS LEFT RING FINGER.;2;14;0x0469;0x04D5;texto;;;;;;;;;;;;;
H5;34;SEEING KAORU SO HAPPY MADE ME HAPPY TOO. I WISHED WITH ALL MY HEART THAT DAYS LIKE THIS WOULD LAST FOREVER.;5;11;0x04D7;0x0518;texto;;;;;;;;;;;;;
H5;35;YOKO, HAVE YOU HEARD THE RUMOR GOING AROUND AMONG THE GIRLS LATELY?;10;6;0x051A;0x073C;texto;;;;;;;;;;;;;
H5;36;YOKO, HAVE YOU HEARD THE RUMOR GOING AROUND AMONG THE GIRLS LATELY? A RUMOR...?;7;9;0x073E;0x074C;texto;;;;;;;;;;;;;
H5;37;I WONDER WHAT IT COULD BE. IS IT THE RUMOR ABOUT THE NEW CREPE SHOP THAT OPENED? OR IS IT... A RUMOR ABOUT ME...!?;7;9;0x074E;0x078A;texto;;;;;;;;;;;;;
H5;38;I WONDER WHAT IT COULD BE. IS IT THE RUMOR ABOUT THE NEW CREPE SHOP THAT OPENED? OR IS IT... A RUMOR ABOUT ME...!? WHAT KIND OF RUMOR?;3;13;0x078C;0x0798;texto;;;;;;;;;;;;;
H5;39;KAORU, EYES LOWERED, LET BOTH HANDS DROP;12;4;0x079A;0x07BF;texto;;;;;;;;;;;;;
H5;40;KAORU, EYES LOWERED, LET BOTH HANDS DROP IN FRONT OF HIS CHEST, AND SAID: THIS PLACE IS HAUNTED...;8;8;0x07C1;0x07E5;texto;;;;;;;;;;;;;
H5;41;KAORU, EYES LOWERED, LET BOTH HANDS DROP IN FRONT OF HIS CHEST, AND SAID: THIS PLACE IS HAUNTED, YOU KNOW... COULD IT BE A GHOST?;3;13;0x07EA;0x0810;texto;;;;;;;;;;;;;
H5;42;KAORU LOVED THIS KIND OF STORY.;7;9;0x0812;0x082D;texto;;;;;;;;;;;;;
H5;43;NOT THAT HE SAID THEY WERE GHOSTS, BUT HE WAS SENSITIVE TO THE SUPERNATURAL: THE 7 WONDERS OF THE WORLD, ANCIENT RUINS, PARANORMAL PHENOMENA... HIS EYES SHONE WITH EXCITEMENT.;3;13;0x082F;0x08AC;texto;;;;;;;;;;;;;
H5;44;I FOUND THAT SIDE OF HIM ADORABLE, AND I ALSO LIKED HOW SINCERE AND INNOCENT HE WAS.;10;6;0x08AE;0x08DD;texto;;;;;;;;;;;;;
H5;45;A WHILE AGO I HEARD FROM SOME GIRLS THAT ON THE THIRD FLOOR STAIRS THE GHOST OF A GIRL IN UNIFORM APPEARS.;7;9;0x08DF;0x0928;texto;;;;;;;;;;;;;
H5;46;A WHILE AGO I HEARD FROM SOME GIRLS THAT ON THE THIRD FLOOR STAIRS THE GHOST OF A GIRL IN A SAILOR UNIFORM APPEARS. PLEASE DON'T TELL ME ITS A HORROR STORY.;0;16;0x092A;0x0969;texto;;;;;;;;;;;;;
H5;47;COUGH COUGH COUGH.;7;9;0x096B;0x097C;texto;;;;;;;;;;;;;
H5;48;IT SEEMED I HAD HIT THE NAIL ON THE HEAD.;7;9;0x097E;0x099B;texto;;;;;;;;;;;;;
H5;49;WHAT IF THE ONE WHO SAW IT WAS HAYASE, THE STUDENT COUNCIL PRESIDENT, WHAT WOULD YOU DO?;9;7;0x099D;0x09D9;texto;;;;;;;;;;;;;
H5;50;BUT WELL, WHAT IF IT TURNED OUT THAT WHO SAW IT WAS HAYASE, THE STUDENT COUNCIL PRESIDENT, WHAT WOULD YOU DO? EH, HAYASE-KUN...?;5;11;0x09DB;0x0A00;texto;;;;;;;;;;;;;
H5;51;EH, HAYASE-KUN...? I COULD NOT BELIEVE THOSE WORDS SO EASILY.;2;14;0x0A05;0x0A21;texto;;;;;;;;;;;;;
H5;52;HAYASE TAKASHI RAN FOR STUDENT COUNCIL PRESIDENT AS ONLY A SECOND YEAR STUDENT, AND WON THE ELECTION BRILLIANTLY, SOMETHING NEVER SEEN IN THE SCHOOLS HISTORY. EVERYONE KNOWS HE IS A GENIUS IN THE 72ND PERCENTILE.;0;16;0x0A23;0x0AAD;texto;;;;;;;;;;;;;
H5;53;HE DID NOT BELIEVE IN UFOS OR PARANORMAL PHENOMENA, HE WAS SOMEONE WHO SOLVED EVERYTHING WITH LOGIC. THAT HE WOULD TAKE A GHOST SERIOUSLY WAS HARD TO BELIEVE.;5;11;0x0AB2;0x0B18;texto;;;;;;;;;;;;;
H5;54;HAYASE WAS DETERMINED TO DISCOVER THE GHOST'S TRUE IDENTITY;7;9;0x0B1A;0x0B73;texto;;;;;;;;;;;;;
H5;55;HAYASE WAS DETERMINED TO DISCOVER THE GHOST'S TRUE IDENTITY, AND ASKED ME TO HELP HIM INVESTIGATE IN THE LIBRARY. WE CROSSED THE HALL, WENT UP THE STAIRS, AND REACHED THE THIRD FLOOR EVERYONE TALKED ABOUT.;0;16;0x0B77;0x0DDF;texto;;;;;;;;;;;0x0B73;;
H5;55A;WE CROSSED THE HALLWAY, WENT UP THE STAIRS, AND REACHED THE THIRD FLOOR THEY TALKED ABOUT.;10;6;0x0D95;0x0DDF;texto;;;;;;;;;;;0x0D8C;;
H5;56;IT SEEMS IT WENT UP THESE STAIRS...;12;4;0x0DE1;0x0E0D;texto;;;;;;;;;;;;;
H5;57;IT SEEMS IT WENT UP THESE STAIRS... LISTENING TO KAORU'S SOMEWHAT FORCED WORDS, I LOOKED TOWARD THE COURTYARD FROM THE HALLWAY WINDOW.;4;12;0x0E12;0x0E52;texto;;;;;;;;;;;;;
H5;58;!;6;10;0x0E5B;0x0E5B;texto;;;;;;;;;;;;;
H5;59;THERE WAS NO ONE THERE. AND YET, ON THE SURFACE OF THE COURTYARD FOUNTAIN THE FIGURE OF A GIRL WAS REFLECTED. THAT GIRL LOOKED UP AT ME, AND WITH A PALE FACE SHE GAVE A FAINT SMILE.;0;16;0x0E63;0x0ED4;texto;;;;;;;;;;;;;
H5;60;I TURNED AROUND STARTLED BY THAT SOUND AND SAW THAT THE HALLWAY HAD PIECES OF A BROKEN VASE AND WATER SCATTERED EVERYWHERE.;5;11;0x0ED6;0x0F4F;texto;;;;;;;;;;;;;
H5;61;WHAT'S WRONG?;2;14;0x0F51;0x0F5C;texto;;;;;;;;;;;;;
H5;62;WHAT'S WRONG? N-NO... I DON'T KNOW... EVEN I DON'T UNDERSTAND IT.;2;14;0x0F5E;0x0F84;texto;;;;;;;;;;;;;
H5;63;KAORU, WITH A FRIGHTENED EXPRESSION, STARED FIXEDLY AT THE WATER SPILLING AND SPREADING ACROSS THE HALLWAY.;8;8;0x0F86;0x0FB9;texto;;;;;;;;;;;;;
H5;64;KAORU, WITH A FRIGHTENED EXPRESSION, STARED FIXEDLY AT THE WATER SPILLING AND SPREADING ACROSS THE HALLWAY. I PICKED UP THE PIECES, TOOK A TISSUE FROM MY POCKET, AND WIPED THE WET HALLWAY.;0;16;0x0FBB;0x1000;texto;;;;;;;;;;;;;
H5;65;ARE YOU OK?;14;2;0x1002;0x1011;texto;;;;;;;;;;;;;
H5;66;ARE YOU OK? TO MY QUESTION, KAORU ONLY SHOWED A FROZEN EXPRESSION, SAYING NOTHING MORE.;7;9;0x1013;0x103B;texto;;;;;;;;;;;;;
H5;67;AFTER WATCHING KAORU'S STATE FOR A MOMENT, HE NOTICED MY GAZE AND PUT BACK ON HIS USUAL CARELESS SMILE.;7;9;0x103D;0x107D;texto;;;;;;;;;;;;;
H5;68;2.@@1.@@LET I'M@GO@@'S@ WOR@TO@@GO@ RIE@THE@TO@ D@@@LIB@THE ABO@RAR@LIB UT@@Y@@@RAR THE@@@@@Y@@ GIR@@@@@@@@ L@@@@@@@@@@;5;11;0x107F;0x10BB;pregunta;;3;1;3;1;3;0;1. GO TO THE LIBRARY;2. I'M WORRIED ABOUT THE GIRL;LET'S GO TO THE LIBRARY;;;
H5;69;HAVING REGAINED OUR COMPOSURE, WE HEADED TO THE LIBRARY AT THE END OF THE HALL.;10;6;0x10C5;0x10F8;texto;;;;;;;;;;;;;
H5;70;REGAINING OUR COMPOSURE, WE HEADED TO THE LIBRARY AT THE END OF THE HALL. I TURNED THE KNOB OF THE HEAVY WOODEN DOOR, AND STOOD BEFORE IT.;4;12;0x10FA;0x1126;texto;;;;;;;;;;;;;
H5;71;NO ONE COULD BE SEEN SITTING BEHIND THE FRONT DESK.;12;4;0x112E;0x1161;texto;;;;;;;;;;;;;
H5;72;NO ONE COULD BE SEEN SITTING BEHIND THE FRONT DESK. I PEEKED IN A LITTLE AND LOOKED AROUND FOR HAYASE.;8;8;0x1163;0x117E;texto;;;;;;;;;;;;;
H5;73;WITH A LOUD BANG, THE DOOR SLAMMED SHUT, AS IF THE GLASS WOULD BREAK.;10;6;0x1180;0x11CB;texto;;;;;;;;;;;;;
H5;74;STARTLED, I TURNED AROUND AND TURNED THE DOORKNOB.;12;4;0x11CD;0x11F3;texto;;;;;;;;;;;;;
H5;75;STARTLED, I TURNED AROUND AND TURNED THE KNOB, BUT THE DOOR WAS FIRMLY SHUT, WITH NO HOPE OF OPENING.;8;8;0x11F5;0x1219;texto;;;;;;;;;;;;;
H5;76;PEERING THROUGH THE DOOR'S GLASS, I SAW A BOLT HOLDING IT SHUT FROM OUTSIDE.;10;6;0x121B;0x1249;texto;;;;;;;;;;;;;
H5;77;PEERING THROUGH THE DOOR'S GLASS, I SAW IT WAS BOLTED SHUT FROM OUTSIDE. AND THEN...;7;9;0x124B;0x1253;texto;;;;;;;;;;;;;
H5;78;ON THE OTHER SIDE, I COULD SEE KAORU'S BACK MOVING AWAY DOWN THE HALL.;10;6;0x1255;0x1280;texto;;;;;;;;;;;;;
H5;79;KAORU! WAIT, OPEN THIS!;4;12;0x1282;0x12D7;texto;;;;;;;;;;;;;
H5;80;I POUNDED ON THE DOOR CALLING KAORU, BUT AS IF HE COULD NOT HEAR ME, HE WALKED ON AND VANISHED DOWN THE RIGHT STAIRS.;7;9;0x12E2;0x1326;texto;;;;;;;;;;;;;
H5;81;A NOISE CAME FROM THE BACK OF THE BOOKSHELF. VERY SCARED, I PEEKED FROM THE SIDE OF THE SHELF AND LOOKED TOWARD THE BACK OF THE LIBRARY, BUT THERE WAS NO ONE AMONG THE SHELVES.;3;13;0x1328;0x13A9;texto;;;;;;;;;;;;;
H5;82;2.@@1.@@SUDDENL IGN@TAK@Y,@@@@@ ORE@E@@@MY@@@@@ IT@@THE@EYES@@@ @@@@BOO@STOPPED @@@@K@@@ON@@@@@ @@@@@@@@A@@@@@@ @@@@@@@@BOOK@@@ @@@@@@@@ON@@@@@ @@@@@@@@THE@@@@ @@@@@@@@SHELF.@ @@@@@@@@I...@@@;1;15;0x13AB;0x9ABF;pregunta;;3;1;3;1;7;0;1. TAKE THE BOOK;2. IGNORE IT;SUDDENLY, MY EYES STOPPED ON A BOOK ON THE SHELF. I...;;;
H5;83;VERY SCARED, I TOOK THAT BOOK IN MY HANDS.;12;4;0x9AC9;0xA3C9;texto;;;;;;;;;;;;;
H5;84;I DID NOT KNOW WHAT BOOK IT WAS, BUT ALONG WITH A STRANGE SMELL I FELT A CHILL RUN THROUGH ME. I DID NOT FEEL ABLE TO LOOK INSIDE IT.;5;11;0xA3CB;0xA416;texto;;;;;;;;;;;;;
H5;85;I PUT THE BOOK BACK IN ITS ORIGINAL PLACE.;7;9;0xA418;0xA43F;texto;;;;;;;;;;;;;
H5;86;I LOOKED BACK TOWARD THE DESKS WHERE THE NOISE HAD COME FROM, BUT ONLY SAW A THICK BOOK AND AN OPEN NEWSPAPER.;7;9;0x9AC9;0x9B1D;texto;;;;;;;;;;;;;
H5;87;NOT REALLY KNOWING WHY, I FELT INTRIGUED AND WALKED OVER TO THAT DESK.;10;6;0x9B1F;0x9B3B;texto;;;;;;;;;;;;;
H5;88;NOT KNOWING WHY, I FELT INTRIGUED, AND WALKED TOWARD THAT DESK. I STEPPED ON SOMETHING BY ACCIDENT.;7;9;0x9B3D;0x9B66;texto;;;;;;;;;;;;;
H5;89;LOOKING CLOSELY, I SAW GLASSES WITH A BENT METAL FRAME AND A BROKEN LENS LYING ON THE FLOOR.;7;9;0x9B68;0x9BB4;texto;;;;;;;;;;;;;
H5;90;I FELT I SHOULD APOLOGIZE, BUT BEYOND THAT, I FELT A STRANGE SENSE OF UNEASE IN THE AIR.;8;8;0x9BB6;0x9BF2;texto;;;;;;;;;;;;;
H5;91;ON THE GLASSES CASE ON THE DESK WAS WRITTEN THE NAME HAYASE.;10;6;0x9BF4;0x9C27;texto;;;;;;;;;;;;;
H5;92;ON THE GLASSES CASE ON THE DESK WAS WRITTEN THE NAME HAYASE. AGAIN A NOISE CAME FROM THE BACK OF THE SHELVES.;7;9;0x9C3C;0x9C4D;texto;;;;;;;;;;;;;
H5;93;IS SOMEONE THERE...?;13;3;0x9C4F;0x9C59;texto;;;;;;;;;;;;;
H5;94;IS SOMEONE THERE...? SCARED, I TRIED CALLING OUT LOUD, BUT GOT NO RESPONSE AT ALL.;7;9;0x9C61;0x9C85;texto;;;;;;;;;;;;;
H5;95;SUDDENLY, I LET OUT A CRY OF SURPRISE.;12;4;0x9C87;0x9CBC;texto;;;;;;;;;;;;;
H5;96;SUDDENLY, I LET OUT A CRY OF SURPRISE. SOMEONE GRABBED MY WRIST, AND TURNING AROUND, I SAW A STRANGE MAN WHO, WITH A TWISTED SMILE, WAS TWISTING IT.;3;13;0x9CBE;0x9D07;texto;;;;;;;;;;;;;
H5;97;I TRIED TO RESIST, BUT THE MAN TWISTED MY ARM FROM BEHIND, AND THE PAIN WAS SO STRONG I COULD NOT MOVE.;7;9;0x9D09;0x9D58;texto;;;;;;;;;;;;;
H5;98;I TRIED TO RESIST, BUT THE MAN TWISTED MY ARM FROM BEHIND, AND THE PAIN WAS SO STRONG I COULD NOT MOVE. THE MAN BROUGHT HIS FACE SO CLOSE IT ALMOST BRUSHED MY EYES, AND WHISPERED IN MY EAR:;0;16;0x9D5A;0x9D84;texto;;;;;;;;;;;;;
H5;99;JUST LIKE THE RUMORS SAY, YOU ARE VERY CUTE... YOKO-CHAN.;10;6;0x9D86;0x9DB2;texto;;;;;;;;;;;;;
H5;100;WHO ARE YOU! LET GO, STOP!;7;9;0x9DB7;0x9DCF;texto;;;;;;;;;;;;;
H5;101;I SHOOK MY BODY IN DESPERATION AND RESISTED WITH ALL MY FORCE.;12;4;0x9DD1;0x9DED;texto;;;;;;;;;;;;;
H5;102;I SHOOK MY BODY IN DESPERATION, RESISTING VIOLENTLY. HEY.;2;14;0x9DEF;0x9DFF;texto;;;;;;;;;;;;;
H5;103;HEY. AT A SIGNAL FROM THE MAN, ANOTHER THIN MAN APPEARED FROM THE SIDE OF THE SHELF.;2;14;0x9E07;0x9E35;texto;;;;;;;;;;;;;
H5;104;SO YOU DARED BREAK MY EXPENSIVE GLASSES... THIS IS GOING TO COST YOU DEARLY. THAT WAS, WITHOUT A DOUBT, THAT HAYASE.;3;13;0x9E40;0x9E9D;texto;;;;;;;;;;;;;
H5;105;HE WALKED TOWARD ME WITH A LOOK OF CONTEMPT.;10;6;0x9E9F;0x9EBD;texto;;;;;;;;;;;;;
H5;106;UGH!;5;11;0x9EBF;0x9EBF;texto;;;;;;;;;;;;;
H5;107;AT THAT INSTANT, A SHARP PAIN SHOT THROUGH MY STOMACH, I COULD NOT BREATHE WELL, AND CURLED UP ON THE COLD FLOOR, I DESPERATELY TRIED TO FILL MY LUNGS WITH AIR.;2;14;0x9EC4;0x9F2B;texto;;;;;;;;;;;;;
H5;108;HAYASE, YOU SHOULD BE NICER TO GIRLS...;12;4;0x9F2D;0x9F4A;texto;;;;;;;;;;;;;
H5;109;SORRY, SORRY... ACTUALLY, SHIRAISHI, TIE HER ARMS QUICKLY! CROUCHED AS I WAS, I WAS SHOVED HARD, AND THE MAN CALLED SHIRAISHI TIED MY HANDS BEHIND MY BACK.;0;16;0x9F4C;0x9FC8;texto;;;;;;;;;;;;;
H5;110;A COMPLETELY WHITE FOG SPREAD INSIDE ME. IN MY MIND ONLY THE WORD WHY FLOATED OVER AND OVER.;5;11;0x9FCA;0xA009;texto;;;;;;;;;;;;;
H5;111;SHIRAISHI MOVED HIS LIPS LEWDLY AND WHILE TOUCHING MY HAIR SAVORED IT WITH HIS EYES.;9;7;0xA00B;0xA04E;texto;;;;;;;;;;;;;
H5;112;WHAT A SHAME, REALLY... TO BE SOLD JUST TO PAY OFF A MOTORCYCLE REPAIR DEBT...;0;16;0xA050;0xA090;texto;;;;;;;;;;;;;
H5;113;HAYASE GRIPPED MY TWO LEGS TIGHTLY. RIGHT, RIGHT... SELLING HIS OWN GIRLFRIEND, IIZUKA HAS REALLY LOST HIS MIND.;3;13;0xA092;0xA0EB;texto;;;;;;;;;;;;;
H5;114;STARING FIXEDLY AT THE BLURRY CEILING, I COULD NOT HELP IMAGINING SOMETHING TERRIBLE. IT WAS AN IDEA I DID NOT WANT TO BELIEVE AT ALL.;5;11;0xA0F3;0xA142;texto;;;;;;;;;;;;;
H5;115;SHIRAISHI, SEEING THAT I OFFERED NO RESISTANCE, REACHED OUT AND PLACED HIS DIRTY HAND ON THE BUTTONS OF MY BLAZER.;7;9;0xA144;0xA188;texto;;;;;;;;;;;;;
H5;116;NO! STOP!;5;11;0xA18A;0xA18A;texto;;;;;;;;;;;;;
H5;117;I LET OUT A HUGE SCREAM, AS IF MY THROAT WOULD TEAR.;8;8;0xA192;0xA1B8;texto;;;;;;;;;;;;;
H5;118;FROM THE LIBRARY ENTRANCE, HURRIED FOOTSTEPS CAME RUNNING CLOSER.;10;6;0xA1BA;0xA1F9;texto;;;;;;;;;;;;;
H5;119;BEHIND ME A DULL SOUND WAS HEARD.;12;4;0xA1FB;0xA23F;texto;;;;;;;;;;;;;
H5;120;BEHIND ME A DULL SOUND WAS HEARD. HAYASE OPENED HIS EYES WIDE, AND STARED IN SHOCK TOWARD WHERE THE SOUND CAME FROM.;5;11;0xA241;0xA26A;texto;;;;;;;;;;;;;
H5;121;GET YOUR FILTHY HANDS OFF! THAT VOICE WAS, WITHOUT A DOUBT, KAORU'S.;2;14;0xA26C;0xA2E0;texto;;;;;;;;;;;;;
H5;122;AT THAT INSTANT, TEARS BEGAN RUNNING DOWN MY CHEEKS UNCONTROLLABLY.;10;6;0xA2E2;0xA304;texto;;;;;;;;;;;;;
H5;123;AT THAT INSTANT, UNABLE TO HOLD THEM BACK, TEARS BEGAN RUNNING DOWN MY CHEEKS WITHOUT STOPPING. HAYASE, STARTLED, PULLED HIS HAND AWAY AND STEPPED BACK NERVOUSLY.;3;13;0xA306;0xA335;texto;;;;;;;;;;;;;
H5;124;I... DID NOTHING... HAYASE, LIKE A SCARED PUPPY, HID BEHIND THE SHELF LOOKING UP TIMIDLY.;5;11;0xA337;0xA37E;texto;;;;;;;;;;;;;
H5;125;KAORU UNTIED THE ROPE FROM MY ARMS, AND LIFTED ME INTO HIS ARMS.;10;6;0xA380;0xA3A2;texto;;;;;;;;;;;;;
H5;126;YOKO... I LOOKED AWAY FROM KAORU.;9;7;0xA3A4;0xABAF;texto;;;;;;;;;;;;;
H5;127;YOKO... I LOOKED AWAY FROM KAORU. ...SORRY.;5;11;0xABB1;0xABC2;texto;;;;;;;;;;;;;
H5;128;UNABLE TO BEAR STAYING THERE ANY LONGER, I RAN OUT OF THE LIBRARY.;10;6;0xABC4;0xABEC;texto;;;;;;;;;;;;;
H5;129;BREATHLESS, I LEANED MY HAND ON THE WALL OF THE SPORTS STORAGE ROOM, AND BREATHED HARD.;8;8;0xABFD;0xAC43;texto;;;;;;;;;;;;;
H5;130;EVERY TIME I BLINKED, THICK DROPS FELL AND SOAKED INTO THE GOLDEN YELLOW DIRT UNDER MY FEET.;8;8;0xAC45;0xAC82;texto;;;;;;;;;;;;;
H5;131;LOOKING UP TRYING TO HOLD BACK THE TEARS, THE SKY HAD TURNED A VIOLET BLUE, AND ANGUISH AND SADNESS KEPT WELLING UP ENDLESSLY.;5;11;0xAC84;0xACCF;texto;;;;;;;;;;;;;
H5;132;WHY...;7;9;0xACD8;0xACE9;texto;;;;;;;;;;;;;
H5;133;NO MATTER HOW MUCH I THOUGHT, I FOUND NO ANSWER... NOTHING. I ONLY FELT AN INDESCRIBABLE DESPAIR EATING AWAY AT MY HEART LITTLE BY LITTLE.;3;13;0xACEB;0xAD3E;texto;;;;;;;;;;;;;
H5;134;I AM GOING TO FORGET THIS FEELING IN THE WATER. WHENEVER I SANK, I ALWAYS DID IT THIS WAY.;7;9;0xAD40;0xAD77;texto;;;;;;;;;;;;;
H5;135;I JOINED THE SWIM CLUB BECAUSE SUBMERGING IN WATER MADE ME FEEL FREE FROM MY NEGATIVE EMOTIONS.;7;9;0xAD79;0xADC4;texto;;;;;;;;;;;;;
H5;136;IF I SWAM UNTIL I WAS EXHAUSTED AND THEN WENT STRAIGHT TO BED, BEFORE I KNEW IT MORNING HAD COME AGAIN. THAT WAS HOW I HAD ALWAYS DONE IT.;5;11;0xADC6;0xAE0F;texto;;;;;;;;;;;;;
H5;137;I PASSED BY THE STORAGE ROOM AND, FROM THE GYM HALLWAY, WENT DOWN TO THE INDOOR POOL.;9;7;0xAE11;0xAE4A;texto;;;;;;;;;;;;;
H5;138;I CAREFULLY OPENED THE LOCKER ROOM DOOR.;7;9;0xAE4C;0xAE65;texto;;;;;;;;;;;;;
H5;139;LUCKILY, THERE WAS NO ONE THERE. AS I WALKED TO MY LOCKER AS USUAL, I GLANCED AT MY REFLECTION IN THE SINK MIRROR.;2;14;0xAE67;0xAEE6;texto;;;;;;;;;;;;;
H5;140;MY EYES IN THE MIRROR WERE RED AND SWOLLEN, AS IF TELLING WHAT I FELT INSIDE. I WASHED MY FACE WITH COLD WATER, AS IF TO SOAK MYSELF WITH IT.;3;13;0xAEE8;0xAF43;texto;;;;;;;;;;;;;
H5;141;IT MUST BE HARD, RIGHT.;7;9;0xAF45;0xAF57;texto;;;;;;;;;;;;;
H5;142;STARTLED BY THAT VOICE, I LOOKED AROUND CAUTIOUSLY.;12;4;0xAF59;0xAF7D;texto;;;;;;;;;;;;;
H5;143;STARTLED BY THAT SUDDEN VOICE, I LOOKED AROUND CAUTIOUSLY. BUT THERE WAS NO ONE ELSE IN THE LOCKER ROOM BESIDES ME.;5;11;0xAF7F;0xAFB0;texto;;;;;;;;;;;;;
H5;144;WHO ARE YOU?;13;3;0xAFB2;0xAFB7;texto;;;;;;;;;;;;;
H5;145;WHO ARE YOU? I ASKED ALMOST IN A WHISPER, BUT THE ONLY REPLY WAS THE STEADY SOUND OF DRIPPING WATER.;5;11;0xAFB9;0xAFFB;texto;;;;;;;;;;;;;
H5;146;HEH HEH HEH...;7;9;0xAFFD;0xB00F;texto;;;;;;;;;;;;;
H5;147;BREAKING THE SILENCE, A LAUGH WAS HEARD FROM THE OTHER SIDE OF THE GLASS.;10;6;0xB011;0xB03E;texto;;;;;;;;;;;;;
H5;148;BREAKING THE SILENCE, A LAUGH WAS HEARD FROM THE OTHER SIDE OF THE GLASS. THERE, MY OWN REFLECTION IN A SAILOR UNIFORM WORE A FAINT SMILE.;3;13;0xB040;0xB075;texto;;;;;;;;;;;;;
H5;149;SUDDENLY, THE MIRROR'S SURFACE RIPPLED GENTLY LIKE WATER, AND A GIRL EMERGED FROM IT.;7;9;0xB07D;0xB0CB;texto;;;;;;;;;;;;;
H5;150;IT WAS THE GIRL I HAD SEEN BEFORE IN THE COURTYARD. HER FACE WAS PALE, AS IF ALL THE BLOOD HAD DRAINED FROM IT, AND SHE LOOKED SO MUCH LIKE ME WE COULD HAVE BEEN TWINS.;2;14;0xB0CD;0xB140;texto;;;;;;;;;;;;;
H5;151;YOU CAN'T TRUST ANYONE...;7;9;0xB148;0xB163;texto;;;;;;;;;;;;;
H5;152;YOU CAN'T TRUST ANYONE... THE GIRL RAISED THE CORNER OF HER PALE MOUTH, IN A CRUEL SMILE.;2;14;0xB165;0xB191;texto;;;;;;;;;;;;;
H5;153;I COULD NOT HIDE MY SHOCK AT THE SITUATION, BUT HER WORDS UNSETTLED ME IN A STRANGE WAY.;8;8;0xB193;0xB1CC;texto;;;;;;;;;;;;;
H5;154;WHAT EXACTLY... ARE YOU TRYING TO SAY?;3;13;0xB1CE;0xB1E5;texto;;;;;;;;;;;;;
H5;155;THE GIRL TOOK A BREATH, AND BEGAN SPEAKING IN A COLD TONE.;10;6;0xB1E7;0xB20A;texto;;;;;;;;;;;;;
H5;156;NO MATTER HOW MUCH YOU TRUST SOMEONE, HUMANS ARE WEAK CREATURES WHO ALWAYS END UP BETRAYING YOU.;5;11;0xB20C;0xB235;texto;;;;;;;;;;;;;
H5;157;EVEN KAORU-KUN, YOUR OWN BOYFRIEND, IS THE SAME. PEOPLE LOVE THEMSELVES MORE, AND NO MATTER HOW MUCH THEY HAVE LOVED SOMEONE, THEY CAN BETRAY THEM FOR PLEASURE, MONEY, OR POWER.;2;14;0xB237;0xB2AC;texto;;;;;;;;;;;;;
H5;158;THAT...;13;3;0xB2AE;0xB2B4;texto;;;;;;;;;;;;;
H5;159;THAT... I WAS LEFT SPEECHLESS AT WHAT SHE SAID.;8;8;0xB2B6;0xB2D5;texto;;;;;;;;;;;;;
H5;160;DO YOU REALLY TRUST KAORU-KUN?;10;6;0xB2D7;0xB2F7;texto;;;;;;;;;;;;;
H5;161;EH!? I FELT AS IF THOSE WORDS HAD PIERCED STRAIGHT INTO MY HEART, AS IF SHE HAD SEEN INSIDE IT.;0;16;0xB2FF;0xB33D;texto;;;;;;;;;;;;;
H5;162;I HAD PLENTY OF DESIRE TO WANT TO TRUST. AND YET, THERE WAS ALSO A PART OF ME THAT COULD NOT HIDE THE UNEASE SPREADING IN MY HEART.;5;11;0xB33F;0xB37C;texto;;;;;;;;;;;;;
H5;163;DO I REALLY TRUST KAORU?;3;13;0xB37E;0xB3A3;texto;;;;;;;;;;;;;
H5;164;THE MORE I THOUGHT ABOUT IT, THE MORE LOST I GOT, AS IF STRANDED IN A MAZE, I FOUND NO ANSWER.;7;9;0xB3A5;0xB3E8;texto;;;;;;;;;;;;;
H5;165;YOU CAN'T EXPECT ANYTHING FROM ANYONE, DON'T YOU THINK SO TOO, YOKO?;5;11;0xB3EA;0xB40E;texto;;;;;;;;;;;;;
H5;166;HOW DO YOU KNOW MY NAME... WHO ARE YOU?;12;4;0xB410;0xB428;texto;;;;;;;;;;;;;
H5;167;HOW DO YOU KNOW MY NAME... WHO ARE YOU?;9;7;0xB42A;0xB432;texto;;;;;;;;;;;;;
H5;168;I AM MARIKO, YOUR...;3;13;0xB434;0xB450;texto;;;;;;;;;;;;;
H5;169;SAYING THAT, SHE SHOWED THE BACK OF HER LEFT HAND, PALE AND THIN. ON HER FINGER A RING SHONE IN A PARTICULAR WAY.;7;9;0xB45B;0xB4B0;texto;;;;;;;;;;;;;
H5;170;SAYING THAT, SHE SHOWED THE BACK OF HER LEFT HAND, PALE AND THIN. ON HER FINGER A RING SHONE IN A PARTICULAR WAY. FOR A MOMENT I WAS STUNNED;3;13;0xB4B2;0xB4C9;texto;;;;;;;;;;;;;
H5;171;THE RING SHINING ON HER RING FINGER LOOKED LIKE THE MATCH OF MY FATHER'S ENGAGEMENT RING.;9;7;0xB4CB;0xB506;texto;;;;;;;;;;;;;
H5;172;THAT CAN'T BE... MY MOTHER IS SUPPOSED TO HAVE DIED SHORTLY AFTER I WAS BORN...;9;7;0xB508;0xB539;texto;;;;;;;;;;;;;
H5;173;THAT CAN'T BE... MY MOTHER IS SUPPOSED TO HAVE DIED SHORTLY AFTER I WAS BORN... I SPAT OUT MY DENIAL, TRYING TO RID MYSELF OF THE DOUBT BUBBLING INSIDE ME.;2;14;0xB541;0xB567;texto;;;;;;;;;;;;;
H5;174;TRUST NO ONE.;13;3;0xB569;0xB586;texto;;;;;;;;;;;;;
H5;175;TRUST NO ONE. SAYING THAT, SHE RAISED HER HAND.;8;8;0xB588;0xB5A5;texto;;;;;;;;;;;;;
H5;176;AT THAT INSTANT, THE MIRROR'S SURFACE BEGAN TO RIPPLE LIKE WATER;10;6;0xB5AE;0xB5D7;texto;;;;;;;;;;;;;
H5;177;AT THAT INSTANT, THE MIRROR'S SURFACE BEGAN TO RIPPLE LIKE WATER, AND REFLECTED KAORU'S FIGURE, KAORU...;7;9;0xB5DF;0xB5EF;texto;;;;;;;;;;;;;
H5;178;A GROUP OF SEVERAL BOYS SURROUNDED HIM, HURLING INSULTS WITHOUT MERCY. THERE WAS KAORU, LYING IN THE SPORTS STORAGE ROOM, SURROUNDED BY SEVERAL STUDENTS.;0;16;0xB5F1;0xB657;texto;;;;;;;;;;;;;
H5;179;HEY, IIZUKA, DID YOU BRING THE MONEY YOU PROMISED? BECAUSE OF YOU, THERE WAS ANOTHER ACCIDENT CLEANING THE BIKE, AND THE REPAIR COSTS ARE NO JOKE EITHER, YOU KNOW.;2;14;0xB659;0xB6C3;texto;;;;;;;;;;;;;
H5;180;THEY WERE PROBABLY THIRD YEAR STUDENTS. STUDENTS I HAD NEVER SEEN BEFORE WERE HITTING KAORU LIKE A RAG DOLL.;7;9;0xB6D9;0xB744;texto;;;;;;;;;;;;;
H5;181;THEN, AMONG THE INSULTS, I HEARD A VOICE THAT SOUNDED FAMILIAR.;10;6;0xB75D;0xB780;texto;;;;;;;;;;;;;
H5;182;I AM SAYING I WILL SETTLE FOR YOUR WOMAN, AND YOU STILL ACT DEFIANT!;8;8;0x206D;0x20BB;texto;;;;;;;;;;;;;
H5;183;THE ONE KICKING KAORU WAS, WITHOUT A DOUBT, THAT MAN CALLED SHIRAISHI WHO HAD ATTACKED ME.;9;7;0x20BD;0x2101;texto;;;;;;;;;;;;;
H5;184;SHIRAISHI GRABBED KAORU'S SHIRT COLLAR, WHOSE ARMS HUNG LIMPLY;8;8;0x2103;0x214A;texto;;;;;;;;;;;;;
H5;185;SHIRAISHI GRABBED KAORU'S SHIRT COLLAR, WHOSE ARMS HUNG LIMPLY, AND PUNCHED HIM IN THE SIDE. HIS FACE TWISTED IN PAIN, AND HE FELL TO THE GROUND.;3;13;0x2167;0x218F;texto;;;;;;;;;;;;;
H5;186;NO, STOP!;7;9;0x2191;0x21A6;texto;;;;;;;;;;;;;
H5;187;NO, STOP! MY SCREAM ECHOED IN VAIN.;2;14;0x21A8;0x21CC;texto;;;;;;;;;;;;;
H5;188;SHIRAISHI STEPPED HARDER ON KAORU'S HAND AND CROUCHED DOWN WITH MORBID CURIOSITY.;10;6;0x21CE;0x21FC;texto;;;;;;;;;;;;;
H5;189;SAYING THAT, HE RIPPED THE RING OFF KAORU'S FINGER. HEY, IIZUKA, YOU HAD SOMETHING GOOD HERE, HUH? THIS LOOKS LIKE IT COULD SELL FOR A LOT!;0;16;0x21FE;0x2261;texto;;;;;;;;;;;;;
H5;190;KAORU CLUNG TO SHIRAISHI'S LEG. SHIRAISHI STUMBLED AND FELL SITTING DOWN WITH A THUD.;0;16;0x2263;0x22BB;texto;;;;;;;;;;;;;
H5;191;GIVE IT BACK!;7;9;0x22BD;0x22BD;texto;;;;;;;;;;;;;
H5;192;SHOUTING THAT, HE STRADDLED HIM, AND KAORU PUNCHED SHIRAISHI'S FACE WITHOUT MERCY.;9;7;0x22C2;0x231A;texto;;;;;;;;;;;;;
H5;193;KAORU'S FACE, ALWAYS SMILING WITHOUT A CARE, CROSSED MY MIND.;10;6;0x231C;0x2352;texto;;;;;;;;;;;;;
H5;194;KAORU'S FACE, ALWAYS SMILING WITHOUT A CARE, CROSSED MY MIND. BUT NOW, BEFORE MY EYES, WAS A KAORU WITH A SIDE I NEVER COULD HAVE IMAGINED.;3;13;0x2354;0x2386;texto;;;;;;;;;;;;;
H5;195;MY MOTHER, MARIKO, STARED FIXEDLY INTO MY LOST, AIMLESS EYES. YOKO, NOW THAT YOU HAVE SEEN REALITY FACE TO FACE, WHAT WILL YOU BELIEVE?;5;11;0x238F;0x23E7;texto;;;;;;;;;;;;;
H5;196;I SLOWLY CLOSED MY EYES, AS IF TRYING TO REGAIN MY CALM.;10;6;0x23E9;0x2412;texto;;;;;;;;;;;;;
H5;197;2.@@1.@@AFT TRU@TRU@ER@ ST@@ST@@A@@ NO@@MYS@MOM ONE@ELF@ENT @@@@@@@@,@@ @@@@@@@@I@@ @@@@@@@@DEC @@@@@@@@IDE @@@@@@@@D.@;5;11;0x2414;0x7EB9;pregunta;;3;1;3;1;3;0;1. TRUST MYSELF;2. TRUST NO ONE;AFTER A MOMENT, I DECIDED.;;;
H5;198;I TRUST MYSELF!;7;9;0x277B;0x7EC3;texto;;;;;;;;;;;;;
H5;199;INSIDE MY HEART, A HUGE KNOT OF FEELINGS BURST LIKE A SOAP BUBBLE.;10;6;0x2793;0x27D4;texto;;;;;;;;;;;;;
H5;200;INSIDE MY HEART, A HUGE KNOT OF FEELINGS BURST LIKE A SOAP BUBBLE. AT THAT INSTANT, MY MOTHER, MARIKO, SMILED, AND VANISHED LEAVING BEHIND A NOSTALGIC SCENT.;2;14;0x27D6;0x2814;texto;;;;;;;;;;;;;
H5;201;WITHOUT REALIZING IT, I HAD ALREADY STARTED RUNNING.;12;4;0x2816;0x2833;texto;;;;;;;;;;;;;
H5;202;IN FRONT OF THE STORAGE ROOM, I PUT MY HAND ON THE SLIDING DOOR;10;6;0x2835;0x287E;texto;;;;;;;;;;;;;
H5;203;IN FRONT OF THE STORAGE ROOM, I PUT MY HAND ON THE SLIDING DOOR AND PUSHED IT OPEN WITH FORCE. THERE, AMONG SEVERAL STUDENTS LYING ON THE GROUND, STOOD KAORU, ALONE.;3;13;0x2880;0x28AD;texto;;;;;;;;;;;;;
H5;204;YOKO, I... I'M SORRY. I HELD UP KAORU, WHO SEEMED ABOUT TO COLLAPSE.;5;11;0x28AF;0x28EC;texto;;;;;;;;;;;;;
H5;205;EVEN THOUGH I AM AS WEAK AS YOU SEE, IF YOU DON'T MIND...;12;4;0x28EE;0x2908;texto;;;;;;;;;;;;;
H5;206;EVEN THOUGH I AM AS WEAK AS YOU SEE, IF YOU DON'T MIND... I BURIED MY CHEEK IN KAORU'S CHEST, CUTTING OFF THE REST OF HIS WORDS.;5;11;0x290A;0x2931;texto;;;;;;;;;;;;;
H5;207;AND THEN... I SLOWLY RAISED MY FACE, AND LOOKED FIXEDLY INTO KAORU'S EYES.;10;6;0x2933;0x295C;texto;;;;;;;;;;;;;
H5;8B;YES! I HAVE CLUB ACTIVITIES NOW TOO, SO LET'S MEET AT THE USUAL TIME, IN THE USUAL PLACE, AFTER. AH, I WILL BE THERE FOR SURE, SEE YOU LATER.;2;14;0x0325;0x4174;texto;si;;;;;;;;;;;;
H5;9B;I JUST STOOD THERE WATCHING KAORU'S BACK AS HE RAN OFF... KAORU, DID YOU FORGET WHAT DAY IT IS...?;3;13;0x4176;0x41D5;texto;si;;;;;;;;;;;;
H5;10B;I HAD THOUGHT ABOUT SKIPPING PRACTICE TODAY. BUT NOW THAT ALL I COULD DO WAS WAIT FOR KAORU, I PUT ON MY SWIMSUIT AS USUAL AND SANK MY BODY INTO THE WATER AS IF WANTING TO DISSOLVE EVERYTHING.;2;14;0x41DA;0x4241;texto;si;;;;;;;;;;;;
H5;11B;KAORU, YOU FOOL...;7;9;0x4243;0x4259;texto;si;;;;;;;;;;;;
H5;12B;EACH TINY FRAGMENT OF FEELING TURNED INTO BUBBLES AND VANISHED, ONE BY ONE.;5;11;0x425B;0x428A;texto;si;;;;;;;;;;;;
H5;13B;TODAY'S PRACTICE ENDS HERE...;12;4;0x428C;0x46FE;texto;si;;;;;;;;;;;;
H5;14B;TODAY'S PRACTICE ENDS HERE... BEHIND THE CHEERFUL CHATTER, I GOT OUT OF THE WATER WITHOUT ENERGY AND HEADED ALONE TO THE LOCKER ROOM.;3;13;0x4700;0x473E;texto;si;;;;;;;;;;;;
H5;15B;......... IN THE PASSING GLASS, MY REFLECTION LOOKED LIKE A SOULLESS CORPSE WANDERING A WASTELAND. ...WHAT IS THIS...;2;14;0x4740;0x47C5;texto;si;;;;;;;;;;;;
H5;16B;EMPTY EYES LOOKED OUT FROM THE SHOWER MIRROR. THERE, ONLY A TRAGIC HEROINE WHOSE PLANS WERE DELAYED BY AN HOUR OR TWO STARED BACK AT ME.;2;14;0x47C7;0x4849;texto;si;;;;;;;;;;;;
H5;17B;I LET OUT A SMALL SIGH, AND ON PURPOSE MOVED TO THE FAR END, SLOWLY TURNING THE FAUCET.;5;11;0x484B;0x4898;texto;si;;;;;;;;;;;;
H5;18B;A SOFT, WARM STEAM WRAPPED AROUND ME, AND MY WHITE SKIN TURNED GENTLY PINK. THE HOT WATER FELL HARD OVER MY WHOLE BODY.;5;11;0x489D;0x48FB;texto;si;;;;;;;;;;;;
H5;19B;A WARMTH THAT SEEMED TO REACH THE BOTTOM OF MY HEART FELT, MORE THAN TENDERNESS, LIKE PAIN.;8;8;0x48FD;0x4933;texto;si;;;;;;;;;;;;
H5;20B;...I HAVE NOT FORGOTTEN ANYTHING, RIGHT...;3;13;0x4935;0x4960;texto;si;;;;;;;;;;;;
H5;21B;I LOST MY PARENTS YOUNG. I KNEW WELL HOW HARD IT WAS TO RETURN TO AN EMPTY ROOM.;8;8;0x4962;0x499F;texto;si;;;;;;;;;;;;
H5;22B;I HAD ALREADY LOST TRACK OF TIME, AND HERE I COULD ONLY HEAR THE SOUND OF WATER RUNNING OVER ME.;8;8;0x49A1;0x49D5;texto;si;;;;;;;;;;;;
H5;23B;I TURNED OFF THE FAUCET, TOOK THE TOWEL, AND LEANED TOWARD THE BATHROOM MIRROR.;5;11;0x49D7;0x4A2B;texto;si;;;;;;;;;;;;
H5;24B;COME ON, CHEER UP. I TRIED TO COPY KAORU'S CARELESS SMILE.;8;8;0x4A33;0x4A72;texto;si;;;;;;;;;;;;
H5;25B;A DRY SIGH ESCAPED MY MOUTH.;3;13;0x4A7A;0x4AA7;texto;si;;;;;;;;;;;;
H5;26B;AT THE BACK OF THE MIRROR, THE RING HANGING FROM THE CHAIN AROUND MY NECK GLOWED SOFTLY, AS IF TRYING TO COMFORT ME.;2;14;0x4AAF;0x4B33;texto;si;;;;;;;;;;;;
H5;27B;IT WAS THE ONLY KEEPSAKE MY FATHER LEFT ME, A MAN WHOSE FACE I BARELY REMEMBER: AN ENGAGEMENT RING.;7;9;0x4B35;0x4B83;texto;si;;;;;;;;;;;;
H5;28B;IT WAS THE ONLY KEEPSAKE MY FATHER LEFT ME, A MAN WHOSE FACE I BARELY REMEMBER: AN ENGAGEMENT RING. AND AT THAT INSTANT, I FELT SOMEONE'S PRESENCE...;2;14;0x4B85;0x4BAE;texto;si;;;;;;;;;;;;
H5;29B;...;7;9;0x4BB3;0x4BC2;texto;si;;;;;;;;;;;;
H5;30B;2.@@1.@@AN@@@@@ TUR@CLO@OLD@@@@ N@@@SE@@MAN@@@@ ARO@EYE@IN@@@@@ UND@S@@@THE@@@@ @@@@@@@@MIRROR@ @@@@@@@@WAS@@@@ @@@@@@@@ABOUT@@ @@@@@@@@TO@@@@@ @@@@@@@@ATTACK@ @@@@@@@@ME.@@@@;1;15;0x4BCA;0x4C2A;pregunta;si;3;1;3;1;7;0;1. CLOSE EYES;2. TURN AROUND;AN OLD MAN IN THE MIRROR WAS ABOUT TO ATTACK ME.;;;
H5;31B;STARTLED, I QUICKLY TURNED AROUND TO LOOK BEHIND ME.;12;4;0x4C34;0x4D07;texto;si;;;;;;;;;;;;
H5;32B;STARTLED, I QUICKLY TURNED AROUND TO LOOK BEHIND ME. BUT THERE WAS NO ONE THERE.;7;9;0x4D09;0x4D1E;texto;si;;;;;;;;;;;;
H5;33B;I FOUND YOU. JUST AS I THOUGHT I HEARD A HOARSE VOICE, A HAND WHITE AS PLASTER CAME OUT OF THE MIRROR AND COILED AROUND MY WRIST.;3;13;0x4D20;0x4D85;texto;si;;;;;;;;;;;;
H5;34B;KYAAAAAA! AT THAT INSTANT, A CHILL THAT SEEMED TO DRAIN MY BLOOD AND A SHUDDER RAN THROUGH MY WHOLE BODY.;0;16;0x4D87;0x4DE0;texto;si;;;;;;;;;;;;
H5;35B;THAT HAND WAS COLD AS ICE, COLD ENOUGH TO SUMMON SOMEONE FROM ANOTHER WORLD.;9;7;0x4DE2;0x4E15;texto;si;;;;;;;;;;;;
H5;36B;I RAISED MY FACE AND, WITHOUT MEANING TO, HELD MY BREATH.;3;13;0x4E17;0x4E31;texto;si;;;;;;;;;;;;
H5;37B;THE BURNED FACE OF AN OLD MAN WAS PRESSED AGAINST THE GLASS.;10;6;0x4E39;0x4E74;texto;si;;;;;;;;;;;;
H5;38B;IN THE OLD MAN'S RIGHT EYE, THE BLACK PART THAT SHOULD HAVE BEEN THERE WAS MISSING, AND IN ITS PLACE AN EYEBALL LIKE A SILVER SPHERE GLOWED WITH A SINISTER LIGHT.;2;14;0x4E76;0x4EB6;texto;si;;;;;;;;;;;;
H5;39B;NOW, MARIKO, COME HERE.;12;4;0x4EB8;0x4EDA;texto;si;;;;;;;;;;;;
H5;40B;THE PALE HAND, WITH SWOLLEN VEINS, BEGAN TO SQUEEZE, TRYING TO DRAG ME INTO THE DEPTHS OF THE GLASS.;3;13;0x4EDC;0x4F29;texto;si;;;;;;;;;;;;
H5;41B;MY LEFT HAND SLOWLY LOST COLOR, AND THE TIPS OF MY FINGERS WENT NUMB UNTIL I LOST ALL FEELING.;8;8;0x4F31;0x4F66;texto;si;;;;;;;;;;;;
H5;42B;I COULD FEEL MY HEARTBEAT SO STRONGLY IT SEEMED TO MAKE MY HEAD SHAKE.;2;14;0x4F68;0x4F93;texto;si;;;;;;;;;;;;
H5;43B;STOP! I TRIED TO SHAKE IT OFF, BUT WITH INCREDIBLE STRENGTH IT KEPT DRAGGING ME DEEPER AND DEEPER INTO THE MIRROR.;5;11;0x4F98;0x4FE9;texto;si;;;;;;;;;;;;
H5;44B;THE HAND GRIPPING ME, FROM THE FINGERTIPS, BEGAN TO BE SWALLOWED BY THE MIRROR.;10;6;0x4FEB;0xBAB6;texto;si;;;;;;;;;;;;
H5;45B;THE HAND HOLDING ME, FROM THE FINGERTIPS, BEGAN TO BE SWALLOWED BY THE MIRROR. IT WAS COLD AND HURT SO MUCH, AS IF MY FINGERS WERE BEING PRESSED WITH ICE.;3;13;0xBAB8;0xBAE2;texto;si;;;;;;;;;;;;
H5;46B;THE FORCE DRAGGING ME GREW EVEN STRONGER, AND MY ARM UP TO THE ELBOW WAS SWALLOWED BY THE MIRROR. I COULD NO LONGER FEEL MY FINGERTIPS. AT THIS RATE...;2;14;0xBAE4;0xBB4A;texto;si;;;;;;;;;;;;
H5;47B;2.@@1.@@I. SCR@RES@.. EAM@IST@@@;6;10;0xBB4F;0xBB78;pregunta;si;3;1;3;1;2;0;1. RESIST;2. SCREAM;I...;;;
H5;48B;NO! STOP! I SCREAMED IN A VOICE THAT SEEMED TO TEAR APART.;8;8;0xBB82;0xBEF4;texto;si;;;;;;;;;;;;
H5;49B;NO! STOP! I SCREAMED IN A VOICE THAT SEEMED TO TEAR APART. ......... EVERYTHING AROUND ME WENT SILENT AS IF NOTHING HAD HAPPENED.;0;16;0xBEF6;0xBF35;texto;si;;;;;;;;;;;;
H5;50B;SHAKING MY WET HAIR, I FLED DESPERATELY TOWARD THE LOCKER ROOM WITHOUT THINKING ABOUT ANYTHING ELSE.;0;16;0xBF3D;0xBFDC;texto;si;;;;;;;;;;;;
H5;51B;EVERYTHING AROUND ME WAS SILENT AS IF NOTHING HAD HAPPENED. I COULD NOT FEEL ANYONE ELSE'S PRESENCE IN THE LOCKER ROOM.;5;11;0xBFDE;0xC027;texto;si;;;;;;;;;;;;
H5;52B;I WAITED FOR MY NERVES TO CALM DOWN AND GOT DRESSED QUICKLY. I QUICKLY TIED THE BOW ON MY BLOUSE AND PUT ON MY BROWN SHOES PROPERLY.;3;13;0xC029;0xC088;texto;si;;;;;;;;;;;;
H5;53B;I CAREFULLY OPENED THE LOCKER ROOM DOOR AND FEARFULLY PEEKED INTO THE HALLWAY. THE HALLWAY HELD AN EVEN HEAVIER SILENCE THAN BEFORE.;4;12;0xC08A;0xC10B;texto;si;;;;;;;;;;;;
H5;54B;2.@@1.@@NO@@ WAI@HUR@TRAC T@@@RY@@E@@@ AND@TO@@OF@@ WAT@KAO@THE@ CH@@RU@@OLD@ @@@@@@@@MAN. @@@@@@@@WHAT @@@@@@@@DO@@ @@@@@@@@I@@@ @@@@@@@@DO.@;3;12;0xC10D;0xC15E;pregunta;si;3;1;3;1;4;0;1. HURRY TO KAORU;2. WAIT AND WATCH;NO TRACE OF THE OLD MAN. WHAT DO I DO.;;;
H5;55B;I HELD MY BREATH AND DECIDED TO OBSERVE THE SITUATION A LITTLE LONGER.;10;6;0x4FF1;0x500E;texto;si;;;;;;;;;;;;
H5;56B;I HELD MY BREATH AND DECIDED TO OBSERVE THE SITUATION A LITTLE LONGER. WHO COULD THAT OLD MAN REALLY BE... THAT MARIKO THE OLD MAN MENTIONED...;1;15;0x5010;0x5053;texto;si;;;;;;;;;;;;
H5;57B;THINKING ABOUT IT CALMLY, I BEGAN TO FEEL IT HAD BEEN A DREAM OR A HALLUCINATION. AFTER ALL, THE OLD MAN HAD APPEARED FROM INSIDE THE MIRROR.;5;11;0x5055;0x5099;texto;si;;;;;;;;;;;;
H5;58B;3.@@2.@@1.@@WAS@ MAR@NO,@SUR@THA@ IKO@THA@ELY@T@@@ ...@T@@@IT@@OLD@ THA@WAS@WAS@MAN@ T@@@REA@A@@@A@@@ NAM@L@@@HAL@HAL@ E@@@@@@@LUC@LUC@ SOU@@@@@INA@INA@ NDS@@@@@TIO@TIO@ FAM@@@@@N@@@N?@@ ILI@@@@@@@@@@@@@ AR@@@@@@@@@@@@@@;0;16;0x509B;0x50F9;texto;si;;;;;;;;;;;;
H5;59B;THAT HAD BEEN REAL, WITHOUT A DOUBT. I LOOKED AT THE ARM WHERE THE OLD MAN HAD GRABBED ME.;8;8;0x5103;0x5847;texto;si;;;;;;;;;;;;
H5;60B;THERE IT WAS, CLEAR, THE PROOF THAT WHAT HAPPENED HAD BEEN REAL. BEING HERE WAS STARTING TO SCARE ME MORE AND MORE.;5;11;0x5849;0x589B;texto;si;;;;;;;;;;;;
H5;61B;TRYING NOT TO STUMBLE, I HURRIED TOWARD THE PLACE WHERE KAORU WAS WAITING FOR ME.;5;11;0x5103;0x5134;texto;si;;;;;;;;;;;;
H5;62B;IN THE DIM LIGHT, THE RAISED HALLWAY ON THE SECOND FLOOR STRETCHED OUT, MAKING ME FEEL SOMETHING DIFFERENT FROM USUAL. UNABLE TO GET THAT STRANGE EVENT OUT OF MY HEAD, I HURRIED EVEN MORE TOWARD KAORU.;0;16;0x5136;0x51B2;texto;si;;;;;;;;;;;;
H5;63B;THAT PLACE WAS JUST AROUND THE HALLWAY, PRACTICALLY WITHIN REACH. HOLDING BACK MY IMPATIENCE AND ANXIETY, I KEPT WALKING DOWN THE HALLWAY PRETENDING TO BE CALM.;3;13;0x51B4;0x5210;texto;si;;;;;;;;;;;;
H5;64B;THEN, I PUT MY HAND ON THE GLASS DOOR LEADING TO THE TERRACE OVERLOOKING THE COURTYARD, AND OPENED IT GENTLY.;8;8;0x5212;0x524D;texto;si;;;;;;;;;;;;
H5;65B;AT THAT INSTANT, THE BAD FEELING INSIDE ME SUDDENLY GREW, AND I FELT AS IF SOMETHING HAD BURST.;5;11;0x524F;0x529A;texto;si;;;;;;;;;;;;
H5;66B;HE WAS NOT THERE. THE VIEW STRETCHING BEFORE MY EYES STOOD STILL IN A LEADEN GRAY, AND THE DAY WE SHARED OUR FIRST KISS HERE FELT INFINITELY DISTANT AND BLURRED.;3;13;0x52A5;0x5318;texto;si;;;;;;;;;;;;
H5;67B;THE LONGER I WAITED, THE MORE I KNEW THE DESPAIR OF BEING BETRAYED WOULD BE HUGE, AND EVEN SO, I FELT IT AGAIN WITH PAIN.;7;9;0x5324;0x5368;texto;si;;;;;;;;;;;;
H5;68B;THE WATCH ON MY WRIST TOLD ME SADLY THAT THIRTY MINUTES HAD PASSED SINCE THE AGREED TIME. 7:30;5;11;0x536A;0x53B6;texto;si;;;;;;;;;;;;
H5;69B;MAYBE HE ALREADY WENT HOME...;2;14;0x53B8;0x53E4;texto;si;;;;;;;;;;;;
H5;70B;MAYBE HE ALREADY WENT HOME... THE EMPTINESS SLOWLY TURNED INTO LONELINESS, AND THE MORE I THOUGHT ABOUT IT, THE MORE ANGER AND FEAR I FELT AT THE SAME TIME.;2;14;0x53E9;0x5424;texto;si;;;;;;;;;;;;
H5;71B;...HE IS SURELY STILL WAITING FOR ME. I RAISED MY SPIRITS THAT HAD ALMOST LEFT ME, AND TRYING TO SILENCE THE ANXIETY BUBBLING INSIDE ME, I RAN TOWARD THE THIRD FLOOR LIBRARY.;2;14;0x5426;0x54AB;texto;si;;;;;;;;;;;;
H5;72B;I RAN MY HAND ALONG THE COLD, RUSTY HANDRAIL, AND WENT UP TO THE SILENT THIRD FLOOR HALLWAY.;5;11;0x54AD;0x54DE;texto;si;;;;;;;;;;;;
H5;73B;THE LIBRARY DOOR WAS DARK, AND THERE WAS NOT A TRACE OF ANY HUMAN PRESENCE.;8;8;0x54ED;0x5524;texto;si;;;;;;;;;;;;
H5;74B;......... I TRIED TO TURN THE DOORKNOB, BUT IT ONLY MADE A DRY METALLIC SOUND AND THE DOOR DID NOT MOVE.;0;16;0x5526;0x5578;texto;si;;;;;;;;;;;;
H5;75B;I LOOKED INSIDE THROUGH THE GLASS, BUT THERE WAS ONLY DARKNESS AND ABSOLUTE SILENCE.;8;8;0x557A;0x55B6;texto;si;;;;;;;;;;;;
H5;76B;I NEVER IMAGINED I WOULD SPEND THIS DAY ALONE.;7;9;0x55BB;0x55F5;texto;si;;;;;;;;;;;;
H5;77B;I HAD ALWAYS BELIEVED SOMEONE WOULD BE BY MY SIDE ON THIS DAY.;10;6;0x55F7;0x5620;texto;si;;;;;;;;;;;;
H5;78B;IN THIS WORLD WHERE I WAS BORN, TODAY, NO ONE RECOGNIZES ME...;3;13;0x5622;0x564B;texto;si;;;;;;;;;;;;
H5;79B;THE MOMENT I THOUGHT THAT, THE THREAD TIGHTLY HOLDING MY HEART TOGETHER LOOSENED, AND MY RAWEST FEELINGS OVERFLOWED.;0;16;0x564D;0x56C0;texto;si;;;;;;;;;;;;
H5;80B;LOOKING AT THE HALLWAY GROWING BLURRY, I BIT MY LIP HARD FROM THE FRUSTRATION OF FEELING SO PATHETIC.;7;9;0x56C2;0x570A;texto;si;;;;;;;;;;;;
H5;81B;A NOISE AT THE END OF THE HALLWAY STARTLED ME.;7;9;0x570C;0x5718;texto;si;;;;;;;;;;;;
H5;82B;...?;7;9;0x571A;0x5760;texto;si;;;;;;;;;;;;
H5;83B;2.@1.@FIRM@ SO@IT@FOOTS ME@IS@TEPS@ TH@KA@COME@ IN@OR@FROM@ G@@U@@THE@@ IS@@@@STAIR OF@@@@S.@@@ F@@@@@@@@@@;5;11;0x5762;0x57B6;pregunta;si;2;1;2;1;5;0;1. IT IS KAORU;2. SOMETHING IS OFF;FIRM FOOTSTEPS COME FROM THE STAIRS.;;;
H5;84B;IT IS NOT KAORU... I FELT A SINISTER PRESENCE THAT DID NOT SEEM TO BELONG TO THIS WORLD.;7;9;0x57C0;0x5A57;texto;si;;;;;;;;;;;;
H5;85B;WHO ON EARTH IS THAT... I CALLED OUT TOWARD THE DIM STAIRCASE.;5;11;0x5A59;0x5A8F;texto;si;;;;;;;;;;;;
H5;86B;AT THAT INSTANT, THE FOOTSTEPS STOPPED. AFTER THAT, NOT ANOTHER SOUND WAS HEARD.;7;9;0x5A91;0x5ACD;texto;si;;;;;;;;;;;;
H5;87B;THE SILENCE WAS SO DEEP YOU COULD HAVE HEARD A PIN DROP, AND ONLY THE DARK STAIRCASE GLOWED WITH A PALE, COLD BLUE LIGHT.;5;11;0x5ACF;0x5B23;texto;si;;;;;;;;;;;;
H5;88B;!?;2;14;0x5B25;0x5B36;texto;si;;;;;;;;;;;;
H5;89B;AT THAT MOMENT, I SAW A HUMAN SILHOUETTE DISAPPEAR BEHIND THE WALL OF THE STAIRCASE LANDING.;5;11;0x5B38;0x5B5D;texto;si;;;;;;;;;;;;
H5;90B;I HELD MY BREATH AND WENT DOWN THE STAIRS STEP BY STEP, LIKE A CAT.;5;11;0x5B66;0x5BA2;texto;si;;;;;;;;;;;;
H5;91B;A SUDDEN SOUND BEHIND ME MADE ME HOLD MY BREATH.;7;9;0x5BA4;0x5C01;texto;si;;;;;;;;;;;;
H5;92B;THE HEAVY ANXIETY WEIGHING ON ME SLOWLY TURNED INTO FEAR. BUT A SMALL FEELING OF MAYBE STILL LEFT INSIDE ME GENTLY PUSHED ME FORWARD.;0;16;0x5C03;0x5C71;texto;si;;;;;;;;;;;;
H5;93B;I SLOWLY TURNED AROUND AND HEADED BACK TOWARD THE THIRD FLOOR, WHERE THE EARLIER SOUND HAD COME FROM.;5;11;0x5C73;0x5CA9;texto;si;;;;;;;;;;;;
H5;94B;!;12;4;0x5CB2;0x5CD5;texto;si;;;;;;;;;;;;
H5;95B;FROM THE THIRD FLOOR CEILING CAME A SCREECHING SOUND, LIKE SOMETHING SCRATCHING.;5;11;0x5CD7;0x5D09;texto;si;;;;;;;;;;;;
H5;96B;I FOLLOWED THE SOUND ONLY WITH MY EYES AND LOOKED UP AT THE CEILING.;10;6;0x5D0B;0x5D45;texto;si;;;;;;;;;;;;
H5;97B;THERE, RED AND BLACK STAINS SPREAD AS IF PAINT HAD BEEN SPILLED.;5;11;0x5D4E;0x5DA0;texto;si;;;;;;;;;;;;
H5;98B;BLACK DROPS FELL FROM THE CEILING INTO THE HALLWAY, AND A PUDDLE SPREAD AS IF A HOLE HAD OPENED IN THE FLOOR.;7;9;0x5DAC;0x5E09;texto;si;;;;;;;;;;;;
H5;99B;THIS TIME, A TERRIFYING SOUND LIKE CEILING BOARDS BEING TORN OFF BY FORCE ECHOED THROUGH THE HALLWAY.;8;8;0x5E0B;0x5E8D;texto;si;;;;;;;;;;;;
H5;100B;AHAHAHAHA...... SUDDENLY, THE SEVERED HEAD OF A WOMAN, PALE, SINISTER AND COVERED IN BLOOD, FELL FROM THE CEILING LAUGHING.;5;11;0x5E8F;0x5EF9;texto;si;;;;;;;;;;;;
H5;101B;MY BODY FROZE, I EVEN LOST MY VOICE, AND I COULD NOT MOVE.;2;14;0x5EFE;0x5F62;texto;si;;;;;;;;;;;;
H5;102B;DESPERATE, I TURNED MY BACK ON IT AND, DRAGGING MY LEGS HEAVY AS STONE, MANAGED TO FLEE TOWARD THE STAIRS.;5;11;0x5F64;0x5F8A;texto;si;;;;;;;;;;;;
H5;103B;WAS THAT A HALLUCINATION CREATED BY MY OWN FEAR...? ...... FEARFULLY, I TURNED AROUND AND LOOKED UP AT THE CEILING. THERE WAS NO CHANGE THERE, ONLY A STRANGE SILENCE AND AIR FLOATED.;2;14;0x5F8C;0x5FED;texto;si;;;;;;;;;;;;
H5;104B;A GAZE.........;3;13;0x5FEF;0x6009;texto;si;;;;;;;;;;;;
H5;105B;IN THE MIDST OF THAT DEATHLY SILENCE, I FELT AS IF A SHARP, INTENSE GAZE WAS PIERCING ME. A GAZE.........;3;13;0x600B;0x604E;texto;si;;;;;;;;;;;;
H5;106B;I NARROWED MY EYES TOWARD THE HALLWAY STRETCHING TO THE RIGHT.;7;9;0x6056;0x607D;texto;si;;;;;;;;;;;;
H5;107B;AT THE BACK OF THE WALL THERE WAS A LARGE, OLD MIRROR I HAD NEVER SEEN BEFORE, FIRMLY SET IN A WOODEN FRAME, REFLECTING THE DIM HALLWAY.;5;11;0x6082;0x60DF;texto;si;;;;;;;;;;;;
H5;108B;AND THEN, IN THAT MIRROR WAS THE OWNER OF THAT GAZE.;7;9;0x60E1;0x611F;texto;si;;;;;;;;;;;;
H5;109B;IT WAS, WITHOUT A DOUBT, MYSELF.;2;14;0x612A;0x6148;texto;si;;;;;;;;;;;;
H5;110B;THE ME IN THE MIRROR STRETCHED OUT HER PALE ARMS FORWARD AND SLOWLY BEGAN GESTURING FOR ME TO COME CLOSER.;8;8;0x614A;0x619D;texto;si;;;;;;;;;;;;
H5;111B;I DESPERATELY TRIED TO CALL FOR HELP, BUT ONLY A HOARSE WHISPER FLOATED IN THE AIR, NEVER BECOMING A VOICE.;0;16;0x619F;0x61DB;texto;si;;;;;;;;;;;;
H5;112B;THE OTHER ME WHISPERED, INVITING ME FROM THE DEPTHS OF THE GLASS: I DO NOT WANT TO BE ALONE.;0;16;0x61DD;0x622B;texto;si;;;;;;;;;;;;
H5;113B;IN THE MIDST OF MY FADING CONSCIOUSNESS, I FELT, FOR SOME REASON, ALONG WITH THE FEAR, SOMETHING STRANGE.;8;8;0x622D;0x6267;texto;si;;;;;;;;;;;;
H5;114B;THE OTHER ME SLID DOWN THE HALLWAY CONTINUING INSIDE THE MIRROR, AND FADED GENTLY BEHIND A YOUNG MAN SITTING THERE.;0;16;0x6269;0x62B4;texto;si;;;;;;;;;;;;
H5;115B;THAT YOUNG MAN'S FACE, WITH LOWERED EYES, WAS WITHOUT A DOUBT KAORU'S.;5;11;0x62B6;0x62D9;texto;si;;;;;;;;;;;;
H5;116B;YOKO, LET'S GO TOGETHER.;7;9;0x62E1;0x6301;texto;si;;;;;;;;;;;;
H5;117B;THE KAORU IN THE MIRROR RAISED HIS FACE AND SMILED SOFTLY. BEYOND HIM STRETCHED A FIELD OF FLOWERS WITH MOUNTAINS BEHIND.;2;14;0x6306;0x6371;texto;si;;;;;;;;;;;;
H5;118B;2.@@1.@@MY@@@@@ LET@RES@FEET@@@ MYS@IST@MOVED@@ ELF@STU@FORWARD BE@@BBO@ON@@@@@ CAR@RNL@THEIR@@ RIE@Y@@@OWN,@@@ D@@@@@@@AGAINST BY@@@@@@WHAT@@@ THE@@@@@MY@@@@@ FLO@@@@@HEART@@ W@@@@@@@FELT.@@;1;15;0x637A;0x63C6;pregunta;si;3;1;3;1;7;0;1. RESIST STUBBORNLY;2. LET MYSELF BE CARRIED BY THE FLOW;MY FEET MOVED FORWARD ON THEIR OWN, AGAINST WHAT MY HEART FELT.;;;
H5;119B;I LET MYSELF BE CARRIED BY THE NATURAL FLOW AND MOVED CLOSER TO THE MIRROR.;5;11;0x63D0;0x6517;texto;si;;;;;;;;;;;;
H5;120B;AT SOME POINT, THE FAMILIAR HALLWAY STRETCHING ON THE OTHER SIDE OF THE GLASS HAD TURNED INTO A DIRTY, WORN WOODEN CORRIDOR.;5;11;0x6519;0x6565;texto;si;;;;;;;;;;;;
H5;121B;IN THE DISTANCE, THE SOUND OF A BELL ECHOED.;3;13;0x6567;0x65A6;texto;si;;;;;;;;;;;;
H5;122B;IF YOU TAKE ONE MORE STEP, YOU WILL BE ABLE TO FORGET EVERYTHING THAT HURTS YOU.;5;11;0x65AB;0x65D3;texto;si;;;;;;;;;;;;
H5;123B;THOSE WORDS REPEATED OVER AND OVER INSIDE MY HEAD.;0;16;0x65DF;0x660D;texto;si;;;;;;;;;;;;
H5;124B;I PUT MY HANDS ON THE MIRROR FRAME AND LEANED FORWARD.;0;16;0x660F;0x662F;texto;si;;;;;;;;;;;;
H5;125B;A VOICE SO LOUD IT SEEMED LIKE IT WOULD SHATTER THE GLASS STOPPED MY TREMBLING HEART.;8;8;0x6631;0x667F;texto;si;;;;;;;;;;;;
H5;126B;TURNING AROUND, I SAW KAORU RUNNING TOWARD ME DESPERATELY.;2;14;0x6681;0x66B2;texto;si;;;;;;;;;;;;
H5;127B;AT THAT MOMENT, AGAINST MY WILL, AN INTENSE EMOTION ROSE FROM DEEP WITHIN ME.;9;7;0x66B4;0x66EB;texto;si;;;;;;;;;;;;
H5;128B;DO NOT COME.........;5;11;0x66ED;0x66FD;texto;si;;;;;;;;;;;;
H5;129B;CONFUSED BY MY WORDS, KAORU KEPT HIS USUAL SMILE AND SLOWLY CAME CLOSER TO ME.;8;8;0x6702;0x6737;texto;si;;;;;;;;;;;;
H5;130B;I AM SICK OF THIS, I HATE BEING LIKE THIS!;3;13;0x6739;0x6772;texto;si;;;;;;;;;;;;
H5;131B;YOKO, I UNDERSTAND.;7;9;0x6774;0x678C;texto;si;;;;;;;;;;;;
H5;132B;YOU DO NOT UNDERSTAND ANYTHING!;0;16;0x679A;0x67C2;texto;si;;;;;;;;;;;;
H5;133B;I SPAT OUT MY WORDS AS IF TRYING TO ERASE HIS.;0;16;0x67C4;0x67ED;texto;si;;;;;;;;;;;;
H5;134B;IT WAS BECAUSE, AT THAT MOMENT, I DID NOT HAVE THE COURAGE TO BELIEVE HIS WORDS AS THEY WERE.;5;11;0x67EF;0x6815;texto;si;;;;;;;;;;;;
H5;135B;I AM NOT STRONG AT ALL... I AM NOT AN ADULT!;5;11;0x6817;0x6845;texto;si;;;;;;;;;;;;
H5;136B;WITHOUT REALIZING IT, THICK TEARS RAN DOWN MY CHEEKS AND FELL. I CANNOT LIVE ALONE!;0;16;0x6847;0x6894;texto;si;;;;;;;;;;;;
H5;137B;THE CRIES OF MY HEART THAT CAME OUT ONE AFTER ANOTHER FROM MY MOUTH WERE FREEING ME FROM WHAT BOUND ME.;4;12;0x6896;0x68CD;texto;si;;;;;;;;;;;;
H5;138B;THE VOICELESS SCREAMS OF MY HEART ECHOED AGAINST THE COLD GLASS.;10;6;0x68CF;0x6902;texto;si;;;;;;;;;;;;
H5;139B;ALONE... BUT I HATE BEING ALONE.;5;11;0x6904;0x692A;texto;si;;;;;;;;;;;;
H5;140B;DO YOU UNDERSTAND?;2;14;0x692F;0x6942;texto;si;;;;;;;;;;;;
H5;141B;I, WEAK AND ABOUT TO BE CRUSHED BY ANXIETY, LOOKED LIKE AN ADULT... BUT WAS A CHILD. YOU LOOK LIKE A CHILD... BUT YOU ARE AN ADULT.;0;16;0x6944;0x69A1;texto;si;;;;;;;;;;;;
H5;142B;A WAY OF LIVING TRUE TO MYSELF, THAT IS WHAT I HAD TOLD MYSELF UNTIL NOW.;5;11;0x69A6;0x69CE;texto;si;;;;;;;;;;;;
H5;143B;CAN YOU REALLY EMBRACE SOMEONE LIKE ME?;3;13;0x69D0;0x69FC;texto;si;;;;;;;;;;;;
H5;144B;I WANT TO KNOW, BUT I AM AFRAID TO ASK... I AM TRULY AFRAID OF ENDING UP ALONE.;3;13;0x6A01;0x6A40;texto;si;;;;;;;;;;;;
H5;145B;I LET THE FEELINGS THAT SEEMED TO TEAR ME APART GROW WITHIN MY HEART.;10;6;0x6A42;0x6A69;texto;si;;;;;;;;;;;;
H5;146B;LITTLE BY LITTLE, A SWEET SADNESS ROSE ALONG WITH THE TEARS, AND MY LIPS TREMBLED SLIGHTLY.;3;13;0x6A6B;0x6A95;texto;si;;;;;;;;;;;;
H5;147B;ONCE AGAIN, I LOOKED DEEP INTO KAORU'S EYES. BUT, AS THINGS STOOD NOW, THERE WAS NO WAY TO KNOW HIS TRUE FEELINGS.;3;13;0x6A97;0x6AF8;texto;si;;;;;;;;;;;;
H5;148B;COME HERE.;7;9;0x6AFA;0x6B0A;texto;si;;;;;;;;;;;;
H5;149B;THE OTHER KAORU IN THE MIRROR MURMURED SOFTLY, TRYING TO CALM ME.;10;6;0x6B0C;0x6B30;texto;si;;;;;;;;;;;;
H5;150B;DRAWN BY THOSE WORDS, I PUT ONE FOOT ON THE MIRROR FRAME.;3;13;0x6B32;0x6B5C;texto;si;;;;;;;;;;;;
H5;151B;FOR SOME REASON, AS IF SOMETHING WERE GENTLY PULLING ME, I TURNED TOWARD THE VOICE ASKING ME TO STOP.;8;8;0x6B5E;0x6B98;texto;si;;;;;;;;;;;;
H5;152B;.........;6;10;0x6B9D;0x6BAE;texto;si;;;;;;;;;;;;
H5;153B;KAORU SHOWED ME A SERIOUS EXPRESSION. A GRAVE LOOK HE NEVER USUALLY SHOWED.;7;9;0x6BB3;0x6BEA;texto;si;;;;;;;;;;;;
H5;154B;IT IS NOT SOMETHING EXPENSIVE, BUT...;2;14;0x6BEC;0x6C07;texto;si;;;;;;;;;;;;
H5;155B;KAORU PUT HIS HAND IN HIS POCKET AND HELD OUT HIS CLOSED FIST IN FRONT OF ME. AS HE SLOWLY OPENED IT, A BARE SILVER RING GLOWED WITH A FAINT LIGHT.;2;14;0x6C09;0x6C72;texto;si;;;;;;;;;;;;
H5;156B;HAPPY BIRTHDAY.;5;11;0x6C74;0x6C96;texto;si;;;;;;;;;;;;
H5;157B;MY TREMBLING WOULD NOT STOP... KAORU TOOK MY HAND AND GENTLY COVERED IT WITH HIS. THEN, WITH CARE, HE PLACED THE RING ON THE RING FINGER OF MY LEFT HAND.;2;14;0x6C98;0x6D07;texto;si;;;;;;;;;;;;
H5;158B;SO WARM.........;7;9;0x6D09;0x6D1E;texto;si;;;;;;;;;;;;
H5;159B;THE DARK, LONG TIME THAT HAD FELT SO PAINFUL BECAME A DISTANT MEMORY. NOW, REMEMBERING THE WARMTH IN WHICH I HAD BEEN ASLEEP, I FELT IT FILLING ME.;3;13;0x6D20;0x6D7A;texto;si;;;;;;;;;;;;
H5;160B;YOU DID NOTICE WHO I REALLY AM.;10;6;0x6D7C;0x6DA2;texto;si;;;;;;;;;;;;
H5;161B;I AM NOT ALONE ANYMORE, AM I...;3;13;0x6DA4;0x6DC8;texto;si;;;;;;;;;;;;
H5;162B;I LOOKED AT KAORU WITH CLEAR EYES AND, WITH A FEELING AS PURE AS A CHILD'S, LET MY BODY FALL AGAINST HIS CHEST.;7;9;0x6DCA;0x6E0D;texto;si;;;;;;;;;;;;
H5;163B;IN THE NEXT INSTANT......... A LARGE CRACK RAN THROUGH THE MIRROR.;3;13;0x6E0F;0x6E58;texto;si;;;;;;;;;;;;
H5;164B;I FELT A BLINDING FLASH AS IF A CAMERA HAD GONE OFF, AND BEFORE MY EYES STRETCHED A HALLWAY AND A WOODEN CEILING I DID NOT RECOGNIZE.;0;16;0x6E5D;0x6F06;texto;si;;;;;;;;;;;;
H5;165B;TURNING AROUND, IN THE WOODEN-FRAMED MIRROR, THE FAMILIAR BUILDING OF OUR SCHOOL WAS REFLECTED.;8;8;0x6F08;0x6F3F;texto;si;;;;;;;;;;;;
H5;166B;ON THE OTHER SIDE OF THAT MIRROR, THE OTHER ME LOOKED AT ME AND LAUGHED.;2;14;0x6F41;0x6F6B;texto;si;;;;;;;;;;;;
H5;167B;AHAHAHAHA... FINALLY I AM FREE! STAY IN MY PLACE AND BURN UNTIL YOU ARE ALL BLACK!;2;14;0x6F6D;0x6FD1;texto;si;;;;;;;;;;;;
H5;168B;THE ME IN THE MIRROR, FOR AN INSTANT, LOOKED LIKE A MUMMY, BUT THEN MELTED AWAY AND DISAPPEARED. THE MIRROR THAT REMAINED BECAME AN ORDINARY MIRROR THAT ONLY REFLECTED US.;2;14;0x6FD3;0x7047;texto;si;;;;;;;;;;;;
H5;169B;KAORU TOUCHED IT TO EXAMINE IT, BUT IT REMAINED A COLD, ORDINARY MIRROR, WITH A CRACK AND NOTHING MORE.;8;8;0x7049;0x7081;texto;si;;;;;;;;;;;;
H5;170B;CAN WE NOT GO BACK ANYMORE? I LOOKED AT KAORU WITH AN ANGUISHED EXPRESSION.;4;12;0x7090;0x70C8;texto;si;;;;;;;;;;;;
H5;171B;I HAVE A BAD FEELING... EITHER WAY, WE NEED TO GET OUT OF HERE NOW.;10;6;0x70CA;0x70F2;texto;si;;;;;;;;;;;;
H5;172B;SAYING THAT... KAORU TOOK MY HAND AND STARTED RUNNING DOWN THE CREAKING HALLWAY.;2;14;0x70F4;0x7126;texto;si;;;;;;;;;;;;
H5;173B;A LARGE HAND.........;7;9;0x712E;0x7143;texto;si;;;;;;;;;;;;
H5;174B;2.@@@1.@@@I@@@ I@@@@I@@@@LOOK THOU@THOU@ED@@ GHT@@GHT@@UP@@ I@@@@I@@@@AT@@ WANT@WAS@@KAOR ED@@@GLAD@U'S@ TO@@@I@@@@FACE STAY@HAD@@...@ BY@@@MET@@@@@@ HIS@@KAOR@@@@@ SIDE@U@@@@@@@@ FORE@@@@@@@@@@ VER@@@@@@@@@@@;2;14;0x7145;0x7192;pregunta;si;4;1;4;1;4;0;1. I THOUGHT I WAS GLAD I HAD MET KAORU;2. I THOUGHT I WANTED TO STAY BY HIS SIDE FOREVER;I LOOKED UP AT KAORU'S FACE...;;;
H5;175B;I WANT TO STAY BY HIS SIDE FOREVER...;7;9;0x719C;0x7241;texto;si;;;;;;;;;;;;
H5;176B;I THOUGHT IT WITH ALL MY HEART. A LARGE HAND. AND A BROAD BACK...;3;13;0x7243;0x727E;texto;si;;;;;;;;;;;;
H5;177B;ONCE AGAIN I BECAME AWARE OF KAORU'S PRESENCE.;12;4;0x7283;0x8135;texto;si;;;;;;;;;;;;
H5;178B;I MURMURED IN A VOICE SO LOW KAORU COULD NOT HEAR IT. I AM SORRY... THE ONE WHO NEVER NOTICED WAS ME...;0;16;0x8137;0x818E;texto;si;;;;;;;;;;;;
H5;179B;I DO NOT KNOW IF MY VOICE REACHED HIM, BUT FOR A MOMENT, I THOUGHT I SAW A SMILE AT THE CORNER OF KAORU'S LIPS.;5;11;0x8190;0x81CF;texto;si;;;;;;;;;;;;
H5;180B;WE RAN DOWN THE STAIRS TO THE WIDE LANDING.;2;14;0x81D1;0x81F9;texto;si;;;;;;;;;;;;
H5;181B;SUDDENLY, AN INTENSE HEAT MADE ME LOSE MY SENSE OF DIRECTION AND COVERED MY FACE! THERE, FLAMES TALLER THAN A PERSON, CRACKLING AND THROWING SPARKS, BLOCKED OUR PATH.;2;14;0x81FB;0x8282;texto;si;;;;;;;;;;;;
H5;182B;THE FIRE RAN ACROSS THE WOODEN CEILING AND FLOOR, TURNING THE PLACE INTO A SEA OF ASH.;10;6;0x8284;0x82B8;texto;si;;;;;;;;;;;;
H5;183B;KAORU PUSHED ME ASIDE IN AN INSTANT.;0;16;0x82BA;0x830F;texto;si;;;;;;;;;;;;
H5;184B;AMID THE RISING FLAMES AND SMOKE, A SCORCHED, BLACK CEILING BOARD FELL ONTO MY HEAD.;9;7;0x8317;0x836A;texto;si;;;;;;;;;;;;
H5;185B;THE FALLING BOARD GRAZED MY CHEEK, AND BY A HAIR I MANAGED TO ESCAPE DISASTER.;5;11;0x836C;0x8393;texto;si;;;;;;;;;;;;
H5;186B;THE FLAMES GREW EVEN STRONGER, SPREADING UP TO THE STAIRS, AND A PILLAR OF FIRE SPUN LIKE A CYCLONE.;8;8;0x8395;0x83D6;texto;si;;;;;;;;;;;;
H5;187B;ARE YOU OKAY, KAORU? HE SMILED AND NODDED, AND KEPT TALKING. YOKO! ARE YOU HURT?;0;16;0x83D8;0x8437;texto;si;;;;;;;;;;;;
H5;188B;I THINK I KNOW WHERE WE ARE... PROBABLY... IT IS THE OLD SCHOOL BUILDING.;3;13;0x8439;0x848A;texto;si;;;;;;;;;;;;
H5;189B;THE OLD BUILDING?;7;9;0x84A4;0x84B0;texto;si;;;;;;;;;;;;
H5;190B;I FOUND OUT A WHILE AGO RESEARCHING IN THE LIBRARY... A LONG TIME AGO THERE WAS AN OLD BUILDING THAT BURNED DOWN IN A HUGE FIRE AND WAS DEMOLISHED.;2;14;0x84B2;0x8509;texto;si;;;;;;;;;;;;
H5;191B;HEARING THOSE WORDS, I VAGUELY REMEMBERED A STORY MY LATE GRANDMOTHER HAD TOLD ME.;9;7;0x850B;0x8543;texto;si;;;;;;;;;;;;
H5;192B;IT WAS A STORY ABOUT HOW THE WOODEN BUILDING WHERE MY FATHER WORKED AS A TEACHER CAUGHT FIRE AND WAS DESTROYED IN AN ACCIDENT, WHEN HE WAS STILL ALIVE.;2;14;0x8545;0x85AF;texto;si;;;;;;;;;;;;
H5;193B;WHAT DO WE DO?;7;9;0x85B1;0x85C2;texto;si;;;;;;;;;;;;
H5;194B;KAORU STOOD THINKING WITH A TENSE FACE, BUT THE NEXT MOMENT...;8;8;0x85C4;0x85EC;texto;si;;;;;;;;;;;;
H5;195B;THIS WAY. KAORU TOOK MY HAND AND STARTED RUNNING AGAIN.;7;9;0x85F1;0x862B;texto;si;;;;;;;;;;;;
H5;196B;AFTER A WHILE, A LARGE WOODEN SLIDING DOOR APPEARED AT THE END OF THE HALLWAY.;2;14;0x862D;0x8691;texto;si;;;;;;;;;;;;
H5;197B;BEYOND THERE SHOULD BE A WINDOW WITH BARS, WE SHOULD BE ABLE TO GET OUT THAT WAY.;5;11;0x8696;0x86E1;texto;si;;;;;;;;;;;;
H5;198B;KAORU PUT ALL HIS STRENGTH INTO OPENING THE DOOR.;10;6;0x86E3;0x8711;texto;si;;;;;;;;;;;;
H5;199B;BUT, WHETHER IT WAS LOCKED OR NOT, THE DOOR WOULD NOT BUDGE AN INCH.;7;9;0x8713;0x876A;texto;si;;;;;;;;;;;;
H5;200B;DAMN IT, IT WILL NOT OPEN!;7;9;0x876C;0x8787;texto;si;;;;;;;;;;;;
H5;201B;SMOKE ROSE THROUGH THE CRACKS IN THE FLOOR AS IF IT WERE THE LID OF HELL.;10;6;0x8789;0x87BD;texto;si;;;;;;;;;;;;
H5;202B;THE FIRE SPREAD INTO THE HALLWAY BEHIND US, AND THE CLASSROOM WINDOWS SHATTERED ONE AFTER ANOTHER FROM THE HEAT.;2;14;0x87BF;0x881F;texto;si;;;;;;;;;;;;
H5;203B;THE FLAMES SPREAD LIKE A LIVING RED CURTAIN, DEVOURING PILLARS AND WALLS, SWALLOWING AIR AND GROWING EVEN STRONGER.;7;9;0x8821;0x886F;texto;si;;;;;;;;;;;;
H5;204B;THE HALLWAY BECAME WRAPPED IN FIERCE HEAT, LIKE THAT OF A BLAST FURNACE.;5;11;0x8871;0x88AC;texto;si;;;;;;;;;;;;
H5;205B;I LOOKED AT THE RING SHINING ON MY LEFT HAND. LOOKING UP, I SAW KAORU THROWING HIMSELF DESPERATELY AGAINST THE DOOR.;5;11;0x88AE;0x88FC;texto;si;;;;;;;;;;;;
H5;206B;DEEP IN MY CHEST, A SMALL LIGHT OF HOPE GREW STRONGER.;10;6;0x88FE;0x8923;texto;si;;;;;;;;;;;;
H5;207B;I WILL NEVER GIVE UP... NEVER. BECAUSE I FINALLY BEGAN TO FIND MY TRUE FEELINGS.........;2;14;0x8925;0x8976;texto;si;;;;;;;;;;;;
H5;208B;I JOINED KAORU AND WE BEGAN RAMMING THE MARTIAL ARTS GYM DOOR.;10;6;0x897B;0x89B3;texto;si;;;;;;;;;;;;
H5;209B;WE FINALLY MANAGED TO BREAK THE DOOR, AND FELL ROLLING ONTO THE GYM FLOOR.;3;13;0x89B5;0x8A0C;texto;si;;;;;;;;;;;;
H5;210B;KAORU GOT UP AND IMMEDIATELY RAN TOWARD THE EMERGENCY EXIT DOOR.;10;6;0x7287;0x72BF;texto;si;;;;;;;;;;;;
H5;211B;LET'S GO THIS WAY. KAORU TURNED THE DOORKNOB.;2;14;0x72C1;0x72ED;texto;si;;;;;;;;;;;;
H5;212B;BUT THE DOOR WOULD NOT OPEN. PEEKING THROUGH THE GAP, WE SAW A PADLOCK PLACED FROM OUTSIDE.;5;11;0x72EF;0x733B;texto;si;;;;;;;;;;;;
H5;213B;AGH!;7;9;0x733D;0x734E;texto;si;;;;;;;;;;;;
H5;214B;KAORU KICKED THE DOOR, BUT THE SOLID IRON PLATE DID NOT EVEN BUDGE.;10;6;0x7353;0x7380;texto;si;;;;;;;;;;;;
H5;215B;THE FIRE HAD ALREADY REACHED THE GYM ENTRANCE, AND THE SMELL OF BURNING TATAMI AND SMOKE FILLED THE ROOM.;2;14;0x7382;0x73D6;texto;si;;;;;;;;;;;;
H5;216B;COUGH. COUGH. COUGH.;1;15;0x73DF;0x73DF;texto;si;;;;;;;;;;;;
H5;217B;KAORU COUGHED WHILE BRACING BOTH HANDS ON THE FLOOR.;12;4;0x73EA;0x740B;texto;si;;;;;;;;;;;;
H5;218B;SOMEONE! SOMEONE HELP ME, HEEELP!;3;13;0x740D;0x740D;texto;si;;;;;;;;;;;;
H5;219B;MY SCREAMS AND DESPERATE POUNDING ON THE DOOR ECHOED THROUGH THE BUILDING.;10;6;0x7412;0x7451;texto;si;;;;;;;;;;;;
H5;220B;IS THAT YOU, MARIKO?;7;9;0x7459;0x746B;texto;si;;;;;;;;;;;;
H5;221B;A VOICE CAME FROM OUTSIDE THE DOOR.;12;4;0x7470;0x7484;texto;si;;;;;;;;;;;;
H5;222B;WAIT! I WILL GO GET THE KEY...;5;11;0x7486;0x74A9;texto;si;;;;;;;;;;;;
H5;223B;A DULL METALLIC SOUND WAS HEARD, AND THE DOOR OPENED.;12;4;0x74AB;0x74E1;texto;si;;;;;;;;;;;;
H5;224B;OUTSIDE THERE WAS A WHITE-HAIRED OLD MAN I RECOGNIZED, WITH HALF HIS FACE COVERED IN BLOOD.;9;7;0x74E3;0x752D;texto;si;;;;;;;;;;;;
H5;225B;MARIKO! I FOUND YOU! SAYING THAT, THE OLD MAN RAN TOWARD ME. I FROZE AND PUSHED HIM AWAY WITH BOTH HANDS.;2;14;0x752F;0x7583;texto;si;;;;;;;;;;;;
H5;226B;THE OLD MAN MADE A FACE AS IF HE HAD BITTEN SOMETHING BITTER, FURROWED HIS BROW, AND STARED AT ME.;8;8;0x7585;0x75BF;texto;si;;;;;;;;;;;;
H5;227B;YOU ARE NOT... MARIKO...?;3;13;0x75C1;0x75E5;texto;si;;;;;;;;;;;;
H5;228B;NO...... I AM YOKO.;5;11;0x75E7;0x7606;texto;si;;;;;;;;;;;;
H5;229B;WHEN I SAID THAT, THE OLD MAN'S SHOULDERS SLUMPED IN DISAPPOINTMENT, AND HE CLUNG TO ME CRYING AND WHIMPERING LIKE A CHILD.;7;9;0x7608;0x7649;texto;si;;;;;;;;;;;;
H5;230B;HAVE YOU NOT SEEN... MARIKO? MARIKO IS INSIDE THE SCHOOL BUILDING!;7;9;0x764B;0x7680;texto;si;;;;;;;;;;;;
H5;231B;I PUT MY HAND ON THE SHOULDER OF THE OLD MAN WHO WAS CROUCHED DOWN. IN THE DISTANCE, THE SOUND OF AN ALARM BELL COULD BE HEARD.;0;16;0x7682;0x76C7;texto;si;;;;;;;;;;;;
H5;232B;SEEING THE RING HANGING FROM MY NECK, THE OLD MAN GRIPPED MY HAND TIGHTLY AND, WITH TEARS, BEGAN TO PLEAD.;7;9;0x76C9;0x7712;texto;si;;;;;;;;;;;;
H5;233B;FORGIVE ME, MARIKO..., FORGIVE ME. I COULD NOT TELL YOU THE TRUTH...;7;9;0x7714;0x776E;texto;si;;;;;;;;;;;;
H5;234B;WHEN HIROYUKI SAID HE WOULD TAKE THE CHILD AND LEAVE YOU... IT WAS NOT BECAUSE HE HAD ANOTHER WOMAN!;5;11;0x7770;0x77B6;texto;si;;;;;;;;;;;;
H5;235B;HEARING THAT NAME, I COULD NOT HIDE MY SURPRISE.;2;14;0x77B8;0x77D8;texto;si;;;;;;;;;;;;
H5;236B;BECAUSE HIROYUKI WAS, WITHOUT A DOUBT, MY FATHER'S NAME.;10;6;0x77DA;0x77FD;texto;si;;;;;;;;;;;;
H5;237B;HIROYUKI HAD CANCER. HE ONLY HAD TWO OR THREE YEARS LEFT TO LIVE, SO WORRIED ABOUT YOUR FUTURE...;2;14;0x77FF;0x7850;texto;si;;;;;;;;;;;;
H5;238B;THE OLD MAN REPEATED FORGIVE ME OVER AND OVER, AND BURST INTO TEARS.;10;6;0x7852;0x7879;texto;si;;;;;;;;;;;;
H5;239B;THE TRUTH ABOUT MY OWN LIFE, WHICH UNTIL NOW I HAD WANTED TO KNOW BUT NEVER COULD, WAS FINALLY REVEALED.;2;14;0x787B;0x78BD;texto;si;;;;;;;;;;;;
H5;240B;I FELT A FEELING GROWING FROM DEEP WITHIN MY HEART. LIKE WATER SPILLING OVER DRY EARTH, THE CRACKS INSIDE ME WERE CLOSING.;4;12;0x78BF;0x7913;texto;si;;;;;;;;;;;;
H5;241B;JUST AS I THOUGHT I HEARD A GREAT THUNDERCLAP, MY FATHER'S RING BEGAN TO GLOW, AND THE LARGE MIRROR BEGAN TO RIPPLE LIKE WATER.;7;9;0x7915;0x7973;texto;si;;;;;;;;;;;;
H5;242B;WATCH OUT!;2;14;0x7975;0x7980;texto;si;;;;;;;;;;;;
H5;243B;SHOUTING THAT, THE OLD MAN PUSHED KAORU INTO THE MIRROR.;2;14;0x7982;0x79AC;texto;si;;;;;;;;;;;;
H5;244B;WITH NO TIME TO THINK, WE FELL ROLLING INTO THE DARKNESS OF THE MIRROR.;10;6;0x79B7;0xA494;texto;si;;;;;;;;;;;;
H5;245B;THE RISING FLAMES SCORCHED THE GYM CEILING, AND A COLLAPSING RED-BLACK MASS SWALLOWED THE OLD MAN.;2;14;0xA496;0xA539;texto;si;;;;;;;;;;;;
H5;246B;THE MIRROR WAS ENGULFED IN FLAMES AND SHATTERED INTO PIECES... TURNING INTO AN ENDLESS DARKNESS.;7;9;0xA53B;0xA54C;texto;si;;;;;;;;;;;;
H5;247B;SISTER... IN MY HEART, SADNESS AND JOY INTERTWINED, AND THE DECISION TO BELIEVE IN MYSELF AND RETURN TO THE ORIGINAL WORLD GREW STRONGER.;5;11;0xA54E;0xA5A8;texto;si;;;;;;;;;;;;
H5;248B;KAORU...;2;14;0xA5AA;0xA5B3;texto;si;;;;;;;;;;;;
H5;249B;IN TOTAL DARKNESS, KAORU LAY FACE DOWN. I LIFTED HIS SHOULDERS, BUT HIS HEAD HUNG LIMP LIKE A PUPPET WITHOUT STRINGS.;3;13;0xA5B5;0xA618;texto;si;;;;;;;;;;;;
H5;250B;I QUICKLY PRESSED MY EAR TO HIS CHEST. ...... WEAK, BUT I COULD CLEARLY FEEL A HEARTBEAT.;3;13;0xA61A;0xA666;texto;si;;;;;;;;;;;;
H5;251B;.........;7;9;0xA66E;0xA67D;texto;si;;;;;;;;;;;;
H5;252B;SHE WHO IS TRAPPED BY THE PAST, EVEN NOW, CANNOT BE SAVED.;3;13;0xA67F;0xA6BD;texto;si;;;;;;;;;;;;
H5;253B;TURNING AROUND AT THAT SINISTER VOICE, THERE WAS A GIRL IN A SAILOR UNIFORM STANDING IN FRONT OF A SQUARE FRAME.;5;11;0xA6BF;0xA6FD;texto;si;;;;;;;;;;;;
H5;254B;I WILL TAKE FROM YOU WHAT MATTERS MOST.;7;9;0xA6FF;0xA726;texto;si;;;;;;;;;;;;
H5;255B;I BRACED MYSELF AND RETURNED THE GIRL'S COLD, GLEAMING STARE.;5;11;0xA72B;0xA756;texto;si;;;;;;;;;;;;
H5;256B;YOU ARE MARIKO, AREN'T YOU.;5;11;0xA758;0xA76F;texto;si;;;;;;;;;;;;
H5;257B;EVEN IF THAT IS SO, THERE IS NOTHING YOU CAN DO ABOUT IT.;5;11;0xA771;0xA796;texto;si;;;;;;;;;;;;
H5;258B;GRANDFATHER TOLD ME, ABOUT YOU AND HIROYUKI...;5;11;0xA798;0xA7C3;texto;si;;;;;;;;;;;;
H5;259B;I DO NOT WANT TO HEAR ANYTHING ABOUT THE MAN WHO ABANDONED ME!;3;13;0xA7C5;0xA816;texto;si;;;;;;;;;;;;
H5;260B;MARIKO SHOOK HER HAIR AND HER FACE TWISTED INTO A DEMONIC EXPRESSION. I WILL MAKE YOU FEEL THE SAME THING I FELT!;5;11;0xA818;0xA877;texto;si;;;;;;;;;;;;
H5;261B;MARIKO LUNGED LIKE AN ANIMAL AND IMMEDIATELY BEGAN STRANGLING MY NECK. BY REFLEX, I RAISED MY HAND AND BROUGHT IT DOWN MERCILESSLY ON MARIKO'S CHEEK.;3;13;0xA87C;0xA8EA;texto;si;;;;;;;;;;;;
H5;262B;MARIKO SPUN AROUND AND FELL HARD TO THE GROUND.;12;4;0xA8EC;0xA92C;texto;si;;;;;;;;;;;;
H5;263B;I HAVE LIVED DRAGGING YOUR OWN PAST UNTIL THIS DAY!;9;7;0xA934;0xA971;texto;si;;;;;;;;;;;;
H5;264B;I LEARNED THAT WHEN SUFFERING DOUBLES, ITS WEIGHT MULTIPLIES MANY TIMES OVER!;0;16;0xA973;0xA9A9;texto;si;;;;;;;;;;;;
H5;265B;AT THOSE FIRM WORDS, MARIKO TOUCHED HER STRUCK CHEEK AND RAISED HER FACE.;8;8;0xA9AB;0xA9EB;texto;si;;;;;;;;;;;;
H5;266B;BUT, KAORU MADE THAT WEIGHT LIGHTER. EVEN NOW, THAT IS HOW IT IS... AND IT WILL BE FROM NOW ON TOO.;7;9;0xA9ED;0xAA30;texto;si;;;;;;;;;;;;
H5;267B;THAT IS WHY I BELIEVE.;5;11;0xAA32;0xAA4F;texto;si;;;;;;;;;;;;
H5;268B;MARIKO LOWERED HER HEAD AND LAUGHED, SHAKING HER SHOULDERS. HEHEHE, WHAT DO YOU BELIEVE IN, YOU SAY... IN THE END, I WAS BETRAYED.;3;13;0xAA51;0xAAB2;texto;si;;;;;;;;;;;;
H5;269B;I ANSWERED WITH A FIRM AND DETERMINED ATTITUDE.;12;4;0x79BB;0x79D0;texto;si;;;;;;;;;;;;
H5;270B;I ANSWERED WITH A FIRM AND DETERMINED ATTITUDE. I BELIEVE IN YOU, MOTHER...;5;11;0xAAD0;0xAAEE;texto;;;;;;;;;;;;;
H5;275E;THE EXPRESSION VANISHED FROM MARIKO'S FACE. AND THEN, SLOWLY, I REACHED BOTH HANDS TOWARD HER NECK.;2;14;0xAAFC;0xAB46;texto;;;;;;;;;;;;;
H5;29C;WHEN I SEE KAORU'S SWEET, PLEADING EXPRESSION, I CANNOT RESIST ANYTHING.;10;6;0x051E;0x0542;texto;;;;;;;;;;;;;
H5;30C;WHEN I SEE KAORU'S SWEET, PLEADING EXPRESSION, I CANNOT RESIST ANYTHING. MY FEELINGS FOR HIM ARE REAL. I WANT TO SHARE MY PAST WITH HIM TOO.;4;12;0x0544;0x056D;texto;;;;;;;;;;;;;
H5;31C;BUT, THIS WAS DIFFERENT.;7;9;0x056F;0x0583;texto;;;;;;;;;;;;;
H5;32C;MY FEELINGS FOR KAORU ARE VERY IMPORTANT TO ME, BUT THIS RING HELD THAT FEELING, ALONG WITH THE FEELING TOWARD MY PARENTS AND THEIRS. IT WAS VERY PRECIOUS.;3;13;0x0585;0x05EC;texto;;;;;;;;;;;;;
H5;33C;I'M SORRY... THIS, JUST THIS, I CAN'T.;7;9;0x05EE;0x062D;texto;;;;;;;;;;;;;
H5;34C;THOUGH IT WAS NOT MY INTENTION, I FELT MY EYES FILLING WITH TEARS.;10;6;0x062F;0x0651;texto;;;;;;;;;;;;;
H5;35C;AH, RIGHT, THIS WAS A FAMILY KEEPSAKE, WASN'T IT?... SORRY, YOKO. AH, DON'T WORRY ABOUT IT.;7;9;0x0653;0x06A2;texto;;;;;;;;;;;;;
H5;36C;AH, RIGHT, THIS WAS A FAMILY KEEPSAKE, WASN'T IT?... SORRY, YOKO. AH, DON'T WORRY ABOUT IT. KAORU LOWERED HIS HEAD, EMBARRASSED.;2;14;0x06A4;0x06BC;texto;;;;;;;;;;;;;
H5;37C;WATCHING HIM, I TRULY WISHED FOR THE DAY TO COME WHEN I COULD EXCHANGE THIS RING WITHOUT HESITATION.;7;9;0x06BE;0x06FF;texto;;;;;;;;;;;;;
H5;72C;THE GIRL'S SMILE REFLECTED IN THE FOUNTAIN WATER UNSETTLED ME.;10;6;0x10C5;0x13D8;texto;;;;;;;;;;;;;
H5;73C;THE GIRL'S SMILE REFLECTED IN THE FOUNTAIN WATER UNSETTLED ME. I FELT AS IF I HAD SEEN HER SOMEWHERE BEFORE.;5;11;0x13DA;0x13EE;texto;;;;;;;;;;;;;
H5;74C;IT HURTS......;13;3;0x13F0;0x1406;texto;;;;;;;;;;;;;
H5;75C;IT HURTS...... A FAINT PAIN IN MY FINGER. LOOKING DOWN, I SAW BLOOD DRIPPING FROM MY FINGERTIP. IT SEEMS I CUT MYSELF ON THAT VASE FRAGMENT FROM BEFORE.;2;14;0x1408;0x1458;texto;;;;;;;;;;;;;
H5;76C;KAORU'S FACE CHANGED. HE TOLD ME TO SHOW HIM, AND SUCKED THE WOUND WITH HIS MOUTH.;10;6;0x145A;0x1484;texto;;;;;;;;;;;;;
H5;77C;KAORU'S EXPRESSION CHANGED AND HE DEMANDED I SHOW HIM, THEN SUCKED THE WOUND WITH HIS OWN LIPS. I FELT AN INDESCRIBABLE SENSATION OF ECSTASY.;5;11;0x1486;0x14A2;texto;;;;;;;;;;;;;
H5;78C;THAT'S, THAT'S ENOUGH, I SAID. I CAME BACK TO MYSELF AND THAT WAS ALL I COULD SAY WITH THAT FEELING.;7;9;0x14A4;0x14D3;texto;;;;;;;;;;;;;
H5;79C;GO TO THE NURSE'S OFFICE AND GET THAT LOOKED AT. I'LL WAIT IN THE LIBRARY... KAORU SAID THAT WITH A SMILE AND WENT INTO THE LIBRARY.;2;14;0x14D5;0x153A;texto;;;;;;;;;;;;;
H5;80C;I STOOD STILL IN THAT SPOT FOR A WHILE, THEN HEADED TO THE NURSE'S OFFICE.;5;11;0x153C;0x1562;texto;;;;;;;;;;;;;
H5;81C;AS I WENT DOWN THE STAIRS, I COULD NOT STOP THINKING ABOUT THAT GIRL.;10;6;0x156A;0x159F;texto;;;;;;;;;;;;;
H5;82C;AS I WENT DOWN THE STAIRS, I COULD NOT STOP THINKING ABOUT THAT GIRL. I WONDERED IF I WAS JUST TIRED... BUT, I COULD CLEARLY SEE THE GIRL'S FIGURE REFLECTED IN THE WATER.;2;14;0x15A1;0x15DA;texto;;;;;;;;;;;;;
H5;83C;I TOOK A BANDAGE FROM MY BAG AND PUT IT ON MY FINGER, AND WITHOUT REALIZING IT, I ENDED UP IN FRONT OF THE FOUNTAIN.;7;9;0x15E9;0x1630;texto;;;;;;;;;;;;;
H5;84C;IN THE DIM LIGHT OF THE EVENING, THERE WAS NO ONE LEFT IN FRONT OF THE FOUNTAIN.;10;6;0x1632;0x1657;texto;;;;;;;;;;;;;
H5;85C;IN THE DIM LIGHT OF THE EVENING, THERE WAS NO ONE LEFT IN FRONT OF THE FOUNTAIN. I LEANED IN GENTLY TO LOOK AT THE WATER.;5;11;0x1659;0x1672;texto;;;;;;;;;;;;;
H5;86C;AS I WATCHED THE RIPPLING SURFACE OF THE WATER, I FELT SOMETHING GROWING DEEP IN MY HEART.;5;11;0x1674;0x16AD;texto;;;;;;;;;;;;;
H5;87C;NOW, MY OWN FIGURE WAS REFLECTED IN THE WATER.;12;4;0x16AF;0x16DA;texto;;;;;;;;;;;;;
H5;88C;NOW, MY OWN FIGURE WAS REFLECTED IN THE WATER. THOUGH I HAD WANTED TO BE WITH KAORU EVEN FOR A WHILE, NOW I WAS HERE, COMPLETELY ALONE.;4;12;0x16DC;0x1714;texto;;;;;;;;;;;;;
H5;89C;BUT, STRANGELY, I DID NOT FEEL ANY PARTICULAR EMOTION RISE UP. A CALM, EVEN STILLER THAN THE SURFACE OF THIS FOUNTAIN, SPREAD WITHIN ME.;2;14;0x1716;0x176F;texto;;;;;;;;;;;;;
H5;90C;I WONDER IF THIS IS ALRIGHT...;7;9;0x1771;0x1791;texto;;;;;;;;;;;;;
H5;91C;I FLINCHED AT A SUDDEN VOICE AND LOOKED AROUND CAUTIOUSLY. I WONDER IF THIS IS ALRIGHT...;7;9;0x1793;0x17B3;texto;;;;;;;;;;;;;
H5;92C;I FLINCHED AT A SUDDEN VOICE AND LOOKED AROUND CAUTIOUSLY. I WONDER IF THIS IS ALRIGHT... BUT, THERE WAS NO ONE HERE BUT ME.;0;16;0x17B5;0x17D7;texto;;;;;;;;;;;;;
H5;93C;WHO?;13;3;0x17D9;0x17DE;texto;;;;;;;;;;;;;
H5;94C;WHO? I ASKED IN A WHISPER, BUT THE ONLY ANSWER I GOT WAS THE SOUND OF WATER GUSHING FROM THE FOUNTAIN. HEHEHE......;2;14;0x17E0;0x1834;texto;;;;;;;;;;;;;
H5;95C;AS IF BREAKING THE SILENCE, A LAUGH COULD BE HEARD FROM SOMEWHERE.;10;6;0x1836;0x185D;texto;;;;;;;;;;;;;
H5;96C;AS IF BREAKING THE SILENCE, A LAUGH COULD BE HEARD FROM SOMEWHERE. THEN I REALIZED THE OWNER OF THAT VOICE WAS MY OWN REFLECTION IN THE WATER.;3;13;0x185F;0x188A;texto;;;;;;;;;;;;;
H5;97C;NO, MAYBE IT WASN'T ME. THE GIRL, WEARING A SAILOR UNIFORM INSTEAD OF A BLAZER, HAD A FAINT SMILE.;3;13;0x188C;0x18E7;texto;;;;;;;;;;;;;
H5;98C;AND THEN, SHE STOOD THERE AS IF FLOATING ON THE WATER.;7;9;0x18E9;0x190F;texto;;;;;;;;;;;;;
H5;99C;HER FACE WAS PALE AS IF SHE HAD LOST ALL COLOR, IDENTICAL TO MINE IN THE MIRROR.;8;8;0x1911;0x1946;texto;;;;;;;;;;;;;
H5;100C;HER FACE WAS PALE AS IF SHE HAD LOST ALL COLOR, IDENTICAL TO MINE IN THE MIRROR. BECAUSE YOU CANNOT TRUST ANYONE.;3;13;0x1948;0x1973;texto;;;;;;;;;;;;;
H5;101C;THE GIRL RAISED THE CORNER OF HER PALE LIPS, SHOWING A COLD SMILE. I COULD NOT HIDE MY SURPRISE, BUT HER DOUBLE MEANING WORDS UNSETTLED ME STRANGELY.;3;13;0x1975;0x19EA;texto;;;;;;;;;;;;;
H5;102C;WHAT DO YOU MEAN BY THAT?;13;3;0x19EC;0x19FE;texto;;;;;;;;;;;;;
H5;103C;WHAT DO YOU MEAN BY THAT? THE GIRL TOOK A BREATH AND BEGAN SPEAKING IN A COLD TONE.;7;9;0x1A00;0x1A27;texto;;;;;;;;;;;;;
H5;104C;NO MATTER HOW MUCH YOU TRUST PEOPLE, HUMANS ARE WEAK CREATURES WHO ALWAYS END UP BETRAYING YOU. EVEN KAORU, YOUR BOYFRIEND, IS THE SAME.;5;11;0x1A29;0x1A6F;texto;;;;;;;;;;;;;
H5;105C;DEEP DOWN, PEOPLE ONLY LOVE THEMSELVES, SO NO MATTER HOW MUCH THEY HAVE LOVED SOMEONE, THEY CAN BETRAY THEM FOR PLEASURE, MONEY OR POWER.;5;11;0x1A71;0x1AC6;texto;;;;;;;;;;;;;
H5;106C;DEEP DOWN, PEOPLE LOVE THEMSELVES MORE THAN ANYONE, SO NO MATTER HOW MUCH THEY HAVE LOVED SOMEONE, THEY CAN BETRAY THEM WITHOUT HESITATION FOR PLEASURE, MONEY, STATUS OR POWER. WHAT DO YOU MEAN?;2;14;0x1AC8;0x1AD5;texto;;;;;;;;;;;;;
H5;107C;I SHOWED UNUSUAL DISTRESS AT HER WORDS.;10;6;0x1AD7;0x1AF7;texto;;;;;;;;;;;;;
H5;108C;I SHOWED UNUSUAL DISTRESS AT HER WORDS. DO YOU REALLY TRUST KAORU WITH ALL YOUR HEART? HUH!?;0;16;0x1AF9;0x1B2E;texto;;;;;;;;;;;;;
H5;109C;THE TRUTH IS ALWAYS SOMEWHERE ELSE, DON'T YOU THINK?... YOKO.;10;6;0x1B39;0x1B67;texto;;;;;;;;;;;;;
H5;110C;THE TRUTH IS ALWAYS SOMEWHERE ELSE, DON'T YOU THINK?... YOKO. HOW DO YOU KNOW MY NAME... WHO ARE YOU?;5;11;0x1B69;0x1B8F;texto;;;;;;;;;;;;;
H5;111C;I AM MARIKO, YOUR...;7;9;0x1B94;0x1BB0;texto;;;;;;;;;;;;;
H5;112C;SAYING THAT, SHE SHOWED THE BACK OF HER LEFT HAND, THIN AND WHITE.;7;9;0x1BB5;0x1C0E;texto;;;;;;;;;;;;;
H5;113C;SAYING THAT, SHE SHOWED THE BACK OF HER LEFT HAND, THIN AND WHITE. A RING SHONE WITH A PARTICULAR LIGHT ON HER FINGER. FOR A MOMENT I WAS STUNNED.;3;13;0x1C10;0x1C27;texto;;;;;;;;;;;;;
H5;114C;THE RING SHINING ON HER FINGER LOOKED LIKE MY FATHER'S ENGAGEMENT RING.;9;7;0x1C29;0x1C6A;texto;;;;;;;;;;;;;
H5;115C;THE RING SHINING ON HER FINGER LOOKED LIKE MY FATHER'S ENGAGEMENT RING. IT CAN'T BE... ARE YOU MY MOTHER?;3;13;0x1C6C;0x1C8C;texto;;;;;;;;;;;;;
H5;116C;I DENIED IT, SPITTING OUT THE DOUBT RISING WITHIN ME.;10;6;0x1C91;0x1CB3;texto;;;;;;;;;;;;;
H5;117C;I DENIED IT, SPITTING OUT THE DOUBT RISING WITHIN ME. IF YOU HAD KEPT WALKING TOWARD THE LIBRARY... THE TRUTH IS ALWAYS SOMEWHERE ELSE...;0;16;0x1CB5;0x1CF3;texto;;;;;;;;;;;;;
H5;118C;SAYING THAT, SHE POINTED AT THE WATER. THEN, ANOTHER SCENE APPEARED REFLECTED ON THE SURFACE.;7;9;0x1CF5;0x1D39;texto;;;;;;;;;;;;;
H5;119C;IT SEEMED TO BE THE INSIDE OF THE LIBRARY. HAYASE AND ANOTHER MAN I DID NOT KNOW WERE STANDING THERE. THEY SEEMED TO BE LOOKING DOWN AT SOMEONE.;0;16;0x1D41;0x1D9B;texto;;;;;;;;;;;;;
H5;120C;WHO...? A GIRL IN A BLAZER SEEMED TO BE TIED UP. AND THE UNKNOWN MAN WAS UNDOING THE BLAZER'S BUTTONS, ONE BY ONE, ROUGHLY.;3;13;0x1D9D;0x1E06;texto;;;;;;;;;;;;;
H5;121C;WHO...? A GIRL IN A BLAZER SEEMED TO BE TIED UP. AND THE UNKNOWN MAN WAS UNDOING THE BLAZER'S BUTTONS, ONE BY ONE, ROUGHLY. WHAT IS THIS...;0;16;0x1E08;0x1E20;texto;;;;;;;;;;;;;
H5;122C;AND THEN I REALIZE...;13;3;0x1E22;0x1E2C;texto;;;;;;;;;;;;;
H5;123C;AND THEN I REALIZE... THAT THE ONE TIED UP IS MYSELF.;9;7;0x1E2E;0x1E4B;texto;;;;;;;;;;;;;
H5;124C;AND THEN I REALIZE... THAT THE ONE TIED UP IS MYSELF. YES, THIS IS REALITY.;5;11;0x1E59;0x1E6A;texto;;;;;;;;;;;;;
H5;125C;SAYING THAT, SHE POINTED AT THE WATER AGAIN, AND THE IMAGE VANISHED. DO YOU THINK I CAN BELIEVE SOMETHING LIKE THAT ALL OF A SUDDEN?;3;13;0x1E6C;0x1EC7;texto;;;;;;;;;;;;;
H5;126C;SAYING THAT, SHE POINTED AT THE WATER AGAIN, AND THE IMAGE VANISHED. DO YOU THINK I CAN BELIEVE SOMETHING LIKE THAT ALL OF A SUDDEN? I SAID HARSHLY.;2;14;0x1EC9;0x1ED7;texto;;;;;;;;;;;;;
H5;127C;IT IS TOO FAR FROM REALITY. AT THIS RATE, KAORU...;10;6;0x1ED9;0x1F02;texto;;;;;;;;;;;;;
H5;128C;IT IS TOO FAR FROM REALITY. AT THIS RATE, KAORU... THAT'S RIGHT.;7;9;0x1F0D;0x1F18;texto;;;;;;;;;;;;;
H5;129C;IT IS TOO FAR FROM REALITY. AT THIS RATE, KAORU... THAT'S RIGHT. SHE NODDED AS IF SHE HAD READ MY HEART.;2;14;0x1F1D;0x1F3D;texto;;;;;;;;;;;;;
H5;130C;THAT CAN'T BE.;13;3;0x1F3F;0x1F4A;texto;;;;;;;;;;;;;
H5;131C;THAT CAN'T BE. REALLY? I WONDER IF HE REALLY NEEDED TO WORK SO MUCH, TO THE POINT OF NOT SEEING YOU, JUST TO BUY YOU THAT RING AS A GIFT.;2;14;0x1F4C;0x1FA5;texto;;;;;;;;;;;;;
H5;132C;VARIOUS FEELINGS SWIRLED AND CLASHED WITHIN ME...... AND WHAT IF HE HAS NOT TOLD YOU EVERYTHING? SHE LET THE PHRASE HANG WITH A MEANINGFUL TONE.;0;16;0x1FA7;0x2016;texto;;;;;;;;;;;;;
H5;133C;I COULD NOT STAY STILL. BUT, I ALSO FELT I WANTED TO KEEP LISTENING TO HER STORY JUST AS IT WAS. SHE KEPT TALKING.;3;13;0x2018;0x3819;texto;;;;;;;;;;;;;
H5;134C;DEEP DOWN, PEOPLE ARE ALONE...... YOU CAN TRUST, EVEN TRUST EACH OTHER... BUT IN THE END, YOU ARE ALONE.;7;9;0x381B;0xB7D2;texto;;;;;;;;;;;;;
H5;135C;DEEP DOWN, PEOPLE ARE ALONE...... YOU CAN TRUST, EVEN TRUST EACH OTHER... BUT IN THE END, YOU ARE ALONE. DECIDING AND ACTING, IN THE END, ONLY YOU CAN DO IT YOURSELF.;0;16;0xB7D4;0xB800;texto;;;;;;;;;;;;;
H5;136C;DON'T FORGET THAT...;13;3;0xB802;0xB80E;texto;;;;;;;;;;;;;
H5;137C;DON'T FORGET THAT... MY MOTHER, MARIKO, SAID THAT AND SANK BACK INTO THE WATER.;7;9;0xB810;0xB83C;texto;;;;;;;;;;;;;
H5;138C;DON'T FORGET THAT... MY MOTHER, MARIKO, SAID THAT AND SANK BACK INTO THE WATER. AND MY OWN REFLECTION IN THE WATER ALSO PUT THE BLAZER BACK ON.;0;16;0xB83E;0xB86D;texto;;;;;;;;;;;;;
H5;139C;WHAT WAS MY MOTHER TRYING TO TELL ME? WHAT CAN I DO NOW? I LOOKED BACK ON WHO I HAD BEEN UNTIL NOW, AND CAME TO A CONCLUSION.;0;16;0xB86F;0xCA12;texto;;;;;;;;;;;;;
H5;140C;THE ONLY THING I CAN DO NOW IS FACE AND DISCERN REALITY.;10;6;0xCA14;0xCA36;texto;;;;;;;;;;;;;
H5;141C;THE ONLY THING I CAN DO NOW IS FACE AND DISCERN REALITY. THE ONLY THING I CAN DO NOW IS THIS...;5;11;0xCA38;0xCA51;texto;;;;;;;;;;;;;
H5;142C;I WILL WAIT... I AM WAITING FOR KAORU.;5;11;0x304A;0x306C;texto;;;;;;;;;;;;;
H5;143C;I WILL WAIT... I AM WAITING FOR KAORU. I ANSWERED AS IF MURMURING.;0;16;0x306E;0x3083;texto;;;;;;;;;;;;;
H5;144C;THE ONLY THING I COULD DO WAS BELIEVE IN KAORU AND WAIT.;5;11;0x3085;0x30A6;texto;;;;;;;;;;;;;
H5;145C;I SEE...;10;6;0x30A8;0x30B3;texto;;;;;;;;;;;;;
H5;146C;I SEE... MY MOTHER, MARIKO, SAID IT WITH SADNESS, AND I CLOSED MY EYES.;4;12;0x30B5;0x30E2;texto;;;;;;;;;;;;;
H5;147C;GOODBYE, MOM.;13;3;0x30E4;0x30F6;texto;;;;;;;;;;;;;
H5;148C;AND WHEN I OPENED MY EYES AGAIN, HER FIGURE WAS GONE.;10;6;0x30F8;0x311C;texto;;;;;;;;;;;;;
H5;149C;AND WHEN I OPENED MY EYES AGAIN, HER FIGURE WAS GONE. I STARTED WALKING, AND WAITED FOR KAORU IN FRONT OF THE SCHOOL GATE.;5;11;0x311E;0x3146;texto;;;;;;;;;;;;;
H5;150C;I WONDER HOW MUCH TIME HAD PASSED. KAORU APPEARED WITH HIS FACE COVERED IN WOUNDS.;7;9;0x3148;0x318F;texto;;;;;;;;;;;;;
H5;151C;BEFORE ME WAS SOMEONE SO DEAR THAT I FELT I COULD DEDICATE MY WHOLE LIFE TO HIM.;5;11;0x3191;0x31C2;texto;;;;;;;;;;;;;
H5;152C;......KAORU. A PROACTIVE, RELIABLE AND KIND PERSON.;2;14;0x31C4;0x31ED;texto;;;;;;;;;;;;;
H5;153C;KAORU APPROACHED WITH UNSTEADY STEPS. HIS COLD EYES STARED AT ME FIXEDLY. THIS TOO WAS REALITY, I THOUGHT, AND BIT MY LIP.;2;14;0x31F2;0x3250;texto;;;;;;;;;;;;;
H5;154C;KAORU'S WORDS, SOMETHING I HAD NOT EVEN IMAGINED: DON'T TALK TO ME ANYMORE.;0;16;0x3252;0x328B;texto;;;;;;;;;;;;;
H5;155C;I COULD NOT EVEN RAISE MY VOICE, AND COULD ONLY STAND THERE FROZEN.;5;11;0x328D;0x32B6;texto;;;;;;;;;;;;;
H5;156C;AT KAORU'S ANGUISHED VOICE, MY EYES FILLED WITH TEARS. IF YOU STAY WITH ME, IT IS NOT RIGHT.;0;16;0x32BE;0x32F7;texto;;;;;;;;;;;;;
H5;157C;BUT, KAORU LEFT WITHOUT SEEING THOSE TEARS, CROSSING THE SCHOOL GATE.;2;14;0x32F9;0x3324;texto;;;;;;;;;;;;;
H5;158C;BUT, KAORU LEFT WITHOUT SEEING THOSE TEARS, CROSSING THE SCHOOL GATE. EVEN SO... I WATCHED HIM WALK AWAY.;2;14;0x3326;0x3341;texto;;;;;;;;;;;;;
H5;159C;I DON'T KNOW WHAT HAPPENED. BUT, BUT I BELIEVE IN YOU.;7;9;0x3343;0x3376;texto;;;;;;;;;;;;;
H5;160C;I DON'T KNOW WHAT HAPPENED, BUT I BELIEVE IN YOU. I WISHED I COULD HAVE SAID THAT, BUT SOMEDAY I WILL TELL HIM. THAT WAS MY BELIEF.;7;9;0x3378;0x33AE;texto;;;;;;;;;;;;;
H5;5X;ARE YOU HEADING HOME ALREADY? IF SO... LET US GO TOGETHER.;7;9;0x01BD;0x0334;texto;;;;;;;;;;;;;
H5;6X;ARE YOU HEADING HOME ALREADY? IF SO... LET US GO TOGETHER. GATHERING MY COURAGE, I PUT MY FEELINGS INTO WORDS.;2;14;0x0336;0x0357;texto;;;;;;;;;;;;;
H5;7X;THROUGH THE BANGS FALLING OVER HIS EYES, HE BROUGHT HIS FACE CLOSE TO MINE WITH A SOFT SMILE.;8;8;0x0360;0x0397;texto;;;;;;;;;;;;;
H5;28X;SEEING KAORU'S SWEET, PLEADING EXPRESSION, I CANNOT RESIST ANYTHING.;10;6;0x03A5;0x03C7;texto;;;;;;;;;;;;;
H5;54X;HAYASE IS DETERMINED TO FIND OUT THE GHOST'S TRUE IDENTITY, AND ASKED ME TO HELP HIM INVESTIGATE AT THE LIBRARY. CAN THIS BE HAPPENING?;4;12;0x0B77;0x7C21;texto;;;;;;;;;;;;;
H5;55X;IF YOU DO NOT MIND, SHALL WE TAKE A LOOK AT THE LIBRARY TOGETHER?;8;8;0x7C23;0x7C4D;texto;;;;;;;;;;;;;
H5;56X;IF YOU DO NOT MIND, SHALL WE TAKE A LOOK AT THE LIBRARY TOGETHER? U-UM... SURE.;2;14;0x7C4F;0x7C63;texto;;;;;;;;;;;;;
H5;57X;I COULD NOT ANSWER SINCERELY.;7;9;0x7C65;0x7C7F;texto;;;;;;;;;;;;;
H5;58X;UNTIL NOW, I HAD BEEN COUNTING THE DAYS ONE BY ONE.;12;4;0x7C81;0x7CA5;texto;;;;;;;;;;;;;
H5;59X;UNTIL NOW, I HAD BEEN COUNTING THE DAYS ONE BY ONE. MY HEART WAS FULL OF THE DESIRE TO SPEND EVEN A LITTLE MORE TIME ALONE WITH HIM.;4;12;0x7CA7;0x7CDA;texto;;;;;;;;;;;;;
H5;60X;THAT FEELING SWIRLED INSIDE ME, AND DARKENED MY EXPRESSION.;10;6;0x7CDC;0x7CFE;texto;;;;;;;;;;;;;
H5;61X;IF YOU DO NOT WANT TO, DO NOT FORCE YOURSELF...;12;4;0x7D00;0x7D19;texto;;;;;;;;;;;;;
H5;62X;IF YOU DO NOT WANT TO, DO NOT FORCE YOURSELF... N-NO, IT IS NOT THAT I DISLIKE IT, BUT...;2;14;0x7D1B;0x7D3F;texto;;;;;;;;;;;;;
H5;63X;2.@@1.@@@FACE IT@@TODA@D@@@ IS@@Y@@@@WITH NOT@I@@@@HIS@ THA@WANT@DIRE T@@@US@@@CT@@ I@@@ALON@WORD DIS@E@@@@S,@@ LIK@@@@@@I... E@@@@@@@@@@@@ IT@@@@@@@@@@@;3;13;0x7D44;0x7D99;pregunta;;3;1;4;1;4;0;1. TODAY I WANT US ALONE;2. IT IS NOT THAT I DISLIKE IT;FACED WITH HIS DIRECT WORDS, I...;;;
H5;64X;I OPENED MY HEART AND TOLD HIM WHAT I FELT.;12;4;0x0C04;0x0C19;texto;;;;;;;;;;;;;
H5;65X;I OPENED MY HEART AND TOLD HIM WHAT I FELT. LATELY WE HAVE NOT HAD THE CHANCE TO BE ALONE TOGETHER. THAT IS WHY...;5;11;0x0C1B;0x0C54;texto;;;;;;;;;;;;;
H5;66X;BUT WHY WAS I LEFT SPEECHLESS? I FELT A LITTLE SAD.;7;9;0x0C59;0x0C8E;texto;;;;;;;;;;;;;
H5;67X;HE ALSO DID NOT EXPECT ME TO SAY SOMETHING LIKE THAT, AND SHOWED ME A RARE LOOK OF CONFUSION.;7;9;0x0C90;0x0CC8;texto;;;;;;;;;;;;;
H5;68X;I UNDERSTAND... YOU ARE RIGHT. BUT I TOLD HAYASE I WOULD GO SEE HIM, SO JUST A LITTLE WHILE, OKAY?;5;11;0x0CCA;0x0D1D;texto;;;;;;;;;;;;;
H5;69X;IF HE PUTS IT THAT WAY, I CANNOT REFUSE...;12;4;0x0D1F;0x0D31;texto;;;;;;;;;;;;;
H5;70X;IF HE PUTS IT THAT WAY, I CANNOT REFUSE... I HAD NO CHOICE BUT TO NOD TO HIS WORDS.;7;9;0x0D33;0x0D50;texto;;;;;;;;;;;;;
H5;71X;AFTER ALL, HE HIMSELF WAS INTERESTED IN GHOST STORIES, SO IT WAS ONLY NATURAL.;9;7;0x0D5A;0x0D8C;texto;;;;;;;;;;;;;
H5;215X;I TRUST MYSELF!!;7;9;0x2781;0x2791;texto;;;;;;;;;;;;;
H5;225X;...I TRUST YOU.;0;16;0x295E;0x2987;texto;;;;;;;;;;;;;
H5;85D;IT MADE ME CURIOUS, BUT I PREFERRED NOT TO TOUCH IT.;10;6;0xA44A;0xA461;texto;;;;;;;;;;;;;
H5;180D;I SAID I WILL SETTLE FOR YOUR WOMAN, DO NOT GET SMART WITH ME!;8;8;0x241D;0x2452;texto;;;;;;;;;;;;;
H5;181D;THE ONE WHO KICKED ME AND LEFT WAS SHIRAISHI, WHO ATTACKED ME AT THE LIBRARY.;9;7;0x2465;0x2498;texto;;;;;;;;;;;;;
H5;182D;HE GRABBED KAORU BY THE COLLAR AND PUNCHED HIS SIDE HARD. KAORU'S FACE TWISTED IN PAIN AND HE FELL FACE DOWN.;5;11;0x24A8;0x250D;texto;;;;;;;;;;;;;
H5;183D;S-STOP, STOP IT!;10;2;0x2514;0x251F;texto;;;;;;;;;;;;;
H5;184D;S-STOP, STOP IT! MY SCREAM ECHOED USELESSLY AGAINST THE GLASS.;5;7;0x2527;0x2540;texto;;;;;;;;;;;;;
H5;185D;SHIRAISHI STOMPED ON THE BACK OF KAORU'S LEFT HAND. KAORU'S FACE TWISTED IN PAIN.;5;11;0x2550;0x258B;texto;;;;;;;;;;;;;
H5;186D;THE MEN KEPT KICKING KAORU ONE AFTER ANOTHER, BUT HE DID NOT SHOW THE SLIGHTEST SIGN OF RESISTANCE. WHY... WHAT WAS HAPPENING?;3;13;0x25B2;0x2632;texto;;;;;;;;;;;;;
H5;187D;KAORU CURLED UP AND COVERED HIS BACK, TRYING TO ESCAPE AS BEST HE COULD.;10;6;0x2636;0x2687;texto;;;;;;;;;;;;;
H5;188D;KAORU CURLED UP AND COVERED HIS BACK, TRYING TO ESCAPE AS BEST HE COULD. I HAD HEARD SOMEWHERE THAT WHEN HUMANS SUFFER, THEY CURL UP LIKE WHEN THEY WERE IN THEIR MOTHER'S WOMB.;2;14;0x2697;0x26CF;texto;;;;;;;;;;;;;
H5;189D;SURELY KAORU WAS DOING THE SAME THING RIGHT THEN.;7;9;0x26D7;0x26E7;texto;;;;;;;;;;;;;
H5;190D;MY MOTHER, MARIKO, STARED INTO MY RESTLESS EYES AND SAID: YOKO, NOW THAT YOU SAW THIS REALITY WITH YOUR OWN EYES, WHAT WILL YOU DO?;5;11;0x26EF;0x2732;texto;;;;;;;;;;;;;
H5;191D;I SLOWLY CLOSED MY EYES, AS IF TRYING TO REGAIN MY CALM.;10;6;0x2736;0x275D;texto;;;;;;;;;;;;;
H5;192D;2.@@1.@@AFTER WAI@GO@@A@@@@ T@@@HEL@WHILE FOR@P@@@,@@@@ KAO@KAO@I@@@@ RU@@RU@@MADE@ @@@@@@@@A@@@@ @@@@@@@@DECIS @@@@@@@@ION.@;3;13;0x7E17;0x7E52;pregunta;;3;1;3;1;5;0;1. GO HELP KAORU;2. WAIT FOR KAORU;AFTER A WHILE, I MADE A DECISION.;;;
H5;193D;I WILL GO HELP HIM.;7;3;0x33C4;0x33CB;texto;;;;;;;;;;;;;
H5;194D;WORDS I HAD NOT EVEN THOUGHT OF MYSELF FLEW OUT OF MY MOUTH.;5;6;0x33D4;0x33F3;texto;;;;;;;;;;;;;
H5;195D;MARIKO SEEMED SOMEWHAT SURPRISED, BUT SOON NODDED SLIGHTLY, AS IF UNDERSTANDING. GO CAREFULLY.;5;11;0x33F8;0x343B;texto;;;;;;;;;;;;;
H5;196D;IN MY CHEST, A GREAT KNOT OF ANGUISH BURST LIKE A SOAP BUBBLE, AND WITHOUT REALIZING IT I STARTED RUNNING.;7;9;0x3446;0x3481;texto;;;;;;;;;;;;;
H5;197D;IN FRONT OF THE SUPPLY SHED, I PUT MY HAND ON THE DOOR AND FORCED IT OPEN.;10;6;0x349A;0x34C6;texto;;;;;;;;;;;;;
H5;198D;THERE, AMONG SEVERAL STUDENTS SPRAWLED ON THE FLOOR, STOOD KAORU, ALONE.;10;6;0x34D6;0x34FD;texto;;;;;;;;;;;;;
H5;199D;UNLIKE THE VISION SHE HAD SHOWN ME, KAORU HAD IN FACT BEEN RESISTING.;3;13;0x3506;0x3528;texto;;;;;;;;;;;;;
H5;200D;HEY, YOU! WHAT ARE YOU DOING! EVERYONE TURNED AROUND AT THAT DEAFENING VOICE.;2;9;0x3530;0x3574;texto;;;;;;;;;;;;;
H5;201D;DAMN, IT IS TAMAI, FROM STUDENT GUIDANCE! RUN! AT THE SHOUT FROM ONE OF THEM, THE REST SCATTERED, RUNNING IN ALL DIRECTIONS.;4;12;0x3578;0x35D0;texto;;;;;;;;;;;;;
H5;202D;WAIT!;12;2;0x35D6;0x35DC;texto;;;;;;;;;;;;;
H5;203D;WAIT! TEACHER TAMAI RAN WITH ALL HIS STRENGTH AFTER THE FLEEING STUDENTS.;5;9;0x35E6;0x3609;texto;;;;;;;;;;;;;
H5;204D;IN THE SUPPLY SHED ONLY THE TWO OF US WERE LEFT, FACING EACH OTHER.;7;9;0x3612;0x3628;texto;;;;;;;;;;;;;
H5;205D;YOKO, I... I AM SORRY. I GENTLY HELD KAORU, WHO SEEMED ABOUT TO COLLAPSE AT ANY MOMENT.;7;9;0x3639;0x3672;texto;;;;;;;;;;;;;
H5;206D;EVEN THOUGH I AM THIS WEAK, IF IT IS ALRIGHT WITH YOU...;12;4;0x3679;0x3694;texto;;;;;;;;;;;;;
H5;207D;EVEN THOUGH I AM THIS WEAK, IF IT IS ALRIGHT WITH YOU... I RESTED MY CHEEK ON KAORU'S CHEST, AND STOPPED THE REST OF HIS WORDS THAT WAY.;5;11;0x369F;0x36C7;texto;;;;;;;;;;;;;
H5;208D;THEN, SLOWLY I RAISED MY FACE AND LOOKED STRAIGHT INTO KAORU'S EYES.;10;6;0x36CB;0x36E8;texto;;;;;;;;;;;;;
H5;209D;THEN, SLOWLY I RAISED MY FACE AND LOOKED STRAIGHT INTO KAORU'S EYES. HEY, WOULD YOU ACCEPT THE RING?;5;11;0x36F0;0x3708;texto;;;;;;;;;;;;;
H5;210D;HEARING THAT, KAORU NODDED WEAKLY. I FELT ALONE.;8;7;0x3713;0x373C;texto;;;;;;;;;;;;;
H5;211D;HEARING THAT, KAORU NODDED WEAKLY. I FELT ALONE. BUT HE SHOWED UP, AND THAT COMFORTED ME.;3;13;0x3745;0x3755;texto;;;;;;;;;;;;;
H5;212D;BUT... THAT WAS A FALSE COMFORT. IT WAS NOTHING MORE THAN THE RESULT OF DEPENDING COMPLETELY ON KAORU, SOMETHING PURELY SUPERFICIAL...;4;12;0x375F;0x3792;texto;;;;;;;;;;;;;
H5;213D;BUT NOW IT IS DIFFERENT. I WANT TO PROTECT KAORU. AND, AS BEFORE, I WANT HIM TO PROTECT ME TOO.;3;11;0x3798;0x37CE;texto;;;;;;;;;;;;;
H5;214D;I WANT US TO LIVE TOGETHER, THE TWO OF US.;7;9;0x37D6;0x37E0;texto;;;;;;;;;;;;;
H5;215D;I TRUST HIM;6;10;0x37F3;0x37FA;texto;;;;;;;;;;;;;
H5;20E;A WARMTH THAT SEEMED TO REACH THE BOTTOM OF MY HEART FELT, MORE THAN TENDERNESS, LIKE PAIN. ...I HAVE NOT FORGOTTEN YOU AT ALL, YOU KNOW.;3;13;0x493E;0x495D;texto;;;;;;;;;;;;;
H5;31E;I CLOSED MY EYES OUT OF SHEER FEAR.;6;10;0x4C3C;0x4C57;texto;;;;;;;;;;;;;
H5;32E;THE SILENCE WENT ON. BUT NOTHING ELSE SEEMED ABOUT TO HAPPEN.;10;6;0x4C5E;0x4C8D;texto;;;;;;;;;;;;;
H5;33E;THE SILENCE WENT ON FOR A WHILE. BUT THERE WAS NO SIGN THAT ANYTHING ELSE WAS GOING TO HAPPEN. I OPENED MY EYES IN FEAR AND SLOWLY TRIED TO LOOK BACK.;3;13;0x4C98;0x4CC2;texto;;;;;;;;;;;;;
H5;34E;BUT THERE WAS NO ONE THERE...;5;11;0x4CCC;0x4CE9;texto;;;;;;;;;;;;;
H5;46E;ALONG WITH A THUNDERCLAP, EVERYTHING AROUND ME TURNED BLACK AS IF THE DARKNESS HAD SWALLOWED IT. I ALSO FELT A SICKENING SMELL STING MY NOSE...;4;12;0xB8B3;0xB8F9;texto;;;;;;;;;;;;;
H5;47E;SUDDENLY, FROM THE DARKNESS A SKULL APPEARED, TREMBLING WITH A CHATTERING SOUND;8;8;0xB92B;0xB960;texto;;;;;;;;;;;;;
H5;48E;SUDDENLY, FROM THE DARKNESS A SKULL APPEARED, TREMBLING WITH A CHATTERING SOUND, DRIPPING WITH MELTED FLESH. EVERYTHING TURNED BLURRY AND WENT BLACK.;3;13;0xB972;0xB989;texto;;;;;;;;;;;;;
H5;49E;I SLOWLY SAT UP. IT SEEMED I WAS IN A LOCKER ROOM.;7;9;0xB9A0;0xB9CC;texto;;;;;;;;;;;;;
H5;50E;I SLOWLY SAT UP. IT SEEMED I WAS IN A LOCKER ROOM. I WAITED FOR MY NERVES TO SETTLE AND GOT DRESSED IN A HURRY.;0;16;0xB9D4;0xB9F7;texto;;;;;;;;;;;;;
H5;51E;I CAREFULLY OPENED THE LOCKER ROOM DOOR AND PEERED INTO THE HALLWAY WITH FEAR. THE HALLWAY KEPT ITS SILENCE MORE STUBBORNLY THAN BEFORE.;4;12;0xBA26;0xBA78;texto;;;;;;;;;;;;;
H5;110E;AS IF RESISTING THE CURRENT, I FOUGHT BACK;12;4;0x63E5;0x63FE;texto;;;;;;;;;;;;;
H5;111E;AS IF RESISTING THE CURRENT, I FOUGHT BACK STUBBORNLY. YOKO... KAORU, INSIDE THE MIRROR, CALLED ME GENTLY.;3;13;0x6417;0x6445;texto;;;;;;;;;;;;;
H5;112E;KAORU... TO ME, KAORU'S EXISTENCE...;9;7;0x644D;0x6471;texto;;;;;;;;;;;;;
H5;113E;KAORU... TO ME, KAORU'S EXISTENCE... SEVERAL FEELINGS SWIRLED IN MY HEART, TANGLING TOGETHER IN A COMPLEX WAY.;2;14;0x647D;0x649E;texto;;;;;;;;;;;;;
H5;114E;WHILE I THOUGHT ABOUT IT, I BEGAN TO FEEL THAT NONE OF IT MATTERED.;10;6;0x64AD;0x64C8;texto;;;;;;;;;;;;;
H5;115E;WHILE I THOUGHT ABOUT IT, I BEGAN TO FEEL THAT NONE OF IT MATTERED. NO MATTER HOW MUCH I THOUGHT ABOUT IT, I COULD NOT FIND AN ANSWER.;5;11;0x64D6;0x64EA;texto;;;;;;;;;;;;;
H5;264E;I ANSWERED WITH A FIRM, DETERMINED ATTITUDE. I BELIEVE IN YOU.;7;9;0x79BD;0x7F42;texto;;;;;;;;;;;;;
H5;265E;I SAID THAT PLAINLY TO MARIKO, WHO WAS CURLED UP ON THE FLOOR. THEN HER EXPRESSION CHANGED COMPLETELY, AND SHE LOOKED AT ME WITH SAD EYES.;0;16;0x7F49;0x7F88;texto;;;;;;;;;;;;;
H5;266E;YOKO, YOU ALSO WALK MY SAME PATH. WHAT A STRANGE FATE THIS IS...;10;6;0x7F91;0x7FB7;texto;;;;;;;;;;;;;
H5;267E;YOKO, YOU ALSO WALK MY SAME PATH. WHAT A STRANGE FATE THIS IS... MARIKO, CURLED UP ON THE FLOOR, TURNED WHITE LIKE A STONE STATUE AND BEGAN TO CRUMBLE.;2;14;0x7FC3;0x7FF6;texto;;;;;;;;;;;;;
H5;268E;YOKO... ONE HEART IS NOT FILLED BY ANOTHER HEART. NEVER...;5;11;0x8002;0x8026;texto;;;;;;;;;;;;;
H5;269E;YOKO... ONE HEART IS NOT FILLED BY ANOTHER HEART. NEVER... FROM THE PILE OF SAND, I HEARD A WEAK VOICE.;0;16;0x8032;0x8043;texto;;;;;;;;;;;;;
H5;270E;AH!;14;2;0x807D;0x807F;texto;;;;;;;;;;;;;
H5;271E;I WOKE UP TO THE SOUND OF MY WRISTWATCH.;12;4;0x8083;0x8095;texto;;;;;;;;;;;;;
H5;272E;I WOKE UP TO THE SOUND OF MY WRISTWATCH. THE WATCH SHOWED EIGHT O'CLOCK.;7;9;0x809E;0x80AD;texto;;;;;;;;;;;;;
H5;273E;OUTSIDE NIGHT HAD ALREADY FALLEN, AND A DIM, EMPTY CLASSROOM SURROUNDED ME. I GRABBED MY BAG AND RAN OUT.;5;10;0x80B2;0x80F3;texto;;;;;;;;;;;;;
H5;75J;I RAN FAST TOWARD THE STAIRS AND TRIED CALLING OUT ONCE MORE.;10;6;0x59CD;0x59EE;texto;;;;;;;;;;;;;
H5;76J;KAORU...? IS THAT YOU, KAORU?;5;11;0x5A08;0x5A1A;texto;;;;;;;;;;;;;
H5;172J;FROM THE BOTTOM OF MY HEART,;12;4;0x71A4;0x71BB;texto;;;;;;;;;;;;;
H5;173J;FROM THE BOTTOM OF MY HEART, I THOUGHT IT WAS GOOD TO HAVE MET KAORU. IN SPITE OF HOW VAST THIS WORLD IS, KAORU AND I FOUND EACH OTHER...;5;11;0x71C5;0x71EA;texto;;;;;;;;;;;;;
H5;174J;FROM THE BOTTOM OF MY HEART, I THOUGHT IT WAS GOOD TO HAVE MET KAORU. IN SPITE OF HOW VAST THIS WORLD IS, KAORU AND I FOUND EACH OTHER... AND FELL IN LOVE.;2;14;0x71F5;0x71FF;texto;;;;;;;;;;;;;
H5;175J;TO ME, KAORU HAD BECOME SOMEONE I COULD NOT LIVE WITHOUT.;10;6;0x7206;0x7225;texto;;;;;;;;;;;;;
H5;266J;2.@@1.@@I@@ BEL@BEL@ANS IEV@IEV@WER E@@@E@@@ED@ IN@@IN@@HAR MYS@KAO@SHL ELF@RU@@Y.@;5;11;0x7DA5;0x7DD9;pregunta;;3;1;3;1;3;0;1. BELIEVE IN KAORU;2. BELIEVE IN MYSELF;I ANSWERED HARSHLY.;;;
H5;64K;NO, IT IS NOT THAT I DO NOT WANT TO... LET US GO.;12;4;0x0B93;0x0BB4;texto;;;;;;;;;;;;;
H5;65K;NO, IT IS NOT THAT I DO NOT WANT TO... LET US GO. AT HIS WORDS, I KILLED MY OWN FEELINGS.;7;9;0x0BC3;0x0BDB;texto;;;;;;;;;;;;;
H5;66K;JUST BY BEING WITH ME, I WAS ALREADY HAPPY.;7;9;0x0BE3;0x0BF8;texto;;;;;;;;;;;;;
H5;205K;AFTER A WHILE, I MADE A DECISION. ...I WILL NOT TRUST ANYONE.;8;8;0x2996;0x29C5;texto;;;;;;;;;;;;;
H5;206K;I SAID IT WITH SCORN, AS IF SPITTING OUT THE WORDS.;7;9;0x29CC;0x29DF;texto;;;;;;;;;;;;;
H5;207K;SINCE AGE FOUR I HAD BEEN ALONE... I LIVED ON MY OWN.;12;4;0x29F0;0x2A0D;texto;;;;;;;;;;;;;
H5;208K;SINCE I WAS 4 I HAD BEEN ALONE... AT KINDERGARTEN NO ONE CAME TO PICK ME UP, VISITING DAY IN ELEMENTARY SCHOOL, GRADUATION, PARENT MEETINGS IN MIDDLE SCHOOL... ALL THOSE SAD MEMORIES CROSSED MY MIND.;0;16;0x2A21;0x2A78;texto;;;;;;;;;;;;;
H5;209K;THE LONELINESS, THE SADNESS AND THE PAIN OF THAT MOMENT COME BACK JUST AS THEY WERE.;7;9;0x2A7F;0x2AA3;texto;;;;;;;;;;;;;
H5;210K;THE LONELINESS, THE SADNESS AND THE PAIN OF THAT MOMENT COME BACK JUST AS THEY WERE. IS IT ALRIGHT LIKE THIS, THEN?;3;13;0x2AB2;0x2ABA;texto;;;;;;;;;;;;;
H5;211K;SHE PUT ON A SAD EXPRESSION.;12;4;0x2AC6;0x2AD5;texto;;;;;;;;;;;;;
H5;212K;SHE PUT ON A SAD EXPRESSION. AFTER ALL, IT WAS MY OWN FACE.;7;9;0x2ADD;0x2AF0;texto;;;;;;;;;;;;;
H5;213K;IT IS NOT TOO LATE YET... NO, PEOPLE CAN ALWAYS START OVER.;5;11;0x2AFD;0x2B25;texto;;;;;;;;;;;;;
H5;214K;AND SHE SMILED, AND CLOSED HER EYES. CARRIED ALONG BY THAT, I ALSO CLOSED MY EYES.;5;11;0x2B29;0x2B68;texto;;;;;;;;;;;;;
H5;215K;RIGHT NOW, I FIND MYSELF... WITH HER.;7;9;0x2B7D;0x2B90;texto;;;;;;;;;;;;;
H5;216K;I HAVE SOMETHING WARM HELD AGAINST MY CHEST.;12;4;0x2B9C;0x2BAF;texto;;;;;;;;;;;;;
H5;217K;I HAVE SOMETHING WARM HELD AGAINST MY CHEST. A TINY, TINY LIFE. A HEART THAT MELTS INTO MINE, WRAPPING ME WITH TENDERNESS.;3;13;0x2BBE;0x2BF6;texto;;;;;;;;;;;;;
H5;218K;THAT WAS ME... A TINY BABY WHO HAD NOT YET OPENED HER EYES.;5;11;0x2C04;0x2C28;texto;;;;;;;;;;;;;
H5;219K;A NEW LIFE IS BORN, WHILE ANOTHER LIFE COMES TO ITS END. LIFE IS PASSED ON, AND EXPANDS ETERNALLY AND ENDLESSLY.;4;12;0x2C3A;0x2CA2;texto;;;;;;;;;;;;;
H5;220K;AND I... MY OWN FEELINGS COME BACK OVERFLOWING.;7;9;0x2CA8;0x2CCB;texto;;;;;;;;;;;;;
H5;221K;MEETING MY DAUGHTER, THE CONFESSIONS... AND THEN, HAPPY DAYS.;10;6;0x2CEA;0x2D12;texto;;;;;;;;;;;;;
H5;222K;2.@1.@TO@ EN@TH@ME, DS@E@@HE@ MY@ID@WAS LO@EA@... NE@L@@@@@ LI@MA@@@@ NE@N@@@@@ SS@@@@@@@;7;9;0x2D1D;0x2D48;pregunta;;2;1;2;1;3;0;1. THE IDEAL MAN;2. ENDS MY LONELINESS;TO ME, HE WAS...;;;
H5;129L;2.@@1.@@I@@@@@@ GO@@WAI@COULD@@ TO@@T@@@NOT@@@@ THE@FOR@STAY@@@ REA@HER@STILL,@ DIN@WOR@BUT@@@@ G@@@DS@@WANTED@ ROO@@@@@TO@@@@@ M@@@@@@@KEEP@@@ @@@@@@@@HEARING @@@@@@@@HER@@@@ @@@@@@@@STORY.@;1;15;0x2020;0x7E08;pregunta;;3;1;3;1;7;0;1. WAIT FOR HER WORDS;2. GO TO THE READING ROOM;I COULD NOT STAY STILL, BUT WANTED TO KEEP HEARING HER STORY.;;;
H5;135L;WHY DID SHE APPEAR? MAYBE I HAD JUST MADE AN IMPORTANT DECISION.;8;7;0xC5D6;0xC60B;texto;;;;;;;;;;;;;
H5;136L;WHY DID SHE APPEAR? MAYBE I HAD JUST MADE AN IMPORTANT DECISION. WHILE I STOOD THERE A WHILE, KAORU SHOWED UP OUT OF BREATH.;2;14;0xC613;0xC63E;texto;;;;;;;;;;;;;
H5;137L;WHAT HAPPENED TO YOU? I WAS LOOKING FOR YOU.;12;4;0xC648;0xC659;texto;;;;;;;;;;;;;
H5;138L;WHAT HAPPENED TO YOU? I WAS LOOKING FOR YOU. KAORU SAID THAT WITH A WORRIED LOOK, AND LET OUT A SIGH OF RELIEF.;7;9;0xC662;0xC67C;texto;;;;;;;;;;;;;
H5;139L;SORRY, I WAS JUST THINKING ABOUT SOMETHING...;8;6;0xC683;0xC6A8;texto;;;;;;;;;;;;;
H5;140L;I LOOKED UP AT KAORU.;14;2;0xC6B3;0xC6BC;texto;;;;;;;;;;;;;
H5;141L;I LOOKED UP AT KAORU. THERE HE WAS, SO DEAR TO ME THAT I FELT I COULD GIVE HIM MY WHOLE LIFE, WITH A SOFT, WARM SMILE.;3;13;0xC6CD;0xC708;texto;;;;;;;;;;;;;
H5;142L;A KIND, PROACTIVE, TRUSTWORTHY PERSON. I REPEATED THOSE WORDS INSIDE MY HEART.;7;9;0xC70E;0xC749;texto;;;;;;;;;;;;;
H5;143L;COME ON, LET US GO BACK. KAORU TOOK ME BY THE ARM.;5;11;0xC757;0xC771;texto;;;;;;;;;;;;;
H5;144L;I WAS THINKING TOO MUCH. WHAT HAPPENED BEFORE MUST HAVE BEEN A VISION I SAW BECAUSE I WAS THINKING TOO MUCH.;7;9;0xC776;0xC7A3;texto;;;;;;;;;;;;;
H5;145L;I WAS THINKING TOO MUCH. WHAT HAPPENED BEFORE MUST HAVE BEEN A VISION I SAW BECAUSE I WAS THINKING TOO MUCH. THAT IS WHAT I THOUGHT, SEEING KAORU SMILE.;2;14;0xC7AC;0xC7BD;texto;;;;;;;;;;;;;
H5;146L;DO YOU NOT CARE ANYMORE ABOUT YOUR PROMISE TO HAYASE-KUN?;12;4;0xC7C2;0xC7DA;texto;;;;;;;;;;;;;
H5;147L;DO YOU NOT CARE ANYMORE ABOUT THE PROMISE YOU MADE WITH HAYASE-KUN? YES, IT IS OVER NOW. GOOD...;5;11;0xC7E2;0xC7FD;texto;;;;;;;;;;;;;
H5;148L;DO YOU NOT CARE ANYMORE ABOUT THE PROMISE YOU MADE WITH HAYASE-KUN? YES, IT IS OVER NOW. GOOD... I FELT JOY AT BEING ABLE TO SPEND TIME ALONE, JUST THE TWO OF US.;0;16;0xC806;0xC827;texto;;;;;;;;;;;;;
H5;149L;AH, RIGHT, THE RING... WHAT HAPPENED TO IT?;12;4;0xC82B;0xC841;texto;;;;;;;;;;;;;
H5;150L;I NOTICED KAORU WAS MISSING THE ENGAGEMENT RING ON HIS FINGER, HIS FATHER'S KEEPSAKE, WHICH SHOULD HAVE BEEN THERE.;7;9;0xC84F;0xC87F;texto;;;;;;;;;;;;;
H5;151L;AH... THINKING IT WOULD BE A PROBLEM IF I LOST IT, I LEFT IT SAFELY PUT AWAY WHERE IT IS.;9;7;0xC895;0xC8C5;texto;;;;;;;;;;;;;
H5;152L;AH... THINKING IT WOULD BE A PROBLEM IF I LOST IT, I LEFT IT SAFELY PUT AWAY WHERE IT IS. FOR A MOMENT, I DID NOT MISS HOW KAORU'S SMILE FADED. BUT NO, I DID NOT WANT TO SEE IT.;0;16;0xC8D1;0xC909;texto;;;;;;;;;;;;;
H5;153L;IT WOULD HAVE BEEN BETTER NOT TO HAVE SEEN IT... IF ONLY I HAD NOT SEEN IT.;5;11;0xC912;0xC927;texto;;;;;;;;;;;;;
H5;154L;I SEE, THEN IT IS FINE. FOR SOME REASON, I WAS AFRAID TO CHECK.;5;11;0xC92E;0xC955;texto;;;;;;;;;;;;;
H5;155L;IIZUKA KAORU... MY KIND, PROACTIVE, TRUSTWORTHY BOYFRIEND.;10;6;0xC95C;0xC983;texto;;;;;;;;;;;;;
H5;168C;IIZUKA KAORU... MY KIND, PROACTIVE AND RELIABLE BOYFRIEND. MAYBE I SHOULD TRUST THIS PERSON, AND KEEP WALKING BESIDE HIM.;3;13;0xC98C;0xC9A9;texto;;;;;;;;;;;;;
H5;191M;3.@2.@@1.@@AFT@ TR@TRU@TRU@ER@@ US@ST@@ST@@A@@@ T@@NO@@MYS@WHI@ SO@ONE@ELF@LE,@ ME@@@@@@@@@I@@@ ON@@@@@@@@@MAD@ E@@@@@@@@@@E@A@ @@@@@@@@@@@DEC@ @@@@@@@@@@@ISI@ @@@@@@@@@@@ON@@ @@@@@@@@@@@@@@@ @@@@@@@@@@@@@@@ @@@@@@@@@@@@@@@ @@@@@@@@@@@@@@@;1;15;0x7EC8;0x7F12;texto;;;;;;;;;;;;;
H5;59Z;MARIKO... THAT NAME SOUNDS FAMILIAR.;10;6;0x58A7;0x58C3;texto;;;;;;;;;;;;;
H5;60Z;MARIKO... THAT NAME SOUNDS FAMILIAR. SHE'S NOT A STUDENT IN MY CLASS. I HAVE THE FEELING SHE'S SOMEONE I KNOW.;0;16;0x58CB;0x58F7;texto;;;;;;;;;;;;;
H5;61Z;BUT I CAN'T REMEMBER. A GREAT WHIRLPOOL FORMS INSIDE ME, AND BEHIND IT, MARIKO APPEARS AND DISAPPEARS. WHO ON EARTH COULD SHE BE.;3;13;0x58FE;0x594D;texto;;;;;;;;;;;;;
H5;62Z;FROM THE LOCKER ROOM, WHERE I WAS SUPPOSED TO BE ALONE, I HEARD THE SOUND OF A LOCKER.;8;8;0x596F;0x599D;texto;;;;;;;;;;;;;
H5;63Z;FROM THE LOCKER ROOM, WHERE I WAS SUPPOSED TO BE ALONE, I HEARD THE SOUND OF A LOCKER CLOSING. NOW, I FELT A STRANGE PRESSURE BEHIND ME.;3;13;0x59A9;0x59C5;texto;;;;;;;;;;;;;
H5;147N;I RAN OUT WITHOUT WAITING FOR HIS WORDS;12;4;0x8A1A;0x8A31;texto;;;;;;;;;;;;;
H5;148N;I RAN UP TO THE THIRD FLOOR AND HEADED TO THE LIBRARY, AT THE END OF THE HALLWAY;10;6;0x8A3E;0x8A66;texto;;;;;;;;;;;;;
H5;149N;I STOOD IN FRONT OF THE HEAVY WOODEN DOOR AND TURNED THE HANDLE;10;6;0x8A7E;0x8AA4;texto;;;;;;;;;;;;;
H5;150N;I STOOD IN FRONT OF THE HEAVY WOODEN DOOR AND TURNED THE HANDLE. I WANTED TO BELIEVE KAORU WOULD BE WAITING FOR ME INSIDE;3;13;0x8ABF;0x8ADC;texto;;;;;;;;;;;;;
H5;151N;BUT IF THAT VISION FORETOLD MY FUTURE...;10;6;0x8AE0;0x8AFF;texto;;;;;;;;;;;;;
H5;152N;I DID NOT SEE ANYONE SITTING AT THE FRONT DESK. I WENT IN AND LOOKED AROUND FOR KAORU, PEERING IN;5;11;0x8B0B;0x8B4C;texto;;;;;;;;;;;;;
H5;153N;HE WAS THERE ALONE, SITTING IN A CHAIR, READING A BOOK. AS SOON AS HE NOTICED ME, HE STOOD UP SLOWLY AND GREETED ME WITH A SMILE;2;14;0x8B51;0x8BA6;texto;;;;;;;;;;;;;
H5;154N;DID YOU GET HURT? ARE YOU OKAY? HE ASKED WITH HIS USUAL SMILE;8;8;0x8BB1;0x8BDC;texto;;;;;;;;;;;;;
H5;155N;DID YOU GET HURT? ARE YOU OKAY? HE ASKED WITH HIS USUAL SMILE. BUT THAT WAS A LIE. I CAUGHT MYSELF GOING BLANK;2;14;0x8BE4;0x8C05;texto;;;;;;;;;;;;;
H5;156N;YES, IT IS NOT SERIOUS...;12;4;0x8C09;0x8C1C;texto;;;;;;;;;;;;;
H5;157N;YES, IT IS NOT SERIOUS... I DID NOT TELL HIM I HAD RUN INTO HER;7;9;0x8C24;0x8C3E;texto;;;;;;;;;;;;;
H5;158N;I SEE. IT SEEMS HAYASE DID NOT COME. IF I KEEP WAITING HE WILL NOT SHOW UP... COULD YOU WAIT HERE FOR ME? I WILL GO LOOK FOR HIM;3;13;0x8C42;0x8CA1;texto;;;;;;;;;;;;;
H5;159N;WITHOUT GIVING ME TIME TO ANSWER, HE LEFT THE LIBRARY;5;11;0x8CAE;0x8CD2;texto;;;;;;;;;;;;;
H5;160N;THE DOOR SLAMMED SHUT SO LOUDLY THAT IT SEEMED THE GLASS WOULD SHATTER;10;6;0x8CF0;0x8D15;texto;;;;;;;;;;;;;
H5;161N;I SPUN AROUND AND TRIED TO TURN THE HANDLE, BUT THE DOOR WAS FIRMLY SHUT AND DID NOT SEEM LIKE IT WOULD OPEN AT ALL;7;9;0x8D1F;0x8D66;texto;;;;;;;;;;;;;
H5;162N;I PEERED THROUGH THE DOOR'S GLASS AND SAW IT WAS LOCKED FROM OUTSIDE WITH A BOLT SO IT COULD NOT BE OPENED;8;8;0x8D6B;0x8DA0;texto;;;;;;;;;;;;;
H5;163N;ON THE OTHER SIDE, I SUDDENLY SAW HIS BACK MOVING AWAY DOWN THE HALLWAY;5;11;0x8DAE;0x8DD0;texto;;;;;;;;;;;;;
H5;164N;WAIT! OPEN THE DOOR!;4;12;0x8DFC;0x8E27;texto;;;;;;;;;;;;;
H5;165N;I POUNDED ON THE DOOR AND CALLED HIM, BUT HE KEPT WALKING AS IF HE COULD NOT HEAR ME, AND VANISHED DOWN THE STAIRS;7;9;0x8E35;0x8E76;texto;;;;;;;;;;;;;
H5;166N;A NOISE CAME FROM THE BACK OF THE BOOKSHELF;7;9;0x8EA2;0x8EAC;texto;;;;;;;;;;;;;
H5;167N;I CAREFULLY PEERED FROM THE SIDE OF THE BOOKSHELF AND LOOKED TOWARD THE BACK, BUT THERE WAS NO ONE THERE;7;9;0x8EB7;0x8EFE;texto;;;;;;;;;;;;;
H5;168N;I CAREFULLY PEERED FROM THE SIDE OF THE BOOKSHELF AND LOOKED TOWARD THE BACK, BUT THERE WAS NO ONE THERE. THERE WAS ONLY A THICK BOOK AND AN OPEN NEWSPAPER ON THE DESK;0;16;0x8F06;0x8F29;texto;;;;;;;;;;;;;
H5;169N;FOR SOME REASON, IT CAUGHT MY ATTENTION. I WALKED UP TO THAT DESK;5;11;0x8F31;0x8F4A;texto;;;;;;;;;;;;;
H5;170N;I STEPPED ON SOMETHING;14;2;0x8F67;0x8F71;texto;;;;;;;;;;;;;
H5;171N;I STEPPED ON SOMETHING. LIFTING MY FOOT AND LOOKING CLOSELY, I SAW A PAIR OF FALLEN GLASSES WITH A CRACKED LENS AND A BENT TITANIUM FRAME;3;13;0x8F82;0x8FC3;texto;;;;;;;;;;;;;
H5;172N;I FELT I SHOULD APOLOGIZE, BUT MORE THAN THAT, THE SILENCE OF THE LIBRARY GAVE ME A STRANGE FEELING OF UNEASE;7;9;0x8FC7;0x9008;texto;;;;;;;;;;;;;
H5;173N;ON THE DESK THERE WAS A GLASSES CASE WITH THE NAME HAYASE WRITTEN ON IT;10;6;0x9014;0x9043;texto;;;;;;;;;;;;;
H5;174N;ON THE DESK THERE WAS A GLASSES CASE WITH THE NAME HAYASE WRITTEN ON IT. AGAIN A SOUND CAME FROM THE OTHER SIDE OF THE BOOKSHELF;5;11;0x9061;0x9070;texto;;;;;;;;;;;;;
H5;175N;IS SOMEONE THERE?;7;9;0x907A;0x9082;texto;;;;;;;;;;;;;
H5;176N;I CALLED OUT WITH A FEARFUL VOICE, BUT GOT NO ANSWER AT ALL;10;6;0x908F;0x90AD;texto;;;;;;;;;;;;;
H5;177N;SUDDENLY, SOMEONE GRABBED MY WRIST;10;6;0x90C9;0x90E6;texto;;;;;;;;;;;;;
H5;178N;SUDDENLY, SOMEONE GRABBED MY WRIST AND I LET OUT A SCREAM OF SURPRISE. TURNING AROUND, A STRANGE MAN WAS TWISTING MY LEFT ARM, WITH A MOCKING SMILE;2;14;0x90F5;0x912B;texto;;;;;;;;;;;;;
H5;179N;I TRIED TO RESIST, BUT THE MAN TWISTED MY ARM BEHIND ME AND THE PAIN WAS SO STRONG I COULD NOT MOVE;5;11;0x9142;0x917B;texto;;;;;;;;;;;;;
H5;180N;THE MAN BROUGHT HIS FACE SO CLOSE IT SCARED ME. ACCORDING TO THE RUMORS YOU ARE REALLY CUTE, GIRLY...;5;11;0x9180;0x91D1;texto;;;;;;;;;;;;;
H5;181N;THAT MAN WAS THE SAME ONE I HAD SEEN REFLECTED IN THE FOUNTAIN'S WATER;10;6;0x91D5;0x91F5;texto;;;;;;;;;;;;;
H5;182N;THAT MAN WAS THE SAME ONE I HAD SEEN REFLECTED ON THE SURFACE OF THE FOUNTAIN'S WATER. IF THIS KEPT UP, I...;7;9;0x91FD;0x9205;texto;;;;;;;;;;;;;
H5;183N;I TRIED TO SHAKE MY BODY WITH ALL MY STRENGTH AND RESISTED IN DESPERATION;7;9;0x9223;0x923D;texto;;;;;;;;;;;;;
H5;184N;WHEN THE MAN MADE A SIGNAL, ANOTHER THIN MAN APPEARED FROM THE SIDE OF THE SHELF. I TRIED TO SHAKE MY BODY WITH ALL MY STRENGTH AND RESISTED IN DESPERATION. HEY;0;16;0x9246;0x927F;texto;;;;;;;;;;;;;
H5;185N;YOU DARED BREAK MY EXPENSIVE GLASSES. THIS IS GOING TO COST YOU DEARLY... IT WAS, WITHOUT A DOUBT, THE SAME MAN FROM THE DAY AT THE FOUNTAIN;2;14;0x928A;0x92E1;texto;;;;;;;;;;;;;
H5;186N;HE CAME CLOSER TO ME WITH A LOOK OF CONTEMPT;5;11;0x92E9;0x9304;texto;;;;;;;;;;;;;
H5;187N;AT THAT INSTANT A SHARP PAIN SHOT THROUGH MY STOMACH AND I COULD NOT BREATHE PROPERLY. I WAS LEFT CURLED UP ON THE COLD FLOOR, GASPING FOR AIR IN DESPERATION;0;16;0x9318;0x9386;texto;;;;;;;;;;;;;
H5;188N;SORRY, SORRY... BUT FIRST, SHIRAISHI, HURRY UP. HAYASE, YOU HAVE TO BE GENTLE WITH THE GIRLS;0;16;0x938E;0x93D4;texto;;;;;;;;;;;;;
H5;189N;THEY FORCED ME UP WHILE I WAS CROUCHED DOWN, AND SHIRAISHI, THE ONE WHO HAD TWISTED MY ARM BEFORE, TIED MY HANDS;7;9;0x93D9;0x9420;texto;;;;;;;;;;;;;
H5;190N;A WHITE FOG SPREAD INSIDE ME;12;4;0x9424;0x9443;texto;;;;;;;;;;;;;
H5;191N;A WHITE FOG SPREAD INSIDE ME. EVERYTHING WAS HAPPENING JUST LIKE IN THAT VISION. IF I HAD WANTED TO AVOID IT, I COULD HAVE AVOIDED IT...;3;13;0x944B;0x947C;texto;;;;;;;;;;;;;
H5;192N;SHIRAISHI CURVED HIS LIPS WITH LUST AND, WHILE TOUCHING MY HAIR, SPOKE AS IF TRYING TO CALM ME, YOU ARE PATHETIC TOO, BEING SOLD JUST TO COVER A MOTORCYCLE REPAIR...;0;16;0x948F;0x9505;texto;;;;;;;;;;;;;
H5;193N;HE PLACED HIS DIRTY HANDS ON THE BUTTONS OF MY BLAZER;12;4;0x9512;0x9522;texto;;;;;;;;;;;;;
H5;194N;HAYASE HELD BOTH MY LEGS. YES, YES, SELLING OUT HIS OWN GIRLFRIEND... IIZUKA ALSO LOST HIS MIND;3;13;0x952A;0x955C;texto;;;;;;;;;;;;;
H5;195N;STARING AT THE BLURRY CEILING, I COULD NOT HELP IMAGINING SOMETHING TERRIBLE. IT WAS AN IDEA I NEVER WANTED TO BELIEVE;5;11;0x956C;0x95B3;texto;;;;;;;;;;;;;
H5;196N;HE STRETCHED HIS ARMS FROM BEHIND MY DEFENSELESS BODY AND PLACED HIS DIRTY HANDS ON THE BUTTONS OF MY BLAZER;7;9;0x95B9;0x95F9;texto;;;;;;;;;;;;;
H5;197N;I SCREAMED WITH ALL THE STRENGTH OF MY LUNGS;10;6;0x382E;0x3844;texto;;;;;;;;;;;;;
H5;198N;I SCREAMED WITH ALL THE STRENGTH OF MY LUNGS. FROM THE LIBRARY ENTRANCE, HURRIED FOOTSTEPS APPROACHED;4;12;0x3862;0x3889;texto;;;;;;;;;;;;;
H5;199N;BEHIND ME A DULL SOUND WAS HEARD;10;6;0x38A8;0x38BA;texto;;;;;;;;;;;;;
H5;200N;BEHIND ME A DULL SOUND WAS HEARD. HAYASE OPENED HIS EYES WIDE AND LOOKED UP, STUNNED;4;12;0x38CA;0x38EB;texto;;;;;;;;;;;;;
H5;201N;GET THAT FILTHY HAND OFF HER!;12;4;0x38EF;0x390E;texto;;;;;;;;;;;;;
H5;202N;GET THAT FILTHY HAND OFF HER! THAT VOICE WAS, WITHOUT A DOUBT, KAORU'S VOICE. AT ONCE, TEARS STARTED RUNNING NONSTOP DOWN MY CHEEKS;2;14;0x3916;0x394E;texto;;;;;;;;;;;;;
H5;203N;HAYASE PULLED HIS HAND AWAY SUDDENLY AND STEPPED BACK NERVOUSLY. I... I DID NOT DO ANYTHING...;5;11;0x3954;0x3999;texto;;;;;;;;;;;;;
H5;204N;HAYASE HID BEHIND THE BOOKSHELF LIKE A SCARED PUPPY;10;6;0x399F;0x39C5;texto;;;;;;;;;;;;;
H5;205N;KAORU UNTIED THE ROPES FROM MY ARMS AND HUGGED ME TENDERLY;5;11;0x39D3;0x39FC;texto;;;;;;;;;;;;;
H5;206N;YOKO... I LOOKED AWAY FROM KAORU. ...I AM SORRY;0;16;0x3A10;0x3A50;texto;;;;;;;;;;;;;
H5;207N;I COULD NOT BEAR TO STAY THERE AND RAN OUT OF THE LIBRARY;10;6;0x3A5A;0x3A80;texto;;;;;;;;;;;;;
H5;208N;OUT OF BREATH, I CAME BACK TO THE FOUNTAIN. I BREATHED HEAVILY WITH MY SHOULDERS, LOOKING DOWN;7;9;0x3A8B;0x3ACD;texto;;;;;;;;;;;;;
H5;209N;EVERY TIME I BLINKED, HEAVY TEARS FELL SLOWLY, WETTING THE GRAY CONCRETE UNDER MY FEET;8;8;0x3AD1;0x3B0D;texto;;;;;;;;;;;;;
H5;210N;WHEN I RAISED MY EYES AS IF DEFYING THE TEARS, THE SKY WAS DYED A BLUISH VIOLET, AND SORROW AND ANGUISH OVERFLOWED FROM THE BOTTOM OF MY CHEST;5;11;0x3B12;0x3B67;texto;;;;;;;;;;;;;
H5;211N;WHY...;7;9;0x3B75;0x3B7A;texto;;;;;;;;;;;;;
H5;212N;NO MATTER HOW MUCH I THOUGHT ABOUT IT I COULD NOT FIND AN ANSWER... I DID NOT UNDERSTAND ANYTHING... I ONLY FELT AN INDESCRIBABLE DESPAIR CONSUMING MY HEART;3;13;0x3B81;0x3BD2;texto;;;;;;;;;;;;;
H5;213N;HEY, ANSWER ME... IF YOU REALLY ARE MY MOTHER, WHY... SUCH A HORRIBLE THING...;9;7;0x3BD6;0x3C08;texto;;;;;;;;;;;;;
H5;214N;HEY, ANSWER ME... IF YOU REALLY ARE MY MOTHER, WHY DID YOU DO SUCH A HORRIBLE THING TO ME...? I SHOUTED AT MY OWN REFLECTION IN THE WATER;3;13;0x3C12;0x3C24;texto;;;;;;;;;;;;;
H5;215N;BUT, AS ALWAYS, THE SURFACE OF THE WATER REMAINED SILENT;7;9;0x3C31;0x3C65;texto;;;;;;;;;;;;;
H5;216N;JUST LIKE WHEN IT FIRST APPEARED, A VOICE SUDDENLY ROSE UP;7;9;0x3C6F;0x3C84;texto;;;;;;;;;;;;;
H5;217N;JUST LIKE WHEN IT FIRST APPEARED, A VOICE SUDDENLY ROSE UP. HUMANS ARE WEAK BEINGS WHO ALWAYS BETRAY;7;9;0x3C95;0x3CD0;texto;;;;;;;;;;;;;
H5;218N;IN THE END, PEOPLE LOVE THEMSELVES MORE. NO MATTER HOW MUCH THEY LOVED SOMEONE, THEY ARE CAPABLE OF BETRAYING THEM FOR PLEASURE, MONEY OR POWER;5;11;0x3CD5;0x3D27;texto;;;;;;;;;;;;;
H5;219N;THAT... I HESITATED AT HER WORDS AND COULD NOT ANSWER;8;7;0x3D3A;0x3D63;texto;;;;;;;;;;;;;
H5;220N;THAT... I HESITATED AT HER WORDS AND COULD NOT ANSWER. SHE APPEARED AGAIN FROM THE SURFACE OF THE WATER, NOT EVEN A BIT WET, STILL WEARING HER SAILOR UNIFORM;0;16;0x3D74;0x3DAD;texto;;;;;;;;;;;;;
H5;221N;I ASK YOU ONE MORE TIME. DO YOU REALLY TRUST KAORU?;10;6;0x3DB1;0x3DD9;texto;;;;;;;;;;;;;
H5;222N;I ASK YOU ONE MORE TIME. DO YOU REALLY TRUST KAORU? EH!? I FELT AS IF THOSE WORDS HAD READ MY HEART COMPLETELY;0;16;0x3DE1;0x3E0A;texto;;;;;;;;;;;;;
H5;223N;I WISH TO BELIEVE IN HIM. AND YET, PART OF ME CANNOT HIDE THE ANXIETY GROWING IN MY HEART;8;8;0x3E0F;0x3E42;texto;;;;;;;;;;;;;
H5;224N;...DO I EVEN TRUST MYSELF?;7;9;0x3E4C;0x3E61;texto;;;;;;;;;;;;;
H5;225N;THE MORE I THOUGHT ABOUT IT, THE MORE I FELT LOST IN A MAZE WITHOUT ANSWERS, ALMOST LOSING MYSELF;7;9;0x3E69;0x3EA9;texto;;;;;;;;;;;;;
H5;226N;THE MORE I THOUGHT ABOUT IT, THE MORE I FELT LOST IN A MAZE WITHOUT FINDING AN ANSWER, TO THE POINT OF ALMOST LOSING MYSELF. SHE EXTENDED HER HAND OVER THE SURFACE OF THE WATER;2;14;0x3EB3;0x3EC4;texto;;;;;;;;;;;;;
H5;227N;AT THAT INSTANT, THE IMAGE APPEARED AGAIN;12;4;0x3ECF;0x3EE4;texto;;;;;;;;;;;;;
H5;228N;WHAT ARE YOU GOING TO SHOW ME THIS TIME...? I WAS LEFT SPEECHLESS. KAORU;5;11;0x3EE9;0x3F1D;texto;;;;;;;;;;;;;
H5;229N;THERE WAS KAORU, LYING IN THE SUPPLY SHED, SURROUNDED BY SEVERAL STUDENTS. THOSE AROUND HIM SHOUTED INSULTS WITHOUT MERCY;2;14;0x3F28;0x3F87;texto;;;;;;;;;;;;;
H5;230N;HEY, IIZUKA, DID YOU BRING THE MONEY YOU PROMISED? BECAUSE OF YOU WE CRASHED THE MOTORCYCLE YOU STOLE. THE REPAIR IS NOT CHEAP AT ALL!;0;16;0x3F8B;0x3FFE;texto;;;;;;;;;;;;;
H5;231N;THEY WERE PROBABLY THIRD-YEAR STUDENTS. I HAD NEVER SEEN THEM AND THEY WERE ENJOYING TORMENTING KAORU AS IF HE WERE A PUPPET;7;9;0x4002;0x4052;texto;;;;;;;;;;;;;
H5;232N;THEN, AMONG THE INSULTS, A VOICE THAT SOUNDED FAMILIAR TO ME COULD BE HEARD;10;6;0x405C;0x407D;texto;;;;;;;;;;;;;
H5;261O;EVEN IF THERE WERE PEOPLE WHO BETRAY, I WOULD NOT BETRAY MYSELF... THAT'S WHY I TRUST... MYSELF;0;16;0x79F0;0x7A40;texto;;;;;;;;;;;;;
H5;262O;MARIKO'S FACE SUDDENLY TWISTED UPON HEARING THOSE WORDS;12;4;0x7A48;0x7A61;texto;;;;;;;;;;;;;
H5;263O;MY FATHER, HIROYUKI, NEVER BETRAYED YOU;5;11;0x7A6B;0x7A8C;texto;;;;;;;;;;;;;
H5;264O;MY FATHER HAD CANCER. THINKING OF YOUR FUTURE, AND SUFFERING WITH ANGUISH, HE CHOSE TO SAY GOODBYE TO YOU;7;9;0x7A90;0x7ADD;texto;;;;;;;;;;;;;
H5;265O;...;7;9;0x7AF1;0x7AF4;texto;;;;;;;;;;;;;
H5;266O;WHEN MARIKO FIXED HER EYES ON THE THICK BOND RING I WORE ON MY CHEST, SHE FROZE IN SHOCK AND BEGAN TO SOB;7;9;0x7AFC;0x7B3E;texto;;;;;;;;;;;;;
H5;267O;IT'S A LIE! IT'S A LIE!;5;11;0x7B60;0x7B73;texto;;;;;;;;;;;;;
H5;268O;MARIKO WRITHED, HALF OUT OF HER MIND;12;4;0x7B78;0x7B8B;texto;;;;;;;;;;;;;
H5;269O;MARIKO WRITHED, HALF OUT OF HER MIND. THAT MOVEMENT, WHICH HAD GRADUALLY BEEN FADING, SETTLED INTO SOMETHING WISTFUL;4;12;0x7B93;0x7BC5;texto;;;;;;;;;;;;;
H5;270O;IF IT WERE A LIE, I SHOULD NEVER HAVE BEEN BORN...;7;9;0x7BD0;0x7BE8;texto;;;;;;;;;;;;;
H5;271O;MOM;7;9;0x7C06;0x7C0B;texto;;;;;;;;;;;;;
H5;272O;SHE LOOKED AT ME, HER FACE ABOUT TO CRUMBLE, AND SOBBED AS SHE RAISED HER EYES TO THE SKY;9;7;0xC18C;0xC1B9;texto;;;;;;;;;;;;;
H5;273O;HIROYUKI...;7;9;0xC1CD;0xC1D0;texto;;;;;;;;;;;;;
H5;274O;THE INSTANT MY MOTHER WHISPERED THAT, A FLASH OF LIGHT CUT THROUGH THE DARKNESS AND ENVELOPED HER BODY;5;11;0xC1DD;0xC20A;texto;;;;;;;;;;;;;
H5;275O;MY MOTHER, AS IF WEARING A CLOAK OF FEATHERS, GAVE AN INNOCENT SMILE AND BEGAN TO FLOAT SLOWLY IN THE AIR, AS IF DRIFTING WITHIN THE LIGHT;4;12;0xC21B;0xC257;texto;;;;;;;;;;;;;
H5;276O;BEYOND THAT LIGHT, I SAW HIROYUKI'S FIGURE;7;9;0xC26B;0xC283;texto;;;;;;;;;;;;;
H5;277O;DAD......;7;9;0xC28D;0xC294;texto;;;;;;;;;;;;;
H5;278O;THE TWO OF THEM, WITHIN THE LIGHT, EMBRACED AND BECAME ONE;7;9;0xC2A6;0xC2BD;texto;;;;;;;;;;;;;
H5;279O;ON MY MOTHER'S FACE THERE WAS A SMILE FULL OF RELIEF;7;9;0xC2CC;0xC2E7;texto;;;;;;;;;;;;;
H5;280O;THE LIGHT FALLING FROM THE SKY GREW EVEN MORE INTENSE, AND TURNED INTO A THIN RING OF LIGHT THAT FADED INTO THE DARKNESS;5;11;0xC2EF;0xC325;texto;;;;;;;;;;;;;
H5;281O;GOODBYE, MOM... AND THANK YOU;4;12;0xC340;0xC372;texto;;;;;;;;;;;;;
H5;282O;I GRABBED KAORU BY THE SHOULDER AND LEAPT TOWARD OUR WORLD, BEYOND THE FOUR PILLARS THAT WRITHED UNSTABLY;5;11;0xC37C;0xC3B6;texto;;;;;;;;;;;;;
H5;61P;THAT CAN'T BE... I LOOKED AT THE HALLWAY ONCE MORE;7;9;0x57C2;0x57F2;texto;;;;;;;;;;;;;
H5;62P;THAT CAN'T BE... I LOOKED AT THE HALLWAY ONCE MORE. THE HALLWAY LOOKED THE SAME AS ALWAYS;2;14;0x57FC;0x5814;texto;;;;;;;;;;;;;
H5;287P;TOWARD THAT PLACE...;7;9;0x8100;0x8108;texto;;;;;;;;;;;;;
H5;199Q;SHE LOOKED AT ME, HER FACE ABOUT TO CRUMBLE, AND SOBBED AS SHE RAISED HER EYES TO THE SKY;8;8;0xC3DF;0xC40E;texto;;;;;;;;;;;;;
H5;200Q;HIROYUKI...... THE INSTANT MY MOTHER WHISPERED THAT, INTENSE RED FLAMES BURST OUT AND ENVELOPED HER BODY;5;11;0xC41F;0xC473;texto;;;;;;;;;;;;;
H5;201Q;FOR AN INSTANT, I THOUGHT I SAW MY GRANDFATHER'S FIGURE FLOATING WITHIN THE FLAMES;10;6;0xC47E;0xC4A5;texto;;;;;;;;;;;;;
H5;202Q;A DAZZLING LIGHT BURST FROM THE FLAMES, SWALLOWING EVERYTHING. FOR AN INSTANT I THOUGHT I SAW MY GRANDFATHER WITHIN THEM;3;13;0xC4BB;0xC4E7;texto;;;;;;;;;;;;;
H5;203Q;AND THEN, AS IF ENVELOPING US, AN EMPTY DARKNESS SPREAD OUT, WITH NOTHING IN IT;5;11;0xC4F5;0xC516;texto;;;;;;;;;;;;;
H5;204Q;GOODBYE, MOM... AND THANK YOU;4;12;0xC537;0xC560;texto;;;;;;;;;;;;;
H5;205Q;I GRABBED KAORU BY THE SHOULDER AND LEAPT TOWARD OUR WORLD, BEYOND THE FOUR PILLARS THAT WRITHED UNSTABLY;5;11;0xC571;0xC5AB;texto;;;;;;;;;;;;;
H5;210R;THAT'S RIGHT...;14;2;0x983C;0x9840;texto;;;;;;;;;;;;;
H5;211R;THAT'S RIGHT... MY MOTHER, MARIKO, LET OUT A CRY WITHOUT BEING ABLE TO HELP IT;8;8;0x9849;0x9860;texto;;;;;;;;;;;;;
H5;212R;IT'S TRUE... THAT'S RIGHT;12;4;0x9864;0x9874;texto;;;;;;;;;;;;;
H5;213R;IT'S TRUE... THAT'S RIGHT. IT'S NOT TOO LATE YET, IS IT;8;8;0x987C;0x9885;texto;;;;;;;;;;;;;
H5;214R;IT'S TRUE... THAT'S RIGHT. IT'S NOT TOO LATE YET, IS IT. BEFORE I KNEW IT, I HAD ALREADY STARTED RUNNING;3;13;0x989A;0x98AF;texto;;;;;;;;;;;;;
H5;215R;IN FRONT OF THE UTILITY ROOM, I GRABBED THE DOOR FIRMLY AND THREW IT OPEN;10;6;0x98BE;0x98E3;texto;;;;;;;;;;;;;
H5;216R;IN FRONT OF THE UTILITY ROOM, I GRABBED THE DOOR FIRMLY AND THREW IT OPEN. THERE WAS NO ONE THERE ANYMORE, ONLY CLOTHES LYING ON THE FLOOR;4;12;0x98F1;0x990F;texto;;;;;;;;;;;;;
H5;217R;I RAN TO HIM AND LIFTED HIM INTO MY ARMS. YOKO, I... I'M SORRY. YOU DON'T NEED TO SPEAK;4;12;0x991C;0x9970;texto;;;;;;;;;;;;;
H5;218R;I'M SORRY... I... I HUGGED HIM, CUTTING OFF THE REST OF HIS WORDS;5;11;0x997B;0x99C1;texto;;;;;;;;;;;;;
H5;219R;AND WHILE FEELING HIS SCENT AGAINST MY CHEST, I WHISPERED;10;6;0x99CC;0x99EB;texto;;;;;;;;;;;;;
H5;220R;AND WHILE FEELING HIS SCENT AGAINST MY CHEST, I WHISPERED. THAT'S... ALL RIGHT;7;9;0x99F6;0x99FE;texto;;;;;;;;;;;;;
H5;221R;FROM NOW ON, IT IS ENOUGH FOR YOU TWO TO BUILD YOUR OWN FEELINGS IN ITS PLACE. I THOUGHT I HEARD MY MOTHER'S VOICE, CARRIED BY A GENTLE BREEZE;3;13;0x9A05;0x9A58;texto;;;;;;;;;;;;;
H5;192S;I... TRUST KAORU;14;2;0x2D5A;0x2D64;texto;;;;;;;;;;;;;
H5;193S;I... TRUST KAORU. MY MOTHER, WITH A SAD EXPRESSION, FADED AWAY LIKE MIST;5;11;0x2D87;0x2DB8;texto;;;;;;;;;;;;;
H5;194S;I STOOD THERE, FROZEN IN PLACE;12;4;0x2DBC;0x2DCD;texto;;;;;;;;;;;;;
H5;195S;I STOOD THERE, FROZEN IN PLACE. I HAD NO STRENGTH LEFT EVEN TO GO TO THE UTILITY ROOM AND CONFIRM THE TRUTH;5;11;0x2DD7;0x2DF9;texto;;;;;;;;;;;;;
H5;196S;I WALKED OVER AND WAITED FOR KAORU IN FRONT OF THE SCHOOL GATE;12;4;0x2E04;0x2E2C;texto;;;;;;;;;;;;;
H5;197S;I WALKED OVER, DRAINED OF STRENGTH, AND WAITED FOR KAORU AT THE SCHOOL GATE. HOW MUCH TIME HAD PASSED ALREADY...;7;9;0x2E39;0x2E67;texto;;;;;;;;;;;;;
H5;198S;THERE HE WAS IN FRONT OF ME, SO DEAR TO ME THAT I WOULD FEEL THE SAME EVEN IF IT LASTED A LIFETIME;5;11;0x2E75;0x2E9A;texto;;;;;;;;;;;;;
H5;199S;...KAORU. A KIND, DETERMINED PERSON I COULD TRUST;2;14;0x2EA1;0x2EC5;texto;;;;;;;;;;;;;
H5;200S;KAORU, WITH UNSTEADY STEPS, SLOWLY CAME CLOSER. WITH A COLD LOOK, KAORU STARED AT ME. BITING MY LIP, I THOUGHT: THIS TOO IS REALITY;2;14;0x2ECE;0x2F21;texto;;;;;;;;;;;;;
H5;201S;YOKO, TAKE THIS, I AM GIVING IT BACK TO YOU. AND HE DROPPED THE ENGAGEMENT RING INTO MY HAND;8;8;0x2F27;0x2F61;texto;;;;;;;;;;;;;
H5;202S;IF I KEEP IT, I FEEL LIKE I WOULD END UP LOSING IT... I HELD THE RING TIGHT, AND TEARS WELLED UP IN ME;7;9;0x2F66;0x2FA5;texto;;;;;;;;;;;;;
H5;203S;NO... YOU KEEP IT, KAORU, PLEASE......;12;4;0x2FA9;0x2FC3;texto;;;;;;;;;;;;;
H5;204S;NO... YOU KEEP IT, KAORU, PLEASE... I PRESSED MY CHEEK AGAINST HIS CHEST, WHICH SEEMED ABOUT TO CRUMBLE. I SLOWLY RAISED MY FACE AND LOOKED INTO HIS EYES;3;13;0x2FCB;0x3003;texto;;;;;;;;;;;;;
H5;205S;THIS IS ALL RIGHT LIKE THIS, ISN'T IT, MOM......;7;9;0x300C;0x3023;texto;;;;;;;;;;;;;
H5;206S;THIS IS ALL RIGHT LIKE THIS, ISN'T IT, MOM...... I NEVER MANAGED TO SAY IT OUT LOUD;2;14;0x302E;0x303D;texto;;;;;;;;;;;;;
H5;300;@@@@@@@@@@@@@@ @@@@@@@@@@@@@@ @@@@@@@@@@@@@@ @@@@@@@@@@@@@@ @@@@@@@@@@@@@@ @@@@@@@@@@@@@@ @@@@@@@@@@@@@@ @@CONTINUE @@@@@@@@@@ @@RESTART@@@@ @@@@@@@@@ @@@@@@@@@@@@@@@@RESTART ALL @@STORIES;2;14;0x03A;0x03A;texto;no;;;;;;;;;;;;
H5;301;@@@@@@@@@@@@@@ @@@@@@@@@@@@@@ @@@@@@@@@@@@@@ @@@@@@@@@@@@@@ @@@@@@@@@@@@@@ @@@@@@@@@@@@@@ @@@@@@@@@@@@@@ @@@@@@@@@@@@@@@@@@@@@@@@@@@@@@@@@@@@ @START STORY;2;14;0x069;0x069;texto;no;;;;;;;;;;;;
H5C;304;@@@@@@@@@@@@@@@@ @@@@@@@@@@@@@@@@ @@@@@@@@@@@@@@@@ @@@@@@@@@@@@@@@@ @@@@@@@@@@@@@@@@ @@@@@@@@@@@@@@@@ @@@@@@@@@@@@@@@@ @@RE-READ FROM @@THE BEGINNING @@@@@@@@@@@@@@@@ @@@@@@@@@@@@@@@@@@@@@@@@@@@@@@@@@@@YES @@NO;0;16;0x060;0x060;texto;no;;;;;;;;;;;;
H5;305;@@@@@@@@@@@@@@@@ @@@@@@@@@@@@@@@@ @@@@@@@@@@@@@@@@ @@@@@@@@@@@@@@@@ @@@@@@@@@@@@@@@@ @@@@@@@@@@@@@@@@ @@@@@@@@@@@@@@@@ @@@RE-READ ALL @@@STORIES FROM @@@THE START @@@@@@@@@@@@@@@@ @@@@@@@@@@@@@@@@ @@@YES @@NO;0;16;0x056;0x056;texto;no;;;;;;;;;;;;
H5B;307;@@@@@@@@@@@@@@@@ @@@@@@@@@@@@@@@@ @@@@@@@@@@@@@@@@ @@@@@@@@@@@@@@@@ @@@@@@@@@@@@@@@@ @@@@@@@@@@@@@@@@ @@@@@@@@@@@@@@@@ @@@@@@@@@@@@@@@@@@@START STORY @@@@@@@@@@@@@@@@@@@RE-READ@ ALL @@@FROM START;0;16;0x069;0x069;texto;no;;;;;;;;;;;;
H1;1;I WAS ON A BUS HEADING TO KAGAMI VILLAGE. THE MOUNTAINS WERE COVERED IN FRESH GREENERY AND THE SKY STRETCHED OUT AN ENDLESS BLUE.;0;16;0x008F;0x0105;texto;si;;;;;;;;;;;;
H1;2;I OPENED MY BAG LOOKING FOR MY WALLET WHEN I HEARD NOISE UP AHEAD. THE DRIVER AND A GIRL SEEMED TO BE ARGUING.;3;13;0x0112;0x016E;texto;si;;;;;;;;;;;;
H1;3;SHE WORE A WHITE SLEEVELESS DRESS AND HELD A MATCHING HAT TO HER CHEST WITH BOTH HANDS. SHE LOOKED UNEASY.;5;11;0x0172;0x01C8;texto;si;;;;;;;;;;;;
H1;4;WHAT IS WRONG? I ASKED. THE ELDERLY DRIVER TURNED TO ME. I HAVE NO IDEA. THIS GIRL SAYS SHE HAS NO MONEY...;0;16;0x01D1;0x023C;texto;si;;;;;;;;;;;;
H1;5;U-UM, I AM SO SORRY... SHE MANAGED TO WHISPER, AND WENT SILENT.;5;11;0x0245;0x0285;texto;si;;;;;;;;;;;;
H1;6;2.@@@1.@@@SHE@ NO@@@I@@@@LOOK MONE@WILL@ED@@ Y?@@@PAY.@ABOU @@@@@@@@@@T@@@ @@@@@@@@@@TO@@ @@@@@@@@@@CRY@ @@@@@@@@@@AT@@ @@@@@@@@@@ANY@ @@@@@@@@@@MOME @@@@@@@@@@NT.@;2;14;0x0289;0x02CE;pregunta;si;4;1;4;1;4;0;1. I WILL PAY.;2. NO MONEY?;SHE LOOKED ABOUT TO CRY AT ANY MOMENT.;;;
H1;7;THE BUS FROM THE CITY TO KAGA SHOULD HAVE BEEN ABOUT TWO THOUSAND YEN. MY PARENTS GAVE ME A LITTLE EXTRA JUST IN CASE.;3;13;0x02DA;0x0337;texto;si;;;;;;;;;;;;
H1;8;SHE LOOKED ABOUT MY AGE AND I FELT BAD FOR HER, SO I CHECKED MY WALLET AND SPOKE UP.;7;9;0x033B;0x0379;texto;si;;;;;;;;;;;;
H1;9;WOULD YOU LIKE ME TO PAY? SHE LOOKED AT ME IN SURPRISE. U-UM, BUT... SHE GREW EVEN MORE FLUSTERED.;2;14;0x0382;0x03E2;texto;si;;;;;;;;;;;;
H1;10;PERHAPS UNABLE TO BEAR IT ANY LONGER, THE DRIVER WAVED HIS HAND. AH, ALRIGHT. JUST GO. PAY ON THE WAY BACK. HE SMILED BITTERLY, BUT KINDLY.;0;16;0x03E5;0x0455;texto;si;;;;;;;;;;;;
H1;11;THE GIRL THANKED BOTH ME AND THE DRIVER OVER AND OVER AND GOT OFF THE BUS. I FOLLOWED.;5;11;0x0459;0x04A0;texto;si;;;;;;;;;;;;
H1;12;RICE FIELDS STRETCHED AS FAR AS THE EYE COULD SEE WITH SCATTERED FARMHOUSES. IN THE CENTER WAS A RUSTED SIGN AND A ROTTING WOODEN BENCH.;3;13;0x04B7;0x050E;texto;si;;;;;;;;;;;;
H1;13;THE ONLY HINT OF TIME PASSING WAS THE LOUD CRIES OF CICADAS FROM THE MOUNTAIN.;7;9;0x0511;0x0548;texto;si;;;;;;;;;;;;
H1;14;I CAME BACK TO MY SENSES AND SAW THE GIRL LOOKING AT ME. HER SIMPLE DRESS SUITED HER WELL.;8;8;0x068C;0x06BC;texto;si;;;;;;;;;;;;
H1;15;2.@@@1.@@NEVER@@ LOOK@TAL@TALKE@@ AWAY@K@@@D@@@@@@ .@@@@TO@@TO@@@@@ @@@@@HER@SUCH@@@ @@@@@.@@@A@@@@@@ @@@@@@@@@PRETT@@ @@@@@@@@@Y@@@@@@ @@@@@@@@@GIRL@@@ @@@@@@@@@BEFOR@@ @@@@@@@@@E.@@@@@ @@@@@@@@@NERVO@@ @@@@@@@@@US.@@@@;0;16;0x06BF;0x0721;pregunta;si;4;1;3;1;5;2;1. TALK TO HER.;2. LOOK AWAY.;NEVER TALKED TO SUCH A PRETTY GIRL BEFORE. NERVOUS.;;;
H1;16;AND WHERE ARE WE HEADED? SHE PUT ON HER HAT, THOUGHT A MOMENT AND SAID: UM... WHERE ARE WE?;2;14;0x072C;0x0776;texto;si;;;;;;;;;;;;
H1;17;2.@@@1.@@@HER@ THIS@THIS@ANSW IS..@IS@@@ER@@ .@@@@KAGA@CAUG HEHE@MI@@@HT@@ HE.@@VILL@ME@@ @@@@@AGE.@OFF@ @@@@@@@@@@GUAR @@@@@@@@@@D,@@ @@@@@@@@@@BUT@;2;14;0x077A;0x07CE;pregunta;si;4;1;4;1;4;0;1. THIS IS KAGAMI VILLAGE.;2. THIS IS... HEHEHE.;HER ANSWER CAUGHT ME OFF GUARD, BUT;;;
H1;18;WE ARE IN KAGA PREFECTURE, I REPLIED. SHE SAID: I CAME HERE WITHOUT ANY PLAN...;7;9;0x08B6;0x08F0;texto;si;;;;;;;;;;;;
H1;19;I DID NOT KNOW WHAT TO SAY... AND AS I STOOD SPEECHLESS, SHE BURST OUT LAUGHING.;6;10;0x08F3;0x0A9C;texto;si;;;;;;;;;;;;
H1;20;I WONDER WHAT I WILL DO NOW... MY MOTHER MUST BE FURIOUS... SHE SAID, AND SIGHED LOOKING DOWN.;3;13;0x0AAC;0x0AF0;texto;si;;;;;;;;;;;;
H1;21;BUT THERE ARE NO MORE BUSES TODAY, I SAID. IF YOU WANT TO CALL HOME, YOU CAN USE MY PHONE.;2;14;0x0AF3;0x0B4D;texto;si;;;;;;;;;;;;
H1;22;I CANNOT DO THAT! I AM SCARED... SHE SAID. WELL, YOU DON'T HAVE A PLACE TO STAY TONIGHT, DO YOU?;2;14;0x0B50;0x0BB1;texto;si;;;;;;;;;;;;
H1;23;2.@@1.@@@YES.. HEA@FIND@.@@@@ R@@@SHEL@BUT@@ MOR@TER@@WHAT@ E@@@FOR@@DO@@@ DET@NOW.@I@@@@ AIL@@@@@@DO... S.@@@@@@@?@@@@ @@@@@@@@@IF@@@ @@@@@@@@@I@@@@ @@@@@@@@@GO@@@ @@@@@@@@@BACK. @@@@@@@@@..@@@;2;14;0x0BB4;0x0BFF;pregunta;si;3;1;4;1;5;0;1. FIND SHELTER FOR NOW.;2. HEAR MORE DETAILS.;YES... BUT WHAT DO I DO...? IF I GO BACK...;;;
H1;24;FOR NOW YOU CANNOT GO HOME, AND YOU CANNOT SLEEP OUTSIDE EITHER. WHY DON'T YOU COME WITH ME TO THE INN I AM STAYING AT? IT IS CHEAP, SO I CAN PAY FOR AT LEAST ONE NIGHT.;0;16;0x0C0D;0x0C7D;texto;si;;;;;;;;;;;;
H1;25;THE GIRL OPENED HER EYES WIDE IN SURPRISE. NO, YOU CANNOT DO THAT. I CANNOT LET A STRANGER...;5;11;0x0C81;0x0CCA;texto;si;;;;;;;;;;;;
H1;26;BUT IS THERE ANY OTHER OPTION? I CANNOT JUST LEAVE A GIRL ALONE OUT HERE EITHER...;7;9;0x0CD3;0x0D0D;texto;si;;;;;;;;;;;;
H1;27;SHE PONDERED WITH A TROUBLED LOOK, AND AFTER A WHILE LOOKED UP. ...IS THAT REALLY OKAY?;6;10;0x0D0F;0x0D54;texto;si;;;;;;;;;;;;
H1;28;IT IS FINE. I WAS GLAD THAT A GIRL HAD TRUSTED ME.;5;11;0x0D5F;0x0D8C;texto;si;;;;;;;;;;;;
H1;29;I AM TAKAHASHI NAOKI, I SAID, AND HELD OUT MY HAND. SHE BLUSHED A LITTLE AND SHOOK IT.;2;14;0x0D8F;0x0DE0;texto;si;;;;;;;;;;;;
H1;30;OKAY, I WILL GO, SHE SAID.;12;4;0x0DE9;0x0DFE;texto;si;;;;;;;;;;;;
H1;31;WE STARTED WALKING UNDER A SETTING SUN. ACCORDING TO MY RESERVATION, THE INN WAS ONE NIGHT WITH TWO MEALS FOR TWO THOUSAND FIVE HUNDRED YEN.;3;13;0x0E3A;0x0E95;texto;si;;;;;;;;;;;;
H1;32;HOWEVER, IT WAS QUITE FAR FROM THE VILLAGE AND APPARENTLY A VERY OLD BUILDING.;10;6;0x0E98;0x0EBC;texto;si;;;;;;;;;;;;
H1;33;UM... WHAT SHOULD I CALL YOU? ...REIKO... IF POSSIBLE, I WOULD PREFER NOT REIKO-SAN.;5;11;0x0EBF;0x0F07;texto;si;;;;;;;;;;;;
H1;34;THEN... HOW ABOUT REIKO-CHAN? OKAY, SHE REPLIED, WITH A SLIGHTLY EMBARRASSED SMILE.;5;11;0x0F0A;0x0F4A;texto;si;;;;;;;;;;;;
H1;35;WE MUST HAVE CLIMBED THE GENTLE SLOPE FOR ABOUT TWENTY MINUTES. THE SKY HAD TURNED A DEEP RED.;7;9;0x0F4E;0x0F8D;texto;si;;;;;;;;;;;;
H1;36;2.@@@1.@@@WHY@ MAYB@TO@@@DID@ E@@@@SEE@@YOU@ SAME@YOU.@COME AS@@@@@@@@TO@@ REI-@@@@@@THIS CHAN@@@@@@VILL .@@@@@@@@@AGE, @@@@@@@@@@NAOK @@@@@@@@@@I-SA @@@@@@@@@@N?@@;2;14;0x0F90;0x0FE3;pregunta;si;4;1;4;1;4;0;1. TO SEE YOU.;2. MAYBE SAME AS REI-CHAN.;WHY DID YOU COME TO THIS VILLAGE, NAOKI-SAN?;;;
H1;37;...BECAUSE I WANTED TO SEE YOU. HEE HEE, YOU ARE SO FUNNY, NAOKI-SAN, REI-CHAN LAUGHED.;2;14;0x117F;0x11D7;texto;si;;;;;;;;;;;;
H1;38;WHEN I WAS IN ELEMENTARY SCHOOL, I WAS EVEN ON TV. SUMMER VACATION AND GOLDEN WEEK WERE MY SEASONS.;3;13;0x11DA;0x123C;texto;si;;;;;;;;;;;;
H1;39;I TRAVELED AS FAR INTO THE COUNTRYSIDE AS I COULD. THAT IS HOW I ENDED UP HERE.;7;9;0x123F;0x127E;texto;si;;;;;;;;;;;;
H1;40;WOW, THAT IS AMAZING! SHE SEEMED GENUINELY IMPRESSED. I AM GLAD YOU THINK SO.;7;9;0x1281;0x12B8;texto;si;;;;;;;;;;;;
H1;41;I WAS GLAD TO HEAR THAT, BUT I GOT CARRIED AWAY WITH THINGS I DID NOT EVEN MEAN.;5;11;0x12BB;0x130A;texto;si;;;;;;;;;;;;
H1;42;BUT IN TRUTH... EVEN SO.;13;3;0x130D;0x1315;texto;si;;;;;;;;;;;;
H1;43;THE TRUTH WAS IT WAS NOT THAT.;12;4;0x1319;0x132D;texto;si;;;;;;;;;;;;
H1;44;HOW LONG AGO WAS IT NOW?;12;4;0x1337;0x1345;texto;si;;;;;;;;;;;;
H1;45;THIS SMALL VILLAGE WAS FEATURED ON A TV PROGRAM. I FELT A STRONG PULL TOWARD IT. I DID NOT KNOW WHY AT THE TIME.;2;14;0x1356;0x13B7;texto;si;;;;;;;;;;;;
H1;46;I TOLD MY PARENTS I WANTED TO GO THERE, BUT THEY DID NOT UNDERSTAND ME.;5;11;0x13BA;0x13F4;texto;si;;;;;;;;;;;;
H1;47;WHEN I SAID I WANTED TO GO AT ALL COSTS, THEY SAID I WOULD HAVE TO GET A CERTAIN GRADE FIRST.;5;11;0x13FE;0x1444;texto;si;;;;;;;;;;;;
H1;48;BUT IN TRUTH, I DID NOT CARE WHERE I WENT. IT WAS NOT THAT I WANTED TO GO SOMEWHERE.;5;11;0x144D;0x148F;texto;si;;;;;;;;;;;;
H1;49;BUT WHERE DO I START? H...;12;4;0x1494;0x149B;texto;si;;;;;;;;;;;;
H1;50;I COULD HEAR THAT VOICE OF DOUBT DEEP INSIDE ME.;10;6;0x149E;0x14BF;texto;si;;;;;;;;;;;;
H1;51;A LITTLE LATER, A TRACTOR CAME DOWN FROM THE MOUNTAIN.;10;6;0x14CC;0x14ED;texto;si;;;;;;;;;;;;
H1;52;WHEN I NODDED IN GREETING HE SMILED BACK. HEY, YOU SHOULD GET INSIDE, THERE WAS A BEAR CAUSING A BIG FUSS AROUND HERE NOT TOO LONG AGO, HE SAID IN A LOUD VOICE.;0;16;0x14F1;0x1567;texto;si;;;;;;;;;;;;
H1;53;REI-CHAN TOOK OFF HER HAT AND REPLIED: WE ARE HEADING TO THE INN!;7;9;0x156B;0x159B;texto;si;;;;;;;;;;;;
H1;54;THE VILLAGER LOOKED AT US SUSPICIOUSLY, WHETHER HE HEARD OR NOT, AND DROVE OFF WITH A ROAR.;7;9;0x159F;0x15E3;texto;si;;;;;;;;;;;;
H1;55;THE ROAD TO THE INN WAS STRAIGHT, BUT IT WAS PAST SEVEN PM WHEN WE FINALLY ARRIVED.;5;11;0x15ED;0x163B;texto;si;;;;;;;;;;;;
H1;56;IT LOOKED DESOLATE AND ABANDONED. ON THE HALF-FALLEN SIGN ONE COULD BARELY READ THE WORD INN.;5;11;0x1650;0x16A1;texto;si;;;;;;;;;;;;
H1;57;THERE WAS A FAINT LIGHT ON THE FIRST FLOOR BUT THE SECOND WAS PITCH BLACK.;10;6;0x16A5;0x16CD;texto;si;;;;;;;;;;;;
H1;58;...WELL, IT IS CHEAP, SO WHAT DO YOU EXPECT? I GAVE REI-CHAN A BITTER SMILE. NO, IT IS FINE. SHE SMILED BACK.;3;13;0x16D0;0x1721;texto;si;;;;;;;;;;;;
H1;59;WE WALKED THROUGH THE INN GATE.;12;4;0x172E;0x1741;texto;si;;;;;;;;;;;;
H1;60;CREAK. CREAK. CREAK.;13;3;0x1751;0x175D;texto;si;;;;;;;;;;;;
H1;61;WHEN I SLID OPEN THE DOOR, AN UNEXPECTEDLY WIDE LOBBY SPREAD OUT BEFORE US.;3;13;0x1771;0x17B4;texto;si;;;;;;;;;;;;
H1;62;...EXCUSE ME, WE WOULD LIKE TO STAY THE NIGHT! I WAITED A MOMENT, BUT THERE WAS NO RESPONSE.;3;13;0x17BD;0x180D;texto;si;;;;;;;;;;;;
H1;63;HELLO?! EXCUSE ME!;13;3;0x1816;0x181F;texto;si;;;;;;;;;;;;
H1;64;AT THAT MOMENT A STRONG TREMOR SHOOK THE BUILDING WITH A DEAFENING SOUND. IT WAS SO BIG I FELT LIKE I WAS FLOATING IN THE AIR.;2;14;0x1834;0x189F;texto;si;;;;;;;;;;;;
H1;65;I REFLEXIVELY DROPPED TO THE GROUND. A-AN EARTHQUAKE?!;8;8;0x18A5;0x18C7;texto;si;;;;;;;;;;;;
H1;66;REI-CHAN WAS SPEECHLESS AND CLUNG TO MY ARM. HER HAND TREMBLED. SILENCE FELL AND THE INSECTS OUTSIDE BEGAN TO CRY.;3;13;0x18CB;0x1930;texto;si;;;;;;;;;;;;
H1;67;WHAT WAS THAT...?;12;4;0x1933;0x1945;texto;si;;;;;;;;;;;;
H1;68;I SLOWLY LOOKED AROUND, BUT EVERYTHING WAS SILENT AS IF NOTHING HAD HAPPENED. I FELT REI-CHAN'S GRIP ON MY ARM GETTING TIGHTER AND TIGHTER.;5;11;0x194B;0x1978;texto;si;;;;;;;;;;;;
H1;69;I NOTICED REI-CHAN'S HAND GRIPPING MY ARM WAS SLOWLY TIGHTENING.;10;6;0x197B;0x19A5;texto;si;;;;;;;;;;;;
H1;70;I NOTICED REI-CHAN'S HAND GRIPPING MY ARM WAS SLOWLY TIGHTENING. REI... I STARTED TO SAY, BUT THE WORDS CAUGHT IN MY THROAT.;3;13;0x19AA;0x19C9;texto;si;;;;;;;;;;;;
H1;71;BANG...;10;6;0x19DD;0x19F0;texto;si;;;;;;;;;;;;
H1;72;A SOUND BEHIND ME.;12;4;0x19F3;0x1A0C;texto;si;;;;;;;;;;;;
H1;73;BANG...;7;9;0x1A1E;0x1A24;texto;si;;;;;;;;;;;;
H1;74;BANG...;7;9;0x1A36;0x1A3C;texto;si;;;;;;;;;;;;
H1;75;IT WAS SOMETHING HITTING THE GLASS SLIDING DOOR WE HAD COME THROUGH.;8;8;0x1A3F;0x1A6E;texto;si;;;;;;;;;;;;
H1;76;BANG...;7;9;0x1A80;0x1A86;texto;si;;;;;;;;;;;;
H1;77;THE SOUND CONTINUED.;7;9;0x1A98;0x1AAF;texto;si;;;;;;;;;;;;
H1;78;THAT SOUND... WH-WHAT IS IT...?;10;6;0x1AB2;0x1AC6;texto;si;;;;;;;;;;;;
H1;79;BANG, BANG...;5;11;0x1AD6;0x1AF1;texto;si;;;;;;;;;;;;
H1;80;BANG, BANG...;7;9;0x1B03;0x1B1A;texto;si;;;;;;;;;;;;
H1;81;IT IS... RIGHT... BEHIND... ME... RIGHT...;2;14;0x1B21;0x1B47;texto;si;;;;;;;;;;;;
H1;82;BANG! BANG! BANG!;3;13;0x1B55;0x1B85;texto;si;;;;;;;;;;;;
H1;83;BANG, BANG, BANG, BANG, BANG, BANG, BANG...;2;14;0x1B91;0x1BD6;texto;si;;;;;;;;;;;;
H1;84;BANG, BANG, BANG, BANG, BANG, BANG, BANG, BANG, BANG, BANG, BANG, BANG, BANG, BANG, BANG, BANG, BANG...;2;14;0x1BE2;0x1C6A;texto;si;;;;;;;;;;;;
H1;85;2.@@1.@BEH HID@TU@IND E@@@RN@ME! INS@.@@@@@ IDE@@@@@@@ .@@@@@@@@@;5;10;0x1C7B;0x1CA7;pregunta;si;3;1;2;1;3;0;1. TURN.;2. HIDE INSIDE.;BEHIND ME!;;;
H1;86;WHAT...?! THE GLASS WAS COVERED IN DOZENS OF TINY HANDPRINTS IN DEEP RED.;8;8;0x1EB6;0x1EE9;texto;si;;;;;;;;;;;;
H1;87;LET US GET AWAY FROM HERE. JUST AS MY INSTINCTS SCREAMED AT ME, SOMETHING GRABBED MY ARM.;7;9;0x6732;0x6768;texto;si;;;;;;;;;;;;
H1;88;IT WAS REI-CHAN'S TREMBLING HAND. DO NOT WORRY REI-CHAN. I AM SURE WE CAN FIND A WAY OUT.;3;13;0x676E;0x67C7;texto;si;;;;;;;;;;;;
H1;89;YES, REI SEEMED TO HAVE CALMED DOWN A BIT.;8;8;0x6823;0x684C;texto;si;;;;;;;;;;;;
H1;90;HOLDING BACK MY PANIC, I TOOK THE FLASHLIGHT FROM MY BAG.;8;8;0x1F0A;0x1F3E;texto;si;;;;;;;;;;;;
H1;91;WHEN I TURNED IT ON THE CEILING WAS DIRTY AND CRACKED. THEN I SHONE IT DOWN THE HALL.;3;13;0x1F4F;0x1FB6;texto;si;;;;;;;;;;;;
H1;92;GUEST ROOMS LINED BOTH SIDES OF THE HALL. GUEST ROOMS... HMM.;8;8;0x1FBA;0x1FE6;texto;si;;;;;;;;;;;;
H1;93;HII! REI-CHAN LET OUT A SHORT STARTLED CRY.;10;6;0x1FEF;0x2013;texto;si;;;;;;;;;;;;
H1;94;SURPRISED, I LOOKED AT HER. SHE WAS FROZEN, POINTING AT THE ROOM BESIDE US. I QUICKLY SHONE THE LIGHT WHERE SHE POINTED.;3;13;0x2017;0x207C;texto;si;;;;;;;;;;;;
H1;95;I APPROACHED CAUTIOUSLY. THERE WAS A PIECE OF PAPER ON THE ROTTING DOOR. I COULD NOT BELIEVE IT. IT HAD OUR NAMES ON IT.;5;11;0x2091;0x20D9;texto;si;;;;;;;;;;;;
H1;96;CURIOUS ABOUT WHAT WAS INSIDE, I REACHED FOR THE DOORKNOB. BUT THEN REI-CHAN GRABBED MY SLEEVE AND SHOOK HER HEAD.;5;11;0x20DC;0x212A;texto;si;;;;;;;;;;;;
H1;97;HEY, LET US STOP. I HAVE A FEELING SOMETHING TERRIBLE WILL HAPPEN...;10;6;0x2144;0x2169;texto;si;;;;;;;;;;;;
H1;98;2.@@1.@@@HER@@ WOR@CURI@TINY@ RY@@OUS@@HAND@ ABO@ABOU@ON@@@ UT@@T@@@@MY@@@ REI@THE@@SLEEV -CH@ROOM@E@@@@ AN.@.@@@@WAS@@ @@@@@@@@@TREMB @@@@@@@@@LING.;2;14;0x216C;0x21C2;pregunta;si;3;1;4;1;5;0;1. CURIOUS ABOUT THE ROOM.;2. WORRY ABOUT REI-CHAN.;HER TINY HAND ON MY SLEEVE WAS TREMBLING.;;;
H1;99;BUT I COULD NOT STAY HERE. MAYBE THERE WAS A WAY OUT.;7;9;0x2253;0x2286;texto;si;;;;;;;;;;;;
H1;100;BEING CAREFUL NOT TO BREAK THE ROTTING DOOR, I GRIPPED THE KNOB AND PUSHED HARD.;10;6;0x2290;0x22B5;texto;si;;;;;;;;;;;;
H1;101;WITH A LONG CREAK, THE DOOR SWUNG OPEN.;10;6;0x22BF;0x22E8;texto;si;;;;;;;;;;;;
H1;102;MOONLIGHT POURED BRIGHTLY THROUGH THE WINDOW. THE CEILING AND FLOOR WERE BATHED IN WHITE.;5;11;0x22F3;0x233C;texto;si;;;;;;;;;;;;
H1;103;INSIDE WERE TWO SIMPLE BEDS IN A ROW, AND ON EACH SAT SOMETHING SQUARE... A WOODEN BOX?;8;8;0x233F;0x2373;texto;si;;;;;;;;;;;;
H1;104;BETWEEN THEM WAS A SMALL TABLE WITH A SQUARE BOX ON TOP. A WOODEN BOX... IT WAS A COFFIN.;7;9;0x238F;0x2397;texto;si;;;;;;;;;;;;
H1;105;BESIDE EACH ONE WAS A NAME WRITTEN: TAKAHASHI NAOKI AND MISAKI REIKO.;3;13;0x239A;0x23DC;texto;si;;;;;;;;;;;;
H1;106;WHAT IS THIS...? WHAT IS THIS SUPPOSED TO MEAN...?;10;6;0x23DF;0x23FF;texto;si;;;;;;;;;;;;
H1;107;I TURNED TO REI-CHAN, WHO WAS STARING AT THE COFFIN IN SHOCK. I TOOK HER HAND AND LED HER OUT.;7;9;0x2403;0x244B;texto;si;;;;;;;;;;;;
H1;108;BEHIND ME, AS SHE TRIED TO CLOSE THE DOOR, SHE MURMURED: US... ARE WE GOING TO END UP IN THERE...? BUT...;3;13;0x244F;0x249E;texto;si;;;;;;;;;;;;
H1;109;I CLOSED THE DOOR A BIT ROUGHLY. I AM SORRY... SHE SAID IN A FADING VOICE.;2;14;0x24A1;0x2507;texto;si;;;;;;;;;;;;
H1;110;NO, IT IS FINE. I AM THE ONE WHO IS SORRY FOR GETTING YOU INTO THIS, I SAID. NO... THAT IS NOT IT. I AM GLAD...;2;14;0x250A;0x2569;texto;si;;;;;;;;;;;;
H1;111;LET US GET OUT OF HERE, BOTH OF US. SURE! A SMILE RETURNED TO HER FACE.;7;9;0x256C;0x25A1;texto;si;;;;;;;;;;;;
H1;112;IT SEEMED TO ME THAT HAVING REI HERE WAS WHAT KEPT ME SANE.;8;8;0x272D;0x2759;texto;si;;;;;;;;;;;;
H1;113;HAVING OTHERS TRUST ME AND TRUSTING OTHERS IN RETURN... THAT WAS SOMETHING I HAD NEVER EXPERIENCED BEFORE.;5;11;0x275D;0x279C;texto;si;;;;;;;;;;;;
H1;114;AFTER WALKING A WHILE, I NOTICED REI-CHAN SEEMED A BIT RESTLESS.;8;8;0x27B3;0x27DD;texto;si;;;;;;;;;;;;
H1;115;WHAT IS WRONG, REI? IT IS JUST... I HAVE HAD THE FEELING SOMEONE HAS BEEN WATCHING US FOR A WHILE...;5;11;0x27E0;0x2835;texto;si;;;;;;;;;;;;
H1;116;I SHONE THE FLASHLIGHT AROUND.;12;4;0x2838;0x284F;texto;si;;;;;;;;;;;;
H1;117;HER EXPRESSION WAS CHANGING.;12;4;0x2859;0x2871;texto;si;;;;;;;;;;;;
H1;118;IT WAS...;13;3;0x2877;0x2896;texto;si;;;;;;;;;;;;
H1;119;REI-CHAN SLOWLY TURNED TO FACE ME, EYES WIDE AND FILLED WITH TEARS.;8;8;0x28A6;0x28D7;texto;si;;;;;;;;;;;;
H1;120;LET US GO! I GRABBED REI-CHAN'S HAND AND WE RAN OUT OF THERE.;8;8;0x2A61;0x2A8B;texto;si;;;;;;;;;;;;
H1;121;BEFORE I KNEW IT, THE HALL HAD REACHED A DEAD END.;8;8;0x2A8E;0x2AC9;texto;si;;;;;;;;;;;;
H1;122;I SAW STAIRS AND A DOOR CALLED CHRYSANTHEMUM ROOM. WHAT DO WE DO? ASKED REI-CHAN.;7;9;0x2ACC;0x2B03;texto;si;;;;;;;;;;;;
H1;123;2.@@@1.@@SHE@ GO@@@RES@LOOK UPST@T@@@ED@@ AIRS@IN@@TIRE .@@@@THA@D.@@ @@@@@T@@@@@@@ @@@@@ROO@@@@@ @@@@@M.@@@@@@;3;13;0x2B07;0x2B48;pregunta;si;4;1;3;1;4;0;1. REST IN THAT ROOM.;2. GO UPSTAIRS.;SHE LOOKED TIRED.;;;
H1;124;LET US GO UPSTAIRS. THERE SHOULD BE AN EMERGENCY LADDER UP THERE. OKAY... WE STARTED CLIMBING THE STAIRS.;0;16;0x2B53;0x2BC5;texto;si;;;;;;;;;;;;
H1;125;REI-CHAN SEEMED QUITE TIRED, BUT WE HAD TO GET OUT OF THIS INN AS SOON AS POSSIBLE.;7;9;0x2BC9;0x2C02;texto;si;;;;;;;;;;;;
H1;126;WE WENT UP AND AFTER WALKING DOWN THE HALL A BIT I SAW ANOTHER ROOM THAT LOOKED LIKE A GUEST ROOM.;3;13;0x32D5;0x3331;texto;si;;;;;;;;;;;;
H1;127;THE MOONLIGHT THAT HAD BEEN FILTERING IN WAS NOW BLOCKED BY SOMETHING AND BARELY ANY CAME THROUGH.;8;8;0x333C;0x336B;texto;si;;;;;;;;;;;;
H1;128;I SHONE THE FLASHLIGHT INSIDE THE ROOM.;12;4;0x336E;0x3387;texto;si;;;;;;;;;;;;
H1;129;WE TUMBLED OUT OF THE ROOM AND RAN BLINDLY DOWN THE HALL.;10;6;0x33A8;0x33D7;texto;si;;;;;;;;;;;;
H1;130;I STUMBLED SEVERAL TIMES BUT KEPT RUNNING.;10;6;0x33DB;0x33FE;texto;si;;;;;;;;;;;;
H1;131;WHEN I NOTICED, REI, WHO SHOULD HAVE BEEN RUNNING BESIDE ME, WAS GONE.;10;6;0x3401;0x3425;texto;si;;;;;;;;;;;;
H1;132;REI-CHAN...? REI! I TURNED AROUND FRANTICALLY AND LOOKED AROUND.;8;8;0x342E;0x346A;texto;si;;;;;;;;;;;;
H1;133;LOOKING CLOSER I SAW A LARGE HOLE IN THE FLOOR A BIT FURTHER BACK.;10;6;0x3473;0x3498;texto;si;;;;;;;;;;;;
H1;134;RUSHING BACK, I SAW REI-CHAN HAD FALLEN THROUGH TO THE FIRST FLOOR. THE FLOOR MUST HAVE GIVEN WAY UNDER HER.;5;11;0x349B;0x34EC;texto;si;;;;;;;;;;;;
H1;135;HAD SHE FAINTED? REI-CHAN WAS NOT MOVING. NO MATTER HOW MANY TIMES I CALLED HER NAME, THERE WAS NO RESPONSE.;7;9;0x34EF;0x352B;texto;si;;;;;;;;;;;;
H1;136;2.@@@1.@@SHE@@@@ PLAN@JUM@STILL@@ HOW@@P@@@BREAT@@ TO@@@INT@HED@@@@ SAVE@O@@@FAINT@@ HER.@THE@LY.@@@@ @@@@@HOL@@@@@@@@ @@@@@E.@@@@@@@@@;0;16;0x3534;0x359F;pregunta;si;4;1;3;1;5;2;1. JUMP INTO THE HOLE.;2. PLAN HOW TO SAVE HER.;SHE STILL BREATHED FAINTLY.;;;
H1;137;I GOT UP READY TO JUMP IN THE HOLE TO HELP HER. AT THAT MOMENT, MOONLIGHT BEGAN FILTERING IN.;7;9;0x35AB;0x35E8;texto;si;;;;;;;;;;;;
H1;138;I LOOKED AROUND FOR A WINDOW AND SAW MOONLIGHT COMING THROUGH AN OPEN WINDOW.;7;9;0x35F3;0x362F;texto;si;;;;;;;;;;;;
H1;139;THEN I SAW WHAT LOOKED LIKE A LARGE BOX. THAT HAD TO BE THE EMERGENCY LADDER!;5;11;0x3632;0x3670;texto;si;;;;;;;;;;;;
H1;140;A DARK FIGURE WHISPERED TO ME. LET US RUN. IT WAS MY OTHER SELF...;7;9;0x374A;0x377C;texto;si;;;;;;;;;;;;
H1;141;BUT... WHO CARES? SHE IS JUST A STRANGER.;8;8;0x377F;0x37A5;texto;si;;;;;;;;;;;;
H1;142;A STRANGER...? YES! A COMPLETE STRANGER! WHO CARES WHAT HAPPENS TO HER!;6;10;0x37A8;0x37E7;texto;si;;;;;;;;;;;;
H1;143;BUT... AS I HESITATED... SOMETHING SUDDENLY CAME OUT FROM BELOW THE HOLE. IT LOOKED LIKE A BABY'S HAND.;2;14;0x3BAF;0x3C15;texto;si;;;;;;;;;;;;
H1;144;THE VOICE OF MY OTHER SELF GREW MORE INSISTENT... LET US GO GET HELP... WHAT ELSE CAN WE DO? WHAT IS WRONG WITH THAT?;2;14;0x3C18;0x3C6A;texto;si;;;;;;;;;;;;
H1;145;...BUT THAT WAS STILL ME.;12;4;0x3C6D;0x3C7E;texto;si;;;;;;;;;;;;
H1;146;AFTER THE FIRST HANDS APPEARED FROM BELOW THE HOLE, MORE AND MORE CAME UP ONE AFTER ANOTHER. THEN THE VOICE OF REI-CHAN CUT THROUGH EVERYTHING.;2;14;0x3C85;0x3CEC;texto;si;;;;;;;;;;;;
H1;147;I STEPPED TOWARD THE EMERGENCY LADDER. SUDDENLY ALL THE HANDS TURNED TO FACE ME.;2;14;0x3CF6;0x3D79;texto;si;;;;;;;;;;;;
H1;148;THE DUSTY BOX HAD EMERGENCY LADDER WRITTEN ON IT. I TRIED TO OPEN THE LID, BUT THE LOCK WAS STUCK.;2;14;0x3D8B;0x3DFD;texto;si;;;;;;;;;;;;
H1;149;I PRIED THE LID OPEN WITH ALL MY STRENGTH AND IT CAME OPEN WITH A CRACK.;7;9;0x3E00;0x3E4A;texto;si;;;;;;;;;;;;
H1;150;I THREW OFF THE LID, GRABBED THE ROPE LADDER INSIDE AND THREW IT OUT THE WINDOW.;8;8;0x3E4E;0x3E8F;texto;si;;;;;;;;;;;;
H1;151;THE ROPE LADDER HUNG DOWN TO THE GROUND, ALONG WITH THE GUILT IN MY HEART...;10;6;0x3E93;0x3EC6;texto;si;;;;;;;;;;;;
H1;152;I CLIMBED DOWN THE ROPE LADDER TO THE GROUND.;12;4;0x3EDA;0x3EF7;texto;si;;;;;;;;;;;;
H1;153;REI-CHAN... AS I WENT THROUGH THE DOOR I BROKE INTO A FULL RUN.;10;6;0x3EFA;0x3F1D;texto;si;;;;;;;;;;;;
H1;154;I WAS OUT OF BREATH BUT KEPT RUNNING. I HAD TO SAVE REI-CHAN AS FAST AS POSSIBLE...;5;11;0x3F21;0x3F6A;texto;si;;;;;;;;;;;;
H1;155;SUDDENLY I FELT A STRONG VIBRATION IN MY PANTS POCKET.;10;6;0x3F6E;0x3F97;texto;si;;;;;;;;;;;;
H1;156;AH, WHAT... WHAT IS THIS...! I QUICKLY REACHED INTO MY POCKET AND PULLED OUT WHATEVER WAS VIBRATING. IT WAS MY PHONE.;3;13;0x3FA0;0x3FFA;texto;si;;;;;;;;;;;;
H1;157;ON THE SCREEN WAS AN INCOMING CALL MESSAGE. BUT AT THE SAME TIME IT ALSO SHOWED NO SIGNAL.;0;16;0x4005;0x40A5;texto;si;;;;;;;;;;;;
H1;158;CLICK, DRAG... DRAG... THUD...;2;14;0x40B1;0x40FA;texto;si;;;;;;;;;;;;
H1;159;DRAG... DRAG... DRAG...;5;11;0x4108;0x413B;texto;si;;;;;;;;;;;;
H1;160;...WHAT... WHAT IS THAT SOUND? FROM THE OTHER END OF THE PHONE CAME THE SOUND OF SOME OBJECT.;7;9;0x413E;0x4169;texto;si;;;;;;;;;;;;
H1;161;CLICK, CLICK, DRAG... CRACK... THUD... WHAT IS THIS...?;2;14;0x4173;0x41DB;texto;si;;;;;;;;;;;;
H1;162;HELLO...? SILENCE. WHAT IS THIS FOR GOODNESS SAKE...?;8;8;0x41E4;0x4206;texto;si;;;;;;;;;;;;
H1;163;YOU ARE RUNNING AWAY AGAIN... NAOKI.;7;9;0x420F;0x4226;texto;si;;;;;;;;;;;;
H1;164;NO, I AM GOING TO GET HELP RIGHT NOW... THE CALL CUT OFF.;5;11;0x5CA8;0x5CE0;texto;si;;;;;;;;;;;;
H1;165;I STARED BLANKLY AT MY PHONE. THAT VOICE WAS DEFINITELY REI-CHAN'S. NO, I DID NOT RUN AWAY, REI...;2;14;0x5CEC;0x5D53;texto;si;;;;;;;;;;;;
H1;166;I MUTTERED AS IF REPEATING IT TO MYSELF. AS IF NOT DOING SO WOULD MAKE ME FALL APART.;5;11;0x5D59;0x5DA2;texto;si;;;;;;;;;;;;
H1;167;AS I STUMBLED ALONG WITHOUT STRENGTH, I SAW A LIGHT APPROACHING. WHEN IT REACHED ME, I SAW A FACE I RECOGNIZED.;2;14;0x5DA6;0x5E14;texto;si;;;;;;;;;;;;
H1;168;BESIDES THE MAN FROM EARLIER, TWO OTHER MEN I DID NOT KNOW WERE WITH HIM.;8;8;0x5E17;0x5E43;texto;si;;;;;;;;;;;;
H1;169;AH, IT IS YOU FROM BEFORE. I THOUGHT THERE MIGHT BE A NICE INN UP THE MOUNTAIN SO I ASKED GRANDMA ABOUT IT WHEN I GOT HOME, AND SHE SAID IT DISAPPEARED WHEN SHE WAS A KID, SO I GOT WORRIED AND CAME.;0;16;0x5E4D;0x5EBC;texto;si;;;;;;;;;;;;
H1;170;AH YES, I KNOW THAT INN WELL! THAT INN WITH THE GRIMY GREEN COLOR THAT GIVES YOU A SAD FEELING!;8;8;0x5EBF;0x5EEE;texto;si;;;;;;;;;;;;
H1;171;HEY, MAN, THAT IS NOT THE SAME INN AT ALL. YOU JUST SAID IT DISAPPEARED WHEN YOU WERE A KID, RIGHT?;8;8;0x5EF1;0x5F27;texto;si;;;;;;;;;;;;
H1;172;HUH? WHAT HAPPENED TO YOUR COMPANION? I TOLD THE MEN ABOUT THE INN ON THE MOUNTAIN, THAT IT WAS STILL STANDING, AND THAT REI-CHAN WAS STILL INSIDE.;0;16;0x5F2A;0x5F9C;texto;si;;;;;;;;;;;;
H1;173;THEN THEIR FACES WENT PALE ALL AT ONCE AND THEY LOOKED AT EACH OTHER. HEY, ONE QUESTION... WHAT IS HER NAME?;3;13;0x5F9F;0x5FF6;texto;si;;;;;;;;;;;;
H1;174;WHEN I ANSWERED, THEY STARTED TALKING AMONGST THEMSELVES. THE TRACTOR ENGINE WAS SO LOUD I COULD NOT HEAR WHAT THEY SAID.;5;11;0x5FF9;0x604A;texto;si;;;;;;;;;;;;
H1;175;...REI-CHAN IS IN DANGER, PLEASE HELP ME. SHE CANNOT WAIT ANY LONGER... I KNOW, I KNOW. GET ON...;0;16;0x604D;0x60BB;texto;si;;;;;;;;;;;;
H1;176;THE MAN MUTTERED QUIETLY: I WOULD NOT SAY IT IS SAFE... SOON AFTER, THE TRACTOR PULLED UP IN FRONT OF THE INN.;0;16;0x60BE;0x6142;texto;si;;;;;;;;;;;;
H1;177;DAMN IT! IT WOULD NOT OPEN. NO MATTER HOW HARD I PUSHED THE DOOR, IT WOULD NOT BUDGE. IT WOULD NEVER GIVE WAY.;8;8;0x614E;0x617F;texto;si;;;;;;;;;;;;
H1;178;KID, GET OUT OF THE WAY! WHEN I TURNED AROUND THE TRACTOR WAS RAMMING STRAIGHT AT THE DOOR AT FULL SPEED.;7;9;0x6188;0x61C6;texto;si;;;;;;;;;;;;
H1;179;THE TRACTOR HAD CLEANLY SMASHED THROUGH THE DOOR.;12;4;0x61D0;0x61E9;texto;si;;;;;;;;;;;;
H1;180;I RUSHED INSIDE THE INN AND IN THE ENTRANCE WAS A BLOOD-STAINED COFFIN WITH THE NAME MISAKI REIKO WRITTEN ON IT.;2;14;0x61EC;0x6242;texto;si;;;;;;;;;;;;
H1;181;WITHOUT THINKING I GRABBED THE COFFIN AND AS I SLOWLY OPENED IT I SAW REI INSIDE, COVERED IN SOMETHING.;7;9;0x6245;0x629B;texto;si;;;;;;;;;;;;
H1;182;I FELT MY SOUL DRAIN FROM EVERY PORE... AH...! I DID NOT MAKE IT IN TIME... REI.;2;14;0x629E;0x62E8;texto;si;;;;;;;;;;;;
H1;183;I COLLAPSED THERE AND FOR A WHILE I WAS IN A STATE OF SHOCK.;10;6;0x62F2;0x6316;texto;si;;;;;;;;;;;;
H1;184;NA... O... KI-SAN... SOMETHING COLD BRUSHED MY FACE. IT WAS REI-CHAN'S HAND. THAT HAND WAS SURPRISINGLY...;3;13;0x6322;0x6371;texto;si;;;;;;;;;;;;
H1;185;AND THAT VOICE TOO. IN THE END YOU DID RUN AWAY, NAOKI-SAN. I SAID NOTHING AND JUST STARED AT REI-CHAN.;7;9;0x6374;0x63B5;texto;si;;;;;;;;;;;;
H1;186;REI-CHAN AGED RAPIDLY BEFORE MY EYES, AND HER BODY BEGAN TO ROT. LITTLE BY LITTLE, EVERYTHING TURNED TO...;6;10;0x63BF;0x6410;texto;si;;;;;;;;;;;;
H1;187;WHEN I REGAINED CONSCIOUSNESS I WAS IN THE HOSPITAL. WHAT HAD ACTUALLY HAPPENED? I NO LONGER KNEW WHAT WAS REAL.;2;14;0x642A;0x648A;texto;si;;;;;;;;;;;;
H1;188;IT SEEMED EVERYONE IN THIS HOSPITAL KNEW ABOUT THAT INN, BUT THEY DID NOT TELL ME MUCH.;7;9;0x648D;0x64C5;texto;si;;;;;;;;;;;;
H1;189;WHERE THE INN STOOD THERE USED TO BE A SANATORIUM WHERE THE DAUGHTER OF A WEALTHY FAMILY RECOVERED.;8;8;0x64C8;0x6501;texto;si;;;;;;;;;;;;
H1;190;THAT GIRL WAS PREGNANT, AND THE BABY SHE CARRIED WAS NOT HER HUSBAND'S.;8;8;0x6504;0x652E;texto;si;;;;;;;;;;;;
H1;191;THE BIRTH WENT WELL, BUT IN THE END BOTH MOTHER AND CHILD DIED A FEW DAYS LATER.;8;8;0x6531;0x6566;texto;si;;;;;;;;;;;;
H1;192;THAT EVENING MY PARENTS CAME TO PICK ME UP. EVEN THOUGH I HAD NO PHYSICAL INJURIES, THE EMOTIONAL DAMAGE WAS...;2;14;0x6569;0x65D3;texto;si;;;;;;;;;;;;
H1;193;I DID NOT CARE HOW MUCH THEY SCOLDED ME. I COULD GO HOME. I NEVER THOUGHT GOING HOME COULD FEEL SO...;5;11;0x65D6;0x661A;texto;si;;;;;;;;;;;;
H1;194;I GOT IN THE CAR WITH MY PARENTS. AS FAR AS THE EYE COULD SEE WERE RICE FIELDS AND SCATTERED FARMHOUSES.;2;14;0x6623;0x6689;texto;si;;;;;;;;;;;;
H1;195;A WHITE DRESS, A WHITE HAT. AS WE PASSED SHE LOOKED AT ME. HER LIPS MOVED SLIGHTLY. I COULD NOT HEAR HER VOICE.;3;13;0x669A;0x66FB;texto;si;;;;;;;;;;;;
H1;196;RUNNING AWAY AGAIN... THAT IS WHAT...;5;11;0x6704;0x671E;texto;si;;;;;;;;;;;;
H1;7B;YOU DO NOT HAVE ENOUGH MONEY? HUH... THE GIRL HUNG HER HEAD AGAIN, UNCOMFORTABLE.;6;10;0x02D8;0x0583;texto;si;;;;;;;;;;;;
H1;8B;SEEING THIS, THE DRIVER WAVED HIS HAND LIMPLY. AAAH, FORGET IT, HE SAID. JUST GO, YOU DON'T NEED TO PAY.;1;15;0x0585;0x05E7;texto;calibrado;;;;;;;;;;;;
H1;9B;THE GIRL BOWED AGAIN AND AGAIN TO THE DRIVER AND GOT OFF THE BUS. I GOT OFF RIGHT AFTER.;0;16;0x05E9;0x066B;texto;si;;;;;;;;;;;;
H1;12B;WITHOUT MEANING TO, I LOOKED AWAY, EMBARRASSED. THEN THE GIRL ALSO NOTICED I HAD BEEN LOOKING AT HER.;1;15;0x072B;0x0835;texto;calibrado;;;;;;;;;;;;
H1;13B;WE COULD NOT KEEP STANDING THERE FEELING AWKWARD WITHOUT TALKING. SO AS THE MAN, I DECIDED TO SPEAK FIRST.;1;15;0x0837;0x088B;texto;calibrado;;;;;;;;;;;;
H1;14B;THE GIRL KEPT LOOKING DOWN AND SAID NOTHING. HMM, THIS...;10;6;0x088D;0x08AF;texto;calibrado;;;;;;;;;;;;
H1;20B;WHAT DO YOU NEED TO KNOW WHERE I LIVE FOR? SHE ASKED. THAT... SHE SEEMED TO FIND IT HARD TO SPEAK ABOUT.;6;10;0x0C09;0x1DF9;texto;calibrado;;;;;;;;;;;;
H1;21B;YOU DO NOT HAVE TO TELL ME. MORE IMPORTANTLY, LET US THINK ABOUT WHAT TO DO FROM HERE.;8;8;0x1DFB;0x1E29;texto;si;;;;;;;;;;;;
H1;35B;COULD IT BE FOR THE SAME REASON AS REI-CHAN?;12;4;0x0FED;0x1004;texto;si;;;;;;;;;;;;
H1;36B;IT HAS BEEN QUITE A WHILE SINCE THEN, HASN'T IT?;12;4;0x1006;0x101C;texto;calibrado;;;;;;;;;;;;
H1;37B;THIS SMALL VILLAGE WAS FEATURED ON A TV PROGRAM AND I FELT A STRONG PULL TOWARD IT. I DID NOT KNOW WHY AT THE TIME.;1;15;0x101E;0x108E;texto;calibrado;;;;;;;;;;;;
H1;38B;I TOLD MY PARENTS I WANTED TO GO THERE, BUT THEY DID NOT UNDERSTAND ME.;5;11;0x1090;0x10D1;texto;calibrado;;;;;;;;;;;;
H1;39B;WHEN I SAID I WANTED TO GO AT ALL COSTS, WE AGREED I COULD ONLY GO IF I GOT GOOD GRADES.;5;11;0x10D3;0x111A;texto;si;;;;;;;;;;;;
H1;40B;BUT THE TRUTH WAS I DID NOT CARE WHERE I WENT. IT WAS NOT THAT I WANTED TO GO SOMEWHERE.;5;11;0x111C;0x1165;texto;si;;;;;;;;;;;;
H1;41B;BUT RUN AWAY FROM WHAT?...;10;6;0x1167;0x687B;texto;calibrado;;;;;;;;;;;;
H1;42B;I UNDERSTAND A LITTLE, SHE SAID. I WAS A LITTLE SURPRISED, IT SEEMED I HAD SAID IT OUT LOUD WITHOUT REALIZING.;3;13;0x687D;0x68CB;texto;si;;;;;;;;;;;;
H1;43B;I WAS EMBARRASSED AND LOOKED DOWN. THEN SHE ALSO WENT QUIET.;6;10;0x68CD;0x68FD;texto;calibrado;;;;;;;;;;;;
H1;88B;I AM... A LITTLE INSENSITIVE. EVEN FOR ME AS A MAN, IT TAKES EVERYTHING I HAVE TO HOLD DOWN MY FEAR, SO REI-CHAN MUST BE...;1;15;0x21CC;0x2618;texto;calibrado;;;;;;;;;;;;
H1;89B;I LET GO OF THE DOORKNOB AND GENTLY TOOK REI-CHAN'S TREMBLING HAND. SHE SEEMED SURPRISED AND LOOKED AT ME.;5;11;0x261A;0x2668;texto;si;;;;;;;;;;;;
H1;90B;THAT IS NOT IT... NAOKI-SAN WAS SO KIND TO ME, AND I AM GLAD, SHE SAID, LOOKING STRAIGHT AT ME.;3;13;0x266A;0x26BB;texto;calibrado;;;;;;;;;;;;
H1;91B;ALRIGHT, FROM HERE JUST THE TWO OF US. OKAY. AND THEN REI-CHAN'S HAND BARELY TREMBLED ANYMORE, AND I MYSELF FELT...;1;15;0x26BD;0x270E;texto;calibrado;;;;;;;;;;;;
H1;100B;HOLDING DOWN THE RISING TERROR, I HELD REI-CHAN TIGHT AS SHE TREMBLED WITH FEAR, AND SHE GRIPPED MY ARMS WITH HER HANDS.;5;11;0x28D9;0x293F;texto;si;;;;;;;;;;;;
H1;101B;THE TWO OF US, TRYING NOT TO LET OUR HEARTS BREAK, HELD EACH OTHER UP AND KEPT GOING.;8;8;0x2941;0x2970;texto;calibrado;;;;;;;;;;;;
H1;102B;KEEPING OUR VOICES DOWN WE LEFT THAT PLACE, AND AFTER WALKING A WHILE, THE HALL ENDED IN A DEAD END.;6;10;0x2972;0x29BF;texto;calibrado;;;;;;;;;;;;
H1;103B;LOOKING AROUND I SAW STAIRS TO THE SECOND FLOOR AND A DOOR MARKED CHRYSANTHEMUM ROOM.;8;8;0x29C1;0x29F3;texto;calibrado;;;;;;;;;;;;
H1;104B;2.@@1.@@WHAT@@@@ GO@@RES@DO@@@@@@ UPS@T@@@WE@@@@@@ TAI@HER@DO?@@@@@ RS.@E.@@SHE@@@@@ @@@@@@@@SAID@@@@ @@@@@@@@AND@@@@@ @@@@@@@@I@@@@@@@ @@@@@@@@NOTICED@ @@@@@@@@SOME@@@@ @@@@@@@@TIREDNES @@@@@@@@S@@@@@@@ @@@@@@@@IN@@@@@@ @@@@@@@@REI-CHAN @@@@@@@@'S@@@@@@ @@@@@@@@FACE.@@@;0;16;0x29F5;0x2A56;pregunta;si;3;1;3;1;8;0;1. REST HERE.;2. GO UPSTAIRS.;WHAT DO WE DO? SHE SAID AND I NOTICED SOME TIREDNESS IN REI-CHAN'S FACE.;;;
H1;118B;DAMN! I FOUGHT THE URGE TO JUMP DOWN IMMEDIATELY TO HELP HER AND CALMLY THOUGHT OF A WAY TO RESCUE HER.;6;10;0x35A9;0x426C;texto;calibrado;;;;;;;;;;;;
H1;119B;LOOKING AROUND, ON THE FAR WALL I SAW SOMETHING LIKE A LARGE BOX. THAT IS IT! NO DOUBT, IT IS THE EMERGENCY LADDER.;3;13;0x426E;0x42C3;texto;calibrado;;;;;;;;;;;;
H1;120B;WAAA! SOMETHING SUDDENLY SHOT UP FROM BENEATH THE HOLE. IT LOOKED LIKE A BABY'S HAND. THOSE FINGERS WERE...;1;15;0x42C5;0x433B;texto;calibrado;;;;;;;;;;;;
H1;121B;AFTER SEVERAL HANDS SHOT UP FROM BELOW THE HOLE, FROM BEHIND EVERYTHING WAS MOVING ON THE FLOOR.;5;11;0x433D;0x4396;texto;si;;;;;;;;;;;;
H1;122B;2.@@@1.@@@IT'S THER@USE@@JUST E'S@@THE@@LIKE NO@@@EMER@A@@@ CHOI@GENC@SEA@ CE@@@Y@@@@ANEM BUT@@LADD@ONE@ TO@@@ER@@@@@@@ PUT@@TO@@@@@@@ MY@@@GO@@@@@@@ HAND@HELP@@@@@ IN@@@HER@@@@@@;2;14;0x4398;0x43F2;pregunta;calibrado;4;1;4;1;4;0;1. USE THE EMERGENCY LADDER TO GO HELP HER;2. THERE'S NO CHOICE BUT TO PUT MY HAND IN;IT'S JUST LIKE A SEA ANEMONE;;;
H1;123B;JUST AS I HAD MADE UP MY MIND TO JUMP, THE OTHER SELF INSIDE ME SAID: LET US RUN.;6;10;0x43FC;0x510D;texto;calibrado;;;;;;;;;;;;
H1;124B;BUT... IS THAT OKAY? IN THE END SHE IS JUST A COMPLETE STRANGER.;8;8;0x510F;0x5136;texto;calibrado;;;;;;;;;;;;
H1;125B;A COMPLETE STRANGER? THAT IS RIGHT! SHE IS A COMPLETE STRANGER! WHO CARES WHAT HAPPENS TO HER?!;6;10;0x5138;0x5178;texto;calibrado;;;;;;;;;;;;
H1;126B;NOOOO! HELP ME, NAOKI! FROM BELOW CAME REI-CHAN'S HEARTRENDING SCREAM. IT SEEMED SHE HAD REGAINED CONSCIOUSNESS.;3;13;0x517A;0x53D3;texto;calibrado;;;;;;;;;;;;
H1;127B;I STEELED MYSELF AND CRIED OUT, BUT MY BODY WOULD NOT OBEY.;8;8;0x53D5;0x5403;texto;calibrado;;;;;;;;;;;;
H1;128B;IS THERE NOTHING I CAN DO? FEAR SEEPED INTO MY HEART... SOMETHING PRESSED DOWN ON ME INSIDE...;3;13;0x5405;0x5458;texto;calibrado;;;;;;;;;;;;
H1;18C;THIS IS... HEHEHE. THE GIRL SEEMED TO BE JOKING AROUND, SO I DECIDED TO PLAY ALONG. THE FASTEST WAY TO MAKE FRIENDS WITH A WOMAN WAS TO MAKE HER LAUGH.;3;13;0x07D8;0x0974;texto;si;;;;;;;;;;;;
H1;19C;IT APPEARS YOU HAVE COME SOMEWHERE YOU REALLY SHOULD NOT HAVE. YOU MIGHT NEVER BE ABLE TO RETURN HOME.;5;11;0x0976;0x09B9;texto;si;;;;;;;;;;;;
H1;20C;WHEN YOU ARE FREED FROM YOUR TROUBLES, PERHAPS YOU CAN GO HOME. I KEPT MAKING THINGS UP AS I WENT ALONG.;5;11;0x09BB;0x09FE;texto;si;;;;;;;;;;;;
H1;21C;CAN I BE FREED FROM MY TROUBLES? IT SEEMED THE GIRL HAD JOINED IN ON THE GAME.;8;8;0x0A00;0x0A2D;texto;si;;;;;;;;;;;;
H1;22C;TELL ME EVERYTHING. AND SURRENDER YOURSELF TO NATURE.;10;6;0x0A2F;0x0A53;texto;si;;;;;;;;;;;;
H1;28C;WHY DID YOU RUN AWAY FROM HOME? WELL... UM... THE GIRL HESITATED A MOMENT, THEN TOLD ME HER TROUBLES. IT WENT SOMETHING LIKE THIS.;0;16;0x0C09;0x1D04;texto;si;;;;;;;;;;;;
H1;29C;HER FAMILY HAD PRACTICED IKEBANA FOR AGES. SHE WAS THE ONLY HEIR AND TRAINED FROM CHILDHOOD.;7;9;0x1D06;0x1D56;texto;si;;;;;;;;;;;;
H1;30C;HER MOTHER WANTED HER TO SUCCEED THE FAMILY AND DECIDED EVERYTHING ABOUT HER DAUGHTERS LIFE.;9;7;0x1D58;0x1D87;texto;si;;;;;;;;;;;;
H1;31C;SHE HAD EVEN DECIDED ON HER BETROTHED. THAT HAD REALLY BOTHERED HER BUT SHE COULD NOT DISOBEY.;7;9;0x1D89;0x1DCA;texto;si;;;;;;;;;;;;
H1;32C;TOMORROW SHE WOULD FINALLY MEET THAT FIANCE, AND UNABLE TO BEAR IT ANY LONGER, SHE HAD RUN AWAY.;7;9;0x1DCC;0x1E6E;texto;si;;;;;;;;;;;;
H1;121C;LET US REST IN THAT ROOM FOR A MOMENT.;12;4;0x2A60;0x2E1D;texto;si;;;;;;;;;;;;
H1;122C;WE DECIDED TO REST A WHILE IN THE CHRYSANTHEMUM ROOM. LOOKING INSIDE, MOONLIGHT ENTERED BRIGHTLY.;2;14;0x2C74;0x2C90;texto;si;;;;;;;;;;;;
H1;123C;THOSE HOPES WERE SOON CRUSHED. THE WINDOW WAS BOARDED UP AND THE GAPS WERE TOO SMALL FOR A HUMAN TO FIT THROUGH.;3;13;0x2C92;0x2CE6;texto;si;;;;;;;;;;;;
H1;124C;IF ONLY I COULD GET THIS BOARD OFF... I PULLED WITH ALL MY STRENGTH BUT IT DID NOT BUDGE AT ALL.;8;8;0x2CE8;0x2D24;texto;si;;;;;;;;;;;;
H1;125C;SORRY, I DO NOT THINK I CAN GET IT OFF WITH MY STRENGTH. I SEE.;10;6;0x2D26;0x2D47;texto;si;;;;;;;;;;;;
H1;126C;REI-CHAN REPLIED A BIT DISAPPOINTEDLY. WELL, THEN LET US REST HERE A MOMENT, I SAID.;3;13;0x2D49;0x2DA1;texto;si;;;;;;;;;;;;
H1;127C;REI-CHAN AND I SAT DOWN ON THE FLOOR. SHE SEEMED A BIT TIRED... BOTH PHYSICALLY AND MENTALLY.;5;11;0x2DA3;0x2DF0;texto;si;;;;;;;;;;;;
H1;128C;I TOOK THE HAT REI-CHAN WAS WEARING, PUT IT ON MY HEAD, STOOD UP AND SAID: I AM REIKO. NICE TO MEET YOU. AND BOWED.;2;14;0x2DF2;0x320A;texto;si;;;;;;;;;;;;
H1;129C;REI-CHAN LOOKED SURPRISED AT FIRST, BUT THEN SEEMED TO REMEMBER AND GIGGLED. I GREW EMBARRASSED AND LAUGHED TOO.;5;11;0x320C;0x325D;texto;si;;;;;;;;;;;;
H1;130C;IT SEEMED I HAD MANAGED TO EASE REI-CHAN'S TENSION A BIT. SHALL WE GET GOING? REI-CHAN NODDED SLIGHTLY. YES, LET US, SHE SAID.;0;16;0x325F;0x32B6;texto;si;;;;;;;;;;;;
H1;131C;WE STOOD UP, LEFT THE ROOM AND WENT UP THE STAIRS WE HAD FOUND BEFORE TO THE SECOND FLOOR.;8;8;0x32BF;0x58A0;texto;si;;;;;;;;;;;;
H1;146C;SOMETHING DARK WHISPERED TO ME. LET US RUN. IT WAS THE OTHER ME INSIDE...;7;9;0x3672;0x36C4;texto;si;;;;;;;;;;;;
H1;147C;BUT... THAT IS OKAY, RIGHT? SHE IS A COMPLETE STRANGER, AFTER ALL.;9;7;0x36C6;0x36ED;texto;si;;;;;;;;;;;;
H1;148C;A COMPLETE STRANGER? YES! I DO NOT CARE WHAT HAPPENS TO THAT GIRL! IS THAT NOT RIGHT?;7;9;0x36EF;0x372F;texto;si;;;;;;;;;;;;
H1;149C;YOU ARE WRONG!;7;9;0x3731;0x37FE;texto;si;;;;;;;;;;;;
H1;150C;STEELING MYSELF, I FACED THE HOLE. MANY TINY BABY HANDS ROSE FROM WITHIN.;8;8;0x3800;0x45D0;texto;si;;;;;;;;;;;;
H1;151C;IYAAAA! NAOKI-SAN, HELP MEEE! REI-CHAN'S SCREAM ECHOED FROM BELOW. AT THE END OF THE SCREAM IT SEEMED SOMETHING CUT IT OFF.;4;12;0x45D2;0x4644;texto;si;;;;;;;;;;;;
H1;152C;I DOVE INTO THE HOLE WITHOUT THINKING. SHAKING OFF COUNTLESS HANDS, I FELL TO THE FIRST FLOOR.;5;11;0x4646;0x468E;texto;si;;;;;;;;;;;;
H1;153C;THE LANDING WENT BETTER THAN I EXPECTED. I CHECKED MY SURROUNDINGS. WHERE REI-CHAN SHOULD HAVE BEEN ON THE FLOOR...;5;11;0x4690;0x46EF;texto;si;;;;;;;;;;;;
H1;154C;WHAT... WHAT IS THIS...? IT WAS A MOUNTAIN OF BABIES. THROUGH THE GAPS I COULD BARELY SEE A GIRL WHO LOOKED LIKE...;0;16;0x46F1;0x476D;texto;si;;;;;;;;;;;;
H1;155C;REI-CHAN! I WILL SAVE YOU NOW! I THREW THE BABIES OFF REI-CHAN ONE BY ONE AND TOSSED THEM AWAY.;7;9;0x476F;0x47AF;texto;si;;;;;;;;;;;;
H1;156C;THAT IS THE LAST ONE! WHEN I FINISHED CLEARING THEM ALL OFF, I PULLED REI-CHAN UP. HOLD ON! REI-CHAN, WAKE UP!;3;13;0x47B1;0x481B;texto;si;;;;;;;;;;;;
H1;157C;SHE SLOWLY OPENED HER EYES. AT FIRST SHE SEEMED NOT TO UNDERSTAND, BUT WHEN SHE SAW MY FACE SHE CLUNG TO ME.;7;9;0x481D;0x485E;texto;si;;;;;;;;;;;;
H1;158C;NAOKI-SAN! UWAAAA, I WAS SO SCARED, SO SCARED!;10;6;0x4860;0x488B;texto;si;;;;;;;;;;;;
H1;159C;I HELD REI-CHAN UNTIL SHE CALMED DOWN. PERHAPS IN TRUTH I WAS THE ONE WHO WANTED TO CALM DOWN.;5;11;0x488D;0x48D9;texto;si;;;;;;;;;;;;
H1;160C;ANYWAY I HAD TO FIND A WAY OUT. I LOOKED AROUND THE ROOM AND FOUND LIGHT FILTERING IN.;3;13;0x48DB;0x4934;texto;si;;;;;;;;;;;;
H1;161C;MAYBE WE CAN GET OUT THAT WAY! I TOOK REI-CHAN'S HAND AND STARTED WALKING TOWARD THE LIGHT.;7;9;0x4936;0x496F;texto;si;;;;;;;;;;;;
H1;162C;AS WE GOT CLOSER I SAW THE LIGHT COMING IN THROUGH A WINDOW. OUR PACE QUICKENED MORE AND MORE.;7;9;0x4971;0x49AA;texto;si;;;;;;;;;;;;
H1;163C;HII! JUST A FEW STEPS FROM THE WINDOW, WE STOPPED. THE TREMBLING OF REI-CHAN'S HEART CAME THROUGH HER HAND.;5;11;0x49AC;0x4A00;texto;si;;;;;;;;;;;;
H1;164C;GIVE MY BABY BACK. FOR A MOMENT I DID NOT KNOW WHO WAS SPEAKING.;3;13;0x4A02;0x4A3D;texto;si;;;;;;;;;;;;
H1;165C;...CLICK. GIVE MY BABY BACK. THAT VOICE CAME FROM A FIGURE NEAR THE WINDOW.;3;13;0x4A3F;0x4A8B;texto;si;;;;;;;;;;;;
H1;166C;I STEELED MYSELF AND TOOK A STEP FORWARD. THE FAINT LIGHT FROM THE WINDOW GREW STRONGER AND STRONGER.;5;11;0x4A8D;0x4AD9;texto;si;;;;;;;;;;;;
H1;167C;THERE WAS A WOMAN WITH A DEMONIC FACE GLARING AT US. LET US RUN. SURE. LOOKING BEHIND US WERE STAIRS.;2;14;0x4ADB;0x4B58;texto;si;;;;;;;;;;;;
H1;168C;I TOOK REI-CHAN'S HAND AND STARTED RUNNING TOWARD THE STAIRS, NEARLY STUMBLING.;10;6;0x4B5A;0x4B84;texto;si;;;;;;;;;;;;
H1;169C;CLICK. GIVE MY BABY BACK. AT OUR FEET THE BABIES I HAD THROWN EARLIER WERE CRAWLING, BLOCKING OUR WAY.;0;16;0x4B86;0x4BE6;texto;si;;;;;;;;;;;;
H1;170C;DODGING THE BABIES WE SOMEHOW REACHED THE STAIRS, AND WHEN I LOOKED BACK, THE DEMON WOMAN WAS RIGHT THERE.;7;9;0x4BE8;0x4C30;texto;si;;;;;;;;;;;;
H1;171C;THAT WOMAN ONLY HAD AN UPPER BODY AND WAS HELD UP WITH CRUTCHES.;10;6;0x4C32;0x4C59;texto;si;;;;;;;;;;;;
H1;172C;I RUSHED UP THE STAIRS. CLICK, CLICK, CLICK, CLICK. THE SOUND OF THE CRUTCHES FOLLOWED FROM BELOW.;3;13;0x4C5B;0x4CA4;texto;si;;;;;;;;;;;;
H1;173C;I JUST RAN. I PULLED REI-CHAN'S HAND HARDER THAN I NEEDED TO. I COULD NOT LET HER LOOK BACK.;7;9;0x4CA6;0x4CE8;texto;si;;;;;;;;;;;;
H1;174C;CLICK, CLICK, CLICK, CLICK. THE SOUND OF THE CRUTCHES FOLLOWED CLOSE BEHIND WITHOUT FALLING BACK.;7;9;0x4CEA;0x4D20;texto;si;;;;;;;;;;;;
H1;175C;HA, HA. CLICK, CLICK, CLICK, CLICK. HA, HA. CLICK, CLICK, CLICK, CLICK.;0;16;0x4D22;0x4D5C;texto;si;;;;;;;;;;;;
H1;176C;HA, HA. MY CHEST HURT SO MUCH I FEARED MY HEART WOULD BURST. REI-CHAN WAS ALSO NEARLY AT HER LIMIT.;7;9;0x4D5E;0x4D96;texto;si;;;;;;;;;;;;
H1;177C;WE LEAPT PAST THE HOLE REI-CHAN HAD FALLEN THROUGH, AND AFTER GOING A LITTLE DOWN THE HALL, THERE IT WAS.;5;11;0x4D98;0x4DE6;texto;si;;;;;;;;;;;;
H1;178C;GIVE MY BABY BACK!!;7;9;0x4DE8;0x4E00;texto;si;;;;;;;;;;;;
H1;179C;THERE WAS NO TIME TO DROP THE LADDER. I PICKED UP REI-CHAN AND JUMPED STRAIGHT THROUGH THE WINDOW!;7;9;0x4E02;0x4E4A;texto;si;;;;;;;;;;;;
H1;180C;A TREMENDOUS EXPLOSION ROARED BEHIND US AND WE CRASHED INTO THE GARDEN.;8;8;0x4E4C;0x4EB1;texto;si;;;;;;;;;;;;
H1;181C;AN INTENSE PAIN RAN THROUGH MY ENTIRE BODY. FOR A MOMENT I WAS ON THE VERGE OF LOSING CONSCIOUSNESS, BUT...;7;9;0x4EB3;0x4EE8;texto;si;;;;;;;;;;;;
H1;182C;REI-CHAN...? LOOKING AROUND I SAW HER LYING A LITTLE WAY OFF. SHE DID NOT SEEM IN MORTAL DANGER.;7;9;0x4EEA;0x4F2C;texto;si;;;;;;;;;;;;
H1;183C;AT THAT MOMENT TWO BLINDING LIGHTS SHONE ON US. WHAT NOW?!;7;9;0x4F2E;0x4F6C;texto;si;;;;;;;;;;;;
H1;184C;FROM BEYOND THE LIGHT A VOICE CALLED OUT. WELL, WELL, IT LOOKS LIKE YOU ARE BOTH OKAY! ...A...;5;11;0x4F6E;0x4FA4;texto;si;;;;;;;;;;;;
H1;185C;THE FACE THAT APPEARED FROM BEHIND THE LIGHT WAS THE FARMER WE HAD PASSED EARLIER.;9;7;0x4FA6;0x4FD5;texto;si;;;;;;;;;;;;
H1;186C;I THOUGHT THERE MIGHT BE AN INN UP THE MOUNTAIN, SO I ASKED GRANDMA ABOUT IT, AND SHE SAID IT DISAPPEARED WHEN SHE WAS A KID, SO I GOT WORRIED AND CAME AND SAW YOU TWO FALLING.;2;14;0x4FD7;0x503F;texto;si;;;;;;;;;;;;
H1;187C;WOAH! YOU TWO ARE BADLY HURT! I WILL TAKE YOU IN MY CAR, SO JUST HOLD ON!;7;9;0x5041;0x507B;texto;si;;;;;;;;;;;;
H1;188C;WE SMILED AT EACH OTHER AND PASSED OUT.;10;6;0x507D;0x50AB;texto;si;;;;;;;;;;;;
H1;189C;AFTER THAT, REI-CHAN AND I WERE TAKEN TO A BIG HOSPITAL IN TOWN. SHE HAD BROKEN HER RIGHT LEG AND WAS BRUISED IN MANY PLACES.;4;12;0x382C;0x3892;texto;si;;;;;;;;;;;;
H1;190C;BUT I DID NOT KNOW THE DETAILS. WHEN I WOKE UP, SHE WAS ALREADY GONE FROM THE HOSPITAL.;7;9;0x3894;0x38D0;texto;si;;;;;;;;;;;;
H1;191C;I ASKED THE HOSPITAL STAFF AND THEY ONLY SAID HER MOTHER HAD COME TO PICK HER UP. SHE NO DOUBT GOT IN TROUBLE TOO.;7;9;0x38D2;0x3912;texto;si;;;;;;;;;;;;
H1;192C;BIG BROTHER! ARE YOU OKAY?;12;4;0x3914;0x3941;texto;si;;;;;;;;;;;;
H1;193C;BIG BROTHER! ARE YOU OKAY? THE HOSPITAL ROOM DOOR OPENED AND A NOISY VOICE BURST IN. IT WAS MY YOUNGER SISTER MAYUMI.;5;11;0x3943;0x3975;texto;si;;;;;;;;;;;;
H1;194C;WHEN THE HOSPITAL CALLED I THOUGHT THE WORST, GOOD GRIEF! SO, HOW ARE YOUR INJURIES?;8;8;0x3977;0x39AA;texto;si;;;;;;;;;;;;
H1;195C;SHE DROPPED A BAG WITH CLOTHES AND SMALL ITEMS AND SAT DOWN IN THE CHAIR. BIG BROTHER, I HEARD YOU WERE WITH A WOMAN, EHEHE, YOU SLY DOG. BUT MOM AND DAD ARE FURIOUS!;0;16;0x39AC;0x3A23;texto;si;;;;;;;;;;;;
H1;196C;AS NOISY AS ALWAYS. AS I HALF-LISTENED TO MY SISTER TALKING LIKE A MACHINE GUN, I THOUGHT ABOUT WHAT WOULD HAPPEN NOW.;5;11;0x3A25;0x3A6E;texto;si;;;;;;;;;;;;
H1;197C;MY INJURIES TURNED OUT TO BE SURPRISINGLY LIGHT, SO I WAS ABLE TO LEAVE THE HOSPITAL IN THREE DAYS.;8;8;0x3A76;0x3AB2;texto;si;;;;;;;;;;;;
H1;198C;HOW MUCH TIME HAS PASSED SINCE THEN. TIME WENT BY FAST, AND THE SCENERY AROUND ME ADVANCED LIKE FAST FORWARD.;5;11;0x3ABA;0x5ADF;texto;si;;;;;;;;;;;;
H1;199C;WAS THAT NIGHT REAL, OR WAS IT A DREAM? ONLY THE HAT SHE LEFT BEHIND CONFIRMED SHE HAD EXISTED.;7;9;0x5AE1;0x5B22;texto;si;;;;;;;;;;;;
H1;200C;THE HAT AND I WERE LEFT BEHIND BY THE FLOW OF TIME, AND I NO LONGER EVEN KNEW WHAT I WAS LOOKING FOR.;8;8;0x5B24;0x5B62;texto;si;;;;;;;;;;;;
H1;201C;AND TODAY, ONCE AGAIN, THE HAT AND I WANDERED AROUND TOWN.;8;8;0x5B65;0x5B9A;texto;si;;;;;;;;;;;;
H1;202C;NAOKI-SAN. FROM SOMEWHERE HER VOICE WAS HEARD.;4;12;0x5B9D;0x5BC8;texto;si;;;;;;;;;;;;
H1;203C;NAOKI-SAN. THAT VOICE ECHOED INSIDE MY HEAD.;3;13;0x5BCB;0x5BF9;texto;si;;;;;;;;;;;;
H1;204C;TAKAHASHI NAOKI-SAN. I TURNED IN THE DIRECTION OF THE VOICE.;3;13;0x5BFC;0x5C2A;texto;si;;;;;;;;;;;;
H1;205C;THERE SHE STOOD, SMILING. WON'T YOU PLEASE GIVE MY HAT BACK?;5;11;0x5C2D;0x5C68;texto;si;;;;;;;;;;;;
H1;206C;IN HER SMILE, I FOUND WHAT I HAD BEEN LOOKING FOR ALL THIS TIME.;6;10;0x5C6B;0x5C93;texto;si;;;;;;;;;;;;
H1;82D;REI-CHAN, LET US FIND ANOTHER WAY OUT! I RAN DESPERATELY INTO THE INN, FIGHTING DOWN THE TERROR.;7;9;0x67D5;0x6816;texto;si;;;;;;;;;;;;
H1;90D;HEY, LET US STOP. I HAVE A FEELING SOMETHING HORRIBLE WILL HAPPEN...;10;6;0x21CE;0x21F2;texto;si;;;;;;;;;;;;
H1;91D;2.@@1.@@@SHE@ SKI@CHE@@SAID P@@@CK@@@SO,@ ROO@THE@@BUT@ M.@@ROO@@MAYB @@@@M.@@@E@@@ @@@@@@@@@EXIT @@@@@@@@@THRO @@@@@@@@@UGH@ @@@@@@@@@THER @@@@@@@@@E.@@;3;13;0x21F7;0x2248;pregunta;si;3;1;3;2;4;0;1. CHECK THE ROOM.;2. SKIP ROOM.;SHE SAID SO, BUT MAYBE EXIT THROUGH THERE.;;;
H1;92D;ALRIGHT, I SAID, AND AS I TRIED TO LET GO OF THE KNOB I NOTICED FOR THE FIRST TIME THAT REI-CHAN'S SMALL HAND WAS...;5;11;0x537B;0x53C2;texto;si;;;;;;;;;;;;
H1;127D;I STEPPED TOWARD THE EMERGENCY LADDER. AT THAT MOMENT: IYAAAA! NAOKI-SAN, HELP ME!;5;11;0x43FE;0x444E;texto;si;;;;;;;;;;;;
H1;128D;FROM BELOW CAME REI-CHAN'S SCREAM. AT THE END OF THE SCREAM IT SEEMED SOMETHING CUT IT OFF. WHAT IS HAPPENING...;5;11;0x445B;0x44B2;texto;si;;;;;;;;;;;;
H1;129D;U... FEAR GNAWED AT MY HEART... LET US ESCAPE, THE OTHER ME INSIDE TOLD ME.;5;11;0x44BF;0x44FC;texto;si;;;;;;;;;;;;
H1;130D;BUT... WHO CARES, IN THE END SHE IS JUST A COMPLETE STRANGER.;9;7;0x52C5;0x52EA;texto;si;;;;;;;;;;;;
H1;131D;A STRANGER? THAT IS RIGHT! A COMPLETE STRANGER! WHO CARES WHAT HAPPENS TO HER!;7;9;0x52EF;0x532C;texto;si;;;;;;;;;;;;
H1;132D;MY HEART GREW DARK LITTLE BY LITTLE... THAT IS RIGHT, LET US GO GET HELP... I ALONE CANNOT DO ANYTHING...;5;11;0x5330;0x5373;texto;si;;;;;;;;;;;;
H1;118E;I WANTED TO TELL HER SOMETHING FUNNY TO HELP HER RELAX, BUT NOTHING INTERESTING CAME TO MIND.;5;11;0x2E75;0x2EC7;texto;si;;;;;;;;;;;;
H1;119E;A LITTLE CURIOUS, I ASKED: WHAT IS WRONG? REI-CHAN LOOKED DOWN, THOUGHT A MOMENT AND THEN...;5;11;0x2ECB;0x2F08;texto;si;;;;;;;;;;;;
H1;120E;COULD YOU LISTEN TO WHAT I HAVE TO SAY FOR A MOMENT? SHE ASKED WITH A SERIOUS EXPRESSION. I COULD NOT SAY NO.;2;14;0x2F0D;0x2F68;texto;si;;;;;;;;;;;;
H1;121E;REI-CHAN TALKED ABOUT WHAT WAS WORRYING HER. HER STORY WENT SOMETHING LIKE THIS.;8;8;0x2F73;0x2FA5;texto;si;;;;;;;;;;;;
H1;122E;HER FAMILY HAD PRACTICED IKEBANA FOR AGES. SHE WAS THE ONLY HEIR AND TRAINED FROM CHILDHOOD.;7;9;0x2FAA;0x2FEC;texto;si;;;;;;;;;;;;
H1;123E;HER MOTHER WANTED HER TO SUCCEED THE FAMILY AND DECIDED EVERYTHING ABOUT REI-CHAN'S LIFE. SHE HAD EVEN ARRANGED A FIANCE FOR HER.;2;14;0x2FF2;0x3060;texto;si;;;;;;;;;;;;
H1;124E;TOMORROW SHE WAS FINALLY TO MEET THAT FIANCE, AND UNABLE TO BEAR IT ANY LONGER, SHE HAD RUN AWAY.;7;9;0x3064;0x309E;texto;si;;;;;;;;;;;;
H1;125E;I COULD NOT THINK OF A GOOD ANSWER, SO I JUST LISTENED AND NODDED. FOR NOW LET US JUST THINK ABOUT GETTING OUT.;3;13;0x30A8;0x30FC;texto;si;;;;;;;;;;;;
H1;126E;REI-CHAN NODDED GENTLY AND SAID: YOU ARE RIGHT. WE STOOD UP, LEFT THE ROOM AND WENT UP TO THE SECOND FLOOR.;2;14;0x3101;0x3158;texto;si;;;;;;;;;;;;
H1;127E;HAVING SAID WHAT SHE WANTED TO SAY SEEMED TO HAVE DONE HER GOOD, BECAUSE SHE HAD REGAINED SOME OF HER COMPOSURE.;8;8;0x316A;0x3198;texto;si;;;;;;;;;;;;
H1;147E;BUT... WHO CARES, SHE IS A COMPLETE STRANGER.;9;7;0x51F6;0x521B;texto;si;;;;;;;;;;;;
H1;148E;A COMPLETE STRANGER? YES! A COMPLETE STRANGER! WHO CARES WHAT HAPPENS TO HER? IS THAT NOT RIGHT?;7;9;0x5220;0x525D;texto;si;;;;;;;;;;;;
H1;149E;...MAYBE IT IS...;12;4;0x5261;0x526F;texto;si;;;;;;;;;;;;
H1;150E;2.@@1.@MY@@@@ FOR@EV@HEART@ NOW@EN@SANK@@ ...@SO@INTO@@ @@@@..@DARKNE @@@@.!@SS.@@@ @@@@@@@MY@@@@ @@@@@@@BODY@@ @@@@@@@WANTED @@@@@@@TO@@@@ @@@@@@@RUN.@@;3;13;0x5274;0x52B9;pregunta;si;3;1;2;1;6;0;1. EVEN SO...!;2. FOR NOW...;MY HEART SANK INTO DARKNESS. MY BODY WANTED TO RUN.;;;
H1;148K;IF I RUN AWAY NOW, WHO IS GOING TO HELP HER!;7;9;0x380C;0x3826;texto;;;;;;;;;;;;;
H1;188K;WHEN I WOKE UP, I WAS STILL IN THE HOSPITAL ROOM. REI-CHAN WAS BESIDE ME. I WAS STILL IN BED, AND SHE WAS SITTING IN A CHAIR RIGHT NEXT TO ME.;5;11;0x3ADC;0x3B2C;texto;;;;;;;;;;;;;
H1;189K;I WAS INJURED ALL OVER, BUT REI-CHAN DID NOT HAVE A SCRATCH. YOU SHOULD BE ABLE TO LEAVE SOON, THEY TOLD ME. Y-YEAH..., I ANSWERED. REI-CHAN HAD STAYED BY MY SIDE, CARING FOR ME NONSTOP FOR DAYS.;0;16;0x3B30;0x3B95;texto;;;;;;;;;;;;;
H1;190K;I AM GOING TO GO HOME AND APOLOGIZE TO MY MOTHER. I HAD COMPLETELY FORGOTTEN THAT SHE HAD RUN AWAY FROM HOME.;7;9;0x5619;0x5650;texto;;;;;;;;;;;;;
H1;191K;THANK YOU FOR TAKING CARE OF ME ALL THIS TIME, I TOLD HER SINCERELY. DO NOT MENTION IT, SHE REPLIED WITH A SMILE.;2;14;0x5655;0x56A4;texto;;;;;;;;;;;;;
H1;192K;THAT AFTERNOON, SHE WENT BACK HOME. I SIGHED WHILE THINKING ABOUT WHAT HAD HAPPENED THAT DAY. IT FELT AS IF IT HAD ALL BEEN A DREAM.;3;13;0x56A9;0x56FD;texto;;;;;;;;;;;;;
H1;193K;BEHIND ME, I HEARD A SOUND: CLICK...;8;8;0x570C;0x572E;texto;;;;;;;;;;;;;
H1;194K;CLICK... CLICK...;7;9;0x5742;0x5757;texto;;;;;;;;;;;;;
H1;195K;IT WAS COMING FROM THE WINDOW GLASS OF THE ROOM.;12;4;0x575B;0x5775;texto;;;;;;;;;;;;;
H1;196K;IT IS THERE... RIGHT... BEHIND ME?..... AGAIN... IT IS THERE.;4;12;0x5779;0x579E;texto;;;;;;;;;;;;;
H1;197K;CLICK CLICK CLICK CLICK CLICK CLICK CLICK CLICK CLICK CLICK CLICK CLICK CLICK CLICK CLICK CLICK CLICK CLICK;2;14;0x57AC;0x5817;texto;;;;;;;;;;;;;
H1;107M;LET US GO INTO THAT ROOM. WE WENT INTO THE ROOM MARKED CHRYSANTHEMUM ROOM. LOOKING INSIDE, MOONLIGHT ENTERED BRIGHTLY FROM SOMEWHERE.;3;13;0x2C0A;0x2C68;texto;;;;;;;;;;;;;
H1;199N;HOW MUCH TIME HAD PASSED SINCE THEN. I THOUGHT THAT WITH A LITTLE TIME I WOULD FORGET, BUT THE MORE TIME WENT BY, THE STRONGER MY WISH TO SEE HER AGAIN BECAME.;2;14;0x58C0;0x5924;texto;;;;;;;;;;;;;
H1;200N;TIME WAS PASSING QUICKLY, THE SCENERY AROUND ME MOVED AS IF IN FAST FORWARD. ONLY I, STILL SEARCHING FOR HER, HAD BEEN LEFT BEHIND BY THE FLOW OF TIME.;3;13;0x598D;0x598D;texto;;;;;;;;;;;;;
H1;201N;NAOKI-SAN. HER VOICE COULD BE HEARD FROM SOMEWHERE.;3;13;0x59BE;0x59BE;texto;;;;;;;;;;;;;
H1;202N;NAOKI-SAN. THAT VOICE ECHOED INSIDE MY HEAD.;3;13;0x59EF;0x59EF;texto;;;;;;;;;;;;;
H1;203N;TAKAHASHI NAOKI-SAN. I TURNED TOWARD WHERE THE VOICE WAS COMING FROM.;3;13;0x5A20;0x5A20;texto;;;;;;;;;;;;;
H1;204N;THERE SHE WAS, SMILING. AT LAST... WE FOUND EACH OTHER.;6;10;0x5A57;0x5A57;texto;;;;;;;;;;;;;
H1;205N;I FOUND IN HER SMILE WHAT I HAD BEEN LOOKING FOR.;6;10;0x5A82;0x5A82;texto;;;;;;;;;;;;;
H1;137Q;FOR A MOMENT, REI-CHAN'S SMILE CROSSED MY MIND.;12;4;0x4526;0x453C;texto;;;;;;;;;;;;;
H1;138Q;THAT FEELING, EVEN THOUGH IT WAS ABOUT TO BE SWALLOWED BY A BLACK MASS CALLED FEAR, KEPT SHINING.;8;8;0x4540;0x4573;texto;;;;;;;;;;;;;
H1;139Q;THAT FEELING, EVEN THOUGH IT WAS ABOUT TO BE SWALLOWED BY A BLACK MASS CALLED FEAR, KEPT SHINING. LET'S GO...;5;11;0x457B;0x4580;texto;;;;;;;;;;;;;
H1;179Q;I AM GOING HOME TO APOLOGIZE TO MY MOTHER. I REMEMBERED WHY SHE HAD RUN AWAY FROM HOME. I TOLD HER: I THINK IT IS BETTER TO TELL HER WHAT YOU REALLY THINK, I AM SURE SHE WILL UNDERSTAND TOO.;0;16;0x5460;0x54CA;texto;;;;;;;;;;;;;
H1;180Q;YES, I WILL DO MY BEST, I SAID. I AM SURE SHE WILL UNDERSTAND, SHE TOLD ME. I FELT FRUSTRATED FOR NOT BEING ABLE TO GIVE HER BETTER ADVICE.;4;12;0x54CE;0x5510;texto;;;;;;;;;;;;;
H1;181Q;ANYWAY, THANK YOU FOR TAKING CARE OF ME, I TOLD HER. DO NOT MENTION IT, SHE REPLIED WITH A SMILE.;4;12;0x5514;0x555A;texto;;;;;;;;;;;;;
H1;182Q;THE NEXT DAY, SHE WENT BACK HOME. AND I WAS STILL IN BED.;9;7;0x555F;0x5586;texto;;;;;;;;;;;;;
H1;183Q;REI-CHAN KEPT MOVING FORWARD, WHILE I STAYED BEHIND. IT FELT AS IF HER HAND WAS ABOUT TO REACH MINE WITHOUT EVER DOING SO. ONLY THAT FRUSTRATION RAN THROUGH ME.;2;14;0x558B;0x55DC;texto;;;;;;;;;;;;;
H1;184Q;I WONDERED IF I WOULD EVER MANAGE TO REACH HER. AND... ONCE AGAIN, I THOUGHT OF HER...;6;10;0x55E0;0x560A;texto;;;;;;;;;;;;;
H4;86AL;I DECIDED TO STAY LIKE THAT A LITTLE LONGER, ENJOYING MADOKA'S CLOSENESS, BUT... DOESN'T IT WEIGH MUCH ANYMORE, I ASKED. SHE LOOKED PRETTY ANGRY. I JUMPED BACK, STARTLED.;2;14;0xBB85;0xBBE2;texto;;;;;;;;;;;;;
H4;87AL;MADOKA SUDDENLY SLAPPED ME. OW, THAT HURTS, I SAID. OF COURSE IT DOES, SHE ANSWERED. A FLAPPING SOUND CAME FROM SOMEWHERE. WHAT WAS THAT, I SAID.;3;13;0xBBEA;0xBC41;texto;;;;;;;;;;;;;
H4;88AL;I TURNED ON THE FLASHLIGHT AND POINTED THE LIGHT AT THE OBJECT FLYING AROUND US.;9;7;0xBC45;0xBC77;texto;;;;;;;;;;;;;
H4;109AL;THE BIG WOODEN CRATE IN THE BACK CAUGHT MY EYE, SO I EXAMINED IT MORE CLOSELY. IT LOOKS LIKE A COFFIN, I SAID HONESTLY. GROSS, THIS PLACE IS SCARY ENOUGH, DON'T SAY WEIRD THINGS, MADOKA ANSWERED.;0;16;0xCB31;0xCB97;texto;;;;;;;;;;;;;
H4;110AL;MADOKA SAID THAT WITHOUT MEANING TO. THERE WERE TWO CRATES LEANING THERE, ONE BIG AND ONE SMALL. FOR SOME REASON, THOSE TWO WERE THE ONES THAT CAUGHT MY EYE.;3;13;0xCB9C;0xCBEB;texto;;;;;;;;;;;;;
H4;111AL;2.@1.@WHI IT@IT@CH@ 'S@'S@OF@ TH@TH@THE E@@E@@TWO SM@BI@SHO AL@G@@ULD L@@CR@I@@ CR@AT@OPE AT@E.@N.@ E.@@@@@@@;7;9;0xCBEF;0xCC15;pregunta;;2;1;2;1;3;0;1. IT'S THE BIG CRATE.;2. IT'S THE SMALL CRATE.;WHICH OF THE TWO SHOULD I OPEN.;;;
H4;112AL;I OPENED THE SMALL CRATE. INSIDE WAS A DOLL THE SIZE OF A CHILD, DRESSED IN A CROSSED KIMONO WITH GETA SANDALS ON. INSIDE THE CRATE THERE WAS SOMETHING WRITTEN LIKE THIS...;4;12;0xD42F;0xD482;texto;;;;;;;;;;;;;
H4;113AL;MADE BY KIYOMASA KOKONOE. NUMBER 5, FINAL MODEL.;12;4;0xD488;0xD49D;texto;;;;;;;;;;;;;
H4;114AL;IT WAS A DOLL OF A CHILD. ONLY THE SPOT WHERE THE EYES SHOULD GO WAS DARK, MAYBE UNFINISHED. IT REMINDED ME OF HOW GRANDPA LOOKED WHEN HE DIED. I WONDERED IF TATSUKI AS A CHILD HAD LOOKED LIKE THIS.;0;16;0xD4A5;0xD510;texto;;;;;;;;;;;;;
H4;115AL;COULD IT BE THAT I WAS THE MODEL, I THOUGHT. I FELT SICK AND STOPPED INVESTIGATING FURTHER, DECIDING TO PICK UP THE PACE.;5;11;0xD514;0xD555;texto;;;;;;;;;;;;;
H4;159AL;I WENT TOWARD THE WORKSHOP. I HAD TO FIND SOMETHING THAT COULD SERVE AS A WEAPON.;9;7;0xDFF6;0xE021;texto;;;;;;;;;;;;;
H4;160AL;WE WENT INTO THE WORKSHOP TO LOOK. HOW ABOUT THIS, SAID MADOKA. THERE WAS A BIG HAMMER.;7;9;0xE02C;0xE059;texto;;;;;;;;;;;;;
H4;161AL;I DIDN'T KNOW WHAT IT HAD BEEN USED FOR, BUT EVEN THOUGH MY ARM HURT I COULDN'T WORRY ABOUT THAT. THE FOX SPIRIT WAS ALREADY GETTING CLOSE TO THE ENTRANCE. HIDE, I TOLD HER.;3;13;0xE05E;0xE0CD;texto;;;;;;;;;;;;;
H4;162AL;I GATHERED MY COURAGE AND FACED THE FOX SPIRIT. I RAISED THE HAMMER WITH FORCE, AIMING AT ITS HEAD. BUT THE FOX SPIRIT DODGED IT QUICKLY AND LUNGED AT MADOKA. IT WAS A NIGHTMARE.;2;14;0xE0D4;0xE14C;texto;;;;;;;;;;;;;
H4;163AL;THE FOX SPIRIT'S FANGS TORE OPEN MADOKA'S THROAT. THE SPLATTERS OF BLOOD REACHED ME TOO. THE FLASHLIGHT SHE WAS HOLDING FELL TO THE GROUND AND, ROLLING, LIT UP HER FALLEN BODY.;2;14;0xE165;0xE1C1;texto;;;;;;;;;;;;;
H4;164AL;THE FOX SPIRIT ALSO STOPPED MOVING. I FELL TO MY KNEES RIGHT THERE, WITHOUT STRENGTH. MADOKA, I CALLED, BUT THERE WAS NO ANSWER. IT MUST HAVE BEEN AN INSTANT DEATH.;2;14;0xE1D1;0xE222;texto;;;;;;;;;;;;;
H4;165AL;I HUGGED HER BODY AND CRIED INCONSOLABLY. I COULDN'T STOP SOBBING. I KEPT TRYING TO GIVE SOME WARMTH TO HER BODY, WHICH WAS LITTLE BY LITTLE LOSING ITS TEMPERATURE.;3;13;0xE22D;0xE286;texto;;;;;;;;;;;;;
H4;166AL;I DON'T KNOW HOW MUCH TIME HAD PASSED. I WAS CLIMBING THE STAIRS TO THE SECOND FLOOR. WAS THERE REALLY A SECRET UP THERE WORTH THE PRICE OF MADOKA'S LIFE. I COULDN'T BELIEVE IT.;0;16;0xE705;0xE766;texto;;;;;;;;;;;;;
H4;167AL;THAT SECRET, ABOUT INHERITING THE KOKONOE NAME... STEPPING ON THE CREAKING STAIRS, AS I REACHED THE TOP, A DIM LIGHT LIT UP THE ROOM.;2;14;0xE76A;0xE7E3;texto;;;;;;;;;;;;;
H4;168AL;A CALM, VERY SLOW BREATHING COULD BE HEARD, WHICH GREW SHORTER LITTLE BY LITTLE. MY EYES GREW USED TO THE DARKNESS.;5;11;0xE7E8;0xE822;texto;;;;;;;;;;;;;
H4;169AL;A BONE, I THOUGHT.;9;7;0xE855;0xE856;texto;;;;;;;;;;;;;
H4;170AL;A MUMMY, I THOUGHT.;10;6;0xE865;0xE869;texto;;;;;;;;;;;;;
H4;171AL;DOZENS OF LIVING MUMMIES STARED AT ME. WELCOME, BLOOD DESCENDANT OF THE KOKONOE, A VOICE ECHOED. YOU WHO SEEK ETERNAL LIFE, NOW I WILL GRANT IT TO YOU AS WELL.;2;14;0xE87C;0xE8D7;texto;;;;;;;;;;;;;
H4;172AL;AMONG THE MUMMIES, ONE STOOD UP. IT WAS ME. IT WALKED TOWARD ME, BECKONING ME. SOMEHOW I KNEW, WITHOUT KNOWING WHY, THAT THIS WAS THE TRUE FIFTH FINAL MODEL THAT GRANDPA HAD BEEN BUILDING.;0;16;0xE8F0;0xE969;texto;;;;;;;;;;;;;
H4;173AL;THIS IS ETERNAL LIFE, I MUTTERED WITH CONTEMPT. A VOICE ANSWERED.;8;8;0xE976;0xE9A0;texto;;;;;;;;;;;;;
H4;174AL;FOR GENERATIONS THE KOKONOE PUT THEIR SOULS INTO DOLLS THEY MADE. MY FISTS TREMBLED;7;9;0xE9A8;0xE9EF;texto;;;;;;;;;;;;;
H4;175AL;WHAT FOR, SOMETHING LIKE THIS, I ROARED. AND THEN I MYSELF OPENED MY MOUTH. IT WAS ME.;5;11;0xE9F4;0xEA35;texto;;;;;;;;;;;;;
H4;176AL;MAN CANNOT RESIST HIS OWN FATE. BUT OUR ANCESTOR TENROU GRANTED US THIS TECHNIQUE TO DEFY THE GODS. I TOOK A STEP FORWARD. SOMETHING INSIDE ME BURST.;3;13;0xEA3C;0xEAA8;texto;;;;;;;;;;;;;
H4;177AL;BECAUSE OF SOMETHING LIKE THIS, MADOKA DIED. ARE YOU GOING TO TELL ME THAT'S FATE. IF SOMETHING LIKE THIS IS FATE, THEN I MYSELF WILL DESTROY IT.;3;13;0xEAAC;0xEB0A;texto;;;;;;;;;;;;;
H4;178AL;I LANDED A PUNCH ON MYSELF THAT SENT IT FLYING, AND RAN DOWN THE STAIRS. GRANDPA, WAS THIS THE IMPORTANT THING YOU USED TO TALK ABOUT. I RAN AS THE TEARS FELL.;2;14;0xEB17;0xEB71;texto;;;;;;;;;;;;;
H4;179AL;I ARRIVED AND THREW MYSELF AGAINST THE DOOR AGAIN AND AGAIN WITH MY WHOLE BODY. BUT IT DIDN'T BUDGE AT ALL. BEHIND ME SEVERAL DOLLS WERE CHASING ME. WOULD I ALSO END UP TURNED INTO A DOLL.;2;14;0xEB75;0xEBE2;texto;;;;;;;;;;;;;
H4;180AL;AT THAT MOMENT I NOTICED SOMETHING ROLLING AT MY FEET. IT WAS GRANDPA'S CRYSTAL EYE. SO THIS WAS WHAT WENT IN THE DOOR. I PICKED UP THE CRYSTAL EYE AND PLACED IT IN THE SOCKET OF THE DOOR.;0;16;0xEBE6;0xEC60;texto;;;;;;;;;;;;;
H4;181AL;THE DOOR THAT HADN'T MOVED AT ALL BEGAN TO OPEN SLOWLY, AND A DAZZLING LIGHT BURST IN. I SHOT OUTSIDE, TRYING TO FLEE AT FULL SPEED.;4;12;0xEC6A;0xECBC;texto;;;;;;;;;;;;;
H4;182AL;2.@@1.@@BUT@@ I@@@I@@@MADOK HAV@CAN@A'S@@ E@@@'T@@BODY@ NO@@LEA@WAS@@ CHO@VE@@STILL ICE@MAD@IN@@@ BUT@OKA@THERE TO@@LIK@.@@@@ FLE@E@@@@@@@@ E.@@THI@@@@@@ @@@@S.@@@@@@@;3;13;0xECC7;0xED0D;pregunta;;3;1;3;1;5;0;1. I CAN'T LEAVE MADOKA LIKE THIS.;2. I HAVE NO CHOICE BUT TO FLEE.;BUT MADOKA'S BODY WAS STILL IN THERE.;;;
H4;183AL;I COULDN'T LEAVE MADOKA LIKE THAT, ABANDONED AMONG THOSE MONSTERS. I LOOKED BACK. FROM INSIDE, THE DEFORMED DOLLS WERE CHASING AFTER ME. WHAT DO I DO, I THOUGHT, THINK.;0;16;0xED1D;0xED8C;texto;;;;;;;;;;;;;
H4;184AL;THAT'S RIGHT, I REMEMBERED. ALL OF YOU ARE DOLLS MADE BY THE KOKONOE, I SHOUTED. THE TENROKI SAID THAT IF A DOLL IS IDENTIFIED AS SUCH, THE TECHNIQUE UNDOES ITSELF AND THE DOLL MELTS AWAY.;0;16;0xEF7B;0xEFEB;texto;;;;;;;;;;;;;
H4;185AL;WHETHER IT WOULD WORK OR NOT. I WATCHED AS THE DOLLS STOPPED MOVING. THE FLESH OF THOSE CREATURES MELTED AWAY, LEAVING ONLY BONES. SEEING IT, I FELT AN INDESCRIBABLE SADNESS.;0;16;0xEFF0;0xF054;texto;;;;;;;;;;;;;
H4;186AL;I WENT BACK TO THE STOREROOM AND TOOK MADOKA'S BODY OUT. WHILE I HELD HER I MADE A VOW. I WILL BRING YOU BACK TO LIFE WITHOUT FAIL, LIKE A KOKONOE.;5;11;0xF05B;0xF0AE;texto;;;;;;;;;;;;;
H4;68AN;I DECIDED TO GET READY TO GO INTO THE STOREROOM. THOUGH CALLING IT PREPARATION WAS A BIG WORD FOR IT, IT WASN'T MUCH, JUST A FLASHLIGHT. AND ALSO THE TENROKI, TO TAKE A LOOK AT GRANDPA'S CRYSTAL EYE.;0;16;0xAE51;0xAEC5;texto;;;;;;;;;;;;;
H4;69AN;THE PUPIL AND THE IRIS WERE CARVED WITH SUCH PRECISION THAT IT LOOKED REAL. WHEN I PICKED IT UP I THOUGHT IT WOULD CRUSH FROM HOW HARD IT WAS. BUT LOOKING CLOSER, THERE WERE SOME LETTERS CARVED IN THE IRIS.;2;14;0xAEDC;0xAF41;texto;;;;;;;;;;;;;
H4;70AN;KOKONOE KIYOMASA. TAISHO ERA, YEAR 15. FINAL MODEL 3.;12;4;0xAF4A;0xAF67;texto;;;;;;;;;;;;;
H4;71AN;SO GRANDPA REALLY WAS A DOLL. THE REAL GRANDPA WOULD STILL BE ALIVE. MY HANDS WERE SHAKING SO MUCH I ALMOST DROPPED THE EYE.;5;11;0xAF6B;0xAFBA;texto;;;;;;;;;;;;;
H4;184AN;THERE WAS NO CHOICE, I THREW MYSELF FORWARD. TOSSED AROUND AMONG THE DEFORMED DOLLS, WOUNDED, I HURLED MYSELF INSIDE WHILE MY LEFT ARM WENT FLYING OFF. IT DIDN'T HURT.;2;14;0xF0CA;0xF12B;texto;;;;;;;;;;;;;
H4;185AN;I WONDERED WHAT IT WAS, AND LOOKING I SAW THAT FROM THE ELBOW DOWN THERE WERE WHALEBONE RIBS AND GEARS SHOWING. IT HAD DISAPPEARED. WAS I THE DOLL.;3;13;0xF12F;0xF180;texto;;;;;;;;;;;;;
H4;186AN;WHILE MY BODY FELL APART LITTLE BY LITTLE, I REACHED THE WORKSHOP. SOMEHOW I MANAGED TO HUG MADOKA'S REMAINS. BUT I WAS SURROUNDED BY THE DEFORMED MONSTERS.;2;14;0xF184;0xF1DF;texto;;;;;;;;;;;;;
H4;187AN;I LIT THE OIL THAT WAS IN THE WORKSHOP AND SPREAD IT AROUND. MADOKA, THIS WAS A DRY STOREROOM, THE FIRE SPREAD IN AN INSTANT. THE MONSTERS DIDN'T COME CLOSER.;2;14;0xF1EC;0xF247;texto;;;;;;;;;;;;;
H4;188AN;I CLOSED MY EYES. MADOKA'S SMILE FROM WHEN SHE WAS STILL ALIVE CAME TO MY MIND. I HUGGED HER TIGHT. WE WILL NEVER BE APART AGAIN, MADOKA.;5;11;0xF24B;0xF294;texto;;;;;;;;;;;;;
H4;112AM;I DECIDED TO OPEN THE BIG CRATE. THE LID WAS STURDY AND DIDN'T LOOK EASY TO OPEN. LOOKING CLOSER, I NOTICED HOW IT WAS FASTENED.;2;14;0xD373;0xD3D6;texto;;;;;;;;;;;;;
H4;113AM;2.@@1.@@MADOKA, MAY@NO,@WITH@@@ BE@@IT'@HER@@@@ IT'@S@@@ARMS@@@ S@@@A@@@CROSSED A@@@CRA@,@@@@@@ SEC@TE.@SAID@@@ RET@@@@@MAYBE@@ DOO@@@@@IT'S@@@ R.@@@@@@A@@@@@@ @@@@@@@@SECRET@ @@@@@@@@DOOR.@@;1;15;0xD3DA;0xD41C;pregunta;;3;1;3;1;7;0;1. NO, IT'S A CRATE.;2. MAYBE IT'S A SECRET DOOR.;MADOKA, WITH HER ARMS CROSSED, SAID MAYBE IT'S A SECRET DOOR.;;;
H4;114AM;IF THAT'S THE CASE, LET'S TRY HITTING IT, I SAID. IF PUSHING DOESN'T WORK, LET'S TRY PULLING, AND I WAS ABOUT TO HIT IT.;7;9;0xF458;0xF493;texto;;;;;;;;;;;;;
H4;115AM;BUT WITH THAT FIRST HIT, I TUMBLED INTO THE DARKNESS. LUCKILY I LANDED FACE DOWN. IT TURNED OUT TO BE A REVOLVING DOOR. THIS REALLY IS A MANSION OF MYSTERIES, I THOUGHT.;2;14;0xF4A7;0xF50C;texto;;;;;;;;;;;;;
H4;116AM;IT SEEMED LIKE THIS WAS A BASEMENT. THE FLASHLIGHT HAD FALLEN FROM THE IMPACT. I PICKED IT UP AND LOOKED AROUND ME.;5;11;0xF510;0xF553;texto;;;;;;;;;;;;;
H4;117AM;THAT WAS HELL ITSELF. DOLLS LIKE HUNGRY DEMONS OR TORMENTED SOULS WERE TANGLED TOGETHER, PILED UP. WAS THIS THE GRAVEYARD OF FAILED WORKS. I SWALLOWED HARD. HEY, ARE YOU OKAY, SAID A VOICE.;0;16;0xF561;0xF5CF;texto;;;;;;;;;;;;;
H4;118AM;FROM ABOVE, THE LIGHT OF A FLASHLIGHT SHONE ON ME. MADOKA HAD OPENED THE DOOR AND WAS LOOKING FOR ME. I'M OKAY, I MANAGED TO ANSWER SOMEHOW. SHE ALSO WAS LEFT SPEECHLESS AT THE SIGHT OF THE MOUNTAIN OF FAILED WORKS.;0;16;0xF5D3;0xF646;texto;;;;;;;;;;;;;
H4;119AM;I ALMOST SCREAMED FROM THE FRIGHT, SAID MADOKA. SHE HOISTED ME UP USING A ROPE. THAT STUFF OVER THERE IS PROBABLY FAILED DOLLS MADE BY GENERATIONS OF THE KOKONOE, SHE SAID, TRYING TO MAKE SENSE OF IT. I SWALLOWED HARD.;0;16;0xF64B;0xF6BE;texto;;;;;;;;;;;;;
H4;120AM;LET'S GO BACK, MADOKA WHISPERED WITH JUST THOSE WORDS.;12;4;0xF6C3;0xF6D4;texto;;;;;;;;;;;;;
H4;188AM;I HAD NO CHOICE BUT TO FLEE THAT PLACE. AND I NEVER WENT BACK.;8;8;0xEDA7;0xEDD5;texto;;;;;;;;;;;;;
H4;189AM;BACK IN MY APARTMENT IN TOKYO, I HEARD THAT SOUND AGAIN.;10;6;0xEDDC;0xEDFA;texto;;;;;;;;;;;;;
H4;190AM;CREAK, CREAK, CREAK, CREAK, CREAK, CREAK, CREAK, CREAK, CREAK...;7;9;0xEE05;0xEE2E;texto;;;;;;;;;;;;;
H4;191AM;FROM INSIDE MY CHEST THE SOUND STARTED UP AGAIN. IT WAS THE SAME SOUND AS WHEN GRANDPA MELTED AWAY.;7;9;0xEE3D;0xEE6A;texto;;;;;;;;;;;;;
H4;192AM;I BURIED MYSELF IN READING THE TENROKI TRYING TO FIND A WAY TO PROLONG MY LIFE, BUT IT SEEMED USELESS.;7;9;0xEE70;0xEEB0;texto;;;;;;;;;;;;;
H4;193AM;THERE WAS NOTHING TO BE SURPRISED ABOUT. I MYSELF WAS THE DOLL.;10;6;0xEEB4;0xEED4;texto;;;;;;;;;;;;;
H4;194AM;MY HEAD WAS GROWING LITTLE BY LITTLE. I LOOKED AT MY HANDS. THE FLESH HAD ALREADY MELTED AWAY, LEAVING ONLY BONES.;5;11;0xEEDF;0xEF29;texto;;;;;;;;;;;;;
H4;195AM;THE SPRING INSIDE MY CHEST WAS SPINNING VIOLENTLY, ABOUT TO FLY OUT. ALMOST THERE...;9;7;0xEF2E;0xEF60;texto;;;;;;;;;;;;;
H4;207AO;I DECIDED TO STAY AND WAIT. BUT NO MATTER HOW MUCH TIME PASSED, MADOKA NEVER CAME DOWN THE SLOPE.;7;9;0x9764;0x9799;texto;;;;;;;;;;;;;
H4;208AO;IMPATIENT, I RAN UP THE SLOPE. I FOUND MADOKA'S SILHOUETTE IN THE MIDDLE OF THE BAMBOO GROVE.;7;9;0x97BC;0x97EB;texto;;;;;;;;;;;;;
H4;209AO;I RAN AT FULL SPEED STRAIGHT TOWARD MADOKA. BUT, IN AN INSTANT, SOMETHING CAUGHT MY FOOT AND I LOST CONSCIOUSNESS.;7;9;0x9801;0x9845;texto;;;;;;;;;;;;;
H4;210AO;AS MY CONSCIOUSNESS FADED, I REMEMBERED THAT AS KIDS WE USED TO PLAY SETTING UP TRAPS LIKE THIS. JUST WHAT I'D EXPECT FROM MADOKA... I COULDN'T UNDERESTIMATE HER.;2;14;0x9851;0x98A2;texto;;;;;;;;;;;;;
H4;211AO;WHEN I WOKE UP, I WAS TIED TO THE WORKBENCH OF A WORKSHOP INSIDE A STOREROOM. MADOKA HAD THE TENROKI AND A CRYSTAL EYE, AND WAS HOLDING SOME TOOL IN HER HAND. NEXT TO ME, SOMEONE ELSE LAY SLEEPING.;0;16;0x98B7;0x992C;texto;;;;;;;;;;;;;
H4;212AO;IT WAS MY BODY AT SEVEN YEARS OLD. OH, YOU'RE AWAKE? SAID MADOKA. MADOKA, WHAT ARE YOU PLANNING TO DO? I TRIED TO SIT UP, BUT COULDN'T. DON'T WORRY, SHE ANSWERED, NOW I'M GOING TO OPERATE ON YOU TO TRANSPLANT YOUR SOUL.;0;16;0x9936;0x99A4;texto;;;;;;;;;;;;;
H4;213AO;WHAT THE HELL IS GOING ON? I'M SORRY, SAID MADOKA. I READ THE TENROKI BEFORE YOU DID, TATSUKI. I GOT CURIOUS WHILE YOU WERE BURNING THE FUTON.;3;13;0x99AF;0x9A0D;texto;;;;;;;;;;;;;
H4;214AO;NOW THAT I THOUGHT ABOUT IT, MADOKA HAD STUDIED JAPANESE LITERATURE, SO IT WOULDN'T BE HARD FOR HER. I SAW GRANDPA'S NOTES, SHE SAID. IT WAS HARD TO UNDERSTAND, BUT I LEARNED SOMETHING NEW.;0;16;0x9A11;0x9A82;texto;;;;;;;;;;;;;
H4;215AO;SO THAT WAS IT... THAT'S WHY MADOKA ALWAYS STAYED AT THE SHRINE. I HEARD THAT SOUND, CREAK CREAK, AND IT CONFIRMED MY SUSPICIONS, SHE SAID. BUT I COULDN'T SAY ANYTHING. EVEN THOUGH I KNEW THE REASON.;2;14;0x9A8F;0x9AEF;texto;;;;;;;;;;;;;
H4;216AO;I LOWERED MY HEAD. SHE HAD BEEN TAKING CARE OF ME THIS WHOLE TIME.;10;6;0x9AF3;0x9B14;texto;;;;;;;;;;;;;
H4;217AO;I ALSO READ THE TENROKI BEHIND YOUR BACK, SAID MADOKA. AND I ALSO EXPLORED INSIDE THE STOREROOM. AND THAT'S HOW I FOUND A METHOD. A METHOD TO SAVE YOU.;4;12;0x9B1F;0x9B7A;texto;;;;;;;;;;;;;
H4;218AO;MADOKA SMILED, MISCHIEVOUS AS ALWAYS. I THOUGHT ABOUT GOING BACK TO TOKYO TO FIND OUT IF THERE WAS ANOTHER METHOD, BUT IT SEEMS YOU ALSO RESORTED TO DRASTIC MEASURES. WELL, TRUST MY SKILLS.;1;15;0x9B8C;0x9BFB;texto;;;;;;;;;;;;;
H4;219AO;YOU'VE PROBABLY GUESSED, BUT I'M GOING TO TRANSPLANT YOUR MIND INTO YOUR CHILD BODY FROM THE STOREROOM.;7;9;0x9C00;0x9C3F;texto;;;;;;;;;;;;;
H4;220AO;THAT WAY I WILL BECOME YOUR CREATOR, AND YOU WILL SHARE THE SECRET WITH ME, TATSUKI.;8;7;0x9C43;0x9C78;texto;;;;;;;;;;;;;
H4;221AO;IN TIME I WILL ALSO BUILD YOU YOUR ORIGINAL BODY. MADOKA, YOU BEAT ME.;10;6;0x9CB5;0x9CE7;texto;;;;;;;;;;;;;
H4;224AP;THE FIRE BURNED FOR A DAY AND A NIGHT. THE NEXT MORNING IT WAS DRIZZLING. WHITE SMOKE ROSE UP. CAREFULLY SIFTING THROUGH THE ASHES, I FOUND MADOKA'S BEAUTIFUL, SMILING FACE.;2;14;0x6FCB;0x7033;texto;;;;;;;;;;;;;
H4;225AP;I SMILED, UNABLE TO HELP IT. I FELT THAT THESE LAST SIX MONTHS WITHOUT HER HAD BEEN TRULY LONELY. WE WOULD NEVER BE APART AGAIN. WE WOULD STAY TOGETHER UNTIL OUR SPRINGS REACHED THEIR LIMIT.;0;16;0x703A;0x70B0;texto;;;;;;;;;;;;;
H4;226AP;YES, I CRIED. BUT, AT THAT MOMENT, AN ARM SHOT OUT FROM AMONG THE ASHES AND WITH TREMENDOUS FORCE GRABBED MY NECK. WITH THAT SAME MOMENTUM, MADOKA SAT UP AND THREW ME TO THE GROUND.;2;14;0x70B4;0x711D;texto;;;;;;;;;;;;;
H4;227AP;WHY...? MADOKA KEPT SMILING. HER HAND SQUEEZED MY NECK AS IF SHE WANTED TO TEAR IT OFF AT THE ROOT.;5;11;0x7124;0x715D;texto;;;;;;;;;;;;;
H4;228AP;CREAK, CREAK, CREAK, CREAK, CREAK. AGAIN, THAT SOUND CAME BACK TO MY EARS.;10;6;0x7168;0x718C;texto;;;;;;;;;;;;;
H4;229AP;HAD IT BEEN A FAILURE? ONE FROM MY CHEST... ANOTHER FROM HERS. I WAS ENVELOPED IN AN ENDLESS DARKNESS.;7;9;0x7198;0x71D7;texto;;;;;;;;;;;;;
H4;160D;I INHERITED THE KOKONOE NAME.;12;4;0x4E83;0x4E95;texto;;;;;;;;;;;;;
H4;177F;I'M GOING TO GO BACK TO WHAT I WAS BEFORE, A MERE OBJECT.;8;8;0xE6E3;0xE6EF;texto;;;;;;;;;;;;;
H4;234E;I TRANSPLANTED TATSUKI'S MIND INTO THE BODY OF TATSUKI FROM WHEN HE WAS THE CHILD IN THE STOREROOM. THAT WAY WE WILL SHARE THE SECRET. IN TIME, I WILL ALSO CREATE HIS ORIGINAL BODY.;2;14;0xA137;0xA1A2;texto;;;;;;;;;;;;;
H3;163AZ;REIKA! FROM THE OTHER SIDE OF THE HALLWAY, MAMI AND EMIKO CAME RUNNING. WHAT A RELIEF, I THOUGHT YOU HAD DIED. I SAID, MANAGING A FAINT SMILE.;2;14;0xC247;0xC29A;texto;;;;;;;;;;;;;
H3;164AZ;IT IS NOT LIKE SOMEONE ACTUALLY DIES AT AN AMUSEMENT PARK, RIGHT? TRUE. THE TENSION FADED AND WE LAUGHED TOGETHER FOR A WHILE.;5;11;0xC29E;0xC2DB;texto;;;;;;;;;;;;;
H3;165AZ;WE STARTED WALKING DOWN THE HALLWAY AGAIN. PIT-PAT, PIT-PAT... A SOUND WAS APPROACHING FROM BEHIND. THOUGH WE TURNED AROUND IN FEAR, THAT DIM LIGHT LET US SEE NO FURTHER.;2;14;0x7A73;0x7AE1;texto;;;;;;;;;;;;;
H3;166AZ;2.@@1.@@I@@@@@@ ASK@LOO@WAS@@@@ THE@K@@@AFRAID@ OTH@BAC@TO@@@@@ ER@@K@@@CONFIRM TWO@@@@@WHAT@@@ @@@@@@@@THAT@@@ @@@@@@@@SOUND@@ @@@@@@@@WAS,@@@ @@@@@@@@BUT@@@@ @@@@@@@@NOT@@@@ @@@@@@@@KNOWING @@@@@@@@WAS@@@@ @@@@@@@@WORSE.@;1;15;0x7AE5;0x7B33;pregunta;;3;1;3;1;7;0;1. LOOK BACK;2. ASK THE OTHER TWO;I WAS AFRAID TO CONFIRM WHAT THAT SOUND WAS, BUT NOT KNOWING WAS WORSE.;;;
H3;167BE;HEY, WAS THERE SOMEONE BEHIND US? EMIKO SHOOK HER HEAD SLIGHTLY. NOT A STALKER, IS IT? MAMI SAID JOKINGLY.;3;13;0x8129;0x8174;texto;;;;;;;;;;;;;
H3;168BE;WELL... I FORGOT ALL ABOUT BEING SCARED AND COULD NOT HELP A FORCED SMILE.;10;6;0x8178;0x8195;texto;;;;;;;;;;;;;
H3;169BE;WE ALL STOPPED AT ONCE AND THE SOUND BEHIND US STOPPED DEAD TOO. WE LOOKED AT EACH OTHER AND QUICKENED OUR PACE, BUT IT SPED UP AND FOLLOWED US.;5;11;0x8199;0x81E9;texto;;;;;;;;;;;;;
H3;170BE;IT SOUNDED LIKE BAREFOOT STEPS. OUT OF PURE FEAR, WE STARTED RUNNING. BUT THAT SOUND SPED UP EVEN MORE AND CAME STRAIGHT AT US.;5;11;0x81ED;0x823A;texto;;;;;;;;;;;;;
H3;171BE;WE RAN TO THE END OF THE HALLWAY UNTIL WE HAD NOWHERE TO GO. STILL, THAT THING KEPT GETTING CLOSER, SPEEDING UP MORE AND MORE.;5;11;0x823F;0x8284;texto;;;;;;;;;;;;;
H3;172BE;PAT PAT PAT PAT PAT PAT PAT PAT PAT PAT PAT PAT PAT PAT PAT...;5;11;0x8292;0x830B;texto;;;;;;;;;;;;;
H3;173BE;AAAAAH! WE ALL SCREAMED AT ONCE AND CROUCHED DOWN, HUGGING OUR KNEES. THEN THAT SOUND PASSED RIGHT BESIDE US AND FADED AWAY, AS IF SUCKED INTO THE OTHER SIDE OF THE WALL.;0;16;0x8315;0x837F;texto;;;;;;;;;;;;;
H3;167AZ;WE LOOKED BACK ONE MORE TIME, BUT STILL COULD NOT SEE ANYTHING. PIT, PAT, PIT. WE HEARD A SOUND LIKE BARE FEET WALKING. WE LOOKED AT EACH OTHER AND QUICKENED OUR PACE.;0;16;0x7F67;0x7FDB;texto;;;;;;;;;;;;;
H3;168AZ;BUT THAT SOUND ALSO SPED UP AND FOLLOWED US. OUT OF PURE FEAR, WE ENDED UP BREAKING INTO A RUN. BUT IT CAUGHT UP TO US RIGHT AWAY.;5;11;0x7FDF;0x8026;texto;;;;;;;;;;;;;
H3;169AZ;PAT PAT PAT PAT PAT PAT PAT PAT PAT PAT PAT PAT...;5;11;0x8034;0x80AD;texto;;;;;;;;;;;;;
H3;170AZ;AAAAAH! WE ALL SCREAMED AT ONCE AND CROUCHED DOWN, HUGGING OUR KNEES. AFTER A WHILE, THAT SOUND PASSED RIGHT BESIDE US AND FADED AWAY, AS IF ABSORBED INTO THE OTHER SIDE OF THE WALL.;0;16;0x80B7;0x8121;texto;;;;;;;;;;;;;
H3;171AZ;AFTER THAT, WE KEPT WALKING FOR A WHILE UNTIL WE REACHED A DOOR. MAMI OPENED THE NEAREST DOOR. CREEEAK. INSIDE THE ROOM THERE WAS NOTHING THAT SCARED US IN PARTICULAR. IT SEEMED TO BE A STUDY.;0;16;0x8387;0x840A;texto;;;;;;;;;;;;;
H3;172AZ;A LITTLE DISAPPOINTED, WE STILL WENT IN CAUTIOUSLY. THE WALLS HAD SHELVES FULL OF BOOKS.;7;9;0x840F;0x8452;texto;;;;;;;;;;;;;
H3;173AZ;ALL THE BOOKS SEEMED TO BE IN ANOTHER LANGUAGE. THERE DID NOT SEEM TO BE ANYTHING I COULD READ. THERE WAS A DESK, AND MAMI WENT OVER AND LET OUT A GASP.;4;12;0x8457;0x84A9;texto;;;;;;;;;;;;;
H3;174AZ;2.@@1.@@THERE LOO@LOO@IS@@@ K@@@K@@@A@@@@ AT@@AT@@NOTEB THE@THE@OOK,@ BOO@NOT@MAMI@ K@@@EBO@SAID. @@@@OK@@BUT@@ @@@@@@@@I@@@@ @@@@@@@@WAS@@ @@@@@@@@ALSO@ @@@@@@@@CURIO @@@@@@@@US@@@ @@@@@@@@ABOUT @@@@@@@@THE@@ @@@@@@@@BOOKS;3;13;0x84AE;0x84ED;pregunta;;3;1;3;1;5;0;1. LOOK AT THE NOTEBOOK;2. LOOK AT THE BOOK;THERE IS A NOTEBOOK, MAMI SAID. BUT I WAS ALSO CURIOUS ABOUT THE BOOKS;;;
H3;175AZ;OUT OF THE CORNER OF MY EYE I SAW WHAT LOOKED LIKE A BOOK IN ENGLISH. THE TITLE WAS FULL OF WESTERN LETTERS. I PICKED UP ONE OF THOSE BOOKS.;5;11;0x8662;0x86A6;texto;;;;;;;;;;;;;
H3;176AZ;UGH, GROSS. THAT BOOK HAD AN EYE STUCK TO IT, AND IT STARED RIGHT AT ME.;8;8;0x86AD;0x86DA;texto;;;;;;;;;;;;;
H3;177AZ;THE REST OF THE BOOKS SEEMED TO ALL BE ABOUT OCCULT TOPICS. WELL, SINCE THIS WAS A HAUNTED HOUSE, I UNDERSTOOD WANTING TO SET THAT MOOD, BUT...;4;12;0x86DE;0x872C;texto;;;;;;;;;;;;;
H3;178AZ;THE TWO WHO HAD BEEN LOOKING AT THE NOTEBOOK CAME BACK IN SILENCE. WAS THERE SOMETHING WRITTEN? I ASKED WITHOUT THINKING MUCH OF IT. REIKA... I THINK IT IS BETTER IF YOU DO NOT SEE IT. EMIKO'S FACE WAS PALE.;0;16;0x8731;0x8792;texto;;;;;;;;;;;;;
H3;179AZ;BY THEIR FACES, IT SEEMED BEST NOT TO LOOK.;12;4;0x8797;0x87B1;texto;;;;;;;;;;;;;
H3;180AZ;WELL, LET US KEEP GOING. MAMI SUGGESTED. MIXED IN WITH HER VOICE, I HEARD SOME KIND OF SOUND.;7;9;0x87C7;0x8803;texto;;;;;;;;;;;;;
H3;181AZ;DO YOU NOT HEAR SOMETHING? THE ONE WHO SPOKE BEFORE ME WAS EMIKO. YES, I HEAR SOMETHING, I NODDED.;7;9;0x8808;0x8843;texto;;;;;;;;;;;;;
H3;182AZ;IT CANNOT BE... MAMI'S FACE WENT PALE. SHE RAN TO THE CORNER OF THE ROOM, AND ONCE THERE, PUT HER HAND ON THE DOORKNOB OF THE DOOR LEADING TO THE NEXT ROOM.;4;12;0x8847;0x8896;texto;;;;;;;;;;;;;
H3;183AZ;OW, HOT! MAMI IMMEDIATELY PULLED BACK THE HAND THAT HAD TOUCHED THE DOORKNOB. W-WHAT HAPPENED? ...IT IS A FIRE. THOSE WORDS LEFT ME IN SHOCK.;3;13;0x889A;0x88F2;texto;;;;;;;;;;;;;
H3;184AZ;IT CERTAINLY COULD ALSO SOUND LIKE A FIRE BURNING FIERCELY. BUT... COULD THIS ALSO BE PART OF THE ATTRACTION? EMIKO SAID IN A VOICE THAT WAS BARELY AUDIBLE.;3;13;0x88F7;0x894A;texto;;;;;;;;;;;;;
H3;185AZ;THE DOORKNOB WAS HOT. THAT MEANT THE FIRE HAD ALREADY REACHED JUST OUTSIDE THE DOOR. A HAUNTED HOUSE ACTUALLY CATCHING FIRE... I ALMOST PASSED OUT.;3;13;0x894E;0x89A6;texto;;;;;;;;;;;;;
H3;186AZ;MAMI GRABBED THE DOORKNOB WITH A HANDKERCHIEF AND TRIED TO OPEN THE DOOR. NO, IT IS LOCKED. LET US ESCAPE THE WAY WE CAME IN. EMIKO RAN TOWARD THE DOOR WE HAD ENTERED THROUGH.;0;16;0x89AB;0x8A13;texto;;;;;;;;;;;;;
H3;187AZ;THIS ONE WILL NOT OPEN EITHER! THERE WAS NO OTHER DOOR... WE HAD ENDED UP LOCKED INSIDE THIS ROOM.;7;9;0x8A17;0x8A4E;texto;;;;;;;;;;;;;
H3;188AZ;BOTH OF YOU, CALM DOWN. LET US THINK OF A WAY TO SAVE OURSELVES. MAMI SAID, LOOKING INTO OUR EYES, REPEATING IT. THOSE WORDS SEEMED AIMED AT HERSELF TOO.;0;16;0x8A53;0x8AB5;texto;;;;;;;;;;;;;
H3;189AZ;...LET US BREAK THIS DOOR, MAMI SAID, AND STEPPING BACK, SHE THREW HERSELF AT THE DOOR. IT DID NOT OPEN EASILY. SHE STEPPED BACK AGAIN.;3;13;0x8AD0;0x8B31;texto;;;;;;;;;;;;;
H3;190AZ;WE GATHERED BESIDE MAMI. ON THE COUNT OF THREE! WE ALL CHARGED AT THE DOOR AT THE SAME TIME. AS EXPECTED, IT DID NOT WORK... THINGS ARE NOT LIKE IN THE MOVIES.;2;14;0x8B36;0x8B85;texto;;;;;;;;;;;;;
H3;191AZ;JUST THE THREE OF US IS NOT ENOUGH, LET US USE THIS. MAMI POINTED AT THE DESK IN THE ROOM.;9;7;0x8B8A;0x8BBC;texto;;;;;;;;;;;;;
H3;192AZ;WOULD THIS NOT BE BETTER? EMIKO POINTED AT A SOFA. TRUE, THIS LOOKS BETTER FOR RAMMING THE DOOR.;3;13;0x8BC0;0x8C09;texto;;;;;;;;;;;;;
H3;193AZ;LET US DO IT THIS WAY. WE ALL LIFTED THE SOFA TOGETHER. NOW! WE SLAMMED THE SOFA INTO THE DOOR WITH ALL OUR STRENGTH. A TREMENDOUS CRASH RANG OUT. IT SEEMED LIKE THIS WAS GOING TO WORK.;2;14;0x8C0D;0x8C68;texto;;;;;;;;;;;;;
H3;194AZ;WE LIFTED THE SOFA AGAIN AND GOT READY TO CHARGE ONCE MORE. ON THE COUNT OF THREE! WE RUSHED AT THE DOOR. AT THAT INSTANT IT OPENED.;5;11;0x8C6D;0x8CC4;texto;;;;;;;;;;;;;
H3;195AZ;I CAME TO HELP YOU! THE FACE THAT POKED THROUGH THE DOOR BELONGED TO THE MAN WHO HAD BEEN IN THE TORTURE ROOM EARLIER. JUDGING BY HIS WORDS, HE HAD SURELY COME TO HELP US.;3;13;0x8CD0;0x8D2C;texto;;;;;;;;;;;;;
H3;196AZ;BUT... HE COULD NOT FINISH THAT MISSION. THE SOFA SLAMMED INTO HIM WITH ALL ITS FORCE. BAM! HE FLEW INTO THE WALL ACROSS THE HALLWAY... AND WAS KNOCKED OUT.;2;14;0x8D30;0x8D99;texto;;;;;;;;;;;;;
H3;197AZ;OH NO, I DID IT AGAIN! MAMI SHOUTED. WE SENT THE PERSON WHO CAME TO HELP US FLYING... I FELT MY EYES FILLING WITH TEARS. AN AWKWARD MOOD SETTLED OVER US.;2;14;0x8DAA;0x8E00;texto;;;;;;;;;;;;;
H3;198AZ;NEVER MIND. THE DOOR OPENED, LET US GO. WITH THOSE WORDS, WE RAN.;7;9;0x8E04;0x8E43;texto;;;;;;;;;;;;;
H3;199AZ;W-, WAIT. WHAT DO WE DO ABOUT HIM? I STOPPED FOR A MOMENT AND POINTED AT THE UNCONSCIOUS MAN BEHIND US.;5;11;0x8E47;0x8E8C;texto;;;;;;;;;;;;;
H3;200AZ;IN THE END, WE HAD NO CHOICE BUT TO DRAG HIM ALONG WITH US.;10;6;0x8E90;0x8EB4;texto;;;;;;;;;;;;;
H3;201AZ;WHERE ARE WE EVEN SUPPOSED TO ESCAPE TO? EMIKO ASKED, ALMOST SCREAMING. NOBODY KNEW. THE PERSON WHO WAS SUPPOSED TO KNOW WAS PASSED OUT RIGHT HERE.;2;14;0x8EBF;0x8F19;texto;;;;;;;;;;;;;
H3;202AZ;WE MOVED THROUGH THE INSIDE OF THE BURNING MANSION, TRYING TO HEAD WHERE THERE WAS NO FIRE. WITH THAT EXTRA WEIGHT, WE COULD NOT MOVE WELL...;5;11;0x8F1E;0x8F64;texto;;;;;;;;;;;;;
H3;203AZ;AT THAT MOMENT, WE HEARD THE SOUND OF PEOPLE RUNNING WITH A CLATTER. THEY WERE SURELY COMING TO HELP US. OVER HERE! MAMI SHOUTED. THEY CAME RUNNING FROM THE FRONT OF THE HALLWAY.;0;16;0x8F68;0x8FD0;texto;;;;;;;;;;;;;
H3;204AZ;SAMURAI, WARRIORS, WITCHES, AND ALL KINDS OF MONSTERS WERE COMING TOWARD US.;8;8;0x8FE9;0x901B;texto;;;;;;;;;;;;;
H3;205AZ;AAAAAH! WE STARTED RUNNING. WHAT ON EARTH IS THIS?! MAMI SHOUTED. I WANTED TO KNOW THAT TOO...;4;12;0x9026;0x906C;texto;;;;;;;;;;;;;
H3;206AZ;WE WENT THROUGH A NARROW HALLWAY, DOWN A STAIRCASE, ACROSS A ROOM. EVEN SO, THEY WERE STILL CHASING US.;8;8;0x9071;0x90AC;texto;;;;;;;;;;;;;
H3;207AZ;HEY, REIKA! EMIKO SHOUTED WHILE WE RAN. COULD IT BE THEY ARE ESCAPING TOO?! HUH? THOSE WORDS DID NOT SINK IN RIGHT AWAY.;2;14;0x90B0;0x9105;texto;;;;;;;;;;;;;
H3;208AZ;THEY THINK WE KNOW WHERE THE EXIT IS... THAT MIGHT BE IT. THOSE PEOPLE ARE THE STAFF OF THIS PLACE, BUT MAYBE THEY DO NOT KNOW WHERE TO ESCAPE TO, AND THAT IS WHY THEY ARE FOLLOWING US.;2;14;0x9109;0x9169;texto;;;;;;;;;;;;;
H3;209AZ;WE STOPPED. UM... EXCUSE US! MAMI TRIED TO STOP THEM. BUT THEIR MOMENTUM DID NOT STOP.;3;13;0x916E;0x91B8;texto;;;;;;;;;;;;;
H3;210AZ;CRASH! THE PEOPLE WATCHING OUTSIDE MUST HAVE BEEN SHOCKED. YOU DO NOT SEE PEOPLE AND GHOSTS FALL THROUGH A WINDOW EVERY DAY.;5;11;0x91D1;0x9220;texto;;;;;;;;;;;;;
H3;211AZ;WHEN I CAME TO, I WAS LYING ON THE GRASS. HEY, REIKA, WHERE ARE YOU?! THINKING NOTHING HURT, I REALIZED I HAD LANDED ON TOP OF EMIKO. I MOVED AWAY IN A HURRY.;2;14;0x9224;0x9278;texto;;;;;;;;;;;;;
H3;212AZ;HOW DID YOU LIKE THAT, LADIES? A VOICE SUDDENLY RANG OUT. IT WAS THE VOICE OF THE BRONZE STATUE. DID YOU ENJOY THE ENDING OF THE HAUNTED HOUSE?;2;14;0x927D;0x92E9;texto;;;;;;;;;;;;;
H3;213AZ;THE ENDING? I LOOKED TOWARD THE BUILDING... IT WAS TRULY BURNING, WITH A THICK COLUMN OF BLACK SMOKE. THE HAUNTED HOUSE WAS REALLY ON FIRE.;5;11;0x92EE;0x9333;texto;;;;;;;;;;;;;
H3;214AZ;TODAY IS THE LAST DAY OF THE HAUNTED HOUSE! DID YOU ENJOY THE ULTIMATE TERROR, THE STAGING OF THE FLAMES?;7;9;0x9339;0x9378;texto;;;;;;;;;;;;;
H3;215AZ;...IT CANNOT BE... COULD THEY REALLY HAVE SET IT ON FIRE, ON THE VERY LAST DAY OF THE HAUNTED HOUSE?;8;8;0x937C;0x93A7;texto;;;;;;;;;;;;;
H3;216AZ;THE BRONZE STATUE'S LAUGHTER RANG OUT. IT CANNOT BE!? THE THREE OF US SCREAMED AT ONCE. THE BUILDING'S ENTRANCE COLLAPSED. THE BRONZE STATUE ROLLED ACROSS THE GROUND. EVEN SO, IT KEPT LAUGHING.;2;14;0x93AD;0x941F;texto;;;;;;;;;;;;;
H3;172BD;WE GATHERED AROUND AND OPENED THAT NOTEBOOK. IT SEEMED TO BE SOMETHING WHERE THOSE WHO ENTERED THIS HAUNTED HOUSE WROTE. THERE WAS ALSO A PEN BESIDE IT.;5;11;0x84FA;0x8549;texto;;;;;;;;;;;;;
H3;173BD;...WHAT IS THIS... EMIKO LET OUT A GASP. THE ONLY THING WRITTEN IN THE NOTEBOOK WAS JUST THREE WORDS.;7;9;0x854D;0x8586;texto;;;;;;;;;;;;;
H3;174BD;HELP ME HELP ME HELP ME HELP ME HELP ME HELP ME HELP ME HELP ME HELP ME HELP ME HELP ME HELP ME...;2;14;0x859A;0x85D3;texto;;;;;;;;;;;;;
H3;175BD;HELP ME HELP ME HELP ME HELP ME HELP ME HELP ME HELP ME HELP ME HELP ME HELP ME HELP ME HELP ME...;2;14;0x85D9;0x8607;texto;;;;;;;;;;;;;
H3;176BD;I COULD NOT MOVE, I COULD NOT EVEN SCREAM. REIKA... IT IS OKAY NOW. I WAS NOT OKAY AT ALL, BUT I ANSWERED THAT WAY ANYWAY.;2;14;0x860B;0x865A;texto;;;;;;;;;;;;;
H3;186BD;...LET US BREAK THIS DOOR. MAMI SAID, AND STEPPING BACK, SHE THREW HERSELF AT THE DOOR. IT DID NOT OPEN EASILY. SHE STEPPED BACK AGAIN.;3;13;0xD2D1;0xD332;texto;;;;;;;;;;;;;
H3;187BD;WE GATHERED BESIDE MAMI. ON THE COUNT OF THREE! THE THREE OF US CHARGED AT THE DOOR AT THE SAME TIME. AS EXPECTED, IT DID NOT WORK... THINGS DO NOT GO LIKE IN THE MOVIES.;2;14;0xD337;0xD386;texto;;;;;;;;;;;;;
H3;188BD;JUST THE THREE OF US IS NOT ENOUGH, LET US USE THIS. MAMI POINTED AT THE DESK IN THE ROOM.;9;7;0xD38B;0xD3BD;texto;;;;;;;;;;;;;
H3;189BD;WOULD THIS NOT BE BETTER? EMIKO POINTED AT A SOFA. TRUE, THIS LOOKS BETTER FOR RAMMING THE DOOR.;3;13;0xD3C1;0xD40A;texto;;;;;;;;;;;;;
H3;190BD;LET US DO IT THIS WAY. WE ALL LIFTED THE SOFA TOGETHER. NOW! WE SLAMMED THE SOFA INTO THE DOOR WITH ALL OUR STRENGTH. A TREMENDOUS CRASH RANG OUT. IT SEEMED LIKE THIS WAS GOING TO WORK.;2;14;0xD40E;0xD469;texto;;;;;;;;;;;;;
H3;191BD;WE LIFTED THE SOFA AGAIN AND GOT READY TO CHARGE ONCE MORE. ON THE COUNT OF THREE! WE RUSHED AT THE DOOR. AT THAT INSTANT IT OPENED.;5;11;0xD46E;0xD4C5;texto;;;;;;;;;;;;;
H3;192BD;I CAME TO HELP YOU! THE FACE THAT POKED THROUGH THE DOOR BELONGED TO THE MAN WHO HAD BEEN IN THE TORTURE ROOM EARLIER. JUDGING BY HIS WORDS, HE HAD SURELY COME TO HELP US.;3;13;0xD4D1;0xD52D;texto;;;;;;;;;;;;;
H3;193BD;BUT... HE COULD NOT FINISH THAT MISSION. THE SOFA SLAMMED INTO HIM WITH ALL ITS FORCE. BAM! HE FLEW INTO THE WALL ACROSS THE HALLWAY... AND WAS KNOCKED OUT.;2;14;0xD531;0xD59A;texto;;;;;;;;;;;;;
H3;194BD;OH NO, I DID IT AGAIN! MAMI SHOUTED. WE SENT THE PERSON WHO CAME TO HELP US FLYING... I FELT MY EYES FILLING WITH TEARS. AN AWKWARD MOOD SETTLED OVER US.;2;14;0xD5A5;0xD5FB;texto;;;;;;;;;;;;;
H3;195BD;NEVER MIND. THE DOOR OPENED, LET US GO. WITH THOSE WORDS, WE RAN.;7;9;0xD5FF;0xD63E;texto;;;;;;;;;;;;;
H3;196BD;W-, WAIT. WHAT DO WE DO ABOUT HIM? I STOPPED FOR A MOMENT AND POINTED AT THE UNCONSCIOUS MAN BEHIND US.;5;11;0xD642;0xD687;texto;;;;;;;;;;;;;
H3;197BD;JUST LEAVE THAT GUY. MAMI AND EMIKO HAD ALREADY TAKEN OFF RUNNING. I COULD NOT JUST LEAVE THAT MAN ABANDONED.;4;12;0xD68B;0xD6D7;texto;;;;;;;;;;;;;
H3;198BD;LITTLE BY LITTLE, FROM THE HEAT OF THE FLAMES, I STARTED TO LOSE CONSCIOUSNESS...;7;9;0xD6E2;0xD710;texto;;;;;;;;;;;;;
H3;199BD;YOU HAVE MADE THE DECISION TO BECOME A RESIDENT OF THIS PLACE, HAVE YOU NOT? FROM SOMEWHERE, I HEARD A VOICE I HAD ALREADY HEARD BEFORE.;5;11;0xD71F;0xD763;texto;;;;;;;;;;;;;
H3;200BD;IT WAS THE VOICE OF THE BRONZE STATUE. I HOPED WITH ALL MY HEART THAT YOU WOULD BECOME A RESIDENT OF THIS PLACE.;7;9;0xD767;0xD7A1;texto;;;;;;;;;;;;;
H3;201BD;SEEMS LIKE THE OTHER TWO DID NOT QUITE TAKE A LIKING TO THIS PLACE. A MOMENT AGO, THEY PASSED AWAY. HEH HEH HEH HEH. PASSED AWAY?;3;13;0xD7A7;0xD7F9;texto;;;;;;;;;;;;;
H3;202BD;SEEMS LIKE YOU WERE THE ONE WHO BELIEVED MOST IN OUR EXISTENCE. AND FROM TODAY ON, YOU ARE ONE OF US. AFTER ALL, YOU ARE ALREADY DEAD. HEH HEH HEH HEH.;2;14;0xD7FE;0xD864;texto;;;;;;;;;;;;;
H3;203BD;FOREVER. IF YOU DO THAT, YOU WILL BE ABLE TO STAY IN THIS WORLD. WHAT IS IT THAT I HAVE TO DO? ...BELIEVE...;2;14;0xD869;0xD8AE;texto;;;;;;;;;;;;;
H3;204BD;I FELT MY BODY LITTLE BY LITTLE STARTING TO CHANGE. INTO THE VERY THING I HAD LEAST WANTED TO BELIEVE... AND THE THING I HAD MOST BELIEVED...;4;12;0xD8B5;0xD90D;texto;;;;;;;;;;;;;
H3;205G;HELP ME HELP ME HELP ME HELP ME HELP ME HELP ME HELP ME HELP ME HELP ME HELP ME HELP ME HELP ME...;1;15;0xC036;0xC065;texto;;;;;;;;;;;;;
H3;161V;PUTTING EVEN MORE FORCE INTO IT, RAISING MY VOICE, I KEPT POUNDING ON THE DOOR. BUT THE VOICES OF THE OTHER TWO KEPT GETTING FARTHER AWAY. WHAT WOULD BECOME OF ME FROM NOW ON... IN THE DARKNESS, ALL I COULD DO WAS CRY INCONSOLABLY.;0;16;0x79F2;0x7A62;texto;;;;;;;;;;;;;
H3;118AE;AND BESIDE ME THERE WAS SOMEONE IDENTICAL TO MAMI AND EMIKO...;10;6;0x2350;0x2376;texto;;;;;;;;;;;;;
H1;300;@@@@@@@@@@@@@@ @@@@@@@@@@@@@@ @@@@@@@@@@@@@@ @@@@@@@@@@@@@@ @@@@@@@@@@@@@@ @@@@@@@@@@@@@@ @@@@@@@@@@@@@@ @@CONTINUE @@@@@@@@@@ @@RESTART@@@@ @@@@@@@@@ @@@@@@@@@@@@@@@@RESTART ALL @@STORIES;2;14;0x03A;0x03A;texto;no;;;;;;;;;;;;
H1;301;@@@@@@@@@@@@@@ @@@@@@@@@@@@@@ @@@@@@@@@@@@@@ @@@@@@@@@@@@@@ @@@@@@@@@@@@@@ @@@@@@@@@@@@@@ @@@@@@@@@@@@@@ @@@@@@@@@@@@@@@@@@@@@@@@@@@@@@@@@@@@ @START STORY;2;14;0x069;0x069;texto;no;;;;;;;;;;;;
H1C;304;@@@@@@@@@@@@@@@@ @@@@@@@@@@@@@@@@ @@@@@@@@@@@@@@@@ @@@@@@@@@@@@@@@@ @@@@@@@@@@@@@@@@ @@@@@@@@@@@@@@@@ @@@@@@@@@@@@@@@@ @@RE-READ FROM @@THE BEGINNING @@@@@@@@@@@@@@@@ @@@@@@@@@@@@@@@@@@@@@@@@@@@@@@@@@@@YES @@NO;0;16;0x060;0x060;texto;no;;;;;;;;;;;;
H1;305;@@@@@@@@@@@@@@@@ @@@@@@@@@@@@@@@@ @@@@@@@@@@@@@@@@ @@@@@@@@@@@@@@@@ @@@@@@@@@@@@@@@@ @@@@@@@@@@@@@@@@ @@@@@@@@@@@@@@@@ @@@RE-READ ALL @@@STORIES FROM @@@THE START @@@@@@@@@@@@@@@@ @@@@@@@@@@@@@@@@ @@@YES @@NO;0;16;0x056;0x056;texto;no;;;;;;;;;;;;
H1B;307;@@@@@@@@@@@@@@@@ @@@@@@@@@@@@@@@@ @@@@@@@@@@@@@@@@ @@@@@@@@@@@@@@@@ @@@@@@@@@@@@@@@@ @@@@@@@@@@@@@@@@ @@@@@@@@@@@@@@@@ @@@@@@@@@@@@@@@@@@@START STORY @@@@@@@@@@@@@@@@@@@RE-READ@ ALL @@@FROM START;0;16;0x069;0x069;texto;no;;;;;;;;;;;;
H6;1;THE MANSION OWNER KNEW THAT THE PERSON THEY HAD BEEN WAITING FOR HAD ARRIVED.;10;6;0x013E;0x015C;texto;;;;;;;;;;;;;
H6;2;THE MANSION OWNER KNEW THAT THE PERSON THEY HAD BEEN WAITING FOR HAD ARRIVED. HOW LONG HAD IT BEEN SINCE THEN.;7;9;0x015E;0x0175;texto;;;;;;;;;;;;;
H6;3;THE OWNER APPROACHED THE MAHOGANY BOOKSHELF AND GRABBED A BOOK.;10;6;0x0177;0x01AB;texto;;;;;;;;;;;;;
H6;4;THE COVER WAS MADE OF LEATHER, WITH UNFAMILIAR CHARACTERS WRITTEN ON IT. NOT EVEN THE OWNER KNEW WHAT THEY MEANT. HE PLACED IT ON THE BOOK REST.;5;11;0x01B3;0x0201;texto;;;;;;;;;;;;;
H6;5;JUST AS HE WAS ABOUT TO OPEN THE COVER...., THE OWNER HESITATED. DID HE HAVE THE RIGHT TO DO THIS? BUT THAT THOUGHT ONLY CROSSED HIS MIND FOR A MOMENT.;2;14;0x0203;0x026A;texto;;;;;;;;;;;;;
H6;6;THE OWNER OPENED THE BOOK.;7;9;0x026C;0x0282;texto;;;;;;;;;;;;;
H6;7;I WAS WALKING DOWN THE TRAIL, BUT WITHOUT REALIZING IT I FOUND MYSELF WANDERING AN UNKNOWN MOUNTAIN PATH.;5;11;0x028A;0x02DC;texto;;;;;;;;;;;;;
H6;8;I WAS WALKING DOWN THE TRAIL, BUT SOMEHOW I ENDED UP ON AN UNKNOWN MOUNTAIN PATH. NIGHT WAS FALLING. THE TREES HID THE SKY.;5;11;0x02DE;0x0323;texto;;;;;;;;;;;;;
H6;9;BEHIND ME THERE WAS NOTHING BUT TREES. I QUICKENED MY PACE AT RANDOM.;7;9;0x0325;0x0359;texto;;;;;;;;;;;;;
H6;10;BUT, IN THIS DARKNESS, FINDING THE MAIN PATH AGAIN WOULD BE HARD. I WOULD HAVE NO CHOICE BUT TO SPEND THE NIGHT HERE... AS I THOUGHT THAT, I HEARD A GROWL IN THE DISTANCE.;3;13;0x0361;0x03BB;texto;;;;;;;;;;;;;
H6;11;A WILD DOG, MAYBE. IF I WAS GOING TO RUN, I HAD TO DO IT SOON. BUT WHERE TO? I SQUINTED, AND IN THE DISTANCE I SPOTTED SOMETHING LIKE ARTIFICIAL LIGHT.;4;12;0x03C3;0x041F;texto;;;;;;;;;;;;;
H6;12;I RAN STRAIGHT FOR THAT LIGHT WITHOUT STOPPING.;10;6;0x0427;0x0446;texto;;;;;;;;;;;;;
H6;13;AFTER A WHILE, I REACHED THAT MANSION. IT WAS A SPLENDID OLD WESTERN STYLE HOUSE, VINES CRAWLED UP ITS WALLS.;8;8;0x044E;0x04A4;texto;;;;;;;;;;;;;
H6;14;I COULD NOT SENSE ANYONE THERE, BUT THE FRONT LIGHT WAS ON. I OPENED THE MANSION'S HEAVY DOOR.;7;9;0x04AC;0x04E4;texto;;;;;;;;;;;;;
H6;15;OPENING THE DOOR, A HALLWAY STRETCHED OUT. SINCE THERE DID NOT SEEM TO BE ANYTHING ELSE TO SEE, I DECIDED TO WALK DOWN THE HALL. BEFORE LONG, I SAW A DOOR AT THE END.;3;13;0x04F9;0x05A6;texto;;;;;;;;;;;;;
H6;16;IT WAS A HEAVY LOOKING STEEL DOOR. I WALKED TOWARD IT, BUT HALFWAY THERE I STOPPED.;7;9;0x05A8;0x05E6;texto;;;;;;;;;;;;;
H6;17;AT MY FEET, A SMALL DOLL WAS BLOCKING MY WAY. LOOKING CLOSER, IT REALLY WAS A DOLL.;8;8;0x05EE;0x0632;texto;;;;;;;;;;;;;
H6;18;THE DOLL STOOD BEFORE ME AS IF TO SAY IT WOULD NOT LET ME GO ANY FURTHER. NO, THIS DOLL WAS ACTUALLY BLOCKING MY WAY.;5;11;0x0634;0x0687;texto;;;;;;;;;;;;;
H6;19;WHEN I TRIED TO GO LEFT, THE DOLL ALSO MOVED LEFT. IF I MOVED RIGHT, IT DID THE SAME. I HAD NO IDEA HOW IT DID THAT.;5;11;0x068F;0x06E6;texto;;;;;;;;;;;;;
H6;20;I DODGED THE DOLL AND, THE MOMENT I STEPPED FORWARD, IT BARED ITS FANGS...;9;7;0x06E8;0x0739;texto;;;;;;;;;;;;;
H6;21;2.@@1.@WITH@ STO@OP@THOSE P@@@EN@EYES@ @@@@TH@THAT@ @@@@E@@DO@@@ @@@@DO@NOT@@ @@@@OR@LOOK@ @@@@@@@FAKE, @@@@@@@IT@@@ @@@@@@@GLARE @@@@@@@S@@@@ @@@@@@@AT@@@ @@@@@@@ME@@@;3;12;0x073B;0x0781;pregunta;;3;1;2;1;5;0;1. OPEN THE DOOR;2. STOP;WITH THOSE EYES THAT DO NOT LOOK FAKE, IT GLARES AT ME;;;
H6;22;NOT CARING, I TOUCHED THE DOORKNOB. FOR AN INSTANT, LIGHTNING LIT THE ROOM WHITE.;8;8;0x078B;0x0BF1;texto;;;;;;;;;;;;;
H6;23;THE HAIR ON MY BODY STOOD ON END. WHEN I CAME TO, THE DOLL LAY ON THE FLOOR, BURNT.;10;6;0x0BF3;0x0C1D;texto;;;;;;;;;;;;;
H6;24;IT MUST HAVE TAKEN THE DIRECT HIT FROM THE LIGHTNING. MAYBE... IT SACRIFICED ITSELF IN MY PLACE......;7;9;0x0C1F;0x0C5A;texto;;;;;;;;;;;;;
H6;25;I LET GO OF THE DOORKNOB. I THOUGHT ABOUT RUNNING, BUT THE DOOR SLOWLY OPENED, AS IF WELCOMING ME IN. I DO NOT KNOW WHY, BUT I FELT DRAWN IN AND WENT THROUGH THE DOOR.;0;16;0x0C5C;0x0CD1;texto;;;;;;;;;;;;;
H6;26;AS I OPENED THE DOOR, SEVERAL CROWS TOOK FLIGHT RIGHT BEFORE MY EYES.;10;6;0x0CD9;0x111C;texto;;;;;;;;;;;;;
H6;27;WAS THIS AN INNER COURTYARD? THERE DID NOT SEEM TO BE ANYTHING RESEMBLING A ROOF.;10;6;0x1124;0x1151;texto;;;;;;;;;;;;;
H6;28;NEAR THE CENTER OF THE ROOM STOOD SEVERAL WOODEN COLUMNS, BARELY LIT BY THE LIGHT FALLING FROM THE GRAY SKY.;7;9;0x1153;0x119E;texto;;;;;;;;;;;;;
H6;29;HEY. SUDDENLY, SOMEONE CALLED OUT TO ME AND I JUMPED.;7;9;0x11A0;0x11DD;texto;;;;;;;;;;;;;
H6;30;LOOKING TOWARD WHERE THE VOICE CAME FROM, I SAW A MAN TIED BY THE FEET, HANGING UPSIDE DOWN FROM A COLUMN.;8;8;0x11DF;0x1217;texto;;;;;;;;;;;;;
H6;31;THAT FACE LOOKED JUST LIKE A FRIEND OF MINE. NO, IT WAS NOT ONLY THE FACE. EVEN THE VOICE AND GESTURES WERE IDENTICAL TO MY FRIEND'S.;5;11;0x1219;0x1263;texto;;;;;;;;;;;;;
H6;32;HEY, HEY. HELP ME! I WILL DIE LIKE THIS! HUH? DID YOU DO SOME KIND OF MAGIC ON ME? I AM JUST ASKING YOU TO UNTIE THIS ROPE. WE ARE FRIENDS, RIGHT?;2;14;0x1265;0x12C5;texto;;;;;;;;;;;;;
H6;33;MY FRIEND HAD COMMITTED A SIN, AND THAT WAS WHY THIS WAS HAPPENING TO HIM.;9;7;0x12C7;0x12F2;texto;;;;;;;;;;;;;
H6;34;2.@@1.@@WAS@@@@ CAN@HEL@HE@@@@@ NOT@P@@@MY@@@@@ HEL@HIM@FRIEND? P@@@@@@@WHY@@@@ HIM@@@@@BE@@@@@ @@@@@@@@HERE@@@;1;15;0x12F4;0x159F;pregunta;;3;1;3;1;7;0;1. HELP HIM;2. CANNOT HELP HIM;WAS HE MY FRIEND? WHY BE HERE;;;
H6;35;I UNTIED THE MAN'S ROPE AND CAREFULLY LOWERED HIM TO THE FLOOR. MY FRIEND, RUBBING HIS FEET, THANKED ME.;7;9;0x15A9;0x46C8;texto;;;;;;;;;;;;;
H6;36;I ASKED WHAT ON EARTH HAD HAPPENED FOR HIM TO END UP LIKE THAT.;8;8;0x46D0;0x4705;texto;;;;;;;;;;;;;
H6;37;WELL, DO NOT GET SO WORKED UP... HEHEHE;12;4;0x4707;0x471C;texto;;;;;;;;;;;;;
H6;38;MY FRIEND FLASHED A SMILE. AT THAT SAME INSTANT, MY VISION WENT DARK AND, BEFORE I KNEW IT, I WAS LYING ON THE FLOOR.;7;9;0x471E;0x4784;texto;;;;;;;;;;;;;
H6;39;MY HEAD THROBBED WITH PAIN. LOOKING UP, I SAW MY FRIEND WITH A WOODEN STICK IN HIS HAND. WHAT AN IDIOT YOU ARE, HE SAID WHILE HE KEPT SWINGING THE STICK.;5;11;0x478C;0x47ED;texto;;;;;;;;;;;;;
H6;40;AT THAT MOMENT, THE SOUND OF FLAPPING WINGS RANG OUT AND THE CROWS FROM BEFORE SWOOPED DOWN ON MY FRIEND. THE MAN LET OUT A SCREAM OF PAIN.;3;13;0x47EF;0x484F;texto;;;;;;;;;;;;;
H6;41;I FLED THAT PLACE AS BEST I COULD, DESPERATE. I FOUND A ROOM RIGHT AWAY.;10;6;0x4851;0x487A;texto;;;;;;;;;;;;;
H6;42;IN THE CORNER OF THE ROOM THERE WAS A LUXURIOUS BED. THE SHEETS WERE PERFECTLY MADE, LIKE A BED A NOBLEWOMAN OR SOMEONE OF SIMILAR RANK WOULD USE.;2;14;0x178E;0x181E;texto;;;;;;;;;;;;;
H6;43;GETTING CLOSER, I SAW AN IV DRIP HANGING BY THE PILLOW, SOMETHING THAT DID NOT FIT THIS PLACE AT ALL.;7;9;0x1820;0x185D;texto;;;;;;;;;;;;;
H6;44;ALSO, ON THE SMALL TABLE TO ONE SIDE THERE WAS A TRAY WITH FOOD I LIKED, EXACTLY AS IT WAS ON THE MENU.;8;8;0x185F;0x18A0;texto;;;;;;;;;;;;;
H6;45;2.@@1.@SOMEO WAI@WA@NE@@@ TIN@IT@PREPA G@@@IN@RED@@ FOR@G@@THIS, SOM@FO@WAITI EON@R@@NG@@@ E@@@ME@@@@@@;3;12;0x18A2;0x4AD7;pregunta;;3;1;2;1;5;0;1. WAITING FOR ME;2. WAITING FOR SOMEONE;SOMEONE PREPARED THIS, WAITING;;;
H6;46;COULD THIS BE WAITING FOR ME? IF ALL THIS WAS PREPARED, I WOULD GLADLY ACCEPT IT.;7;9;0x4AE1;0x4EAA;texto;;;;;;;;;;;;;
H6;47;ALMOST DEFENSIVELY, I SAT ON THE BED AND REACHED FOR THE CHOPSTICKS ON THE TRAY.;9;7;0x4EAC;0x4EEE;texto;;;;;;;;;;;;;
H6;48;...! THE TIPS OF THE CHOPSTICKS WERE WET. THE FOOD ALSO SHOWED SIGNS OF HAVING BEEN TOUCHED WITH THE CHOPSTICKS. NOW THAT I THOUGHT ABOUT IT, THE DRIP HAD ALSO GONE DOWN HALFWAY. I STOOD UP.;2;14;0x4EF0;0x4F6E;texto;;;;;;;;;;;;;
H6;49;AT THAT MOMENT, I FELT A FAINT WARMTH UNDER MY HAND. THIS BED HAD NOT BEEN PREPARED FOR ME. THIS BED HAD BEEN USED BY SOMEONE ELSE.;3;13;0x4F70;0x4FDA;texto;;;;;;;;;;;;;
H6;50;I TRIED TO LEAVE THE ROOM AND TOSSED THE CHOPSTICKS BACK DOWN. WITH A CLICK, THE WOODEN CHOPSTICKS MADE A SOUND LIKE PLASTIC.;5;11;0x4FE8;0x503A;texto;;;;;;;;;;;;;
H6;51;I COULD NOT SEE WELL WHERE I HAD BEEN SITTING, BUT NEXT TO THE TRAY THERE WAS A USED SYRINGE HIDDEN. THIS TIME I ACTUALLY RAN OUT OF THE ROOM.;5;11;0x503C;0x50A0;texto;;;;;;;;;;;;;
H6;52;I DO NOT WANT TO END UP LIKE THAT. THAT THOUGHT CROSSED MY MIND FOR A MOMENT.;10;6;0x50AE;0x50CB;texto;;;;;;;;;;;;;
H6;53;GOING THROUGH THE DOOR, I FOUND A WASTELAND STRETCHING OUT BEFORE ME. NO, IT WAS TOO DESOLATE TO EVEN CALL IT A WASTELAND. IT WAS A LAND OF DEATH STRETCHING OUT ENDLESSLY.;2;14;0x1D8A;0x239D;texto;;;;;;;;;;;;;
H6;54;THERE WAS A MOON IN THE SKY. BUT THE MOON RISING FROM THE HORIZON WAS DIFFERENT FROM THE ONE I KNEW. IN ITS CENTER THERE WAS A HUGE CRATER.;3;13;0x239F;0x23F8;texto;;;;;;;;;;;;;
H6;55;TURNING AROUND, I SAW A GIGANTIC SUN SINKING, FILLING THE WHOLE HORIZON.;10;6;0x23FA;0x2431;texto;;;;;;;;;;;;;
H6;56;2.@@@1.@@THIS@@@ BET@@LOO@IS...@@ TER@@K@@@A@@@@@@ NOT@@FOR@DISTANT MOV@@SOM@FUTURE@ E@@@@ETH@WHERE@@ MUC@@ING@THE@@@@ H@@@@@@@@EARTH@@ @@@@@@@@@HAS@@@@ @@@@@@@@@DIED.@@ @@@@@@@@@WHERE@@ @@@@@@@@@NOTHING @@@@@@@@@EXISTS@;0;16;0x2433;0x24A7;pregunta;;3;2;3;1;7;0;1. LOOK FOR SOMETHING;2. BETTER NOT MOVE MUCH;THIS IS... A DISTANT FUTURE WHERE THE EARTH HAS DIED. WHERE NOTHING EXISTS;;;
H6;57;I HAD NOTHING TO GAIN BY STAYING HERE...... IF THERE WAS ANY TRACE OF PEOPLE. I STARTED WALKING TOWARD THE HUGE SUNSET.;5;11;0x24B1;0x2766;texto;;;;;;;;;;;;;
H6;58;EVEN THOUGH MY FEET HURT, I KEPT WALKING. DESPITE THE EXHAUSTION, LITTLE BY LITTLE THE TEMPERATURE KEPT DROPPING. BECAUSE THE SUN WAS SETTING.;5;11;0x276E;0x27B0;texto;;;;;;;;;;;;;
H6;59;WOULD I NOT FREEZE IF I KEPT GOING LIKE THIS? EVEN SO, I WALKED IN DESPERATION. CHASING THE SUN, SINCE THERE WAS NOWHERE TO HIDE.;3;13;0x27B2;0x2802;texto;;;;;;;;;;;;;
H6;60;......................................................................;2;14;0x2804;0x282D;texto;;;;;;;;;;;;;
H6;61;LITTLE BY LITTLE...... THE SUN SET COMPLETELY. THE WIND WAS COLD, LIKE ICE. I LET MYSELF FALL TO THE GROUND. WAS I GOING TO DIE RIGHT HERE, LIKE THIS?;3;13;0x282F;0x2890;texto;;;;;;;;;;;;;
H6;62;......................................................................;2;14;0x2892;0x28B4;texto;;;;;;;;;;;;;
H6;63;ON THE HORIZON, FOR THE FIRST TIME A SHADOW APPEARED. IT WAS A DOOR TO WHAT CAME NEXT. IT SEEMED I COULD KEEP GOING.;5;11;0x28B6;0x28F6;texto;;;;;;;;;;;;;
H6;64;INSIDE THE ROOM, A GAUNT OLD MAN SAT IN A CHAIR, DOZING. THE MOMENT I TRIED TO SPEAK TO HIM, HE JUMPED IN SURPRISE.;3;13;0x28FF;0x8644;texto;;;;;;;;;;;;;
H6;65;A GUEST!? T-THIS WAY, THE MASTER IS WAITING FOR YOU. HE LEFT THE ROOM AND, AS IF SAYING THIS WAY, TOOK ME BY THE HAND AND WALKED DOWN THE HALL. THAT STRENGTH WAS SURPRISINGLY GREAT FOR HIS GAUNT APPEARANCE.;0;16;0x8646;0x86D0;texto;;;;;;;;;;;;;
H6;66;THIS IS THE ROOM. I WAS LED INTO A TASTEFULLY DECORATED ROOM. WAIT HERE, THE MASTER WILL COME RIGHT AWAY.;5;11;0x86D2;0x8739;texto;;;;;;;;;;;;;
H6;67;HE HAD ME SIT ON THE SOFA, POURED BLACK TEA INTO A CUP, BOWED AND LEFT THE ROOM.;8;8;0x873B;0x8776;texto;;;;;;;;;;;;;
H6;68;ONCE ALONE, I TOOK A SIP OF TEA AND LOOKED AROUND THE ROOM.;10;6;0x8778;0x87A7;texto;;;;;;;;;;;;;
H6;69;IT WAS A BIT PLAIN, BUT COZY. IT MADE ME THINK I WOULD LIKE TO HAVE MY OWN ROOM LIKE THIS. IT HAD THAT KIND OF ATMOSPHERE.;5;11;0x87A9;0x87F9;texto;;;;;;;;;;;;;
H6;70;SOON A KNOCK WAS HEARD AT THE DOOR. COME IN... I ANSWERED BY REFLEX. THE DOOR OPENED.;7;9;0x87FB;0x883F;texto;;;;;;;;;;;;;
H6;71;THE ONE WHO ENTERED WAS A YOUNG WOMAN WITH THE AIR OF A WIDOW. WELL, SO THE MASTER WAS A WOMAN......;7;9;0x8847;0x8893;texto;;;;;;;;;;;;;
H6;72;2.@@1.@@SHE@@@@ NOT@I@@@STARED@ THE@AM@@AND@@@@ MAS@THE@SAID:@@ TER@MAS@ARE@@@@ @@@@TER@YOU@@@@ @@@@@@@@THE@@@@ @@@@@@@@MASTER?;1;15;0x8895;0x88EB;pregunta;;3;1;3;1;7;0;1. I AM THE MASTER;2. NOT THE MASTER;SHE STARED AND SAID: ARE YOU THE MASTER?;;;
H6;73;I AM THE MASTER, I ANSWERED. THE WOMAN IN FRONT OF ME STILL KEPT ASKING ME QUESTIONS.;7;9;0x88F5;0x8937;texto;;;;;;;;;;;;;
H6;74;2.@@1.@@PLEA IT@@IT@@SE@@ IS@@IS@@TELL IN@@AN@@ME.@ THE@INS@WHAT HEA@OLE@EXAC RT@@NT@@TLY@ @@@@MAN@IS@@ @@@@SIO@THIS @@@@N@@@MANS @@@@@@@@ION?;3;12;0x8939;0x8983;pregunta;;3;1;3;1;4;0;1. IT IS AN INSOLENT MANSION;2. IT IS IN THE HEART;PLEASE TELL ME. WHAT EXACTLY IS THIS MANSION?;;;
H6;75;SHE WAS NOT SATISFIED WITH THAT ANSWER. THIS MANSION MUST HAVE SOME MEANING. PLEASE TELL ME. TO THAT QUESTION, I COULD NOT ANSWER.;2;14;0x898D;0x8C6C;texto;;;;;;;;;;;;;
H6;88I;JUST AS I THOUGHT... MY ANSWER SEEMED TO HAVE CONVINCED HER.;10;6;0x8D97;0x8DBA;texto;;;;;;;;;;;;;
H6;89I;SO YOU ARE ALSO PART OF ME, AREN'T YOU? MAYBE THAT WAS TRUE. IF THIS MANSION WERE HER, WOULD I ALSO BE PART OF HER IMAGINATION?;2;14;0x8DC4;0x8E29;texto;;;;;;;;;;;;;
H6;90I;I AM GOING TO STEP OUTSIDE MYSELF. NEVER FOLLOW ME. THOSE WERE FIRM WORDS. AND SO, SHE OPENED THE DOOR AND LEFT.;4;12;0x8E3B;0x8E94;texto;;;;;;;;;;;;;
H6;91I;A LITTLE TIME PASSED. WHEN I LEFT THE ROOM, THERE WAS NO TRACE OF HER LEFT.;8;8;0x8EA5;0x8EDE;texto;;;;;;;;;;;;;
H6;76;THE WOMAN BEGAN TO SPEAK IN A LOW VOICE. THIS PLACE IS JUST LIKE THE WORLD I IMAGINED AS A CHILD. WHY DOES A MANSION LIKE THIS EXIST? WHY AM I HERE?;2;14;0x8C6E;0x8CD9;texto;;;;;;;;;;;;;
H6;77;SILENCE. THAT WAS ALL I WAS ALLOWED. SOON AFTER, SHE LEFT THE ROOM LOOKING DEJECTED.;7;9;0x8CDB;0x8D2B;texto;;;;;;;;;;;;;
H6;78;THERE WAS NO WAY I COULD ANSWER. I WAS IN THE SAME POSITION AS HER, AFTER ALL. I OPENED THE DOOR AND ENTERED THE NEXT ROOM.;5;11;0x8D33;0x8D89;texto;;;;;;;;;;;;;
H6;79;I WALKED DOWN THE HALL. BANG! SUDDENLY, A SOUND LIKE SOMETHING BEING HIT ECHOED THROUGH THE HALL.;7;9;0x2A9E;0x2DE5;texto;;;;;;;;;;;;;
H6;80;BANG! IT WAS THAT DOOR. IT SEEMED SOMEONE WAS HITTING IT FROM THE INSIDE.;8;8;0x2DE7;0x2E22;texto;;;;;;;;;;;;;
H6;81;BANG! WHEN I TRIED TO GET CLOSER TO THE DOOR, A FAINT VOICE WAS HEARD FROM SOMEWHERE. I LISTENED CLOSELY.;5;11;0x2E24;0x2E68;texto;;;;;;;;;;;;;
H6;82;SOMEONE...... IT WAS A WOMAN'S VOICE ASKING FOR HELP. IT WAS A VOICE SO FAINT I DID NOT KNOW WHERE IT CAME FROM.;5;11;0x2E6A;0x2EBE;texto;;;;;;;;;;;;;
H6;83;2.@@1.@@WAS@@@@ LOO@OPE@IT@@@@@ K@@@N@@@COMING@ BEY@THE@FROM@@@ OND@DOO@INSIDE@ THE@R@@@THIS@@@ HAL@@@@@ROOM,@@ LWA@@@@@OR@@@@@ Y@@@@@@@FROM@@@ @@@@@@@@SOME@@@ @@@@@@@@DISTANT @@@@@@@@PLACE@@;1;15;0x2EC0;0x316E;pregunta;;3;1;3;1;7;0;1. OPEN THE DOOR;2. LOOK BEYOND THE HALLWAY;WAS IT COMING FROM INSIDE THIS ROOM, OR FROM SOME DISTANT PLACE;;;
H6;84;I PUT MY HAND ON THE DOORKNOB TO TRY TO OPEN THE DOOR. ......IT WOULD NOT OPEN. NO MATTER HOW MUCH I PUSHED OR PULLED, THE DOOR DID NOT OPEN.;5;11;0x3178;0x74D5;texto;;;;;;;;;;;;;
H6;85;WAS IT LOCKED? MAYBE THAT WAS WHY IT WOULD NOT OPEN AND WHY THEY WERE HITTING THE DOOR.;9;7;0x74DD;0x750D;texto;;;;;;;;;;;;;
H6;86;THIS IS ALL I CAN DO...... BANG! BANG! BANG! BANG!;9;7;0x750F;0x754E;texto;;;;;;;;;;;;;
H6;87;THE DOOR WAS HIT HARDER. SUDDENLY, THE SOUND STOPPED. I TURNED AROUND. BANG! BANG! BANG! BANG!;5;11;0x7559;0x75B0;texto;;;;;;;;;;;;;
H6;88;THE SOUND OF SOMEONE POUNDING ON THE DOOR ECHOED AGAIN. THERE WAS NOTHING I COULD DO. I RAN OFF AS IF FLEEING.;7;9;0x75BB;0x7609;texto;;;;;;;;;;;;;
H6;89;I WENT THROUGH THE DOOR AND APPEARED IN THE NEXT PLACE. I WAS OUTSIDE THE MANSION.;10;6;0x760B;0x772F;texto;;;;;;;;;;;;;
H6;90;NIGHT HAD FULLY FALLEN, BUT IT WAS MUCH BETTER THAN BEING INSIDE. THERE WAS NO SIGN OF WILD DOGS. TIME TO RUN. ALL I COULD DO WAS RUN. I STARTED RUNNING INTO THE DARKNESS.;2;14;0x7737;0x7796;texto;;;;;;;;;;;;;
H6;91;I SHOULD BE ABLE TO GET OUT OF THIS. LOOKING UP THROUGH THE THICK BRANCHES OF THE TREES, I SAW A STAR AND FELT RELIEVED.;7;9;0x779E;0x77DD;texto;;;;;;;;;;;;;
H6;92;I TRIPPED ON A TREE ROOT, GOT CAUGHT ON A BRANCH, MY SKIN TORE AND I BLED. BUT I KEPT RUNNING ANYWAY.;7;9;0x77DF;0x7826;texto;;;;;;;;;;;;;
H6;93;AS I RAN, I SPOTTED AN ARTIFICIAL LIGHT BEYOND THE TREES AND SMILED, BUT THAT SMILE SOON TURNED INTO DESPAIR.;5;11;0x782E;0x7884;texto;;;;;;;;;;;;;
H6;94;2.@@1.@@I@@ GO@@RUN@WAS BAC@AGA@BAC K@@@IN@@K@@ IN@@@@@@AT@ @@@@@@@@THE @@@@@@@@MAN @@@@@@@@SIO @@@@@@@@N@@;5;11;0x788C;0x78DA;pregunta;;3;1;3;1;3;0;1. RUN AGAIN;2. GO BACK IN;I WAS BACK AT THE MANSION;;;
H6;95;THAT COULD NOT BE, I SHOULD BE ABLE TO ESCAPE. I RAN BACK INTO THE DARKNESS.;7;9;0x78E4;0x792F;texto;;;;;;;;;;;;;
H6;96;MAYBE MORNING WOULD NEVER COME, I THOUGHT AS I RAN.;10;6;0x7931;0x795B;texto;;;;;;;;;;;;;
H6;106;WATCHING THE GUEST'S FIGURE, THE MASTER OF THE MANSION LET OUT A SIGH.;10;6;0x99EC;0x9A11;texto;;;;;;;;;;;;;
H6;107;HAD THAT GUEST DISPLEASED HIM, OR HAD HE LIKED THEM......;8;8;0x9A13;0x9A41;texto;;;;;;;;;;;;;
H6;108;EITHER WAY, THE MASTER WOULD ONCE AGAIN SPEND MANY YEARS IN THIS MANSION. UNTIL A NEW GUEST APPEARED. AND THERE WAS SOMETHING HE HAD TO DO.;2;14;0x9A43;0x9AA0;texto;;;;;;;;;;;;;
H6;109;THE MASTER TOOK THE PEN AND WROTE A NEW AND SPECIAL LINE IN THAT BOOK. THAT WAS THE MASTER'S JOB.;7;9;0x9AA2;0x9AE5;texto;;;;;;;;;;;;;
H6;110;AND THEN, THE MASTER SLOWLY RETURNED THE BOOK TO THE SHELF.;7;9;0x9AE7;0x9B0E;texto;;;;;;;;;;;;;
H6;22B;I GAVE UP AND TOOK A STEP BACK. AT THAT INSTANT, THE DOLL'S EXPRESSION RETURNED TO NORMAL.;8;8;0x078B;0x0D13;texto;;;;;;;;;;;;;
H6;23B;EVEN THIS DOLL, WITH ITS SMALL BODY, MUST HAVE HAD SOMETHING IT WANTED TO PROTECT. I GAVE UP ON THE DOOR AND TRIED TO FIND ANOTHER WAY IN.;5;11;0x0D1B;0x0D62;texto;;;;;;;;;;;;;
H6;24B;THEN, THE DOOR OPENED, INVITING ME IN.;12;4;0x0D64;0x0D84;texto;;;;;;;;;;;;;
H6;25B;THE DOLL TURNED AROUND AND RAISED ITS HAND AS IF IT COULD NOT BELIEVE IT.;10;6;0x0D92;0x0DBE;texto;;;;;;;;;;;;;
H6;26B;I COMPARED THE OPEN DOOR WITH THE ONE I HAD ENTERED THROUGH. AN UNSETTLING LIGHT LEAKED FROM THE OTHER DOOR.;7;9;0x0DC0;0x0E04;texto;;;;;;;;;;;;;
H6;27B;THEN THE DOLL, AS IF IT HAD NO OTHER CHOICE, MOVED ITS HAND AND LED ME TO THE NEXT ROOM.;9;7;0x0E0C;0x0E42;texto;;;;;;;;;;;;;
H6;37B;I ABANDONED THAT MAN AND WALKED AWAY FROM THERE. THERE WAS NO WAY MY FRIEND WAS IN A PLACE LIKE THIS.;7;9;0x15A9;0x48C0;texto;;;;;;;;;;;;;
H6;38B;WAIT! DON'T GO! THE MAN BEGGED DESPERATELY, BUT I PAID HIM NO MIND.;7;9;0x48C2;0x48FE;texto;;;;;;;;;;;;;
H6;39B;YOU DON'T NEED TO WAIT, YOU DON'T NEED TO HELP ME. IF I AM GOING TO SUFFER LIKE THIS, BETTER...... TERRIFYING WORDS WERE HURLED AT MY BACK.;5;11;0x4900;0x4953;texto;;;;;;;;;;;;;
H6;40B;THE MAN STARED AT ME AND SAID IN A LOW VOICE: THAT'S RIGHT, IF I AM GOING TO DIE BY YOUR HAND, MY FRIEND, THAT IS WHAT I TRULY WANT, AND HE LOOKED DOWN AT MY FEET.;4;12;0x4955;0x49BC;texto;;;;;;;;;;;;;
H6;41B;I FOLLOWED HIS GAZE AND SAW A SHARP BLADE LYING ON THE GROUND.;10;6;0x49BE;0x49F1;texto;;;;;;;;;;;;;
H6;42B;2.@1.@@MAYBE I@@FIN@THE@@ WO@ISH@FINAL N'@HIM@BLOW@ T@@OFF@WOULD DO@@@@@BE@@@ TH@@@@@THE@@ AT@@@@@MOST@ @@@@@@@MERCI @@@@@@@FUL.. @@@@@@@.@@@@;3;12;0x49F9;0x4A3F;pregunta;;2;1;3;1;5;0;1. FINISH HIM OFF;2. I WON'T DO THAT;MAYBE THE FINAL BLOW WOULD BE THE MOST MERCIFUL...;;;
H6;43B;I IGNORED THE MAN AND KEPT GOING JUST AS I WAS.;10;6;0x4A49;0xA2BB;texto;;;;;;;;;;;;;
H6;44B;TRAITOR! REMEMBER THIS WELL, FROM HERE I WILL SURELY COME FOR YOU! WHILE COVERED BY THE MAN'S SNARLING, I SEARCHED THE COURTYARD AND QUICKLY FOUND THE EXIT.;3;13;0xA2C3;0xA327;texto;;;;;;;;;;;;;
H6;49B;I HAD NO MAJOR HEALTH CONCERNS. GRATEFUL FOR THAT, I APPROACHED THE BED.;8;8;0x4AE1;0x5114;texto;;;;;;;;;;;;;
H6;50B;AT FIRST GLANCE... THE FOOD THAT LOOKED LUXURIOUS WAS COMPLETELY DRIED OUT. DUST HAD PILED UP ON THE BED. IN THESE LAST WEEKS, NO, MONTHS, THERE WAS NO SIGN IT HAD BEEN USED.;2;14;0x511C;0x5194;texto;;;;;;;;;;;;;
H6;51B;WHERE HAD THE PERSON RECOVERING HERE GONE? AND THE PERSON WHO WAS SUPPOSED TO CARE FOR THEM......;7;9;0x519C;0x51D5;texto;;;;;;;;;;;;;
H6;52B;I HURRIED OUT OF THE ROOM.;13;3;0x51DE;0x51F9;texto;;;;;;;;;;;;;
H6;57B;I SAT DOWN RIGHT THERE. THEN, I PRESSED MY EAR AGAINST THE GROUND, HOPING TO HEAR SOMETHING.;7;9;0x24B1;0x2952;texto;;;;;;;;;;;;;
H6;58B;...........................................................;4;12;0x2954;0x2974;texto;;;;;;;;;;;;;
H6;59B;RUMBLE RUMBLE. A SOUND LIKE SOMETHING COLLAPSING. WHAT WAS THIS... THE GROUND SPLIT OPEN, WATER GUSHED OUT AND KEPT OPENING.;5;11;0x297C;0x29E0;texto;;;;;;;;;;;;;
H6;60B;I WAS WATCHING THE SCENE FROM HIGH IN THE SKY. THE WATER BECAME OCEAN, THE LAND BECAME MOUNTAINS, THE SEA FILLED WITH LIFE, AND GREEN SPREAD ACROSS THE LAND.;3;13;0x29E8;0x2A51;texto;;;;;;;;;;;;;
H6;61B;DEATH IS NOT MERELY AN END.;12;4;0x2A53;0x2A65;texto;;;;;;;;;;;;;
H6;62B;A DOOR APPEARED BEFORE ME, AND BEFORE I REALIZED IT I HAD CROSSED THROUGH.;10;6;0x2A67;0x2A92;texto;;;;;;;;;;;;;
H6;72B;WHEN I EXPLAINED WHAT HAD HAPPENED SO FAR, SHE SEEMED TO ACCEPT IT TOO. I SEE...... THEN, LET US WAIT A WHILE. I POURED HER BLACK TEA INTO A CUP THAT WAS NOT BEING USED.;0;16;0x88F5;0x89F8;texto;;;;;;;;;;;;;
H6;73B;...... COMING TO THIS MANSION MADE ME REMEMBER THINGS FROM WHEN I WAS A CHILD. AFTER A WHILE, SHE BEGAN TO SPEAK OF HER PAST LIKE THAT.;5;11;0x89FA;0x8A4A;texto;;;;;;;;;;;;;
H6;74B;WHEN I WAS A CHILD, I HAD A FRIEND. THAT FRIEND COULD NOT BE SEEN BY ANYONE ELSE, BUT HE PLAYED ALL KINDS OF PRANKS ON ME. I LOVED PLAYING WITH HIM.;3;13;0x8A52;0x8ACB;texto;;;;;;;;;;;;;
H6;75B;BUT, ONE DAY I REALIZED. A FRIEND LIKE THAT DID NOT EXIST ANYWHERE. IT WAS ALL A PRODUCT OF MY IMAGINATION.;7;9;0x8ACD;0x8B0C;texto;;;;;;;;;;;;;
H6;76B;I NEVER HAD REAL FRIENDS. IT WAS JUST AN ILLUSION CREATED BY A LONELY GIRL......;7;9;0x8B0E;0x8B59;texto;;;;;;;;;;;;;
H6;77B;HAVING SAID THAT, SHE DRANK THE TEA IN ONE GULP. THANK YOU FOR LISTENING TO MY STORY.;8;8;0x8B5B;0x8BA2;texto;;;;;;;;;;;;;
H6;78B;AND AFTER FINISHING HER DRINK, SHE SET DOWN THE CUP.;12;4;0x8BA4;0x8BBB;texto;;;;;;;;;;;;;
H6;79B;2.@@1.@SHE@ ACT@YO@JUST UAL@U@@REST LY@@AR@ED@@ I@@@E@@AS@@ AM@@TH@IF@@ THE@E@@NOTH MAS@MA@ING@ TER@ST@HAPP @@@@ER@ENED @@@@@@@.@@@;5;11;0x8BBD;0x8BFE;pregunta;;3;1;2;1;4;0;1. YOU ARE THE MASTER;2. ACTUALLY I AM THE MASTER;SHE JUST RESTED AS IF NOTHING HAPPENED.;;;
H6;80B;WHEN I ANSWERED HER LIKE THAT, SHE SMILED SWEETLY AND SAID: THANK YOU.;7;9;0x8C08;0x902B;texto;;;;;;;;;;;;;
H6;81B;LEAVING THOSE WORDS BEHIND, SHE LEFT THE ROOM.;12;4;0x902D;0x904A;texto;;;;;;;;;;;;;
H6;82B;A LITTLE WHILE LATER, I ALSO LEFT THE ROOM.;12;4;0x9052;0x9071;texto;;;;;;;;;;;;;
H6;88B;JUST THEN, I TURNED TO LOOK FOR THE OWNER OF THE VOICE AND HEARD THE SOUND OF A DOOR OPENING BEHIND ME.;8;8;0x3178;0x7657;texto;;;;;;;;;;;;;
H6;89B;WHEN I TURNED AROUND, THE DOOR HAD OPENED A LITTLE, AND THROUGH THAT GAP COUNTLESS HUMAN ARMS WERE PEEKING OUT. THEY WRITHED AS IF SEARCHING FOR SOMETHING.;4;12;0x7659;0x76CA;texto;;;;;;;;;;;;;
H6;90B;THIS WAS GETTING CREEPY. I RAN OUT.;12;4;0x76CC;0x76ED;texto;;;;;;;;;;;;;
H6;97B;I PUT MY HAND ON THE MANSION DOOR AGAIN. IT WAS NOT OVER YET.;9;7;0x78E4;0x798F;texto;;;;;;;;;;;;;
H6;98B;AS LONG AS ONE REMAINED ALIVE, PERHAPS ONE HAD TO KEEP CROSSING DOORS.;8;8;0x7991;0x79C3;texto;;;;;;;;;;;;;
H6;99B;AND THAT WAS, IN TRUTH, THE REAL ENTRANCE.;12;4;0x79C5;0x79E7;texto;;;;;;;;;;;;;
H6;41C;I PICKED UP THE BLADE FROM THE GROUND AND TURNED TOWARD THE MAN.;10;6;0x4A49;0xA149;texto;;;;;;;;;;;;;
H6;42C;THAT'S RIGHT, STAY JUST LIKE THAT...... THE MAN CLOSED HIS EYES IN SILENCE. I SLOWLY APPROACHED THE MAN.;7;9;0xA14B;0xA186;texto;;;;;;;;;;;;;
H6;43C;AT THAT MOMENT, A BLACK SHADOW LUNGED AT ME. WITH A FLAP OF WINGS, THE BLADE IN MY HAND FELL TO THE GROUND. SUDDENLY IT HIT ME. WHAT A HORRIBLE THING I HAD BEEN ABOUT TO DO......;2;14;0xA188;0xA202;texto;;;;;;;;;;;;;
H6;44C;THE BLACK SHADOW KEPT ATTACKING. LOOKING CLOSER, IT SEEMED TO BE THE CROW FROM BEFORE. I FLED THAT PLACE AS BEST I COULD, DESPERATE.;7;9;0xA204;0xA258;texto;;;;;;;;;;;;;
H6;45C;WITHOUT EVEN NEEDING TO LOOK, THE EXIT APPEARED AT ONCE.;10;6;0xA260;0xA282;texto;;;;;;;;;;;;;
H6;15X;WHEN I OPENED THE DOOR, A MUSTY SMELL HIT MY NOSE.;12;4;0x04F9;0x088B;texto;;;;;;;;;;;;;
H6;16X;IT LOOKED LIKE IT HADN'T BEEN USED IN A LONG TIME. I SHUT THE DOOR FIRMLY.;9;7;0x088F;0x08BD;texto;;;;;;;;;;;;;
H6;17X;INSIDE IT WAS DARK, BUT AS MY EYES ADJUSTED, I STARTED TO SEE FAIRLY WELL.;9;7;0x08C1;0x08E9;texto;;;;;;;;;;;;;
H6;18X;IT WAS A WIDE HALL AND ANOTHER DOOR STOOD AT THE FAR END. IT MUST HAVE BEEN LUXURIOUS ONCE, BUT NOW THE WALLPAPER HUNG LOOSE AND THE CARPET WAS WORN.;3;13;0x08F2;0x094E;texto;;;;;;;;;;;;;
H6;19X;IN THE DARKNESS, I SQUINTED TO SEE BETTER.;12;4;0x0951;0x0967;texto;;;;;;;;;;;;;
H6;20X;NEXT TO THE DOOR STOOD A SUIT OF ARMOR WITH A SWORD. THE OWNER OF THIS PLACE SEEMED TO HAVE VERY VARIED TASTES.;7;9;0x0970;0x09BC;texto;;;;;;;;;;;;;
H6;21X;UUUUUUU. A LOW GROWL, VERY CLOSE BY.;8;7;0x09C5;0x09FF;texto;;;;;;;;;;;;;
H6;22X;IN A CORNER OF THE ROOM WAS SOMETHING DARK AND COMPACT. IT LOOKED LIKE A WILD DOG'S SNOUT.;8;7;0x0A01;0x0A30;texto;;;;;;;;;;;;;
H6;23X;2.@@1.@DID@ TAK@ES@I@@@ E@@@CA@ESCA THE@PE@PE@@ SWO@OU@OR@@ RD@@TS@JUST FRO@ID@GO@@ M@@@E@@DEEP THE@@@@ER?@ ARM@@@@@@@@ OR@@@@@@@@@;5;11;0x0A38;0x0B3B;pregunta;;3;1;2;1;4;0;1. ESCAPE OUTSIDE;2. TAKE THE SWORD FROM THE ARMOR;DID I ESCAPE OR JUST GO DEEPER?;;;
H6;24X;I NEVER IMAGINED THERE WOULD BE A WILD DOG INSIDE. I RAN SCARED TOWARD THE FRONT DOOR, BUT IT WAS STUCK AND WOULDN'T GIVE NO MATTER HOW HARD I THREW MYSELF AGAINST IT... EVEN THOUGH IT HAD JUST OPENED SO EASILY.;0;16;0x0B45;0x373F;texto;;;;;;;;;;;;;
H6;25X;THE DOG'S SHADOW CRAWLED CLOSER AND CLOSER TO ME.;12;4;0x374E;0x3774;texto;;;;;;;;;;;;;
H6;26X;BUT IT WASN'T A DOG. THAT THING WAS A DOG WITH...;12;4;0x3779;0x379B;texto;;;;;;;;;;;;;
H6;27X;IT WAS A DOG WITH A HUMAN FACE. I LET OUT A SCREAM THAT BARELY LEFT MY THROAT.;9;7;0x379F;0x37DC;texto;;;;;;;;;;;;;
H6;28X;THE DOG WITH THE HUMAN FACE BARED ITS FANGS AT ME. I RAN OFF WITHOUT THINKING. AND BEFORE I KNEW IT, I HAD GONE THROUGH ANOTHER DOOR.;5;11;0x37DE;0x3833;texto;;;;;;;;;;;;;
H6;37X;2.@@1.@@WAS@@@@ DON@HEL@HE@@@@@ 'T@@P@@@MY@@@@@ HEL@HIM@FRIEND? P@@@@@@@WHY@@@@ HIM@@@@@IS@@@@@ @@@@@@@@HE@@@@@ @@@@@@@@HERE?@@;1;15;0x12F4;0x1551;pregunta;;3;1;3;1;7;0;1. HELP HIM;2. DON'T HELP HIM;WAS HE MY FRIEND? WHY IS HE HERE?;;;
H6;38X;I UNTIED THE MAN'S ROPES AND LOWERED HIM DOWN. IF HE WAS MY FRIEND, I COULDN'T JUST IGNORE HIM, MUCH LESS LEAVE HIM ABANDONED IN SUCH A SINISTER PLACE...;2;14;0x42FC;0x436F;texto;;;;;;;;;;;;;
H6;39X;ONCE ON THE GROUND, MY FRIEND RUBBED HIS LEGS AND THANKED ME. I ASKED HIM ALL SORTS OF THINGS, STARTING WITH WHY THE HELL ARE YOU IN A PLACE LIKE THIS.;3;13;0x4377;0x43D4;texto;;;;;;;;;;;;;
H6;40X;WELL, DON'T RUSH SO MUCH... HEH HEH HEH HEH. MY FRIEND FLASHED A SLY SMILE.;9;7;0x43DD;0x4407;texto;;;;;;;;;;;;;
H6;41X;AT THAT MOMENT, EVERYTHING SUDDENLY WENT DARK BEFORE ME, AND WHEN I CAME TO, I WAS LYING ON THE GROUND.;8;8;0x4409;0x4462;texto;;;;;;;;;;;;;
H6;42X;MY HEAD ACHED. LOOKING UP, I SAW MY FRIEND WALKING AWAY, AFTER THROWING DOWN THE WOODEN STICK HE HAD IN HIS HAND. SOME GOOD FRIEND I HAVE. HIS MOCKING REMARK ECHOED IN MY MIND.;2;14;0x446C;0x44DC;texto;;;;;;;;;;;;;
H6;43X;......;2;11;0x44E0;0x4506;texto;;;;;;;;;;;;;
H6;44X;AFTER A WHILE, WHEN THE HEADACHE EASED, I LOOKED FOR A DOOR. I FOUND THE INNER COURTYARD RIGHT AWAY.;8;8;0x450B;0x4542;texto;;;;;;;;;;;;;
H6;48X;2.@@1.@@ALL@@ IT'@IT'@WAS@@ S@@@S@@@PREPA WAI@WAI@RED,@ TIN@TIN@WAITI G@@@G@@@NG@@@ FOR@FOR@FOR@@ SOM@ME@@SOMEO EON@@@@@NE.@@ E@@@@@@@@@@@@ ELS@@@@@@@@@@ E@@@@@@@@@@@@;3;13;0x18A2;0x4A8B;pregunta;;3;1;3;1;5;0;1. IT'S WAITING FOR ME;2. IT'S WAITING FOR SOMEONE ELSE;ALL WAS PREPARED, WAITING FOR SOMEONE.;;;
H6;49X;COULD IT BE WAITING FOR ME? IF EVERYTHING WAS SO WELL PREPARED, I WOULD ACCEPT THE HOSPITALITY.;7;9;0x4AE2;0x4B1E;texto;;;;;;;;;;;;;
H6;50X;ALMOST OUT OF RESIGNATION, I SAT ON THE BED AND REACHED FOR THE CHOPSTICKS, AND THAT'S WHEN I NOTICED.;8;8;0x4B27;0x4B67;texto;;;;;;;;;;;;;
H6;51X;THE TIPS OF THE CHOPSTICKS WERE DAMP. THE FOOD ALSO SHOWED SIGNS OF HAVING BEEN TASTED. NOW THAT I THOUGHT ABOUT IT, THE IV BAG WAS ALSO DOWN TO HALF. I STOOD UP.;3;13;0x4B6B;0x4BDC;texto;;;;;;;;;;;;;
H6;52X;AT THAT MOMENT, I FELT A FAINT WARMTH ON MY HAND. THIS BED HADN'T BEEN PREPARED FOR ME, IT WAS A BED THAT SOMEONE ELSE HAD BEEN USING.;3;13;0x4C30;0x4C48;texto;;;;;;;;;;;;;
H6;53X;I TRIED TO PUT THE CHOPSTICKS BACK AS IF TOSSING THEM DOWN. WITH A CLICK, THE WOODEN CHOPSTICKS MADE A SOUND LIKE PLASTIC.;5;11;0x4C5D;0x4CA8;texto;;;;;;;;;;;;;
H6;54X;I COULDN'T SEE IT FROM WHERE I WAS SITTING, BUT NEXT TO THE TRAY THERE WAS A USED SYRINGE HIDDEN. THIS TIME I REALLY DID FLEE THE ROOM.;3;13;0x4CAA;0x4D0B;texto;;;;;;;;;;;;;
H6;55X;I COULD ONLY BE GRATEFUL FOR MY OWN HEALTH.;12;4;0x4D22;0x4D3C;texto;;;;;;;;;;;;;
H6;56X;BEYOND THE DOOR THERE WAS A HALLWAY WITH WINDOWS IN A ROW. OUTSIDE IT WAS STILL DARK, AND THINKING THERE COULD ALSO BE WILD DOGS LURKING, I DECIDED IT WAS BETTER TO WAIT FOR DAWN.;2;14;0x4D44;0x1E14;texto;;;;;;;;;;;;;
H6;57X;AS I MOVED DOWN THE HALLWAY, A BLACK MASS BURST THROUGH THE WINDOW AND SHOT INSIDE LIKE A BULLET.;8;8;0x1E17;0x1E72;texto;;;;;;;;;;;;;
H6;58X;LOOKING CLOSER, THEY WERE SEVERAL CROWS. WITH THEIR SHARP CLAWS AND BEAKS GLEAMING BLACK, THEY LUNGED TO ATTACK ME!;5;11;0x1E75;0x1ED3;texto;;;;;;;;;;;;;
H6;59X;I DODGED THE ATTACK AND ROLLED ON THE FLOOR. A CLAW GRAZED MY ARM. WHEN I TOUCHED THE WOUND, I HAD A LITTLE BLOOD ON MY PALM.;5;11;0x1ED6;0x1F2F;texto;;;;;;;;;;;;;
H6;60X;THOUGH I FROZE FOR A MOMENT, I GOT UP RIGHT AWAY.;10;6;0x1F32;0x1F51;texto;;;;;;;;;;;;;
H6;61X;THE CROWS WERE SMALL, BUT THERE WERE MANY AND THEY WERE FIERCE. IF THEY ALL ATTACKED AT ONCE, DODGING THEM WOULDN'T BE EASY.;7;9;0x1F54;0x1F96;texto;;;;;;;;;;;;;
H6;62X;YOU THERE, STOP. STARTLED BY THE SUDDEN VOICE, I SAW A LARGE CROW FLYING IN THROUGH THE BROKEN WINDOW.;5;11;0x1F9F;0x1FEA;texto;;;;;;;;;;;;;
H6;63X;ON HEARING THAT VOICE, THE SMALL CROWS STOPPED MOVING. THE LARGE CROW TILTED ITS HEAD TOWARD ME.;7;9;0x1FED;0x2040;texto;;;;;;;;;;;;;
H6;64X;EXCUSE ME, I'M SORRY FOR THE TROUBLE. I ALWAYS TELL THE LITTLE ONES NOT TO DO THIS, BUT...;7;9;0x2043;0x207A;texto;;;;;;;;;;;;;
H6;65X;SINCE IT SPOKE OF THE LITTLE ONES, THIS BIG CROW MUST HAVE BEEN THE FATHER OR MOTHER.;9;7;0x207D;0x20AA;texto;;;;;;;;;;;;;
H6;66X;2.@@@1.@@I@@@@@ SOME@MAY@MUST@@ THIN@BE@@SET@@@ GS@@@THA@AN@@@@ ARE@@T'S@EXAMPL UNDE@TRU@E@@@@@ RSTO@E@@@FOR@@@ OD@@@@@@@THE@@@ THRO@@@@@CHILDR UGH@@@@@@EN@@@@ WORD@@@@@@@@@@@ S@@@@@@@@@@@@@@;1;15;0x20AC;0x6265;pregunta;;4;1;3;1;6;0;1. MAYBE THAT'S TRUE;2. SOME THINGS ARE UNDERSTOOD THROUGH WORDS;I MUST SET AN EXAMPLE FOR THE CHILDREN;;;
H6;67X;MAYBE THAT'S TRUE. I NODDED.;10;6;0x62C3;0x62D9;texto;;;;;;;;;;;;;
H6;68X;AT THAT MOMENT, THE BIG CROW LUNGED FLYING TOWARD ME.;10;6;0x62DB;0x630F;texto;;;;;;;;;;;;;
H6;69X;YOU SEE, THAT'S HOW IT'S DONE: FIRST YOU GET THEIR TRUST, THEN YOU ATTACK!;10;6;0x6318;0x6339;texto;;;;;;;;;;;;;
H6;70X;ITS TONE CHANGED IN AN INSTANT. THE SMALL CROWS ALSO ALL LUNGED AT ME TOGETHER!;8;7;0x6342;0x6389;texto;;;;;;;;;;;;;
H6;71X;I MANAGED TO SCARE OFF THE CROWS AS BEST I COULD WITH MY HANDS AND ROLLED THROUGH THE NEAREST DOOR.;8;7;0x638B;0x63C7;texto;;;;;;;;;;;;;
H6;87X;A FAINT LIGHT SURROUNDED EVERYTHING. WHEN MY EYES ADJUSTED, I COULD SEE STARS ON THE CEILING AND, ON THE FLOOR, A GREAT TREE DRAWN NEXT TO A MAGIC CIRCLE.;4;12;0x8D91;0x2B1F;texto;;;;;;;;;;;;;
H6;88X;THE FAINT LIGHT CAME FROM THE STARS ON THE CEILING AND FROM THE TREE DRAWING UNDER MY FEET. IT WAS LIKE THE ROOM OF AN ASTRONOMER OR A SORCERER.;5;11;0x2B23;0x2B70;texto;;;;;;;;;;;;;
H6;89X;I MOVED FORWARD CAREFULLY, STEP BY STEP AND SLOWLY. WITH EACH OF MY STEPS, THE LIGHT FLICKERED.;4;12;0x2B78;0x2BCC;texto;;;;;;;;;;;;;
H6;90X;I FOUND THE NEXT ONE AND TRIED TO CROSS OVER THE TREE DRAWING.;10;6;0x2BCE;0x2BF5;texto;;;;;;;;;;;;;
H6;91X;AND WHEN I REACHED THE BRANCHES OF THE TREE, I LET OUT A SCREAM WITHOUT MEANING TO.;2;14;0x2C04;0x2C67;texto;;;;;;;;;;;;;
H6;92X;2.@@1.@@SEE@@@@ GO@@MOV@HOW@@@@ BAC@E@@@FAR@@@@ K@@@FOR@EVOLUTI @@@@WAR@ON@@@@@ @@@@D@@@GOES,@@ @@@@@@@@OR@@@@@ @@@@@@@@GO@@@@@ @@@@@@@@BACK@@@ @@@@@@@@TO@@@@@ @@@@@@@@THE@@@@ @@@@@@@@ORIGIN?;1;15;0x2C69;0x2FA4;pregunta;;3;1;3;1;7;0;1. MOVE FORWARD;2. GO BACK;SEE HOW FAR EVOLUTION GOES, OR GO BACK TO THE ORIGIN?;;;
H6;93X;MOVING FORWARD, THE MAMMAL BRANCH SPLIT FURTHER, AND A BIPEDAL ANIMAL APPEARED. WOULD IT EVOLVE INTO A HUMAN BEING?;5;11;0x6BFC;0x6C55;texto;;;;;;;;;;;;;
H6;94X;I FELT AS IF I WERE GLIMPSING THE TRUTH, AND I STARTED TO LOOK CLOSELY AT THE FAMILY TREE FROM THERE.;8;8;0x6C5D;0x6C92;texto;;;;;;;;;;;;;
H6;95X;AN AUSTRALOPITHECUS... EXTINCT, THEN EARLY MAN... THE RACES ARISE FROM THERE. BEYOND THAT... ANOTHER BRANCH?;5;11;0x6C9B;0x6CE1;texto;;;;;;;;;;;;;
H6;96X;I MOVED FORWARD WITH A TENSE EXPRESSION. AND THEN THE HUMAN BEING APPEARED. THE HUMAN BRANCH WAS LARGE, WITH SPLENDID LEAVES, BUT BEYOND THAT THERE WAS NOTHING.;2;14;0x6CE3;0x6D47;texto;;;;;;;;;;;;;
H6;97X;WOULD HUMANS ALSO GO EXTINCT SOMEDAY? NO, THE FUTURE ISN'T DETERMINED IN ADVANCE. I OPENED THE NEXT DOOR.;5;11;0x6D55;0x6D9E;texto;;;;;;;;;;;;;
H6;98X;I WENT THROUGH THE DOOR. IT WAS OUTSIDE THE MANSION.;10;6;0x6DAC;0x7A2D;texto;;;;;;;;;;;;;
H6;99X;HAD I NOT EVEN ENTERED THE MANSION YET? HAD EVERYTHING I HAD LIVED THROUGH BEEN AN ILLUSION?;7;9;0x7A36;0x7A63;texto;;;;;;;;;;;;;
H6;100X;BUT THOSE SENSATIONS WERE STILL VERY VIVID IN ME. ONCE AGAIN... I REACHED OUT TO TRY TO TURN THE DOOR HANDLE.;5;11;0x7A66;0x7AAA;texto;;;;;;;;;;;;;
H6;101X;IN THE FOREST, NOW COMPLETELY DARK, THE BEAM OF A FLASHLIGHT SPREAD OUT. SOMEONE HAD ARRIVED.;7;9;0x7AB3;0x7AEA;texto;;;;;;;;;;;;;
H6;102X;I RAN TOWARD WHOEVER WAS HOLDING THE FLASHLIGHT. ON SEEING ME, THAT PERSON GREETED ME WITH A SURPRISED EXPRESSION.;5;11;0x7AED;0x7B46;texto;;;;;;;;;;;;;
H6;103X;HE WAS A LOCAL HUNTER WHO, AS HE SAID, HADN'T CAUGHT ANYTHING THAT DAY AND HAD STAYED ON THE MOUNTAIN UNTIL THAT HOUR.;7;9;0x7B4E;0x7B92;texto;;;;;;;;;;;;;
H6;104X;I TOLD THE HUNTER, WHO ASKED ME WHAT HAD HAPPENED, THAT I HAD GOTTEN LOST.;8;7;0x7B95;0x7BC4;texto;;;;;;;;;;;;;
H6;105X;THE HUNTER LAUGHED AND SAID I HAD BEEN LUCKY, THAT ONE WRONG STEP AND I WOULD HAVE BEEN STRANDED, BUT THEN HE ASKED ME: WHAT THE HELL WERE YOU DOING IN A PLACE LIKE THAT?;3;13;0x7BC8;0x7C1E;texto;;;;;;;;;;;;;
H6;106X;2.@@@1.@@I@@@ I@@@@I@@@ANSW HAD@@WAS@ERED GOTT@LOO@WITH EN@@@KIN@OUT@ LOST@G@@@TURN @@@@@FOR@ING. @@@@@SOM@@@@@ @@@@@ETH@@@@@ @@@@@ING@@@@@;3;13;0x7C20;0x7C73;pregunta;;4;1;3;1;4;0;1. I WAS LOOKING FOR SOMETHING;2. I HAD GOTTEN LOST;I ANSWERED WITHOUT TURNING.;;;
H6;107X;I WAS LOOKING FOR SOMETHING... I ANSWERED THAT, AND LEFT THE FOREST BEHIND WITHOUT LOOKING BACK.;8;7;0x7CC1;0x7CEF;texto;;;;;;;;;;;;;
H6;108X;AFTER THAT, I NEVER HEARD AGAIN THAT ANYONE HAD SEEN THAT MANSION IN THAT FOREST.;8;7;0x7CF8;0x7D24;texto;;;;;;;;;;;;;
H6;24D;I TOOK THE SWORD THE ARMOR WAS HOLDING, AND FACED THE WILD DOG. THE DOG CROUCHED, READY TO POUNCE ON ME.;2;14;0x385A;0x38CE;texto;;;;;;;;;;;;;
H6;25D;THE SWORD TWISTED IN MY HAND. STARTLED, I LOOKED AT IT, AND BEFORE I REALIZED IT HAD TURNED INTO A SNAKE.;5;11;0x38E2;0x3937;texto;;;;;;;;;;;;;
H6;26D;I THREW THE SNAKE AWAY AND RAN AS FAST AS I COULD. BEFORE I REALIZED IT, I HAD CROSSED ANOTHER DOOR.;8;8;0x3942;0x397D;texto;;;;;;;;;;;;;
H6;36D;I LEFT THE MAN BEHIND AND WALKED AWAY FROM THAT PLACE. THERE WAS NO WAY A FRIEND OF MINE WAS IN A PLACE LIKE THIS...;7;9;0x4551;0x4588;texto;;;;;;;;;;;;;
H6;37D;WAIT, DON'T GO! THE MAN BEGGED ME DESPERATELY, BUT I STOOD FIRM AND PAID HIM NO MIND. EVEN IF HE REALLY WAS MY FRIEND, IF HE HAD COMMITTED A CRIME, HE HAD TO PAY FOR IT.;0;16;0x458C;0x45F4;texto;;;;;;;;;;;;;
H6;38D;TRAITOR! REMEMBER THIS, IF I MANAGE TO ESCAPE FROM HERE, I WILL SURELY COME FOR YOU. THE MAN'S INSULTS FELL UPON MY BACK.;3;13;0x45F9;0x4650;texto;;;;;;;;;;;;;
H6;39D;SEARCHING THE INNER COURTYARD, I QUICKLY FOUND THE EXIT.;12;4;0x4656;0x466F;texto;;;;;;;;;;;;;
H6;44D;I WALKED UP TO THE BED.;12;4;0x4D53;0x4D64;texto;;;;;;;;;;;;;
H6;45D;AT FIRST GLANCE IT LOOKED LUXURIOUS, BUT THE FOOD WAS DRIED OUT, AND EVEN THE BED HAD DUST PILED UP ON IT. THERE WAS NO SIGN ANYONE HAD BEEN HERE IN THE LAST WEEKS, OR RATHER MONTHS.;2;14;0x4D7B;0x4DE6;texto;;;;;;;;;;;;;
H6;46D;WHERE HAD THE PERSON WHO WAS SUPPOSED TO REST HERE GONE? AND THE PERSON WHO WAS SUPPOSED TO BE CARING FOR THEM...;7;9;0x4DF0;0x4E27;texto;;;;;;;;;;;;;
H6;47D;THERE WAS NO WAY AN ANSWER WOULD APPEAR. I SLOWLY LEFT THE ROOM.;10;6;0x4E2C;0x4E58;texto;;;;;;;;;;;;;
H6;59D;THAT IS NOT TRUE. THERE ARE THINGS THAT CAN BE UNDERSTOOD JUST BY SAYING THEM. THAT IS WHAT I TOLD THE MOTHER CROW. HEARING MY WORDS, THE MOTHER CROW SCREECHED IN A SHARP VOICE.;3;13;0x63DF;0x643E;texto;;;;;;;;;;;;;
H6;60D;I SEE, LET'S TRY IT THEN. YOU THERE!;11;5;0x6442;0x645F;texto;;;;;;;;;;;;;
H6;61D;THAT WORD WAS THE SIGNAL, AND THE BABY CROWS POUNCED ON ME.;10;6;0x646A;0x64AA;texto;;;;;;;;;;;;;
H6;62D;NOT LIKE THAT, ATTACK WITH MORE SPACE BETWEEN YOU. THE BABY CROWS FOLLOWED THE ADVICE AND ATTACKED IN STAGGERED TIMING. I COULD NOT BELIEVE IT.;5;11;0x64AE;0x6502;texto;;;;;;;;;;;;;
H6;63D;I PUSHED THE CROWS AWAY DESPERATELY, AND MANAGED TO DIVE THROUGH THE DOOR.;10;6;0x650D;0x6537;texto;;;;;;;;;;;;;
H6;70D;I FELT LIKE WATCHING THIS TREE OF EVOLUTION FROM THE BEGINNING.;10;6;0x6DB9;0x6DD0;texto;;;;;;;;;;;;;
H6;71D;EVOLUTION IS A CONTINUOUS SUCCESSION OF APPEARANCE AND EXTINCTION. WITHIN IT, FOR SOME REASON, SOME THINGS THRIVE AND OTHERS ARE ELIMINATED.;5;11;0x6DD5;0x6E22;texto;;;;;;;;;;;;;
H6;72D;TO THE PAST, TO THE PAST. WHAT WAS IT THAT I WANTED TO SEE? I SUPPOSE I WANTED TO KNOW WHY LIFE HAD ARISEN. AND UPON REACHING THE ROOTS OF THE GREAT TREE, THERE WAS ONLY WATER THERE.;2;14;0x6E2F;0x6E95;texto;;;;;;;;;;;;;
H6;73D;DRIP... THE SOUND OF A DROP FALLING ECHOED THROUGHOUT THE ROOM.;8;8;0x6EA4;0x6EE0;texto;;;;;;;;;;;;;
H6;74D;I OPENED THE NEXT DOOR.;12;4;0x6EE4;0x6EF3;texto;;;;;;;;;;;;;
H6;84D;I GOT LOST ON THE WAY, I ANSWERED. THE HUNTER THEN SAID TO ME:;10;6;0x7D2C;0x7D56;texto;;;;;;;;;;;;;
H6;85D;WHAT LUCK THAT YOU DID NOT GET CAUGHT. PUZZLED, I ASKED WHY, BUT HE DID NOT TRY TO ANSWER.;5;11;0x7D5B;0x7DA2;texto;;;;;;;;;;;;;
H6;86D;NOBODY KNOWS BETTER THAN YOU.;10;6;0x7DA5;0x7DCE;texto;;;;;;;;;;;;;
H6;15F;I STEPPED ONE FOOT INSIDE THE MANSION.;12;4;0x0793;0x07A3;texto;;;;;;;;;;;;;
H6;16F;THE INSIDE OF THE MANSION WAS WARM. BUT BEFORE I COULD FEEL IT, SOMETHING STRANGE APPEARED BEFORE MY EYES.;7;9;0x07AD;0x07EC;texto;;;;;;;;;;;;;
H6;17F;A HUGE HOLE HAD OPENED IN THE FLOOR, ABOUT FOUR METERS ACROSS. ALSO, THE EDGES OF THAT HOLE CURVED UP TOWARD THE CEILING.;3;13;0x07FB;0x0847;texto;;;;;;;;;;;;;
H6;18F;IT LOOKED AS IF SOMETHING GIGANTIC HAD BURST OUT FROM DEEP UNDERGROUND.;10;6;0x084D;0x086C;texto;;;;;;;;;;;;;
H6;19F;2.@@1.@STRA DON@LO@NGE@ 'T@@OK@LIGH LOO@IN@T@@@ K@@@SI@ROSE INS@DE@FROM IDE@TH@THE@ THE@E@@HOLE HOL@HO@@@@@ E@@@LE@@@@@;5;11;0x0A6C;0x0AA9;pregunta;si;3;1;2;1;4;0;1. LOOK INSIDE THE HOLE;2. DON'T LOOK INSIDE THE HOLE;STRANGE LIGHT ROSE FROM THE HOLE;;;
H6;20F;IN THE HOLE, A GIGANTIC COILED SERPENT GAVE OFF A FLUORESCENT GLOW. IT SLOWLY OPENED AND CLOSED ITS EYELIDS OVER AND OVER.;5;11;0x3192;0x31EE;texto;;;;;;;;;;;;;
H6;21F;EACH OF ITS SCALES SHONE WITH THE COLORS OF THE RAINBOW, LIKE THE SURFACE OF A SOAP BUBBLE. I COULDN'T IMAGINE HOW LONG IT WAS.;7;9;0x31FF;0x324C;texto;;;;;;;;;;;;;
H6;22F;I WALKED AROUND THE EDGE OF THE HOLE, TRYING NOT TO PROVOKE THE SERPENT, AND STOPPED IN FRONT OF THE MAIN DOOR.;8;8;0x3250;0x3287;texto;;;;;;;;;;;;;
H6;23F;GOING IN, I FOUND MYSELF IN A NARROW, CYLINDRICAL ROOM.;10;6;0x0E78;0x0EA2;texto;;;;;;;;;;;;;
H6;24F;ALONG THE WALLS BUILT OF STACKED STONES, A SPIRAL STAIRCASE WOUND UPWARD. IT WAS QUITE LONG, AND LOOKING UP I COULDN'T SEE WHERE IT ENDED.;3;13;0x0EA7;0x0F10;texto;;;;;;;;;;;;;
H6;25F;WHEN I SAW IT FROM OUTSIDE, THERE WAS NOTHING LIKE THIS TOWER......;10;6;0x0F1B;0x0F37;texto;;;;;;;;;;;;;
H6;26F;BESIDES THE WAY I CAME IN, THERE WAS NO OTHER EXIT. I DECIDED TO CLIMB THE STAIRS.;9;7;0x0F3C;0x0F6E;texto;;;;;;;;;;;;;
H6;27F;......;2;11;0x0F81;0x0F9F;texto;;;;;;;;;;;;;
H6;28F;I DIDN'T KNOW HOW LONG I HAD CLIMBED. NO MATTER THE TIME, THE END NEVER SEEMED CLOSER.;9;7;0x0FAA;0x0FD0;texto;;;;;;;;;;;;;
H6;29F;THE COLD WALLS HAD NO WINDOWS. THE SAME SCENERY CONTINUED OVER AND OVER.;10;6;0x0FD5;0x0FF7;texto;;;;;;;;;;;;;
H6;30F;2.@@1.@@WAS@@@@ TUR@KEE@SOME@@@ N@@@P@@@KIND@@@ BAC@CLI@OF@@@@@ K@@@MBI@TRICK@@ @@@@NG@@MAKING@ @@@@@@@@ME@@@@@ @@@@@@@@GO@@@@@ @@@@@@@@IN@@@@@ @@@@@@@@CIRCLES @@@@@@@@IN@@@@@ @@@@@@@@THE@@@@ @@@@@@@@SAME@@@ @@@@@@@@SPOT?@@;1;15;0x108E;0x10DE;pregunta;si;3;1;3;1;7;0;1. KEEP CLIMBING;2. TURN BACK;WAS SOME KIND OF TRICK MAKING ME GO IN CIRCLES IN THE SAME SPOT?;;;
H6;31F;THIS HAD TO BE SOME KIND OF TRICK. IT SEEMED I HAD FALLEN RIGHT INTO A PRANK BY THIS MANSION'S ARCHITECT.;7;9;0x412F;0x4171;texto;;;;;;;;;;;;;
H6;32F;I STARTED GOING DOWN THE STAIRS I HAD JUST CLIMBED, BUT THEY KEPT GOING DOWN ENDLESSLY, NO MATTER THE TIME.;7;9;0x4175;0x41BE;texto;;;;;;;;;;;;;
H6;33F;MY IRRITATION GREW, AND I STARTED RUNNING. I WONDERED IF I WOULD EVER MANAGE TO GET OUT OF THOSE STAIRS.;7;9;0x41C2;0x41FC;texto;;;;;;;;;;;;;
H6;34F;WHAT WOULD THE MASTER OF THIS MANSION BE THINKING? WAS HE MOCKING THIS POOR INTRUDER?;9;7;0x4200;0x422D;texto;;;;;;;;;;;;;
H6;35F;......!? AT THAT MOMENT, I SLIPPED AND FELL ROLLING DOWN THE STAIRS.;9;7;0x4231;0x426C;texto;;;;;;;;;;;;;
H6;36F;I WAS SO FOCUSED ON THINKING THAT I FORGOT TO WATCH MY STEP.;10;6;0x427E;0x42A0;texto;;;;;;;;;;;;;
H6;37F;WHILE ENDURING THE PAIN THAT RAN THROUGH MY BODY, I WISHED IT WOULD ALL END SOON. THEN, WITH A DRY THUD, I WAS THROWN TO THE GROUND.;5;11;0x42A6;0x42F6;texto;;;;;;;;;;;;;
H6;49F;IN A CORNER OF THE ROOM, THERE WAS SOMETHING LIKE A HUGE, JAGGED ROCK.;9;7;0x20CB;0x20F7;texto;;;;;;;;;;;;;
H6;50F;IT WAS MUCH BIGGER THAN THE DOOR I HAD COME THROUGH. THERE WAS NO WAY SOMETHING LIKE THAT COULD FIT IN THE ROOM. I APPROACHED THE ROCK, AND...;4;12;0x2101;0x214C;texto;;;;;;;;;;;;;
H6;51F;WAS IT MY IMAGINATION? IT SEEMED LIKE THE ROCK HAD MOVED. I TOUCHED IT AGAIN.;7;9;0x2150;0x2180;texto;;;;;;;;;;;;;
H6;52F;CRACK! PART OF THE ROCK SLID ASIDE, AND A HUGE, MOIST, GLEAMING EYE APPEARED.;8;8;0x2193;0x21CA;texto;;;;;;;;;;;;;
H6;53F;THE EYE LOOKED AROUND FOR A MOMENT, AND FINALLY FOUND ME, FIXING ME WITH A PIERCING STARE.;7;9;0x21CE;0x2208;texto;;;;;;;;;;;;;
H6;54F;I COULDN'T HELP BUT STEP BACK. DID YOU COME HERE TO MOCK ME?, A VOICE LIKE A CRACKED BELL BOOMED THROUGHOUT THE ROOM.;2;14;0x2219;0x2262;texto;;;;;;;;;;;;;
H6;55F;STEPPING BACK A FEW PACES, I WAS FINALLY ABLE TO SEE THE FULL SHAPE OF THAT THING.;7;9;0x2267;0x2298;texto;;;;;;;;;;;;;
H6;56F;IT WASN'T A ROCK AT ALL. IT WAS A LIVING BEING. THERE WAS THE HEAD OF A GIGANTIC DRAGON. IT ROARED AGAIN.;8;8;0x22A3;0x22D3;texto;;;;;;;;;;;;;
H6;57F;2.@@1.@@I@@@@@@ YOU@YOU@WONDERE 'RE@'RE@D@@@@@@ RES@HID@WHY@@@@ TIN@ING@IT@@@@@ G@@@@@@@WAS@@@@ @@@@@@@@IN@@@@@ @@@@@@@@THAT@@@ @@@@@@@@PLACE,@ @@@@@@@@AND@@@@ @@@@@@@@SAID@@@ @@@@@@@@SO@@@@@ @@@@@@@@OUT@@@@ @@@@@@@@LOUD@@@;1;15;0x22DE;0x2329;pregunta;si;3;1;3;1;7;0;1. YOU'RE HIDING;2. YOU'RE RESTING;I WONDERED WHY IT WAS IN THAT PLACE, AND SAID SO OUT LOUD;;;
H6;58F;I ASKED IF IT WAS RESTING, AND IT NODDED SLIGHTLY, AND BEGAN TO TELL ME WHAT WAS GOING ON.;8;8;0x2628;0x2653;texto;;;;;;;;;;;;;
H6;59F;AS IT TOLD ME, IT HAD FALLEN THERE SHORTLY BEFORE. IT WASN'T THAT SOMEONE HAD DONE SOMETHING TO IT. SIMPLY, ALL AT ONCE, IT LOST ALL THE STRENGTH IN ITS BODY. AND SO, IT FELL FROM HIGH UP IN THE SKY DOWN TO THAT PLACE.;0;16;0x2665;0x26CC;texto;;;;;;;;;;;;;
H6;60F;2.@@1.@@I'VE@@@ CHE@LEA@LIVED@@ ER@@VE@@A@@@@@@ IT@@IT@@THOUSAN UP@@ALO@D@@@@@@ @@@@NE@@YEARS.@ @@@@@@@@DEATH@@ @@@@@@@@IS@@@@@ @@@@@@@@NEAR@@@;1;15;0x26D7;0x271D;pregunta;si;3;1;3;1;7;0;1. LEAVE IT ALONE;2. CHEER IT UP;I'VE LIVED A THOUSAND YEARS. DEATH IS NEAR;;;
H6;61F;THAT'S NOT TRUE, YOU'LL BE ABLE TO FLY AGAIN. I ANSWERED.;10;6;0x9B7A;0x9B98;texto;;;;;;;;;;;;;
H6;62F;IT SHOWED JUST IN ITS EYES. EVEN IF ITS BODY WAS DYING... COULD IT BE TRUE? THE DRAGON MOVED ITS WINGS.;7;9;0x9B9D;0x9BDE;texto;;;;;;;;;;;;;
H6;63F;INSIDE THE HALL, A WHIRLWIND ROSE UP.;12;4;0x9BEA;0x9BFB;texto;;;;;;;;;;;;;
H6;64F;I DON'T KNOW HOW MUCH TIME PASSED. IT CLOSED ITS EYES CALMLY. I COULDN'T TELL WHAT IT WAS THINKING, BUT I FELT ITS FACE SHOWED DISSATISFACTION.;5;11;0x9C02;0x9C4C;texto;;;;;;;;;;;;;
H6;65F;I LEFT THE ROOM.;14;2;0x9C50;0x9C5A;texto;;;;;;;;;;;;;
H6;83F;MY QUESTION SEEMED TO CONFUSE HER A LITTLE, BUT SHE SOON FLASHED A SMILE AND REPLIED: YOU ARE MISTAKEN.;5;11;0x8EF9;0x8F45;texto;;;;;;;;;;;;;
H6;84F;ACTUALLY, YOU ARE THE MASTER OF THIS HOUSE, AREN'T YOU? SHE ASKED ME AGAIN.;7;9;0x8F4A;0x8F7F;texto;;;;;;;;;;;;;
H6;85F;SINCE I COULDN'T ANSWER THAT, SHE LEFT THE ROOM, LEAVING HER SMILE BEHIND.;8;7;0x8F83;0x8FB6;texto;;;;;;;;;;;;;
H6;86F;SHORTLY AFTER, I ALSO LEFT THE ROOM.;12;4;0x8FD0;0x8FE3;texto;;;;;;;;;;;;;
H6;92F;2.@@1.@@MOVE@@@ GO@@MOV@FORWAR@ BAC@E@@@D@@@@@@ K@@@FOR@AND@@@@ @@@@WAR@SEE@@@@ @@@@D@@@WHERE@@ @@@@@@@@EVOLUT@ @@@@@@@@ION@@@@ @@@@@@@@LEADS.@ @@@@@@@@GO@@@@@ @@@@@@@@BACK@@@ @@@@@@@@AND@@@@ @@@@@@@@SEE@@@@ @@@@@@@@THE@@@@ @@@@@@@@ORIGIN@;1;15;0x2EF5;0x2F46;pregunta;si;3;1;3;1;6;1;1. MOVE FORWARD;2. GO BACK;MOVE FORWARD AND SEE WHERE EVOLUTION LEADS. GO BACK AND SEE THE ORIGIN;;;
H6;93F;WHAT COULD THE ORIGIN OF LIFE BE? I FELT AS IF I WANTED TO SEE THIS FAMILY TREE FROM THE BEGINNING.;7;9;0x6A68;0x6A9B;texto;;;;;;;;;;;;;
H6;94F;EVOLUTION IS A CONTINUOUS SUCCESSION OF APPEARANCE AND EXTINCTION. WITHIN IT, FOR SOME REASON, SOME THINGS THRIVE AND OTHERS ARE ELIMINATED.;5;11;0x6AA0;0x6AED;texto;;;;;;;;;;;;;
H6;95F;TOWARD THE PAST. I WONDERED IF I WISHED FOR THIS GREAT TREE TO REVEAL TO ME THE LIGHT OF TRUTH.;8;8;0x6AFA;0x6B25;texto;;;;;;;;;;;;;
H6;96F;WHY DID LIFE APPEAR, AND WHERE IS IT HEADED? COULD GOD BE WHAT LIES AT THE ROOT OF THIS TREE? SOON I WOULD GET THE ANSWER......;4;12;0x6B2B;0x6B78;texto;;;;;;;;;;;;;
H6;97F;THE TREMBLING IN MY BODY KEPT GETTING WORSE.;12;4;0x6B80;0x6B90;texto;;;;;;;;;;;;;
H6;98F;DON'T LOOK, MAYBE THAT'S BEST, MY BODY COMMANDED ME. BESIDES, I SHOULDN'T STAY LONG IN A PLACE LIKE THIS.;3;13;0x6B9A;0x6BDB;texto;;;;;;;;;;;;;
H6;99F;I RAN OUT TOWARD THE NEXT DOOR.;12;4;0x6BDF;0x6BF0;texto;;;;;;;;;;;;;
H6;20E;I WANTED TO GET OUT OF THIS ROOM AS SOON AS POSSIBLE.;12;4;0x3298;0x32B1;texto;;;;;;;;;;;;;
H6;21E;SOMETHING TERRIFYING SEEMED TO BE HIDING IN THE HOLE. BUT OUTSIDE THERE WERE WILD DOGS PROWLING. BEING UNDER A ROOF HAD TO BE A LITTLE LESS DANGEROUS.;4;12;0x32BC;0x3311;texto;;;;;;;;;;;;;
H6;22E;TO GET OUT OF THIS ROOM, THERE WAS NO CHOICE BUT TO REACH THE DOOR ACROSS FROM ME. I GATHERED MY COURAGE AND CAREFULLY WALKED ALONG THE EDGE OF THE HOLE.;5;11;0x3315;0x3365;texto;;;;;;;;;;;;;
H6;23E;HOW COULD A FEW METERS FEEL SO LONG...;11;5;0x3371;0x3390;texto;;;;;;;;;;;;;
H6;24E;I FINALLY REACHED RIGHT IN FRONT OF THE DOOR, BUT AT THAT MOMENT,;10;6;0x3397;0x33B3;texto;;;;;;;;;;;;;
H6;25E;SHAAAAA! A STRANGE SOUND CAME FROM BEHIND ME. A BLACK SHADOW ATTACKED ME FROM BEHIND! I DOVE INTO THE NEXT ROOM, FALLING FLAT ON MY FACE.;0;16;0x33CF;0x343F;texto;;;;;;;;;;;;;
H6;26E;IT SEEMED THAT, SOMEHOW, I HAD MANAGED TO SAVE MYSELF.;12;4;0x3449;0x3458;texto;;;;;;;;;;;;;
H6;34E;2.@@1.@@COULD@@ GO@@KEE@SOME@@@ BAC@P@@@TRICK@@ K@@@CLI@BE@@@@@ @@@@MBI@MAKING@ @@@@NG@@ME@@@@@ @@@@@@@@GO@@@@@ @@@@@@@@IN@@@@@ @@@@@@@@CIRCLES @@@@@@@@?@@@@@@;1;15;0x102F;0x1080;pregunta;;3;1;3;1;7;0;1. KEEP CLIMBING;2. GO BACK;COULD SOME TRICK BE MAKING ME GO IN CIRCLES?;;;
H6;35E;GOING DOWN THE STAIRS HERE WOULD BE FALLING RIGHT INTO THE DESIGNER'S TRAP, WOULDN'T IT? I GATHERED MY COURAGE AND WENT BACK UP THE STAIRS.;5;11;0x3C9C;0x3CEB;texto;;;;;;;;;;;;;
H6;36E;THEN, THE STEPS UNDER MY FEET BEGAN TO CRUMBLE WITH A CRASH. AS IF THEY WANTED TO STOP ME FROM MOVING FORWARD.;6;10;0x3CF9;0x3D52;texto;;;;;;;;;;;;;
H6;37E;I LOST MY BALANCE AND FELL ROLLING DOWN THE WAY I HAD COME UP.;10;6;0x3D56;0x3D74;texto;;;;;;;;;;;;;
H6;38E;.....................................................................................................................................;2;14;0x3D87;0x3DA5;texto;;;;;;;;;;;;;
H6;39E;WHEN I WOKE UP, I WAS LYING FACE DOWN ON THE COLD STONE FLOOR. MY WHOLE BODY ACHED, BUT I SEEMED TO HAVE NO SERIOUS INJURIES.;5;11;0x3DA9;0x3DF3;texto;;;;;;;;;;;;;
H6;40E;I GOT UP SHAKING MY HEAD AND OPENED MY EYES. IN FRONT OF ME WERE THE STAIRS THAT WERE SUPPOSED TO HAVE COLLAPSED.;7;9;0x3DF8;0x3E3C;texto;;;;;;;;;;;;;
H6;41E;2.@@1.@WAS@ IT@@CL@IT@@ IS@@IM@ASKI A@@@B@@NG@@ TRI@AG@ME@@ CK,@AI@TO@@ AS@@N@@WALK I@@@@@@THAT THO@@@@PATH UGH@@@@AGAI T@@@@@@N?@@;5;11;0x3E48;0x3E7A;pregunta;;3;1;2;1;4;0;1. CLIMB AGAIN;2. IT IS A TRICK, AS I THOUGHT;WAS IT ASKING ME TO WALK THAT PATH AGAIN?;;;
H6;42E;THIS WAS, WITHOUT A DOUBT, A TRAP I HAD FALLEN INTO. IF THAT WAS THE CASE, THERE WAS NO POINT IN CONTINUING UP THESE STAIRS.;5;11;0x9DE4;0x9E2B;texto;;;;;;;;;;;;;
H6;43E;I TRIED TO GO BACK THROUGH THE DOOR I HAD ENTERED THIS ROOM BY, BUT AT THAT INSTANT, THE FLOOR COLLAPSED AGAIN!;7;9;0x9E2F;0x9E84;texto;;;;;;;;;;;;;
H6;44E;ONCE AGAIN, I STARTED FALLING DOWN THE STAIRS.;12;4;0x9E8E;0x9EAE;texto;;;;;;;;;;;;;
H6;45E;.....................................................................................................................................;2;14;0x9EB4;0x9ED2;texto;;;;;;;;;;;;;
H6;46E;WHILE ENDURING THE PAIN IN MY BODY, I WISHED IT WOULD END SOON, UNTIL WITH A THUD I WAS THROWN TO THE GROUND. I HAD FINALLY GOTTEN OUT OF THE SPIRAL STAIRCASE.;2;14;0x9EDF;0x9F4B;texto;;;;;;;;;;;;;
H6;47E;I SHOOK MY HEAD AND SLOWLY OPENED MY EYES.;10;6;0x9F4F;0x9F6C;texto;;;;;;;;;;;;;
H6;75E;CROSSING THE NEXT DOOR, I FOUND MYSELF IN A LARGE WOODEN ROOM.;10;6;0x2C87;0x2CB1;texto;;;;;;;;;;;;;
H6;76E;A SPOTLIGHT POINTED AT THE CENTER, AWAITING THE PROTAGONIST'S ENTRANCE.;10;6;0x2CB7;0x2CE3;texto;;;;;;;;;;;;;
H6;77E;THIS ROOM WAS A THEATER, AND I WAS STANDING ON THE STAGE. WHO WOULD BE THE PROTAGONIST? AND WHEN WOULD THIS PLAY END?;2;14;0x2CE7;0x2D44;texto;;;;;;;;;;;;;
H6;78E;2.@@1.@@I@@@@ I@@@I@@@WATCH AM@@AM@@ED@@@ JUS@THE@THE@@ T@@@PRO@STAGE A@@@TAG@FROM@ SPE@ONI@THE@@ CTA@ST@@WINGS TOR@@@@@AND@@ @@@@@@@@THOUG @@@@@@@@HT.@@;3;13;0x2D4F;0x2D94;pregunta;;3;1;3;1;5;0;1. I AM THE PROTAGONIST;2. I AM JUST A SPECTATOR;I WATCHED THE STAGE FROM THE WINGS AND THOUGHT.;;;
H6;79E;THE PROTAGONIST WAS ME, SO THE SPOTLIGHT WAS WAITING FOR ME.;8;8;0x2FB1;0x2FE4;texto;;;;;;;;;;;;;
H6;80E;I MOVED FORWARD SLOWLY, STEP BY STEP, AS IF TESTING THE GROUND, AND THREW MYSELF INTO THE BURNING LIGHT OF THE SPOTLIGHT. THAT HEAT SEEMED TO BURN MY WHOLE BODY.;3;13;0x2FE8;0x304A;texto;;;;;;;;;;;;;
H6;81E;AS IF BURNING WOULD GIVE ME A NEW FORM, I LOOKED AT THE SEATS WITH CONFIDENCE. THEN I CLOSED MY EYES AND WAITED FOREVER FOR THE APPLAUSE.;4;12;0x304F;0x30A6;texto;;;;;;;;;;;;;
H6;82E;THE NIGHT DEW FELL ON ME FROM MY HAT AND I WOKE UP. THE NIGHT BEFORE, I HAD EVENTUALLY FALLEN ASLEEP. I HAD GATHERED DRY GRASS TO HIDE MYSELF AND SPEND THE NIGHT.;3;13;0x6F10;0x6F6F;texto;;;;;;;;;;;;;
H6;83E;I FELT LIKE I HAD HAD A VERY LONG DREAM. I STOOD UP AND LOOKED AT THE SLOPE GOING DOWN.;8;8;0x6F7A;0x6FA5;texto;;;;;;;;;;;;;
H6;41G;I STARTED CLIMBING THE STAIRS AGAIN.;12;4;0x9CFD;0x9D11;texto;si;;;;;;;;;;;;
H6;42G;..................................................................................................................................;2;14;0x9D24;0x9D42;texto;si;;;;;;;;;;;;
H6;43G;I LOST COUNT. STAIRS NEVER END.;12;4;0x9D4D;0x9D65;texto;si;;;;;;;;;;;;
H6;44G;..................................................................................................................................;2;14;0x9D72;0x9D90;texto;si;;;;;;;;;;;;
H6;45G;AND THEN......;7;9;0x9D97;0x9D9A;texto;si;;;;;;;;;;;;
H6;46G;FINALLY, A SMALL DOOR APPEARED IN FRONT OF ME.;12;4;0x9D9E;0x9DB1;texto;si;;;;;;;;;;;;
H6;47G;I WENT THROUGH THAT DOOR.;12;4;0x9DBB;0x9DDC;texto;si;;;;;;;;;;;;
H6;69G;2.@@@1.@@I@@@@ SOME@MAY@GUESS THIN@BE@@I@@@@ GS@@@THA@MUST@ ARE@@T'S@SHOW@ UNDE@TRU@THEM@ RSTO@E@@@THE@@ OD@@@@@@@EXAMP BY@@@@@@@LE@@@ SAYI@@@@@@@@@@ NG@@@@@@@@@@@@ THEM@@@@@@@@@@;2;14;0x6271;0x62B9;pregunta;si;4;1;3;1;5;0;1. MAYBE THAT'S TRUE;2. SOME THINGS ARE UNDERSTOOD BY SAYING THEM;I GUESS I MUST SHOW THEM THE EXAMPLE;;;
H6;70G;I NODDED......;12;4;0x654F;0x6563;texto;si;;;;;;;;;;;;
H6;71G;AT THAT MOMENT, THE ADULT CROW LUNGED FLYING TOWARD ME.;10;6;0x6567;0x6599;texto;si;;;;;;;;;;;;
H6;72G;GET THEM TO TRUST YOU FIRST, THEN ATTACK!;10;6;0x65A3;0x65C3;texto;si;;;;;;;;;;;;
H6;73G;ITS TONE CHANGED IN AN INSTANT. THE CROW CHICKS ALSO ALL LUNGED TO ATTACK ME AT ONCE!;8;8;0x65D0;0x6613;texto;si;;;;;;;;;;;;
H6;74G;I DUCKED AND JUST BARELY DODGED THE CROWS' ATTACK. GIVING ME NO REST, THE CROWS CAME AT ME ONE AFTER ANOTHER.;5;11;0x6617;0x6675;texto;si;;;;;;;;;;;;
H6;75G;DODGING WAS DOING NO GOOD. THE MOMENT WE CROSSED PATHS, I REACHED OUT TOWARD THE ADULT CROW. BLACK FEATHERS SCATTERED.;5;11;0x667F;0x66CB;texto;si;;;;;;;;;;;;
H6;76G;I DIDN'T MANAGE TO HURT IT, BUT IT SEEMED I FORCED IT BACK. THE CROWS' ATTACK STOPPED FOR A MOMENT.;7;9;0x66D0;0x6710;texto;si;;;;;;;;;;;;
H6;77G;TAKING ADVANTAGE OF THAT MOMENT, I DOVE THROUGH THE DOOR.;12;4;0x671B;0x6734;texto;si;;;;;;;;;;;;
H6;78G;BEHIND A HEAVY DOOR, DIFFERENT FROM THE PREVIOUS ONES, A HUGE NUMBER OF BOOKS AWAITED ME.;9;7;0x82E1;0x830E;texto;si;;;;;;;;;;;;
H6;79G;MAHOGANY SHELVES FILLED BOTH SIDES OF THE ROOM, BUT THEY DIDN'T FEEL OPPRESSIVE. THE ATMOSPHERE WAS CALM, IDEAL FOR A STUDY.;4;12;0x8318;0x8372;texto;si;;;;;;;;;;;;
H6;80G;I FOUND A BOOK ON THE STAND IN THE CENTER. IT WAS A VERY OLD, LARGE BOOK.;5;11;0x8380;0x83C7;texto;si;;;;;;;;;;;;
H6;81G;LEAFING THROUGH IT, I DISCOVERED THE BOOK WAS WRITTEN IN A LANGUAGE I DIDN'T KNOW.;9;7;0x83D3;0x83F9;texto;si;;;;;;;;;;;;
H6;82G;MAYBE IT WAS LATIN OR SOMETHING LIKE THAT, BUT I COULD READ THE BOOK. I DIDN'T KNOW WHY I COULD READ IT.;5;11;0x8405;0x8444;texto;si;;;;;;;;;;;;
H6;83G;MAYBE IT HAD TO DO WITH THE CONTENT. MY WHOLE LIFE WAS WRITTEN IN THAT BOOK.;7;9;0x8448;0x8489;texto;si;;;;;;;;;;;;
H6;84G;THE PATH I HAD WALKED. FROM MY CHILDHOOD MEMORIES TO THE MOMENT I ENTERED THIS MANSION.;8;8;0x8499;0x84C7;texto;si;;;;;;;;;;;;
H6;85G;ALSO, THE MANY STRANGE THINGS I HAD EXPERIENCED IN THIS MANSION... IT WAS ALL WRITTEN THERE.;7;9;0x84CB;0x84FD;texto;si;;;;;;;;;;;;
H6;86G;IF I TURNED THE NEXT PAGE, MY FUTURE WOULD BE WRITTEN THERE... OR MAYBE IT WAS BLANK...... WITH MY HAND TREMBLING, I TRIED TO TURN THE PAGE, BUT I STOPPED.;2;14;0x8502;0x8563;texto;si;;;;;;;;;;;;
H6;87G;EITHER WAY, THIS WAS SOMETHING EXTREMELY IMPORTANT. I CLOSED THE BOOK, TREMBLING. AND LEFT THE ROOM AS IF FLEEING.;5;11;0x856E;0x85CA;texto;si;;;;;;;;;;;;
H6;94G;AS I MOVED FORWARD, THE REPTILE BRANCH SPLIT EVEN FURTHER, AND THE FIGURE OF AN ANIMAL WALKING ON TWO LEGS APPEARED. I ASSUMED THIS WAS EVOLUTION.;5;11;0x6909;0x6958;texto;si;;;;;;;;;;;;
H6;95G;COULD IT BE A HUMAN? FROM THERE, I BEGAN TO WATCH CLOSELY WHAT CAME NEXT.;10;6;0x6962;0x6984;texto;si;;;;;;;;;;;;
H6;96G;A HOMINID... EXTINCT, THEN EARLY MAN AGAIN... DIFFERENT RACES WERE BORN... ANOTHER BRANCH BEYOND THAT?;5;11;0x6988;0x69C6;texto;si;;;;;;;;;;;;
H6;97G;IT WENT EXTINCT......;7;9;0x69D0;0x69D0;texto;si;;;;;;;;;;;;
H6;98G;THOSE WORDS CAME TO MY MIND. THE DOOR AHEAD OPENED, AND LIGHT CAME OUT. WOULD IT BE BETTER NOT TO LOOK?;7;9;0x69D7;0x6A28;texto;si;;;;;;;;;;;;
H6;99G;WITHOUT LOOKING DOWN, I WALKED TOWARD THE DOOR.;12;4;0x6A33;0x6A4E;texto;si;;;;;;;;;;;;
H6;100G;GOING THROUGH THE DOOR, THE FOREST AND A COMPLETELY DARK SKY STRETCHED OUT BEFORE ME. AFTER WHAT HAD HAPPENED INSIDE, I HAD MY DOUBTS, BUT THIS REALLY SEEMED TO BE THE OUTSIDE OF THE MANSION.;2;14;0x9408;0x946A;texto;si;;;;;;;;;;;;
H6;101G;NICE TO MEET YOU. SOMEONE SPOKE TO ME AND I FLINCHED. TURNING AROUND TO FIND WHERE THE VOICE CAME FROM, THE SCENERY AROUND ME CHANGED IN AN INSTANT.;4;12;0x946E;0x94DE;texto;si;;;;;;;;;;;;
H6;102G;THAT WAS... A ROOM THAT SEEMED TO BE INSIDE THE MANSION. SHELVES, BOOKCASES, A SOFA. THERE WAS FURNITURE THAT LOOKED COMFORTABLE.;4;12;0x94E2;0x953F;texto;si;;;;;;;;;;;;
H6;103G;I DON'T MEAN TO CALL YOU A THIEF. THERE WAS A MAN THERE. EVEN THOUGH HE WAS INSIDE THE ROOM, HE WORE A CLOAK AND A HAT PULLED DOWN TO HIS EYES.;4;12;0x9546;0x95A6;texto;si;;;;;;;;;;;;
H6;104G;HIS EXPRESSION WAS HIDDEN UNDER THE BRIM OF HIS TOP HAT, IMPOSSIBLE TO GUESS. THE MAN GENTLY REACHED HIS HAND OUT TOWARD ME.;5;11;0x95AA;0x95F3;texto;si;;;;;;;;;;;;
H6;105G;I JUST WANT YOU TO GIVE ME BACK THAT BOOK.;12;4;0x95F7;0x960A;texto;si;;;;;;;;;;;;
H6;106G;HIS TONE WAS POLITE, BUT IT FELT EXTREMELY INTIMIDATING.;10;6;0x960E;0x962E;texto;si;;;;;;;;;;;;
H6;107G;WHAT HE WANTED WAS THE BOOK I WAS CARRYING. THE BOOK IN WHICH MY WHOLE LIFE WAS WRITTEN.;8;8;0x9633;0x9662;texto;si;;;;;;;;;;;;
H6;108G;I UNDERSTAND YOU DON'T WANT TO PART WITH IT. BUT WHAT IS WRITTEN IN THAT BOOK ISN'T ONLY ABOUT YOU.;5;11;0x9666;0x96A7;texto;si;;;;;;;;;;;;
H6;109G;THAT PERSON CAME CLOSER TO ME, STEP BY STEP.;12;4;0x96AB;0x96C1;texto;si;;;;;;;;;;;;
H6;110G;THERE IS NO NEED TO BE AFRAID. I HAVE NO INTENTION OF HURTING YOU. HE STOPPED IN FRONT OF ME.;5;11;0x96D2;0x9711;texto;si;;;;;;;;;;;;
H6;111G;2.@@1.@@@@@PLEAS THI@I@@@@@@E,@@@ S@@@DON@@@@GIVE@ BOO@'T@@@@@ME@@@ K@@@WAN@@@@THAT@ IS@@T@@@@@@BOOK@ MIN@YOU@@@@@@@@@ E@@@TO@@@@@@@@@@ @@@@REA@@@@@@@@@ @@@@D@@@@@@@@@@@ @@@@IT@@@@@@@@@@;0;16;0x971C;0xAE51;pregunta;si;3;1;3;4;5;0;1. I DON'T WANT YOU TO READ IT;2. THIS BOOK IS MINE;PLEASE, GIVE ME THAT BOOK;;;
H6;112G;I SHOOK MY HEAD. MY WHOLE LIFE WAS WRITTEN IN THIS BOOK.;8;8;0xAE5D;0xAE84;texto;si;;;;;;;;;;;;
H6;113G;THE MAN, WITHOUT CHANGING HIS ATTITUDE AND STILL WITH HIS HAND OUT TOWARD ME, SAID: IF THAT'S SO, VERY WELL... BUT I WOULD AT LEAST LIKE YOU TO GIVE ME MY PAGE.;2;14;0xAE90;0xAEEB;texto;si;;;;;;;;;;;;
H6;114G;WAS THIS MAN'S LIFE ALSO RECORDED IN THIS BOOK, JUST LIKE MINE? IF SO, IT MADE SENSE THAT HE WOULDN'T WANT OTHERS TO KNOW ABOUT IT.;5;11;0xAEEF;0xAF37;texto;si;;;;;;;;;;;;
H6;115G;I OPENED THE BOOK AND TURNED THE PAGES. IT'S THERE, SAID THE MAN, POINTING AT A PAGE.;7;9;0xAF42;0xAF7A;texto;si;;;;;;;;;;;;
H6;116G;THERE WAS NOTHING WRITTEN THERE. THE MAN TOOK SEVERAL PAGES FROM THAT SPOT AND TORE THEM OUT AT ONCE. THANK YOU, HE SAID, AND CRUMPLED THE PAGES HE HAD RECEIVED INTO A BALL.;2;14;0xAF7E;0xAFE4;texto;si;;;;;;;;;;;;
H6;117G;FOR THE FIRST TIME, I SAW AN EXPRESSION APPEAR ON THE MAN'S FACE. HE WAS SMILING. IT WAS A SMILE AS IF HE COULDN'T CONTAIN HIS JOY.;3;13;0xAFEE;0xB044;texto;si;;;;;;;;;;;;
H6;118G;WELL THEN, I TAKE MY LEAVE, HE SAID. HE TURNED ON HIS HEEL AND TRIED TO LEAVE THE ROOM. I STOPPED HIM HURRIEDLY.;3;13;0xB055;0xB0AA;texto;si;;;;;;;;;;;;
H6;119G;I HAD A LOT OF THINGS TO ASK. WHAT WAS THIS MANSION? AND WHAT WAS THIS BOOK......;8;8;0xB0B5;0xB0E3;texto;si;;;;;;;;;;;;
H6;120G;LOOK AT YOUR OWN PAGE, HE SAID. AND CONTINUED: HE KNOWS EVERYTHING ABOUT YOU. I TURNED THE PAGES AT ONCE.;2;14;0xB0E8;0xB135;texto;si;;;;;;;;;;;;
H6;121G;ON MY PAGE THERE WAS AN ADDED LINE I HAD NEVER SEEN BEFORE.;8;8;0xB146;0xB16F;texto;si;;;;;;;;;;;;
H6;122G;SHE BECAME THE OWNER OF THE MANSION, AND KEPT WAITING.;7;9;0xB17D;0xB18E;texto;si;;;;;;;;;;;;
H6;123G;THE MAN SHRUGGED WITH A SYMPATHETIC AIR: IT MAY BE A LONG WAIT. BUT YOU MUST NOT LOSE HOPE.;7;9;0xB1A6;0xB1E3;texto;si;;;;;;;;;;;;
H6;124G;HE THREW THE TORN OUT PAGES INTO THE FIREPLACE. AND WHEN HE TRIED TO OPEN THE DOOR...... HE WAS ENGULFED IN FIERCE FLAMES.;7;9;0xB1E8;0xB243;texto;si;;;;;;;;;;;;
H6;125G;AAAAAAAAAAAAAAAAAH. HE SCREAMED WITH A VOICE THAT SEEMED TO COME FROM THE DEPTHS OF HELL. AN INSTANT LATER, HE WAS COMPLETELY CONSUMED. NOT EVEN BONE OR ASH REMAINED.;2;14;0xB250;0xB2C0;texto;si;;;;;;;;;;;;
H6;126G;WAS IT ALSO WRITTEN ON HIS PAGE THAT HE WOULD END LIKE THIS? I COULD NO LONGER FIND OUT. WHAT WOULD BECOME OF ME FROM NOW ON? I HAD NO NEED TO WORRY ABOUT THAT.;2;14;0xB2D4;0xB336;texto;si;;;;;;;;;;;;
H6;127G;BECAUSE EVERYTHING IS WRITTEN IN THIS BOOK.;12;4;0xB340;0xB355;texto;si;;;;;;;;;;;;
H6;128G;SHE WAITED FOR A NEW MASTER TO APPEAR. HOW MANY YEARS COULD HAVE PASSED ALREADY?;7;9;0x9901;0x993C;texto;si;;;;;;;;;;;;
H6;129G;THERE WAS NO SIGN THAT PERSON WOULD EVER APPEAR. SHE WONDERED IF THE PREVIOUS HUMAN HAD ALSO WAITED THAT LONG. ONLY TIME KEPT PASSING. SHE HAD NO CHOICE BUT TO KEEP WAITING. THAT WAS THE ONLY THING SHE WAS ALLOWED TO DO.;0;16;0x9940;0x99A8;texto;si;;;;;;;;;;;;
H6;130G;SHE WAS THE OWNER OF THE MANSION;12;4;0x99AC;0x99BA;texto;no;;;;;;;;;;;;
H6;131G;SHE WAS THE OWNER OF THE MANSION, BUT SHE WAS NOTHING MORE THAN THAT.;6;10;0x99BC;0x99E0;texto;no;;;;;;;;;;;;
H6;36H;THIS HAD TO BE A TRICK. I HAD FALLEN RIGHT INTO THE PRANK SET FOR ME BY THE OWNER OF THIS MANSION.;5;11;0x3E8C;0x3ED3;texto;;;;;;;;;;;;;
H6;37H;I SPUN ON MY HEELS AND STARTED GOING DOWN THE SAME STAIRS I HAD JUST CLIMBED. NO, THAT WAS NOT IT.;5;11;0x3ED7;0x3F22;texto;;;;;;;;;;;;;
H6;38H;MAYBE THIS SPIRAL STAIRCASE WAS BUILT THIS WAY ON PURPOSE, TO CONFUSE WHOEVER GOT LOST IN IT AND MAKE THEM WANDER FOREVER.;5;11;0x3F2C;0x3F82;texto;;;;;;;;;;;;;
H6;39H;2.@@1.@@ISN'T@ SIN@SIN@THAT@@ CE@@CE@@EXACTL THA@THA@Y@@@@@ T@@@T@@@WHAT@@ IS@@IS@@THE@@@ SO,@SO,@OWNER@ I@@@I@@@WANTS@ WIL@WIL@IF@@@@ L@@@L@@@I@@@@@ GO@@GO@@TURN@@ DOW@UP@@BACK@@ N@@@@@@@HERE?@;2;14;0x3F86;0x3FCA;pregunta;;3;1;3;1;6;0;1. SINCE THAT IS SO, I WILL GO UP;2. SINCE THAT IS SO, I WILL GO DOWN;ISN'T THAT EXACTLY WHAT THE OWNER WANTS IF I TURN BACK HERE?;;;
H6;40H;NO, GOING IN CIRCLES IS WHAT THE OWNER WANTS. I GATHERED COURAGE AND WENT DOWN.;9;7;0xA019;0xA05A;texto;;;;;;;;;;;;;
H6;41H;AT THAT INSTANT, THE STEPS UNDER MY FEET COLLAPSED. I COULD NOT HOLD ON AND FELL ROLLING DOWN.;9;7;0xA06B;0xA0A7;texto;;;;;;;;;;;;;
H6;42H;......................................................................;2;11;0xA0AD;0xA0CB;texto;;;;;;;;;;;;;
H6;43H;WHILE ENDURING THE PAIN THAT RAN THROUGH MY BODY, WISHING IT WOULD END SOON, A DULL THUD SOUNDED AND I FELL HARD TO THE GROUND.;5;11;0xA0D1;0xA121;texto;;;;;;;;;;;;;
H6;63H;THAT IS NOT TRUE. THERE HAVE TO BE THINGS THAT CAN BE UNDERSTOOD JUST BY SAYING THEM. THAT IS WHAT I TOLD THE ADULT CROW. ON HEARING MY WORDS, THE ADULT CROW LET OUT A SHARP SHRIEK.;3;13;0x674C;0x67AB;texto;;;;;;;;;;;;;
H6;64H;SO THAT IS HOW IT IS... THEN, LET US TEST IT, ALL OF YOU!;11;5;0x67AF;0x67CC;texto;;;;;;;;;;;;;
H6;65H;TAKING THOSE WORDS AS A SIGNAL, THE CROW CHICKS POUNCED ON ME.;10;6;0x67D7;0x6814;texto;;;;;;;;;;;;;
H6;66H;THE ADULT CROW SAID: NOT LIKE THAT, PAUSE BETWEEN. THE CHICKS THEN ATTACKED WITH A DELAY BETWEEN EACH OTHER.;7;9;0x6818;0x6867;texto;;;;;;;;;;;;;
H6;67H;I WAVED MY ARMS, GRIPPED BY PANIC. EVEN IF BY CHANCE, I MANAGED TO KNOCK DOWN SEVERAL CHICKS. THE ADULT CROW LET OUT A THREATENING CAW.;5;11;0x686B;0x68C1;texto;;;;;;;;;;;;;
H6;68H;TAKING ADVANTAGE OF THAT INSTANT, I DOVE INTO A NEARBY ROOM.;10;6;0x68CC;0x68EA;texto;;;;;;;;;;;;;
H6;110H;2.@@1.@@@I@@@ I@@@I@@@@ANSW WAS@HAD@@ERED LOO@GOTT@WITH KIN@EN@@@OUT@ G@@@LOST@TURN FOR@ON@@@ING@ SOM@THE@@TO@@ ETH@WAY@@LOOK ING@@@@@@@@@@;3;13;0x7C7F;0x7CB5;pregunta;;3;1;4;1;4;0;1. I HAD GOTTEN LOST ON THE WAY;2. I WAS LOOKING FOR SOMETHING;I ANSWERED WITHOUT TURNING TO LOOK;;;
H6;111H;I HAD GOTTEN LOST ON THE WAY, I ANSWERED. THE HUNTER SAID TO ME...;10;6;0x7E94;0x7EBE;texto;;;;;;;;;;;;;
H6;112H;WAS IT THE PATH THAT MADE YOU GET LOST, HE ASKED ME. IT SEEMED STRANGE TO ME THAT HE WOULD SAY SOMETHING LIKE THAT, BUT I DID NOT ASK HIM ANYTHING MORE ABOUT IT.;4;12;0x7EC3;0x7F26;texto;;;;;;;;;;;;;
H6;38J;COMING BACK HERE WAS DANGEROUS. THAT WAS EXACTLY WHAT THE OWNER OF THE MANSION WANTED. I HAD NO CHOICE BUT TO KEEP GOING FORWARD.;5;11;0x9F74;0x9FBC;texto;;;;;;;;;;;;;
H6;39J;I GATHERED MY COURAGE AND WENT BACK UP THE STAIRS.;12;4;0x9FCD;0x9FE8;texto;;;;;;;;;;;;;
H6;40J;...................................................................;7;9;0x9FF0;0x9FF8;texto;;;;;;;;;;;;;
H6;41J;SHORTLY AFTER, A SMALL DOOR APPEARED BEFORE MY EYES.;12;4;0x9FFD;0xA011;texto;;;;;;;;;;;;;
H6;112J;I WAS LOOKING FOR SOMETHING... I ANSWERED, AND TURNED TO LOOK AT THE MANSION.;10;6;0x7DD7;0x7DFA;texto;;;;;;;;;;;;;
H6;113J;THE MANSION STILL STOOD IN THE MIDDLE OF THE FOREST, UNCHANGED SINCE I HAD ARRIVED;10;6;0x7E0C;0x7E2E;texto;;;;;;;;;;;;;
H6;114J;THE HUNTER LOOKED AT THE MANSION WITH ANNOYANCE. IN THAT CASE... IT WOULD BE BEST TO GIVE UP, HE SAID. I SHRUGGED MY SHOULDERS AND WENT DOWN THE MOUNTAIN GUIDED BY THE HUNTER.;3;13;0x7E34;0x7E8C;texto;;;;;;;;;;;;;
H6;65K;I TOLD HIM HE WAS SURELY HIDING, AND THE DRAGON SHOOK ITS HEAD.;10;6;0x24CB;0x24EB;texto;;;;;;;;;;;;;
H6;66K;MANY YEARS AGO, DECADES, OR EVEN CENTURIES, HE HAD BEEN A NOBLE AND RENOWNED PERSON, WHO, IT WAS SAID, ANOTHER PERSON HAD CHALLENGED TO A DUEL.;5;11;0x24F8;0x2544;texto;;;;;;;;;;;;;
H6;67K;BUT WHAT REALLY HAPPENED? ON THE DUELING FIELD, HE WAS CAUGHT BY SURPRISE. THEY CUT OFF HIS HEAD. IT IS SAID THAT THE PERSON WHO DEFEATED THE DRAGON CAME TO BE CALLED A HERO.;2;14;0x2548;0x25AD;texto;;;;;;;;;;;;;
H6;68K;BY THE TIME I REALIZED IT, I WAS ALREADY HERE, WAS ALL HE SAID. THE DRAGON CLOSED ITS EYES, AND ALTHOUGH I WAITED A WHILE, THERE WAS NO SIGN IT WOULD OPEN THEM AGAIN. I LEFT THE ROOM.;3;13;0x25B8;0x2613;texto;;;;;;;;;;;;;
H6;34K;GOING DOWN THE STAIRS HERE WOULD BE FALLING RIGHT INTO THE TRAP OF THE OWNER OF THE MANSION. I GATHERED MY COURAGE AND KEPT CLIMBING.;5;11;0x3FD6;0x4021;texto;;;;;;;;;;;;;
H6;35K;...................................................................................................................................;2;14;0x402E;0x404C;texto;;;;;;;;;;;;;
H6;36K;EVEN THOUGH I WANTED TO GIVE UP MANY TIMES, I ENCOURAGED MYSELF AND KEPT CLIMBING.;9;7;0x4059;0x4082;texto;;;;;;;;;;;;;
H6;37K;...................................................................................................................................;2;14;0x408F;0x40AD;texto;;;;;;;;;;;;;
H6;38K;NOT KNOWING HOW MUCH TIME HAD PASSED, WHEN I HAD ALREADY COMPLETELY LOST TRACK OF TIME, IT SUDDENLY APPEARED.;7;9;0x40B1;0x40ED;texto;;;;;;;;;;;;;
H6;39K;A SMALL DOOR... I COULD FINALLY MOVE ON TO THE NEXT ROOM.;10;6;0x40F7;0x4121;texto;;;;;;;;;;;;;
H6;81K;2.@@1.@@DID@@@@ LOO@OPE@IT@@@@@ K@@@N@@@COME@@@ FUR@THE@FROM@@@ THE@DOO@INSIDE@ R@@@R@@@THIS@@@ DOW@@@@@ROOM?@@ N@@@@@@@OR@@@@@ THE@@@@@FROM@@@ HAL@@@@@SOMEWHE L@@@@@@@RE@@@@@ @@@@@@@@FARTHER @@@@@@@@AWAY?@@;1;15;0x30BC;0x3108;pregunta;;3;1;3;1;7;0;1. OPEN THE DOOR;2. LOOK FURTHER DOWN THE HALL;DID IT COME FROM INSIDE THIS ROOM? OR FROM SOMEWHERE FARTHER AWAY?;;;
H6;82K;I TRIED TO OPEN THE DOOR. ...... IT WOULD NOT OPEN.;8;8;0x70CA;0x70F9;texto;;;;;;;;;;;;;
H6;83K;WAS IT LOCKED? NO MATTER HOW MUCH I PUSHED OR PULLED, THE DOOR WOULD NOT GIVE. IT WAS SURELY THE PERSON LOCKED INSIDE WHO WAS POUNDING ON IT.;2;14;0x70FF;0x715F;texto;;;;;;;;;;;;;
H6;84K;WAS THERE SOME SPECIAL MECHANISM? I TRIED TO STEP BACK FROM THE DOOR FOR A MOMENT TO EXAMINE IT BETTER, BUT I COULD NOT LET GO OF THE KNOB.;3;13;0x7164;0x71C6;texto;;;;;;;;;;;;;
H6;85K;LOOKING AT IT CLOSELY, WHAT I WAS HOLDING WAS NOT THE KNOB. IT WAS A HUMAN HAND. THE HAND WAS SQUEEZING MINE TIGHT. I YANKED MY HAND AWAY AT ONCE!;2;14;0x71D0;0x7246;texto;;;;;;;;;;;;;
H6;86K;I FINALLY MANAGED TO FREE MY HAND. THE HAND COMING OUT OF THE KNOB TWISTED AND MOVED, AS IF SEARCHING FOR SOMETHING. I RAN OUT.;5;11;0x724A;0x72AB;texto;;;;;;;;;;;;;
H6;82M;MAYBE THE SOUND CAME FROM FURTHER DOWN THE HALL. I TRIED TO KEEP MOVING FORWARD.;7;9;0x72C6;0x72F4;texto;;;;;;;;;;;;;
H6;83M;AT THAT MOMENT, SOMEONE GRABBED MY ARM. BEFORE I COULD TURN AROUND, THIS TIME THEY GRABBED MY ANKLE.;5;11;0x72F8;0x734E;texto;;;;;;;;;;;;;
H6;84M;THEY PULLED ME HARD AND I FELL TO THE GROUND. I MANAGED TO GET UP AS BEST I COULD WHILE LYING THERE. WHAT WAS HOLDING MY FOOT WAS A HUMAN HAND COMING OUT THROUGH THE GAP IN THE DOOR.;0;16;0x7359;0x73D3;texto;;;;;;;;;;;;;
H6;85M;I KICKED IT WITH MY RIGHT FOOT. I TOOK ADVANTAGE OF IT LETTING GO TO SLAM THE DOOR SHUT.;8;8;0x73DD;0x7414;texto;;;;;;;;;;;;;
H6;86M;SLAM! A DULL THUD ECHOED. THE ARM CAUGHT IN THE DOOR WAS PULLED BACK INSIDE. THAT MUST HAVE HURT. I RAN OUT.;3;13;0x7427;0x747B;texto;;;;;;;;;;;;;
H6;64L;I DECIDED TO LEAVE HIM IN PEACE. THERE WAS NO NEED TO HURT THE PRIDE OF SOMEONE WHO HAD LIVED SO MANY YEARS.;7;9;0x9C7B;0x9CBC;texto;;;;;;;;;;;;;
H6;65L;THE DRAGON KEPT ITS EYES CLOSED IN SILENCE. I LEFT THE ROOM WITHOUT MAKING A SOUND.;9;7;0x9CC1;0x9CE3;texto;;;;;;;;;;;;;
H6;26N;AS SOON AS I ENTERED THE ROOM, A HUGE CURTAIN CAUGHT MY EYE.;10;6;0x130F;0x1337;texto;;;;;;;;;;;;;
H6;27N;IT HUNG RIGHT IN THE MIDDLE, SO I COULDN'T SEE THE OTHER SIDE OF THE ROOM. THERE WAS NO OPENING TO GET THROUGH.;7;9;0x133B;0x1380;texto;;;;;;;;;;;;;
H6;28N;IT SEEMED I HAD TO GO TO THE OTHER SIDE OF THE CURTAIN. I WALKED UP TO IT AND TRIED TO PULL IT OPEN.;5;11;0x1384;0x13CB;texto;;;;;;;;;;;;;
H6;29N;DON'T OPEN IT! A SUDDEN VOICE MADE ME STOP MY HAND. A WOMAN'S VOICE THAT SOUNDED LIKE A LITTLE BELL.;5;11;0x13D6;0x1411;texto;;;;;;;;;;;;;
H6;30N;THE OWNER OF THE VOICE SEEMED TO BE BEHIND THE CURTAIN. PLEASE, DON'T OPEN IT.;8;8;0x1429;0x145B;texto;;;;;;;;;;;;;
H6;31N;THE WOMAN BEGGED ME DESPERATELY. BUT I COULDN'T TURN AROUND EITHER.;8;8;0x1461;0x148B;texto;;;;;;;;;;;;;
H6;32N;2.@@@1.@@@IF@@@@ PROM@OPEN@THERE' ISE@@THE@@S@@@@@ NOT@@CURT@AN@@@@ TO@@@AIN@@EXIT@@ LOOK@@@@@@ON@@@@ AT@@@@@@@@THE@@@ HER@@@@@@@OTHER@ @@@@@@@@@@SIDE,@ @@@@@@@@@@I@@@@@ @@@@@@@@@@HAVE@@ @@@@@@@@@@TO@@@@ @@@@@@@@@@OPEN@@ @@@@@@@@@@IT@@@@ @@@@@@@@@@ANYWAY;0;16;0x1490;0x14EC;pregunta;;4;1;4;1;6;0;1. OPEN THE CURTAIN;2. PROMISE NOT TO LOOK AT HER;IF THERE'S AN EXIT ON THE OTHER SIDE, I HAVE TO OPEN IT ANYWAY;;;
H6;33N;IF I DON'T SEE HER EVEN THOUGH I OPEN THE CURTAIN, THERE SHOULDN'T BE A PROBLEM. WHEN I TOLD HER THAT, THE WOMAN RELUCTANTLY AGREED. I CLOSED MY EYES.;3;13;0xA55F;0xA5BE;texto;;;;;;;;;;;;;
H6;34N;I HEARD THE SOUND OF THE CURTAIN OPENING. GO STRAIGHT, LIKE THIS, PLEASE, THE WOMAN SAID, AND TAKING MY HAND, SHE LED ME. I LET HER GUIDE ME BY THE HAND, STEP BY STEP.;0;16;0xA5CA;0xA63D;texto;;;;;;;;;;;;;
H6;35N;BUT AS I WALKED ON, THE FEEL OF THAT HAND KEPT CHANGING...;10;6;0xA647;0xA669;texto;;;;;;;;;;;;;
H6;36N;2.@1.@ROUGHER EN@OP@SKIN,@@ DU@EN@LONGER@ RE@MY@NAILS,@ IT@EY@A@@@@@@ @@@ES@GRIP@@@ @@@@@@THAT@@@ @@@@@@KEPT@@@ @@@@@@GROWING @@@@@@STRONGE @@@@@@R@@@@@@;3;13;0xA679;0xA6C2;pregunta;;2;1;2;1;7;0;1. OPEN MY EYES;2. ENDURE IT;ROUGHER SKIN, LONGER NAILS, A GRIP THAT KEPT GROWING STRONGER;;;
H6;37N;HAD I FALLEN INTO THE TRAP OF SOME TERRIBLE MONSTER?;8;8;0x16A1;0x16CB;texto;;;;;;;;;;;;;
H6;38N;WHOEVER WAS HOLDING MY HAND, COULD IT BE SOME DWELLER OF THE LAND OF THE DEAD?;10;6;0x16D2;0x16F6;texto;;;;;;;;;;;;;
H6;39N;SHORTLY AFTER, I HEARD THE SOUND OF A DOOR OPENING. THE WOMAN LET GO OF MY HAND. THANK YOU, SHE WHISPERED BEHIND ME, AND AT THAT SAME INSTANT THE DOOR SLAMMED SHUT.;2;14;0x1700;0x1769;texto;;;;;;;;;;;;;
H6;40N;I SLOWLY OPENED MY EYES.;12;4;0x1779;0x1788;texto;;;;;;;;;;;;;
H6;41N;ON THE OTHER SIDE OF THE DOOR THERE WAS A PARCHED LAND, A HORIZON AND ENDLESS MIRAGES. THE WIND WAS DRY, AND THE HEAT FROM THE GROUND ALMOST BURNED MY FEET.;3;13;0x18CD;0x192A;texto;;;;;;;;;;;;;
H6;42N;WHEN I TURNED AROUND, THE DOOR HAD VANISHED, AND I WAS LEFT ALONE IN THAT PLACE.;10;6;0x1935;0x195E;texto;;;;;;;;;;;;;
H6;43N;MY SHADOW FELL SHARP ON THE GROUND, LIKE A DRAWING. ALL I COULD SEE WERE THE BONES OF A WATER BUFFALO AND THE REMAINS OF A WITHERED TREE. FEELING NOTHING TOWARD THAT DEAD LAND, LIKE SOMETHING OUT OF A PAINTING, I STARTED WALKING.;0;16;0x1963;0x19DE;texto;;;;;;;;;;;;;
H6;44N;AFTER WALKING A WHILE, I SAW WHAT LOOKED LIKE A BUILDING. PEOPLE HAD BEEN HERE TOO.;9;7;0x19E8;0x1A11;texto;;;;;;;;;;;;;
H6;45N;AS I GOT CLOSER, IT TURNED OUT TO BE A CRUDE SHACK, WITH A WELL OF BARE STONES AND THE CORPSE OF A TRAVELER. THE CORPSE WAS MUMMIFIED, ONE HAND STILL RESTING ON THE EDGE OF THE WELL.;2;14;0x1A1D;0x1AA5;texto;;;;;;;;;;;;;
H6;46N;MAYBE I WOULD END UP LIKE THIS TOO. BUT, WOULD THERE BE WATER IN THE WELL?;8;8;0x1AA9;0x1AD3;texto;;;;;;;;;;;;;
H6;47N;2.@@1.@@MY@@@ THE@IT@@THROA WAT@SUR@T@@@@ ER@@ELY@WAS@@ HAS@DRI@ALREA N'T@ED@@DY@@@ DRI@UP@@COMPL ED@@@@@@ETELY UP@@@@@@PARCH @@@@@@@@ED@@@;3;13;0x1C3C;0x1C7B;pregunta;;3;1;3;1;5;0;1. IT SURELY DRIED UP;2. THE WATER HASN'T DRIED UP;MY THROAT WAS ALREADY COMPLETELY PARCHED;;;
H6;48N;IT'S SURELY DRY BY NOW, I THOUGHT. I THREW A NEARBY STONE INTO IT. BUT I DIDN'T EVEN HEAR THE SOUND OF IT HITTING BOTTOM.;4;12;0x5217;0x5264;texto;;;;;;;;;;;;;
H6;49N;WITHOUT LOSING HEART, I STOOD THINKING IN THE SHADE ABOUT WHAT TO DO. AS I KEPT MULLING IT OVER, I NOTICED THE TRAVELER'S CORPSE WAS GRIPPING SOMETHING TIGHTLY IN ITS HAND.;3;13;0x526F;0x52CD;texto;;;;;;;;;;;;;
H6;50N;IT LOOKED LIKE AN EYE MADE OF GLASS. HAD THE TRAVELER DIED RIGHT AS HE TRIED TO THROW IT INTO THE WELL? IN HIS PLACE, I THREW IT MYSELF.;3;13;0x52E5;0x5344;texto;;;;;;;;;;;;;
H6;51N;FROM INSIDE THE WELL CLOUDS BURST FORTH, AND MADE IT RAIN OVER THE DESERT.;10;6;0x534F;0x537B;texto;;;;;;;;;;;;;
H6;52N;UNDER THE RAIN, AN ANCIENT GRAY CITY APPEARED. THE HORIZON SHOWED A LINE OF TRAVELERS HEADING TOWARD THE CITY. BUT, TO ME, ALL OF THEM DISSOLVED LIKE ILLUSIONS.;3;13;0x538B;0x53E6;texto;;;;;;;;;;;;;
H6;53N;SINCE THE WELL WAS DRY... THE RAIN FORMED A RIVER, AND THE RIVER CARRIED AWAY THE DESERT SAND.;8;8;0x53EC;0x5418;texto;;;;;;;;;;;;;
H6;54N;WHEN THE RAIN STOPPED, THE FLEETING RIVER AND ILLUSION VANISHED TOO. WHEN A DOOR APPEARED AHEAD, I HELD MY BREATH AND OPENED IT.;5;11;0x5423;0x5472;texto;;;;;;;;;;;;;
H6;74N;ON THE OTHER SIDE OF THE HEAVY DOOR, A HUGE NUMBER OF BOOKS AWAITED ME.;9;7;0x7F60;0x7F8D;texto;;;;;;;;;;;;;
H6;75N;MAHOGANY SHELVES LINED BOTH SIDES OF THE ROOM END TO END, YET IT DIDN'T FEEL OVERWHELMING. QUIET AND CALM, IT WAS THE PERFECT PLACE FOR A STUDY.;4;12;0x7F97;0x7FF1;texto;;;;;;;;;;;;;
H6;76N;I FOUND A BOOK RESTING ON THE LECTERN IN THE CENTER OF THE ROOM.;5;11;0x7FFF;0x8047;texto;;;;;;;;;;;;;
H6;77N;WHEN I LEAFED THROUGH IT, THAT BOOK WAS WRITTEN IN A LANGUAGE I DIDN'T KNOW.;9;7;0x8053;0x8079;texto;;;;;;;;;;;;;
H6;78N;COULD IT BE LATIN, OR SOMETHING LIKE THAT? BUT EVEN SO, I COULD READ THAT BOOK. I DIDN'T KNOW WHY I WAS ABLE TO READ IT.;5;11;0x8085;0x80C4;texto;;;;;;;;;;;;;
H6;79N;MAYBE IT HAD TO DO WITH THE CONTENT ITSELF. BECAUSE THAT BOOK HAD EVERYTHING ABOUT ME WRITTEN IN IT.;5;11;0x80C8;0x8111;texto;;;;;;;;;;;;;
H6;80N;THE PATH I HAD WALKED THROUGH MY LIFE. FROM MY CHILDHOOD, TO HOW I HAD ENDED UP IN THIS MANSION.;8;8;0x8121;0x814F;texto;;;;;;;;;;;;;
H6;81N;AND ALSO, ALL THE COUNTLESS STRANGE THINGS I HAD EXPERIENCED IN THIS MANSION... IT WAS ALL WRITTEN THERE.;7;9;0x8153;0x8185;texto;;;;;;;;;;;;;
H6;82N;IF I TURNED TO THE NEXT PAGE, WOULD MY FUTURE BE WRITTEN THERE?... OR WOULD IT BE BLANK...;7;9;0x818A;0x81C6;texto;;;;;;;;;;;;;
H6;83N;BUT, I COULDN'T BELIEVE ANY OF THIS, DIDN'T WANT TO BELIEVE IT, AND HAD NO INTENTION OF BELIEVING IT.;8;8;0x81CA;0x81F4;texto;;;;;;;;;;;;;
H6;84N;LOOKING AT THE SHELVES, THERE WAS A SINGLE EMPTY SPACE THE SIZE OF A BOOK. THAT BOOK HAD PROBABLY BEEN THERE.;7;9;0x8200;0x8242;texto;;;;;;;;;;;;;
H6;85N;AS I CLOSED THE BOOK, I SLID IT INTO THAT EMPTY SPACE. IT FIT PERFECTLY, AS IF IT WERE PART OF THE SHELF ITSELF.;7;9;0x8246;0x828A;texto;;;;;;;;;;;;;
H6;86N;PRAYING IT WOULD NEVER OPEN AGAIN, I LEFT THE ROOM.;9;7;0x8295;0x82C0;texto;;;;;;;;;;;;;
H6;98N;PAST THE DOOR, A DARK FOREST STRETCHED OUT, FOREST AFTER FOREST. CONSIDERING EVERYTHING I HAD LIVED THROUGH INSIDE THE MANSION, IT WASN'T SURPRISING, BUT THIS TRULY SEEMED TO BE THE OUTSIDE.;2;14;0x909E;0x9100;texto;;;;;;;;;;;;;
H6;99N;NICE TO MEET YOU, SOMEONE SUDDENLY SPOKE TO ME AND I FLINCHED. WHEN I TURNED TO LOOK FOR THE VOICE, IN AN INSTANT THE SCENERY AROUND ME HAD CHANGED COMPLETELY.;4;12;0x9104;0x9166;texto;;;;;;;;;;;;;
H6;100N;THAT WAS... A ROOM THAT SEEMED TO BE INSIDE THE MANSION. THERE WERE WARM SHELVES, A SOFA, FURNITURE THAT LOOKED COZY.;4;12;0x9179;0x91D5;texto;;;;;;;;;;;;;
H6;101N;YOU LOOK SURPRISED, SAID WHOEVER WAS SITTING IN A SINGLE ARMCHAIR AT THE CENTER OF THE ROOM.;7;9;0x91E1;0x921E;texto;;;;;;;;;;;;;
H6;102N;DESPITE BEING INDOORS, HE WORE A CLOAK AND A HAT PULLED DOWN TO HIS EYES. HIS EXPRESSION STAYED HIDDEN UNDER THE BRIM OF THE HAT, IMPOSSIBLE TO MAKE OUT.;4;12;0x922B;0x9283;texto;;;;;;;;;;;;;
H6;103N;WHY DO YOU INSIST ON A USELESS STRUGGLE?;12;4;0x9287;0x929F;texto;;;;;;;;;;;;;
H6;104N;HIS TONE WAS POLITE, BUT STILL FELT OPPRESSIVE. THAT PERSON POINTED AT THE BOOK HE HELD IN HIS HAND.;8;8;0x92AB;0x92E1;texto;;;;;;;;;;;;;
H6;105N;IT WAS THAT STUDY BOOK... THE ONE WHERE EVERYTHING ABOUT ME WAS WRITTEN.;10;6;0x92F1;0x9314;texto;;;;;;;;;;;;;
H6;106N;WHY DO YOU RESIST IT? WHY DON'T YOU TURN THE PAGES? MAYBE THE WAY OUT OF THIS MANSION IS WRITTEN THERE...;5;11;0x9328;0x936B;texto;;;;;;;;;;;;;
H6;107N;IT'S TRUE, IF THAT BOOK HAD MY FUTURE WRITTEN IN IT, THEN MAYBE IT SAID WHETHER I WOULD MANAGE TO ESCAPE THIS MANSION, AND IF I DID, HOW I HAD DONE IT.;2;14;0x9370;0x93CC;texto;;;;;;;;;;;;;
H6;108N;2.@@1.@@COME@@@ THE@MY@@ON!@@@@ WAY@FUT@THE@@@@ TO@@URE@MAN@@@@ ESC@IS@@STOOD@@ APE@MIN@UP@@@@@ IS.@E@@@AND@@@@ ..@@TO@@HELD@@@ @@@@DEC@OUT@@@@ @@@@IDE@THE@@@@ @@@@@@@@BOOK@@@ @@@@@@@@TO@@@@@ @@@@@@@@ME.@@@@;1;15;0x93D0;0xA8E3;pregunta;;3;1;3;1;7;0;1. MY FUTURE IS MINE TO DECIDE;2. THE WAY TO ESCAPE IS...;COME ON! THE MAN STOOD UP AND HELD OUT THE BOOK TO ME.;;;
H6;109N;I REFUSED. MY FUTURE IS MINE TO DECIDE.;10;6;0xA8EF;0xA914;texto;;;;;;;;;;;;;
H6;110N;NO ONE CAN DEFY FATE, THIS WAS ALREADY DECIDED, THE MAN SHOUTED, AND AT THE SAME TIME THE PAGES FLIPPED OPEN ON THEIR OWN. HIS FACE TWISTED IN SHOCK.;5;11;0xA91F;0xA978;texto;;;;;;;;;;;;;
H6;111N;IMPOSSIBLE... YOU BEAT IT? THAT BOOK... THAT BOOK WAS WHAT HAD BEEN TORMENTING YOU.;5;11;0xA983;0xA9CA;texto;;;;;;;;;;;;;
H6;112N;WITHOUT THINKING, I SNATCHED THE BOOK FROM THE MAN WHO HAD FROZEN IN PLACE, AND THREW IT INTO THE FIREPLACE. IN AN INSTANT THE FLAMES ENGULFED THE BOOK.;5;11;0xA9D1;0xAA2F;texto;;;;;;;;;;;;;
H6;113N;AAAAAAH! AT THE SAME TIME, THE MAN'S ENTIRE BODY BURST INTO FLAMES.;10;6;0xAA36;0xAA5F;texto;;;;;;;;;;;;;
H6;114N;HE WRITHED ON THE FLOOR, SCATTERING FLAMES... THE FIRE SPREAD THROUGH THE WHOLE ROOM.;9;7;0xAA64;0xAA99;texto;;;;;;;;;;;;;
H6;115N;I RAN OUT OF THE ROOM. AT THAT MOMENT, I HEARD THE MAN SHOUT SOMETHING. THOSE WORDS STAYED BURNED INTO MY EARS. THANK YOU, THAT WAS, WITHOUT A DOUBT, WHAT HE SAID.;2;14;0xAAA3;0xAB1C;texto;;;;;;;;;;;;;
H6;116N;WHERE'S THE EXIT? I RAN DESPERATELY THROUGH THE MANSION. THE FIRE WAS SPREADING FASTER THAN I IMAGINED.;7;9;0xAB3E;0xAB74;texto;;;;;;;;;;;;;
H6;117N;I RAN DESPERATELY TRYING TO ESCAPE THE FLAMES AND CAME TO A HALLWAY THAT FELT FAMILIAR. UP AHEAD... THERE WAS AN EXIT. I RUSHED TOWARD THE DOOR THAT LED TO FREEDOM.;3;13;0xAB78;0xABD6;texto;;;;;;;;;;;;;
H6;118N;THIS TIME I WASN'T DRAGGED BACK INSIDE THE MANSION. THERE I STOOD.;8;8;0xABE9;0xAC15;texto;;;;;;;;;;;;;
H6;119N;BEHIND ME, THE FLAMES ENGULFED THE MANSION AND THE WORDS OF THE MAN WHO HAD DIED.;10;6;0xAC22;0xAC49;texto;;;;;;;;;;;;;
H6;120N;THE FIRE HAD DEVOURED EVERYTHING IN THE MANSION, AND HAD FINALLY FINISHED ITS WORK. EVERYTHING WAS A WORLD OF BLACK AND GRAY TONES.;4;12;0xAC22;0x97C1;texto;;;;;;;;;;;;;
H6;121N;ALL THAT WAS LEFT AMONG THE RUINS WERE ASHES, HEAT-TWISTED IRON BEAMS, AND BLACKENED PILLARS.;8;8;0x97C6;0x97FE;texto;;;;;;;;;;;;;
H6;122N;AMID ALL THAT, A SINGLE VIVID SPLASH OF COLOR COULD BE SEEN. A FACE PEEKED OUT FAINTLY FROM AMONG THE ASHES.;5;11;0x9802;0x9841;texto;;;;;;;;;;;;;
H6;123N;IT WAS A BOOK. ITS LEATHER COVER HAD NOT A SINGLE MARK, NOT A TRACE OF BURNING. THEN, A BLACKENED, CHARRED PILLAR COLLAPSED.;5;11;0x9848;0x989E;texto;;;;;;;;;;;;;
H6;124N;THE LEATHER COVER VANISHED FROM SIGHT. THE SURROUNDINGS HAD RETURNED ONCE MORE TO A WORLD OF BLACK AND GRAY.;8;8;0x98BC;0x98EC;texto;;;;;;;;;;;;;
H6;33O;THOUGH I FELT A LITTLE BAD FOR HER, I DECIDED TO OPEN THE CURTAIN ANYWAY. MAYBE SHE HAD HER REASONS, BUT THAT HAD NOTHING TO DO WITH ME.;5;11;0xA341;0xA395;texto;;;;;;;;;;;;;
H6;34O;I HAD TO KEEP MOVING FORWARD, AND FOR THAT I HAD TO OPEN THE CURTAIN.;8;8;0xA399;0xA3CB;texto;;;;;;;;;;;;;
H6;35O;I SHOVED ASIDE THE WOMAN WHO TRIED TO STOP ME, AND YANKED THE CURTAIN OPEN. AAAH, HER VOICE RANG OUT, FULL OF ANGUISH.;5;11;0xA3CF;0xA427;texto;;;;;;;;;;;;;
H6;36O;ON THE OTHER SIDE OF THE CURTAIN... THERE WAS NO ONE. I SCANNED THE WHOLE ROOM WITH MY EYES, BUT THERE WAS NO ONE THERE.;5;11;0xA42C;0xA469;texto;;;;;;;;;;;;;
H6;37O;THERE WAS NO TRACE OF THE WOMAN ANYWHERE. HAD IT ALL BEEN AN ILLUSION?;10;6;0xA46F;0xA48C;texto;;;;;;;;;;;;;
H6;38O;FOR NOW, I WENT IN SEARCH OF A WAY OUT. I SOON FOUND A DOOR.;10;6;0xA490;0xA4B8;texto;;;;;;;;;;;;;
H6;39O;SUDDENLY, FROM A DARK CORNER, A BLACK SHADOW EMERGED. A DEFORMED MONSTER WITH A FURIOUS EXPRESSION. HOW DARE YOU!;7;9;0xA4D1;0xA51C;texto;;;;;;;;;;;;;
H6;40O;THE MONSTER SCREAMED WITH THE WOMAN'S VOICE. I FLED THAT ROOM, BARELY ESCAPING WITH MY LIFE.;9;7;0xA528;0xA556;texto;;;;;;;;;;;;;
H6;3P;I TOOK THE BOOK FROM THE MAN'S HAND AND, WITH MY HAND TREMBLING, TURNED THE PAGES. THERE, MY FATE FROM THAT POINT ON WAS WRITTEN: THE SUFFERING THAT WAS ABOUT TO BEGIN.;3;13;0xA708;0xA76B;texto;;;;;;;;;;;;;
H6;4P;BECOME THE MASTER OF THIS MANSION, AND KEEP WAITING;7;9;0xA779;0xA78C;texto;;;;;;;;;;;;;
H6;5P;I LOOKED TOWARD THE MAN AND...;12;4;0xA790;0xA7A3;texto;;;;;;;;;;;;;
H6;6P;LOOKING AT HIM, HIS FACE WAS AT PEACE. MAYBE, BY FINDING A SUCCESSOR IN ME, HE HAD FINALLY BEEN FREED FROM THIS LONG SUFFERING?;5;11;0xA7B5;0xA804;texto;;;;;;;;;;;;;
H6;7P;WAS THE FUTURE REALLY JUST AS THIS BOOK SAID? NO, PERHAPS I HAD SIMPLY CHOSEN, ON MY OWN, ONE OF THE POSSIBILITIES THAT EXISTED...;3;13;0xA814;0xA86E;texto;;;;;;;;;;;;;
H6;8P;THAT WAS SOMETHING I COULD UNDERSTAND LITTLE BY LITTLE, FROM NOW ON. AT LEAST I HAD NOTHING BUT TIME...;7;9;0xA872;0xA8B4;texto;;;;;;;;;;;;;
H6;3Q;IT HADN'T DRIED UP. I THREW IN THE WELL BUCKET THAT WAS IN THE SHED.;10;6;0x5495;0x54BA;texto;;;;;;;;;;;;;
H6;4Q;QUITE A LONG TIME PASSED UNTIL THE SOUND OF THE BUCKET HITTING THE WATER LET ME KNOW.;9;7;0x54C7;0x54F3;texto;;;;;;;;;;;;;
H6;5Q;BUT, THERE WAS DEFINITELY WATER. I NOTICED A LADDER HAD BEEN INSTALLED DOWN INTO THE WELL, AND I DECIDED TO CLIMB DOWN.;4;12;0x54FD;0x5556;texto;;;;;;;;;;;;;
H6;6Q;SLOWLY... I DON'T KNOW HOW FAR I HAD GONE DOWN, WHEN I LISTENED CLOSELY AND HEARD PEOPLE TALKING FROM BELOW. IT WAS A LANGUAGE I DIDN'T KNOW.;5;11;0x5564;0x55AC;texto;;;;;;;;;;;;;
H6;7Q;WHEN THE LIGHT REACHED THAT FAR, I SAW PEOPLE WHO HAD ONCE DRAWN WATER THERE. JUST ANOTHER ILLUSION, GONE THE MOMENT I TOUCHED BOTTOM.;5;11;0x55B1;0x55F5;texto;;;;;;;;;;;;;
H6;8Q;FURTHER DOWN, COLD WATER STRETCHED OUT. DEEP DOWN, WHERE THE LIGHT BARELY REACHED, I FOUND A DOOR. I JUMPED IN AND OPENED THE NEXT DOOR.;3;13;0x5600;0x5659;texto;;;;;;;;;;;;;
H6;3R;I REFUSED WHAT THE MAN ASKED OF ME. SILENCE FELL.;10;6;0xAC7D;0xAC9C;texto;;;;;;;;;;;;;
H6;4R;HIS EXPRESSION STILL GAVE NOTHING AWAY, BUT SOME TIME PASSED THAT COULD HAVE BEEN EITHER DISAPPOINTMENT OR ANGER.;7;9;0xACA8;0xACE6;texto;;;;;;;;;;;;;
H6;5R;AFTER A BRIEF SILENCE, THE MAN FINALLY SPOKE. THEN, THERE IS NOTHING TO BE DONE.;8;8;0xACEA;0xAD19;texto;;;;;;;;;;;;;
H6;6R;HIS CLOAK BILLOWED AND THE NEXT INSTANT I FOUND MYSELF ON THE FLOOR WITH MY HEAD SPINNING. I LOOKED UP AT HIM WHILE MY CONSCIOUSNESS FADED AWAY.;4;12;0xAD31;0xAD98;texto;;;;;;;;;;;;;
H6;7R;THE MAN HAD OPENED THE PAGES OF THE BOOK HE HAD TAKEN FROM ME. I SEE, JUST AS HE SAID, SO IT HAS BEEN. THAT WAS THE LAST THING I HEARD BEFORE I LOST CONSCIOUSNESS.;2;14;0xADA0;0xAE04;texto;;;;;;;;;;;;;
H6;10R;THEN, SOMETHING I HADN'T NOTICED IN THE TWILIGHT: JUST BELOW, THERE WAS A ROAD. I COULD GET BACK WITH THAT. I STOOD UP AND STARTED DOWN THE SLOPE.;5;11;0x6FA9;0x6FFD;texto;;;;;;;;;;;;;
H6;1459;XSK TCRK MNU BUG LY KRKK RJGA JMHU IMP UIMC ACQ ACQ SGT UIMC UIMC XM QWW ENJ PM MPH UIMC TCRK QASH ENJ NQAB RJGA TCRK DER XM KT MIZ RJGA MFKX KT FTHX AQ REUX EF FD FD JL QRW KV MPH OFU MPH ZR PM TCRK MNU EF AQ UIMC AC XM ZKX KT IHI FTHX AQ NQAB AQ CH UK;0;16;0xFFFF;0xFFFF;texto;no;;;;;;;;;;;;
H6;1460;AAWD MPH AT MAIP SY TCRK DER LAX SY UK BUG CQD IMP LAX DFE DER EF DER AAWD KV DJ XSK XSK JL PH MAIP ENJ FJX XXVD PH NQAB UK KT OP AC MPH QRW AC DJ CYA EDJ CH PM MLP AC XXVD AAWD UIMC ZR FTHX FOJC REUX EDJ RJGA AT AAWD FJX AQ QWW MPH NQAB JL XSK UIMC;0;16;0xFFFF;0xFFFF;texto;no;;;;;;;;;;;;
H6;1461;UK TCRK EF LY CH QWW CQD OFU NJ MPH NQAB AC DFE PH EF MFKX AC XSK PM OFU DER MAIP EDJ MIZ LAX GAI QWW FD ZKX QRW PH LAX QWW MAIP FD ACQ ACLZ SGT UIMC EDJ UIMC XSK BUG JMHU UIMC MNU KV LR IHI ACLZ MNU NQAB AQ UK OFU ENJ DFE AC CYA CYA PM MPH KV;0;16;0xFFFF;0xFFFF;texto;no;;;;;;;;;;;;
H6;1462;QWW DER KV JL JMHU ACQ MIZ BUG RJGA MLP SGT MLP JL PM NQAB CYA CYA OP XSK JMHU UIMC PH LY QWW DER CR XM MLP FOJC FJX XM KT REUX ACLZ FTHX MPH CR DFE MAIP OFU LR TCRK XSK AT ACQ MPH QWW AAWD PM HMIC KT UIMC IMP QRW LAX AT MPH PM EDJ CH AT ZR AC NJ LR;0;16;0xFFFF;0xFFFF;texto;no;;;;;;;;;;;;
H6;1463;ZR FJX OP IHI TCRK CQD SY ZKX ACQ HMIC JL LY JMHU AC ZKX CH TCRK MAIP FTHX EF AT ZR REUX ENJ RJGA MNU REUX MPH BUG ACLZ OFU AC OP BUG CYA FTHX FJX LAX ACLZ BUG AAWD ZR NJ AQ OFU DJ TCRK JL UIMC REUX XSK AAWD CQD IMP FTHX KT PM ACLZ;0;16;0xFFFF;0xFFFF;texto;no;;;;;;;;;;;;
H6;1464;QWW DER AQ AQ TCRK UK FTHX ACLZ IHI FTHX XSK MLP KT KRKK UK ACLZ JL IHI MNU GAI MLP MIZ AAWD MFKX JMHU ENJ BUG DFE RJGA FJX PH ACLZ AQ OFU QRW PH KV QASH OBUE TCRK DFE FOJC AT KRKK KV CR CYA FJX KT LR DER AC SY MIZ MNU IHI XXVD CQD HMIC JL AQ NJ CR;0;16;0xFFFF;0xFFFF;texto;no;;;;;;;;;;;;
H6;1465;NQAB AAWD DFE AQ KT FD IMP PH JMHU KRKK NQAB UIMC FTHX AQ KRKK MFKX SGT XXVD SY ACLZ ACLZ SY FJX TCRK SY ZR JL JMHU PM CH FOJC MFKX SY QWW XM CYA BUG IMP GAI UK LAX CR EF AC UK OP QRW MAIP FD MNU AAWD ZKX DER CYA JMHU DJ KV UIMC MLP AQ CR MAIP;0;16;0xFFFF;0xFFFF;texto;no;;;;;;;;;;;;
H6;1466;DJ EF MIZ MFKX CH XSK XM OP IMP PH TCRK ACQ RJGA CR GAI JMHU CQD DFE FD AAWD RJGA REUX AQ AAWD REUX DER IHI MLP KV UK OBUE NJ NQAB ACQ LY OP DFE KT DJ PM JMHU XSK CQD AC AC PH OP MNU MAIP FTHX IHI KRKK MNU MFKX OP NQAB FD NQAB MFKX NJ MPH IMP;0;16;0xFFFF;0xFFFF;texto;no;;;;;;;;;;;;
H6;1467;UIMC REUX PH IMP OFU MPH AQ QWW OBUE UK ENJ FOJC CQD EDJ CH NJ CH XM QRW MLP DFE MLP FTHX FJX DJ QWW XM CYA CH EF OFU OP MPH MPH DFE MFKX NQAB LR NQAB BUG SGT XM ENJ LY HMIC ZKX ZKX JMHU OBUE BUG ZKX FOJC LAX XM HMIC JMHU DER DER MIZ HMIC AC FOJC UIMC CYA PM;0;16;0xFFFF;0xFFFF;texto;no;;;;;;;;;;;;
H6;1468;KV SY FTHX KT FJX LAX NQAB NJ MIZ CH ENJ UK MLP ACQ ACLZ IHI TCRK KT QASH NJ FJX TCRK MIZ KT PM IHI FOJC KV UIMC ENJ GAI MNU OP GAI QASH DJ MAIP OBUE FOJC MPH PH OP XSK MAIP JMHU NQAB JMHU ACQ KRKK MNU MPH FD ENJ MNU FJX AAWD UK XSK FJX JL MNU;0;16;0xFFFF;0xFFFF;texto;no;;;;;;;;;;;;
H6;1469;MIZ EF HMIC FD JL DJ AT DER ACLZ CYA QWW BUG MAIP CQD UK PH FD KV AAWD CYA ACLZ DJ JMHU KT IMP PM CR LR KV IHI KV SGT FJX GAI FOJC NJ AC AC ZKX QRW AQ ACLZ GAI CR KRKK CR DFE DER FOJC KV AT MPH DJ LY EF IMP GAI XXVD XSK MFKX TCRK NQAB ACQ ZR PM;0;16;0xFFFF;0xFFFF;texto;no;;;;;;;;;;;;
H6;1470;AC AC PH OP ACLZ ACQ FJX CYA UIMC AQ MFKX UK IMP LAX MAIP TCRK ENJ IMP ACLZ NJ MFKX MIZ EF CR DFE ACLZ XSK XM CH KRKK IHI DJ AC ZKX MLP KV RJGA FOJC RJGA AQ REUX NQAB KT RJGA UK NQAB XM OBUE BUG MNU DER AAWD SY MFKX AC MFKX KRKK OP JMHU IMP NQAB;0;16;0xFFFF;0xFFFF;texto;no;;;;;;;;;;;;
H6;1471;MLP OP FOJC ENJ XM QASH QRW OP NQAB LR MAIP AAWD EF IMP AQ UIMC REUX ACLZ HMIC CYA ACLZ KT CH AC MFKX AAWD MIZ BUG MLP MAIP EF LAX DFE NJ MFKX REUX FOJC CYA HMIC ACLZ QASH KRKK CH KT HMIC MLP DER MIZ DER AQ MNU TCRK ZKX LR ZR EDJ NJ TCRK MAIP CR;0;16;0xFFFF;0xFFFF;texto;no;;;;;;;;;;;;
H6;1472;ENJ CH ACQ UK KRKK FOJC GAI IHI XSK RJGA AT MPH OP JMHU LY QRW ACLZ JMHU ZR AC AQ OP EDJ CQD AT DER KRKK JL SGT EF KT JL TCRK ENJ CYA DFE EDJ KV AC MFKX FOJC PM NJ LAX UIMC NQAB UK AT ZR PH GAI MLP GAI KT NJ QASH JL QASH FTHX RJGA XSK OP NQAB;0;16;0xFFFF;0xFFFF;texto;no;;;;;;;;;;;;
H6;1473;XXVD IMP NJ KT SGT FTHX MPH ENJ DFE MFKX XSK XXVD LR EDJ QASH JMHU FD OP ENJ IMP MPH DJ OP OFU MFKX EF MPH XXVD AC RJGA GAI LY XM MNU KRKK LR FTHX XM DJ ACQ NJ BUG MLP IMP XSK PH FJX PM IHI DER XXVD DFE MIZ MAIP CQD MLP GAI OP NQAB OP AAWD OBUE ACQ;0;16;0xFFFF;0xFFFF;texto;no;;;;;;;;;;;;
H6;1474;QRW QASH NJ XSK XXVD AC AAWD ACLZ MFKX CYA IHI LY JL MLP BUG JL DJ ACQ CYA IHI IHI QRW FD DER LR OBUE EF CR OP TCRK OP IMP AT ZR CR CR RJGA JL AAWD ZKX EDJ AQ MLP FD DER XM AC DJ FD ENJ OFU QRW XXVD OP ZR DJ IMP PH CYA IHI AQ QASH CYA QRW MLP;0;16;0xFFFF;0xFFFF;texto;no;;;;;;;;;;;;
H6;1475;EF LY KRKK DJ AAWD FTHX SGT EF CR KRKK REUX ENJ QWW KT JL PH QASH ZR REUX QASH NJ XXVD FTHX EF CYA ACLZ RJGA CR XM FOJC LY QRW IMP MNU ENJ OFU AT MFKX ACQ ZKX NQAB SY AT JMHU KT NJ ACLZ OBUE QASH CH LAX KT LY KV ZR AT CH UIMC AC XXVD QRW SY ACLZ;0;16;0xFFFF;0xFFFF;texto;no;;;;;;;;;;;;
H6;1476;FD SY ZR KRKK KT FJX ACLZ FTHX DFE FOJC JL XSK PH CYA IMP EDJ AQ XSK AT MIZ MAIP LY LR FJX OBUE DER DJ QWW FJX MNU ACLZ DJ MNU MPH TCRK NQAB JMHU QWW DFE QASH KV SY UK JMHU ACLZ AAWD RJGA AC AT ACQ MFKX AAWD AQ MLP ENJ UIMC QWW MNU DER REUX CYA;0;16;0xFFFF;0xFFFF;texto;no;;;;;;;;;;;;
H6;1477;ENJ BUG SY EDJ ENJ XSK PH IMP AC CYA ZKX MLP AAWD CH EDJ PH FOJC TCRK IMP XM FOJC PH REUX IMP SGT LY MIZ EDJ MLP EF PH DER AQ PM QRW SGT HMIC ACQ MLP REUX NQAB ENJ DER ZKX TCRK HMIC LAX EF JMHU LR MPH OFU AAWD ACLZ KT LAX OFU OBUE XSK AT KT AC KT FTHX NJ;0;16;0xFFFF;0xFFFF;texto;no;;;;;;;;;;;;
H6;1478;DFE BUG DJ MPH AT CH AC NJ FTHX QRW FOJC HMIC REUX ACQ KV SY NJ FD MNU EDJ MFKX OP ZKX REUX SY AQ ZKX QWW JMHU BUG MIZ ACQ MIZ RJGA NJ XSK KRKK MAIP QWW MAIP OFU MLP ACLZ MLP ENJ AT ACLZ LAX XSK DJ LAX KV BUG SY HMIC FD QRW UK PM MAIP KT CQD;0;16;0xFFFF;0xFFFF;texto;no;;;;;;;;;;;;
H6;1479;TCRK MIZ JMHU FOJC KT QWW ZR PH MPH MLP PM CR TCRK ZR KT GAI ZR XM FTHX RJGA XM GAI NQAB CH EF QWW REUX LY MIZ ZR REUX FD LY AT MIZ PM PM DJ IHI KT EF AQ EF ENJ LR UIMC ENJ EF XM ACLZ OBUE BUG MAIP IMP PM CQD UK QRW MNU MPH TCRK UK BUG JL CQD;0;16;0xFFFF;0xFFFF;texto;no;;;;;;;;;;;;
H6;1480;FTHX HMIC MPH XSK CH RJGA OFU SGT QWW UIMC XM OFU DFE DJ GAI ZKX XSK QASH DFE MAIP XM AT CYA QASH LAX DFE XM CYA QASH KT ZR IHI UIMC KV ACLZ CYA DJ SY ACQ XM CR HMIC CH PH AT XSK ACLZ UK JMHU OBUE KT OP HMIC OBUE BUG HMIC UIMC MLP CQD RJGA EDJ JMHU FD;0;16;0xFFFF;0xFFFF;texto;no;;;;;;;;;;;;
H6;1481;SY SGT ZR DER AT MAIP AQ AC CYA FJX RJGA OFU ZR FOJC BUG MIZ QASH ZKX REUX OFU ACQ OBUE OFU QASH FD EF JL DJ DJ BUG DJ RJGA PM DJ JMHU QASH MPH FD AQ FD LAX AT QASH MFKX OFU MPH XM AQ IHI OP MLP EF MNU CYA RJGA CR MNU KV DER PH EF MLP XSK LY CH;0;16;0xFFFF;0xFFFF;texto;no;;;;;;;;;;;;
H6;1482;MNU KRKK LY CQD XM UK BUG JMHU KRKK MPH QRW XM EDJ AT EF MLP NQAB BUG FJX ZR XSK MLP ENJ CH MLP GAI ZR AT LY SGT OBUE AT IMP LR RJGA GAI DJ CH LY IMP MNU EDJ DFE ZR OFU DFE MNU QRW NQAB REUX DFE MNU ACLZ XXVD UK HMIC NQAB LY HMIC FOJC NJ;0;16;0xFFFF;0xFFFF;texto;no;;;;;;;;;;;;
H6;1483;SGT ACLZ AAWD PH DJ KT DFE NJ PM ZKX EDJ IHI AQ QWW EF UIMC IHI UIMC KV EF UK ACLZ GAI AT KV OBUE MNU FTHX QWW FOJC QWW MNU XM OFU DJ NJ MPH LR DJ RJGA KV NQAB LAX CH FJX ENJ XM FJX CH BUG KRKK CQD PM MAIP EF MPH AT ACQ JMHU SGT PM XM CQD ACQ XM;0;16;0xFFFF;0xFFFF;texto;no;;;;;;;;;;;;
H6;1484;KRKK XSK FTHX JMHU FD NJ LY XSK EDJ MAIP NQAB QASH QRW AC MIZ IMP MNU NJ JL QRW DJ OFU DER AAWD NQAB DFE LR MLP CQD FTHX EDJ DFE QRW DFE BUG OFU XSK IHI NJ OBUE SGT DER ZKX JMHU UK ACLZ GAI BUG BUG XXVD FOJC KRKK DFE KRKK ENJ LR OP RJGA RJGA OFU;0;16;0xFFFF;0xFFFF;texto;no;;;;;;;;;;;;
H6;1485;FJX XXVD LY SY QRW KT NQAB QWW JL XSK CH OBUE FOJC FJX DJ RJGA FD AT DJ PH SGT GAI JMHU AQ IMP MIZ TCRK PM OP ZR CH QWW CR AQ MAIP AC LR LY XXVD CYA FJX QWW KRKK OFU AQ KV LAX PM MNU LY FOJC BUG XSK DER DFE BUG UIMC AQ DER AT PM SY ENJ AC IMP;0;16;0xFFFF;0xFFFF;texto;no;;;;;;;;;;;;
H6;1486;CQD PH REUX CH MIZ SGT MFKX ACQ KRKK XSK UK MLP SY GAI ACQ JMHU MPH XXVD AC GAI XM KRKK MAIP GAI FOJC NJ CR FTHX JMHU NJ CYA IHI GAI IHI HMIC QRW LR NQAB FJX ACLZ MNU XSK OP MAIP KT LY CH HMIC MFKX RJGA ENJ OFU CQD PH CYA FTHX ZKX LY DER MNU NJ AAWD CR;0;16;0xFFFF;0xFFFF;texto;no;;;;;;;;;;;;
H6;1487;EDJ UK TCRK LR OP UIMC DJ AT XSK CYA OBUE OFU LY XM LY ACLZ RJGA KRKK FJX AT BUG AQ XXVD CR ACLZ IHI OP AQ GAI MIZ FOJC OBUE SGT QWW AQ FD MFKX OP DJ OBUE FD IMP FOJC XSK QRW ACLZ MLP XM SY PM FOJC EDJ HMIC JMHU DFE ENJ ZR MPH NJ RJGA MFKX MLP;0;16;0xFFFF;0xFFFF;texto;no;;;;;;;;;;;;
H6;1488;CYA ZKX UK IHI UK AT XM MLP AC QASH IMP KT QWW MNU AC OP EDJ EF QASH QASH QWW ACLZ XXVD KT LR REUX LAX JL ZKX ACQ UK CYA NJ PM CR QWW XXVD QWW JL REUX EF XXVD JMHU HMIC FOJC JMHU ACLZ REUX MPH BUG TCRK ACQ MFKX LAX FOJC XXVD OBUE MNU XSK PH MLP UIMC;0;16;0xFFFF;0xFFFF;texto;no;;;;;;;;;;;;
H6;1489;JL KT KRKK AC PM CQD DER REUX FTHX FOJC FD IMP FJX HMIC ACQ EF SY DFE ENJ QRW CR UIMC ZR DFE ACLZ JMHU QRW ACLZ LY NQAB ENJ SGT JMHU KRKK UIMC FJX ENJ XXVD ACQ QWW PM ENJ XSK AT FD ZR MIZ XM LAX UK ENJ AC UIMC GAI LAX QWW MIZ MAIP ZKX ACQ SGT OFU;0;16;0xFFFF;0xFFFF;texto;no;;;;;;;;;;;;
H6;1490;AQ KT SGT LY MFKX CH LY FTHX AC OP FTHX MIZ OFU MNU UIMC XSK AAWD QRW XSK FJX EF DJ IMP HMIC LY LAX RJGA REUX ENJ ENJ ZR EF QWW XXVD PM QRW TCRK KRKK JMHU MPH BUG IMP ZKX LAX GAI MAIP LR NJ QRW UIMC CYA TCRK MFKX MFKX PM MLP EF ENJ FD MAIP CQD MNU;0;16;0xFFFF;0xFFFF;texto;no;;;;;;;;;;;;
H6;1491;NQAB HMIC NQAB RJGA LR HMIC XSK IHI CQD LY DER ZKX PH KT QWW DJ QASH HMIC GAI MAIP MPH MIZ MNU DER XXVD IMP OFU PH AT FTHX CH JMHU OFU MAIP ZR LAX ACQ JL DFE JMHU MFKX ZR UIMC UIMC MPH DJ JMHU MNU CQD ACLZ TCRK NJ ACQ OBUE DFE OBUE UK MNU ACQ AQ JL;0;16;0xFFFF;0xFFFF;texto;no;;;;;;;;;;;;
H6;1492;SGT DJ CR TCRK SGT QWW CQD JMHU OBUE NJ LR LAX EDJ KV NJ MNU TCRK UK REUX REUX MAIP FD FD CQD LAX ACQ OFU OBUE MPH KRKK ACQ KRKK UIMC FD DJ XM MNU OFU JMHU MFKX REUX OFU UK QWW AC KRKK FTHX IHI QWW MFKX REUX XM EDJ NJ DER NQAB XM LR FD UK MFKX;0;16;0xFFFF;0xFFFF;texto;no;;;;;;;;;;;;
H6;1493;AC CH LAX KT ENJ CR MFKX ENJ LR ENJ UK MIZ DER FTHX FTHX EDJ PH MIZ TCRK JMHU AT QRW AT DJ AT LY CYA REUX IHI AAWD MPH MLP FD FD QRW OFU CYA MAIP FTHX FJX NJ CR EF MIZ IHI OP ACQ BUG MFKX XXVD LAX RJGA AT MNU KV FD ZR BUG CYA AT MNU MFKX MFKX AC FOJC;0;16;0xFFFF;0xFFFF;texto;no;;;;;;;;;;;;
H6;1494;SGT MAIP MNU QWW CYA DFE QRW ACQ ACQ UIMC CYA MLP FJX RJGA FJX JMHU JMHU CQD FD DER HMIC XXVD MLP SY SY CR ZKX REUX QRW KT CH PH JL HMIC QASH FD FJX ENJ BUG MPH BUG AAWD IMP OP XM QWW LAX QRW TCRK SY OP CR TCRK OP CYA MFKX JL CQD XM QASH QRW BUG CR;0;16;0xFFFF;0xFFFF;texto;no;;;;;;;;;;;;
H6;1495;XM XXVD NQAB ACLZ DFE MPH NJ KRKK XXVD XM MNU MLP FJX ENJ JL PH ENJ MIZ MPH AT TCRK PM MFKX ACQ CQD ACLZ FD MFKX CYA XSK DER NQAB SY FTHX ACLZ CQD UIMC MNU FOJC KRKK CR XXVD FTHX KRKK CYA CR QASH CR LAX RJGA AT KT RJGA MFKX GAI XSK MNU CQD IMP;0;16;0xFFFF;0xFFFF;texto;no;;;;;;;;;;;;
H6;1496;KV XSK MPH JL LR AQ IMP TCRK RJGA MAIP KT OFU LR MPH ACQ PM IMP FD MLP SY CR LR AC NQAB HMIC MIZ KV KV KRKK QWW CR CYA BUG FJX QWW JL EF UIMC PH TCRK QRW CH FJX AT HMIC NQAB PH REUX OP NJ MAIP CQD DJ BUG JMHU DFE ZR KT CH NQAB JMHU LR CYA ACLZ ZR;0;16;0xFFFF;0xFFFF;texto;no;;;;;;;;;;;;
H6;1497;EDJ FD MIZ MIZ LAX OP MAIP TCRK OBUE HMIC OP DJ FOJC ACLZ JL FOJC EDJ OFU ZKX UIMC OP FD QASH AC IHI XM JMHU MPH REUX ZKX ZKX ZKX RJGA OFU FOJC HMIC EDJ AQ HMIC CR MAIP OBUE FD UIMC QWW CQD NJ CH NQAB XM OP PM SY MAIP MLP GAI MIZ PM MNU BUG AAWD;0;16;0xFFFF;0xFFFF;texto;no;;;;;;;;;;;;
H6;1498;QRW JMHU JMHU QRW REUX ZKX IMP JL LAX DER IMP FD SY AAWD MAIP FJX QWW EDJ RJGA IMP QWW LAX KRKK AAWD TCRK MLP ZKX REUX IMP CR CR RJGA NQAB XXVD CQD AT ACQ FOJC AAWD FJX IHI PM XXVD MNU FOJC AQ CYA UK HMIC ENJ UIMC NQAB SY CR KV LAX FTHX RJGA;0;16;0xFFFF;0xFFFF;texto;no;;;;;;;;;;;;
H6;1499;DER DFE REUX NQAB XM JL FTHX IHI CH RJGA CYA CYA CYA IMP FD ZR MPH OP PM LR KRKK OFU KV ENJ OP UIMC ENJ CH FTHX MAIP EDJ ENJ IHI NQAB REUX XXVD SY IMP DFE KRKK KRKK KRKK EF BUG NJ ACQ AAWD ZR MIZ CH MFKX MIZ IHI OP DER AT NJ LAX MNU TCRK OFU BUG;0;16;0xFFFF;0xFFFF;texto;no;;;;;;;;;;;;
H6;1500;DJ EDJ CQD AT UK KRKK NJ CQD HMIC TCRK MPH CH ZKX QWW MAIP CYA DER XSK XSK UIMC MLP PH XXVD LAX CR FJX MPH OBUE BUG PH NJ DER CH CR KT FOJC FTHX JMHU OP FOJC XSK MNU NJ KRKK JL SGT CH OP FOJC ACLZ QRW AAWD HMIC CYA KV IMP KRKK MAIP MLP DER UK PH OP;0;16;0xFFFF;0xFFFF;texto;no;;;;;;;;;;;;
H6;1501;LAX JMHU QASH ACQ OFU LR PH REUX PH FJX NQAB ZR REUX UK JMHU PM XSK OBUE JMHU FOJC EDJ ACQ ZR DFE OP MNU MNU MFKX UIMC REUX REUX MFKX OP LY NQAB LR LY KV MPH AAWD AC MNU XSK ZKX ZR REUX MPH EDJ DJ BUG AQ EF OFU LAX OFU EF RJGA REUX CR SGT AAWD BUG;0;16;0xFFFF;0xFFFF;texto;no;;;;;;;;;;;;
H6;1502;KV MLP DFE PH LY PH BUG PM MAIP MNU PH ZR IMP FTHX KRKK FD CYA FD KT SGT REUX KV MFKX CH EDJ KRKK XXVD RJGA MIZ PM ACLZ OFU HMIC QRW CQD MFKX GAI FOJC FJX MIZ CYA ZR XSK MIZ DER UK FJX MFKX JMHU CH QASH LY ZR OP SY GAI QWW FD KV HMIC DER DJ LAX;0;16;0xFFFF;0xFFFF;texto;no;;;;;;;;;;;;
H6;1503;UK TCRK TCRK NJ PM JL RJGA PH SGT ZKX QRW FTHX SY IHI CR UK CQD XXVD KT XXVD ZR UIMC MPH FD MNU ZKX OP UK NJ QRW JL MIZ IMP NJ KRKK XSK FD QRW MPH MPH OFU FTHX RJGA MIZ PH QRW ACLZ JMHU AT AT CH FOJC MIZ QWW OP EDJ LR MNU NQAB TCRK EDJ FOJC REUX LAX;0;16;0xFFFF;0xFFFF;texto;no;;;;;;;;;;;;
H6;1504;AQ NJ LR IHI ZR SY CH FJX OBUE TCRK MPH FJX XM BUG MLP QWW AT PM DFE FOJC BUG NQAB EF DJ OP LAX CR TCRK REUX FD XSK UIMC CYA RJGA QASH AAWD MIZ XM XM DER XXVD MFKX SGT BUG AT AT PH EDJ IMP ACQ KT NQAB EF UIMC BUG PM LR OP EDJ BUG CYA CYA LR FJX;0;16;0xFFFF;0xFFFF;texto;no;;;;;;;;;;;;
H6;1505;SY REUX IMP CH CQD MNU SGT JL MNU XSK LR CH ZKX MLP FOJC FTHX QASH KRKK LAX AT MNU UIMC MLP CH XM KRKK FD QASH AC FD QWW AQ CH CH MLP AQ DJ ENJ MFKX DER QRW MPH AAWD CQD MNU XM CYA ZKX JMHU CYA GAI CH AT OFU GAI ZR HMIC AAWD LAX XSK CR XM BUG;0;16;0xFFFF;0xFFFF;texto;no;;;;;;;;;;;;
H6;1506;OBUE MLP MPH TCRK MLP ACQ JL REUX FOJC OP CYA DFE FOJC CH MIZ FD DFE JMHU HMIC EF MPH JMHU DER REUX PM PH DJ XM CQD OP LAX DFE ZR RJGA DFE AQ EDJ REUX SY FD FOJC FD MPH MIZ KT PH DFE XXVD JMHU MLP MFKX FOJC RJGA QRW FD MFKX FJX KV MFKX CH AC IHI PH;0;16;0xFFFF;0xFFFF;texto;no;;;;;;;;;;;;
H6;1507;AC PM FTHX FD MAIP GAI SY MPH NQAB QASH REUX NJ ZR XSK EDJ QASH EDJ KV XM TCRK AAWD QRW TCRK AQ SGT CQD QWW AAWD MPH SY ACQ ENJ LY HMIC NQAB EF NJ QRW FJX MAIP ZKX XM XM CH DJ SY KRKK JL DJ JMHU JL JL QASH PM HMIC JMHU NQAB MPH AQ NQAB AAWD ACLZ;0;16;0xFFFF;0xFFFF;texto;no;;;;;;;;;;;;
H6;1508;XXVD PM QWW QASH GAI QWW ENJ FJX AC MAIP NJ LAX KT MLP AC OP TCRK MFKX MPH EDJ MNU FOJC CYA KT PM LAX REUX IHI DFE ZKX HMIC RJGA JL FTHX KV QASH GAI MLP MFKX UK OBUE RJGA UK XSK ENJ ZR TCRK PH IMP MIZ GAI OFU CQD OBUE QASH JL CQD PH JMHU SY QRW;0;16;0xFFFF;0xFFFF;texto;no;;;;;;;;;;;;
H6;1509;FJX AQ ACQ MLP NJ TCRK OP MIZ MFKX EDJ OFU OP TCRK MLP QRW CR EDJ PM MPH CYA ZKX AQ OP OFU BUG TCRK OBUE EF IMP EDJ HMIC AC QASH PH XSK OP XXVD FD ACQ MPH MLP RJGA ACLZ NJ JL ZKX LY CR RJGA UK NJ BUG MNU GAI ACLZ CR JMHU OBUE FD XM NQAB IHI OP LR;0;16;0xFFFF;0xFFFF;texto;no;;;;;;;;;;;;
H6;1510;KT ENJ CQD GAI CYA QASH ACLZ HMIC FOJC MPH FJX MPH MIZ REUX BUG RJGA QASH PM CYA CYA HMIC XM FTHX AAWD ZKX AAWD QASH QWW EF DER LY AAWD FTHX SY ZKX EDJ OBUE NQAB NQAB FJX JL GAI LY FOJC CQD FJX AT AAWD DFE FD IMP ACLZ REUX UK CQD MIZ JMHU AQ XM NJ OP DFE;0;16;0xFFFF;0xFFFF;texto;no;;;;;;;;;;;;
H6;1511;KRKK AT UK DER AT LAX EDJ GAI JL CR UK IHI XXVD AT SY CH ACLZ MAIP XM XSK CH EDJ FD CYA ACQ UIMC AQ MLP LAX ZR UIMC EDJ RJGA CH RJGA MAIP AT ACLZ EF GAI QASH KT AQ KRKK SY XSK DJ XM AC AQ DFE QASH IMP HMIC TCRK EDJ EDJ ACLZ XSK ZKX OP;0;16;0xFFFF;0xFFFF;texto;no;;;;;;;;;;;;
H6;1512;HMIC LY IHI CH MPH EDJ ACQ PH UIMC CYA QRW UIMC XXVD KV OFU KT MFKX UIMC OBUE KT GAI EDJ CYA SGT IHI KT LAX DER ACLZ FJX ENJ RJGA DER FOJC FD UK UK ACLZ LR OP AAWD FTHX MLP ZKX ZR GAI IMP MNU EDJ QASH NQAB SGT QASH LAX ACLZ SY OFU SGT CYA LR;0;16;0xFFFF;0xFFFF;texto;no;;;;;;;;;;;;
H6;1513;PH CR EF IHI UK UIMC UIMC MNU DFE OBUE RJGA CYA TCRK ACQ ACLZ IMP FJX KRKK AC ZR QASH UK IMP GAI EDJ TCRK QASH KT ZR OFU OFU MPH CR ACLZ EF LR XXVD CQD FTHX SY IHI IHI ENJ OP JL PH BUG LR XXVD KT FJX CQD CQD DJ AQ OFU QASH FTHX BUG XXVD KV KT;0;16;0xFFFF;0xFFFF;texto;no;;;;;;;;;;;;
H6;1514;DJ FTHX CH DJ DFE OBUE RJGA MIZ SGT CR AAWD SGT EDJ IHI XXVD NQAB QWW ZKX QWW XXVD GAI QASH NQAB BUG MNU KRKK OBUE DFE GAI RJGA RJGA FJX OBUE MAIP JL QWW REUX XM SY XXVD MAIP FTHX QASH MNU MNU FJX ACQ IHI DER UK UK EDJ DER LR FD OBUE DJ TCRK XSK;0;16;0xFFFF;0xFFFF;texto;no;;;;;;;;;;;;
H6;1515;QASH AAWD QRW CH MAIP IMP DFE NJ AQ CR OFU ACQ OP OP IHI LAX XXVD BUG IHI KV FJX FOJC QASH QRW NQAB CH LR OFU GAI AC UIMC QWW UIMC PH UIMC MPH FOJC REUX EDJ JL QRW CR PH JMHU RJGA OP CH LR ZKX XM DFE ZR GAI UK MFKX OFU FD EDJ AT CH NQAB DER IMP SY;0;16;0xFFFF;0xFFFF;texto;no;;;;;;;;;;;;
H6;1516;AT OBUE FJX OP AC NJ SGT FJX LAX FTHX SY NQAB LAX NJ BUG AC PM MPH DFE AT UIMC AQ AAWD MAIP MPH JL CH FJX SGT OP GAI FTHX XM LR QRW FTHX REUX DER TCRK QASH NJ OFU AT AQ CH LR OFU SY RJGA MNU AQ UK CH JL HMIC REUX EF ACQ DFE KRKK ACLZ QWW DER LR FOJC;0;16;0xFFFF;0xFFFF;texto;no;;;;;;;;;;;;
H6;1517;HMIC RJGA SY AC XXVD UK ACQ AQ AQ AC SGT BUG SGT QWW MPH DER OFU RJGA QRW FD OP MLP XM RJGA GAI LR AT JMHU LAX LY ZR QWW OFU PM MFKX XXVD ZKX QWW HMIC AT AAWD OP QWW QRW RJGA CQD LR MNU ENJ NJ PH MLP ZR AT QASH QASH DER MIZ BUG OFU UIMC MFKX NJ OP GAI;0;16;0xFFFF;0xFFFF;texto;no;;;;;;;;;;;;
H6;1518;QWW TCRK ZR JMHU ACQ LR JMHU ACQ TCRK BUG FJX MPH NJ XM XXVD EF RJGA CQD QASH IHI FOJC IMP MFKX BUG CR RJGA FTHX PM BUG CR CQD TCRK XM CQD PH AC XXVD ENJ AAWD GAI KV RJGA QRW MAIP DJ BUG AC XSK PH MPH HMIC DER SGT NQAB FJX QWW QRW AAWD LAX CR DER;0;16;0xFFFF;0xFFFF;texto;no;;;;;;;;;;;;
H6;1519;XM IHI FOJC FOJC HMIC ACQ KT UIMC FOJC MPH MLP SGT OP XSK DJ FJX REUX AQ MNU XXVD DER HMIC HMIC CR TCRK SY LR XXVD MFKX ZR EF QASH UIMC QRW DER CH UIMC LY RJGA RJGA IMP FTHX AC MNU SGT OP LAX KT SGT SGT IHI AAWD PH UIMC MFKX EF ACLZ MNU MAIP EDJ LR IMP;0;16;0xFFFF;0xFFFF;texto;no;;;;;;;;;;;;
H6;1520;NQAB XSK FOJC NJ NQAB REUX CYA OBUE KRKK NQAB CH TCRK CH CQD NQAB PM KV XM GAI DER OP TCRK XM FD AC TCRK IHI EF KV UIMC MFKX RJGA FOJC XXVD ZKX KV DER LR TCRK QASH JL PH SY OFU GAI ACQ IHI ACLZ DJ FJX CQD REUX CR ZKX LY LR DJ PH SGT QRW QWW RJGA;0;16;0xFFFF;0xFFFF;texto;no;;;;;;;;;;;;
H6;1521;FOJC CH AAWD IMP ZR OFU REUX BUG LR DER ZR EDJ LR SY MAIP TCRK IMP UIMC GAI CH EF AAWD OFU MNU PH ACLZ SY KRKK EF NJ ACQ SGT DFE QASH AQ FJX IHI FOJC MPH LR CH LY MNU UK QWW PH MLP LR XSK QASH SY UK MPH ACQ BUG PH ZKX AC BUG MIZ UIMC XM XSK SGT ENJ;0;16;0xFFFF;0xFFFF;texto;no;;;;;;;;;;;;
H6;1522;KRKK XM ZKX GAI OFU BUG UIMC BUG FD MNU ZR OP LY MPH PM MNU XSK SY DJ FTHX LR CH IHI QASH ZR XSK MNU QRW UK MAIP FTHX FD TCRK MIZ EDJ XM FOJC CYA KV KRKK NQAB QWW SGT QASH DFE ZR LY QASH MNU RJGA UK XXVD CYA SY DER ZKX QRW EDJ AT NJ TCRK FOJC ZR BUG MIZ;0;16;0xFFFF;0xFFFF;texto;no;;;;;;;;;;;;
H6;1523;MIZ FJX MNU AC JL ZR BUG ENJ TCRK UIMC CQD MNU MNU MPH DER MAIP NJ DER AAWD IMP NJ AAWD ENJ QWW KT QRW MNU MLP CH XSK CH LR RJGA FOJC LR KRKK NQAB FJX FD IHI UIMC OFU OP JL JL MAIP FJX OFU UIMC QASH JMHU KRKK QASH QRW MAIP OFU FTHX IHI FTHX;0;16;0xFFFF;0xFFFF;texto;no;;;;;;;;;;;;
H6;1524;LR AAWD XXVD LAX ZKX XXVD OP MNU AT FD MPH NJ XM SY KT NJ SGT RJGA MAIP AAWD EDJ TCRK KRKK QWW OP OFU MNU BUG LR SGT MAIP IMP MLP JMHU HMIC ACQ EDJ GAI MIZ QWW AQ UK AQ OFU OBUE AC MFKX AQ FOJC DER PH SGT KT NQAB FOJC ZR GAI KV XXVD QASH ZR UK KV;0;16;0xFFFF;0xFFFF;texto;no;;;;;;;;;;;;
H6;1525;LY CYA UIMC KRKK BUG NJ MNU FOJC FJX MPH ENJ AT DJ DER DER PM AC QRW ZKX ZR QASH FOJC LAX LAX LY CQD MIZ FD KV XXVD IMP KT CYA PH NJ KT MLP UIMC SY MNU TCRK NJ AC QWW ACLZ CQD JMHU JMHU UK SY UIMC IHI FJX AC XXVD KT DER BUG UIMC XXVD FJX AT RJGA QRW;0;16;0xFFFF;0xFFFF;texto;no;;;;;;;;;;;;
H6;1526;AQ TCRK NJ AC UIMC RJGA QRW LR CQD JMHU ACLZ MNU MAIP FD XSK DFE LAX OBUE CYA ENJ IMP AAWD XXVD QASH OP QWW IMP TCRK BUG FTHX CH UIMC IHI FJX ACLZ FOJC QWW QRW GAI LY HMIC UK AC UK MPH UK NJ DFE JL FD OBUE PM AAWD XM UK ACQ CR AAWD DFE CH LY;0;16;0xFFFF;0xFFFF;texto;no;;;;;;;;;;;;
H6;1527;MAIP OBUE IMP REUX FJX BUG RJGA MLP MFKX MLP EDJ FTHX DER EDJ OBUE XXVD EDJ BUG JL RJGA XXVD DJ QWW PM CYA XSK AC AT FTHX ACQ FTHX FD QRW REUX QRW OFU FTHX AC MPH FOJC MIZ DFE OFU DJ REUX CR NJ DJ KT XM RJGA KV OBUE IMP UIMC UK ACQ JMHU AQ OBUE DJ;0;16;0xFFFF;0xFFFF;texto;no;;;;;;;;;;;;
H6;1528;KV FJX UIMC MAIP QASH NJ QASH FD FTHX ACQ GAI AT SGT KRKK PH SGT ACQ MFKX DFE NQAB NJ TCRK ACLZ QWW IHI OBUE IHI FOJC LR ENJ BUG FTHX MPH AQ FOJC PM EF KT DFE DER MNU CYA CR IMP ACQ OBUE GAI DFE ENJ HMIC ZKX GAI FTHX ZKX MLP RJGA AT IMP SGT ZR MIZ MNU;0;16;0xFFFF;0xFFFF;texto;no;;;;;;;;;;;;
H6;1529;KT NQAB UK TCRK OBUE REUX KRKK BUG FTHX UIMC DJ ZKX AC OP CH TCRK SY ENJ KRKK CYA ACLZ UIMC ACQ FJX ENJ CR MLP ZR DER QASH BUG XXVD QRW SGT OFU KT EF QWW UIMC NJ FTHX JMHU DFE SGT QASH QASH EF MPH UIMC KT IHI MNU LAX KT DFE PM AAWD ACLZ EF AT;0;16;0xFFFF;0xFFFF;texto;no;;;;;;;;;;;;
H6;1530;OBUE FJX DER FJX GAI UIMC TCRK RJGA PM FJX ZKX AC PH LY FTHX QASH OBUE QRW CYA AC ACLZ ACQ DJ MNU LAX AQ OFU OP ENJ HMIC AAWD ZR IHI EDJ FTHX ENJ LR TCRK KT PH NQAB EF LAX MFKX ACQ REUX PH LAX QRW KT NQAB PM TCRK CH BUG REUX MIZ MLP REUX IMP;0;16;0xFFFF;0xFFFF;texto;no;;;;;;;;;;;;
H6;1531;LAX CR NJ FOJC OBUE LR IHI DFE AAWD ZR BUG MNU UIMC MPH XSK ACLZ NQAB GAI ENJ OP CQD ENJ FD NQAB AT LAX ZKX GAI AT CR CH TCRK IMP IHI MLP MNU OFU DJ GAI IMP REUX MPH DER OBUE CH JL EF ZR XXVD LAX SGT OP FTHX OP XSK SY MPH AAWD FTHX RJGA KT EDJ AAWD;0;16;0xFFFF;0xFFFF;texto;no;;;;;;;;;;;;
H6;1532;IMP KV REUX ZR FOJC JL MFKX MLP CYA MLP BUG XXVD UK IMP REUX OBUE CR MNU AC IMP MPH FOJC JL ENJ MLP ACQ LY MPH JMHU QWW FOJC KRKK CH EDJ ACLZ JL QASH TCRK MIZ CQD ACLZ LR CR CYA CQD MIZ REUX MLP ZR AC FD NQAB EDJ XM EF XSK XSK SY KT KT IMP EF CQD UK;0;16;0xFFFF;0xFFFF;texto;no;;;;;;;;;;;;
H6;1533;RJGA IHI DJ OP IHI DER REUX OFU XM DFE MPH MIZ CR LAX JMHU DER REUX PM MAIP MIZ CQD SGT FTHX AAWD OFU MLP OBUE MLP XXVD QRW KRKK ACLZ ZR DJ SGT GAI AT QASH LAX NQAB SGT FJX MFKX DER SY CR DER XSK GAI AT ACQ SGT XXVD TCRK AAWD KRKK DJ UIMC CH;0;16;0xFFFF;0xFFFF;texto;no;;;;;;;;;;;;
H6;1534;EDJ PM QRW ZKX FJX EF AQ LR PM OFU AAWD EDJ QWW ACLZ MIZ CYA XSK MNU LR CQD MAIP REUX QWW MIZ MPH TCRK FD PM NJ RJGA CYA MPH BUG QASH CYA QWW JL IMP QASH GAI RJGA MFKX LY FOJC QASH FOJC BUG EF LAX KT OFU OBUE PM EDJ FJX CYA FJX MNU MLP ACQ DJ AC;0;16;0xFFFF;0xFFFF;texto;no;;;;;;;;;;;;
H6;1535;KRKK RJGA LAX GAI MPH EF QASH JMHU FOJC GAI LR SY LAX XM DJ ZKX REUX MFKX CYA CQD CQD RJGA UK AAWD OP XM GAI CYA JMHU GAI NQAB SGT DFE KRKK QRW JMHU LR ACQ FD CR ZR AAWD KT DFE HMIC AAWD XSK LY CR CQD GAI AC UIMC LAX PH LAX HMIC GAI QRW LR XXVD;0;16;0xFFFF;0xFFFF;texto;no;;;;;;;;;;;;
H6;1536;PH MLP PM OBUE CH HMIC CR EDJ OBUE QRW ZR JMHU ACQ MLP MAIP FOJC CYA DJ UK REUX DER MPH CR OFU EDJ LR BUG JMHU ZKX MAIP DER MAIP TCRK QRW LAX REUX ZR LY MNU PH GAI OFU DFE ZKX ENJ OBUE SY UIMC CR MPH OP XXVD MLP AQ LR PM DER QASH TCRK NJ;0;16;0xFFFF;0xFFFF;texto;no;;;;;;;;;;;;
H6;1537;NQAB RJGA HMIC XXVD RJGA PM SY KV XSK AT CYA HMIC CH KRKK NQAB MPH FD MPH OFU BUG EDJ HMIC HMIC EF AAWD OBUE SGT IHI OFU TCRK OP ACQ MFKX MPH FD AT CR LY EDJ ENJ QWW LR MNU QWW LAX AT IHI JMHU XSK CR KT SY XM CH AC AC HMIC MAIP XM ZKX CYA AAWD DER;0;16;0xFFFF;0xFFFF;texto;no;;;;;;;;;;;;
H6;1538;EF ZR CR JMHU MIZ QASH SY EDJ ACQ AT FJX OP FD FOJC HMIC JL EF ZR UIMC OFU KT ZR KT MAIP QWW XM MPH LAX NJ NJ EDJ JL FOJC MNU MPH MPH DFE AC MPH MAIP DER KRKK QASH XM TCRK MNU QASH BUG CH JMHU PH ACLZ FD MPH ZR LY CQD NQAB DJ UIMC JMHU TCRK;0;16;0xFFFF;0xFFFF;texto;no;;;;;;;;;;;;
H6;1539;SY MAIP JL AQ DER ACQ DJ LR EDJ GAI MAIP FOJC PM MLP MAIP UK LAX KV MNU FOJC IHI PM DJ KRKK CH IMP QRW UK XXVD PM OP KT FOJC PH FJX XSK PH PM ZKX QWW UIMC PM CQD ZR JMHU TCRK QWW AQ CQD DFE QASH AQ MIZ CR QWW CYA UK REUX CH QASH MPH LR ENJ XXVD;0;16;0xFFFF;0xFFFF;texto;no;;;;;;;;;;;;
H6;1540;FOJC GAI ACQ GAI UK FTHX QRW JMHU DER EF ACLZ RJGA MIZ CQD LY JL DER RJGA CH PH DER KT MLP NJ AQ CYA ZKX KRKK AAWD FJX GAI ZR OFU SY LR XSK ZKX FOJC EF REUX CYA SY AQ CQD MFKX IHI ZR ACQ CYA MLP GAI TCRK DER FD HMIC EF ACLZ REUX OFU GAI PH UK NQAB;0;16;0xFFFF;0xFFFF;texto;no;;;;;;;;;;;;
H6;1541;DFE KT BUG REUX NQAB AT ENJ MLP ACLZ SY FJX JMHU ACQ XM FD UIMC JMHU RJGA JMHU LY UIMC RJGA EDJ KV XM CH AQ LY AT REUX LY AQ LAX LAX QASH MAIP UK AQ DJ MNU KT JMHU QWW EDJ AT XSK REUX PH ZR CQD CQD HMIC OP AQ RJGA FD QRW ZR MPH MFKX CH REUX;0;16;0xFFFF;0xFFFF;texto;no;;;;;;;;;;;;
H6;1542;MFKX TCRK IMP IMP ACLZ AC MAIP AAWD ACQ AAWD MNU AC OBUE DER XXVD MPH ENJ JMHU KT CR GAI KV FD XXVD AAWD XSK MLP LAX FTHX DFE KRKK DFE RJGA JMHU EDJ KRKK LR TCRK AQ DFE GAI PM FOJC LR MAIP AC OBUE JL ACQ SY NQAB UIMC FTHX FOJC NQAB MPH OBUE KT;0;16;0xFFFF;0xFFFF;texto;no;;;;;;;;;;;;
H6;1543;KT KV ZR CYA PH OP MNU QRW AAWD FOJC OP AT KRKK CYA KRKK QRW FTHX OFU ACLZ IHI LAX ACLZ REUX PH QASH PH JL EF BUG IMP ACLZ EF ACQ OBUE DER PM DFE CR ENJ RJGA BUG SGT FD DFE UIMC XM AC CR REUX JMHU IMP KRKK QASH LAX ACLZ EDJ MIZ ZKX HMIC CYA;0;16;0xFFFF;0xFFFF;texto;no;;;;;;;;;;;;
H6;1544;MIZ CQD FOJC AT CYA PH PM QRW XM OBUE UIMC MPH AT CYA JMHU FJX HMIC MLP EDJ GAI IHI JMHU PM JMHU UIMC FJX MNU KV REUX MLP FTHX TCRK DJ KRKK DFE UK IHI MPH XM CH OBUE FJX PH UK ZKX DJ KT CYA QRW CQD IHI ENJ NJ OP HMIC QWW AT FOJC CQD BUG QRW HMIC PH AC;0;16;0xFFFF;0xFFFF;texto;no;;;;;;;;;;;;
H6;1545;MLP CYA KT FOJC QASH REUX IHI FOJC XSK AAWD MIZ ACQ FJX CYA CH HMIC CR HMIC SY CQD REUX UIMC TCRK KT RJGA MLP FTHX ENJ EDJ UK MNU KT MAIP HMIC ZKX SY DER SGT FOJC ACLZ ENJ QWW FD XM DER FJX SY OFU DER LY FOJC IMP RJGA FD MFKX MIZ QWW ACLZ BUG FD ENJ;0;16;0xFFFF;0xFFFF;texto;no;;;;;;;;;;;;
H6;1546;SGT LAX MAIP PH KRKK ZR PM ZKX IHI FD MLP UIMC KV KT XXVD NJ KV DER NJ OBUE KRKK OP LY CH OFU NQAB XXVD JL ZKX FD NJ UIMC MPH ACQ CR NQAB OBUE MFKX EDJ REUX PH LY AQ KV REUX OBUE MPH IMP JL GAI OFU AT LR OFU OBUE FD CYA FOJC JMHU FD JMHU TCRK XXVD;0;16;0xFFFF;0xFFFF;texto;no;;;;;;;;;;;;
H6;1547;JMHU OBUE UK MNU DJ OFU JL FTHX ACLZ XSK KRKK JMHU IMP IMP MFKX RJGA ACLZ DFE CH ZKX KRKK PM LY JMHU PH CYA AAWD MAIP XSK OP ZR MLP UK QWW LR HMIC XSK KV JL ACLZ XSK DER AC KT BUG DJ RJGA DJ QRW FTHX MIZ SGT SY ZR CYA NQAB FTHX BUG CQD ACLZ;0;16;0xFFFF;0xFFFF;texto;no;;;;;;;;;;;;
H6;1548;FTHX IHI KT MNU AT CH CR QRW CQD ACLZ CYA AQ JL XXVD DER REUX FJX CQD XM MFKX XM CH NQAB SY CYA QASH KV FTHX CH AT FOJC OP KV OBUE CH DFE CQD AAWD OBUE LY QWW SY REUX FOJC ACQ QASH MFKX KV PH MPH JMHU AC KRKK JL EDJ DJ UK PH XXVD REUX KT MAIP KV EF CH;0;16;0xFFFF;0xFFFF;texto;no;;;;;;;;;;;;
H6;1549;PM CYA EDJ DFE MFKX QASH XSK RJGA FJX FOJC JMHU TCRK LAX OP MPH FTHX CR MNU AAWD XSK CH EF MNU CH KRKK GAI DJ MAIP DJ EF AAWD UIMC FOJC DJ FTHX XXVD AQ OFU OFU NJ ZKX XSK CQD CR FOJC PM NJ MFKX SY RJGA XSK BUG MNU KRKK CH EDJ MNU EF IMP KV MAIP;0;16;0xFFFF;0xFFFF;texto;no;;;;;;;;;;;;
H6;1550;JL ENJ QRW JL XM NJ DJ IHI SGT GAI QRW DER ACLZ FOJC IHI XSK FD QASH MPH PH XM EF IMP JMHU SGT OBUE MAIP EF TCRK TCRK RJGA NQAB FOJC KT IMP PM BUG FTHX DER CH FJX ZR EF EF CH CH GAI AT AQ LAX ZR ACQ AT KRKK BUG UK LAX ZKX AT RJGA ENJ AQ JMHU JL FOJC;0;16;0xFFFF;0xFFFF;texto;no;;;;;;;;;;;;
H6;1551;EDJ MAIP DJ AAWD UIMC XXVD NQAB FJX JMHU DFE AT ACLZ MLP RJGA IHI DER LR AQ GAI ACLZ MNU NQAB KV LY PH XXVD LR MPH AC QRW HMIC CH OFU XXVD KT MAIP AC DER CH AQ PM FD CQD MAIP ZKX UK EF KT PH FJX SGT KV QWW UK DJ KV XXVD ENJ CR PM LR DJ BUG OFU KT;0;16;0xFFFF;0xFFFF;texto;no;;;;;;;;;;;;
H6;1552;ENJ CH UIMC AC PH ZR IMP DJ KV OP HMIC FJX AC LAX LR FTHX BUG MFKX CH ENJ OP TCRK AT XXVD NQAB DFE NQAB JMHU NJ BUG QRW ACLZ UIMC PM FOJC UIMC MNU HMIC ACLZ MAIP LR LY UIMC FTHX OFU KT QRW XSK OP BUG BUG JMHU NQAB MFKX XM XXVD OBUE CH LR;0;16;0xFFFF;0xFFFF;texto;no;;;;;;;;;;;;
H6;1553;ZKX RJGA AC MPH REUX EDJ OFU FD KRKK SY QRW ACLZ AQ CYA ZR IHI QWW MAIP OBUE XXVD QWW ACLZ AT XXVD SGT QASH IMP PH LR IHI SY XM QASH CQD DFE IMP XXVD PH TCRK FTHX QRW ZR MFKX LY HMIC FTHX NQAB OBUE JL PM ACLZ FJX UIMC BUG LAX AQ KT IHI ZKX LR FTHX;0;16;0xFFFF;0xFFFF;texto;no;;;;;;;;;;;;
H6;1554;ENJ OP FOJC AC OFU DER XXVD BUG OBUE ACLZ NJ DFE FJX UK HMIC FJX CQD RJGA FJX XXVD JL AC KRKK AAWD ZKX MIZ DFE HMIC KV XSK IMP QRW FOJC AT SGT IMP QWW OBUE KV OBUE ACQ AC ACLZ CYA DER KRKK KV PH UK SGT LR XXVD AQ MAIP QWW IHI OFU RJGA MPH QWW KT EF LR SGT;0;16;0xFFFF;0xFFFF;texto;no;;;;;;;;;;;;
H6;1555;FD ENJ AC MAIP OBUE ENJ EDJ LR MNU GAI CYA LY FTHX KV EF TCRK QWW XM OBUE LY MFKX JL QWW AQ XXVD LY KRKK AAWD ACLZ XM RJGA CH KT MFKX DER FD XXVD AQ AAWD AC MFKX FD ZKX OP SGT PH FOJC MAIP TCRK EF REUX MPH BUG IHI LY OBUE DJ JMHU OP UK IHI;0;16;0xFFFF;0xFFFF;texto;no;;;;;;;;;;;;
H6;1556;XM IHI AQ NQAB AC KV MIZ XXVD DER HMIC IMP DER CH EF LR MAIP MLP UIMC XXVD CH LAX LAX XM LY UIMC QASH BUG JMHU QRW XXVD BUG OBUE AT MIZ IHI RJGA IMP RJGA ENJ OFU DFE KV NJ OFU KRKK SY EF DER CQD AQ CR AAWD AAWD CR SY DJ AQ OP MLP NJ QWW QRW MNU;0;16;0xFFFF;0xFFFF;texto;no;;;;;;;;;;;;
H6;1557;BUG HMIC KV LR MFKX MAIP CH EF JMHU MFKX UK FTHX AT FTHX QRW QWW PM NQAB PH LY DER ZR UK KT MAIP SGT MPH KRKK OFU MIZ EF CR PH MNU OFU MLP LY JMHU FTHX RJGA JL AAWD XSK AC XSK AQ QWW SY XXVD DFE MPH ENJ QWW QWW LR PH SY OBUE KV BUG XXVD EDJ EF AQ FOJC;0;16;0xFFFF;0xFFFF;texto;no;;;;;;;;;;;;
H6;1558;MPH ENJ REUX JMHU MIZ ZR REUX TCRK QASH FTHX FJX RJGA CYA JMHU JL MLP DJ MFKX ENJ FD AC XM FJX QWW IHI DJ MAIP MPH MIZ OBUE LR XXVD KV OP ENJ ENJ LR IHI FTHX BUG KRKK GAI ZKX UK LY HMIC REUX JL DFE FJX AT UIMC AAWD AT OBUE UIMC JL MFKX XM;0;16;0xFFFF;0xFFFF;texto;no;;;;;;;;;;;;
H6;1559;LR FJX UK XXVD RJGA LAX OFU IMP AAWD MNU KT OBUE REUX FJX AAWD PM JMHU PM EF CQD EDJ EDJ MIZ ENJ RJGA LY UIMC OBUE ENJ PM ACLZ FTHX GAI MPH DJ XM QWW JMHU UIMC MFKX IHI OFU QRW AAWD CQD SGT HMIC JL KV LY DER MAIP FD CYA MLP EDJ MIZ KT JL IMP SGT IMP;0;16;0xFFFF;0xFFFF;texto;no;;;;;;;;;;;;
H6;1560;JL QWW SGT AC CQD UIMC QWW UK NQAB MLP FJX HMIC ACQ PH QASH KRKK NQAB PM AAWD MPH CR FJX MLP MIZ GAI QRW CYA QASH XSK IMP ACLZ PM MAIP QRW ACLZ FOJC MAIP OFU CQD GAI MNU QWW HMIC FOJC FD SGT LAX PM ACQ ENJ DJ LAX LR SGT DFE AAWD XSK XM UK KV CQD XSK;0;16;0xFFFF;0xFFFF;texto;no;;;;;;;;;;;;
H6;1561;MPH XXVD ACQ JL ACLZ SGT MIZ IMP QASH MIZ IMP CR MIZ MFKX FD RJGA AT QWW AAWD JMHU MNU BUG TCRK HMIC OP KT DFE XM RJGA AC DER CR MNU MNU FOJC RJGA OBUE OFU CH JL XM MAIP MIZ DFE CH PH QRW CQD OP RJGA MLP JL AT AQ TCRK JMHU CQD ACQ KV XM PM QWW KT CQD;0;16;0xFFFF;0xFFFF;texto;no;;;;;;;;;;;;
H6;1562;MNU REUX TCRK MLP GAI MLP BUG AQ XM CQD SGT CQD DER IMP MNU CQD GAI MFKX NQAB KT XXVD CQD IHI HMIC AQ JMHU OBUE ZR FOJC ACLZ DER JMHU EF XXVD OP DFE GAI UIMC XSK IMP DFE KT FD CQD PH QASH AQ AC EDJ AQ ZR DJ QWW EDJ DJ NJ IMP IHI JL JL FJX KV REUX;0;16;0xFFFF;0xFFFF;texto;no;;;;;;;;;;;;
H6;1563;GAI SGT MIZ IHI QWW KT IHI ACQ ZR ACQ XM JMHU ACQ AQ MLP IMP OFU AAWD KT FTHX FD ENJ MPH MLP IMP JL CQD IMP MIZ KV EF LAX CH BUG MFKX UIMC FD OBUE PH XSK RJGA XSK MLP AQ KV IMP NJ DER DJ NJ PM AAWD LY EF LR DJ EDJ ACQ IMP EDJ MPH KT AAWD ENJ LY;0;16;0xFFFF;0xFFFF;texto;no;;;;;;;;;;;;
H6;1564;KT ENJ UIMC SGT FD UK MAIP AT QASH MLP KRKK ACQ PH EF KV SGT UK CR CQD IMP FJX KRKK DER FJX NQAB IHI BUG ZKX ZR XXVD TCRK OBUE LR AT ENJ OP JMHU AT BUG KRKK TCRK AC OFU XM ENJ KT LR XXVD GAI REUX IMP SY JMHU XM OFU ACLZ QASH ZR AC AC HMIC CQD;0;16;0xFFFF;0xFFFF;texto;no;;;;;;;;;;;;
H6;1565;ZKX MLP QASH KT NJ CR DER MFKX SY HMIC XSK RJGA ACLZ IMP ENJ OP PH OP PM KRKK LR OP JL DER TCRK FD MLP EF CYA TCRK XSK KV EF AQ DJ MNU CQD NQAB MIZ KV OP AAWD AAWD IHI OFU FJX DJ OP TCRK RJGA KRKK OFU UIMC KRKK MNU FJX AQ REUX CR REUX CYA IMP;0;16;0xFFFF;0xFFFF;texto;no;;;;;;;;;;;;
H6;1566;LAX AT ZR IMP UIMC UIMC MAIP NJ HMIC REUX MNU IMP OBUE KRKK MAIP CH LAX FOJC LAX LY KV LR CYA CYA MAIP AC XSK IHI QWW FTHX QRW MNU SGT NQAB XSK OFU XSK IMP EDJ CYA CH FTHX ZKX GAI KT MAIP KRKK MFKX AQ MNU FTHX REUX MNU QWW AQ DJ CH AQ XSK QASH ACQ HMIC;0;16;0xFFFF;0xFFFF;texto;no;;;;;;;;;;;;
H6;1567;AQ ZR CH RJGA DFE RJGA MFKX GAI CH OFU RJGA FTHX ENJ OP EDJ MIZ CYA MIZ XXVD REUX KT NJ LY IMP TCRK OBUE QASH RJGA PH FOJC EF KRKK LR IHI PM EDJ FOJC AAWD AT CR CYA ENJ IMP SGT JMHU OP CR FD MAIP KV ACLZ REUX EDJ JMHU EDJ NJ ZKX MFKX DJ FJX CH;0;16;0xFFFF;0xFFFF;texto;no;;;;;;;;;;;;
H6;1568;DFE XSK LR TCRK SY ZKX LR DFE CR MLP FTHX EDJ DJ LY MAIP LY UK REUX ACQ RJGA MIZ CYA MFKX KV QRW PH DER UIMC LR OP CYA UIMC DER SY UIMC ACQ ZR QWW MPH AQ UIMC AT JMHU FOJC MPH MAIP ZR AQ NQAB AT MFKX DFE RJGA MNU MNU UK HMIC EF KRKK ZKX SY REUX EDJ;0;16;0xFFFF;0xFFFF;texto;no;;;;;;;;;;;;
H6;1569;ACLZ IHI MFKX DJ DJ MNU XM OBUE ZKX PH XM PM MAIP EF AC JMHU GAI IHI OP AQ BUG MLP EDJ AC EDJ QRW FTHX GAI DFE QASH REUX SY IHI MNU NJ MFKX AT ZKX FTHX LY RJGA SGT RJGA ENJ MIZ FD TCRK LAX AQ REUX MFKX MFKX SY AC REUX LR QASH BUG DJ TCRK UK QASH CQD;0;16;0xFFFF;0xFFFF;texto;no;;;;;;;;;;;;
H6;1570;QRW QASH KV DJ RJGA QRW JL FOJC MAIP REUX QASH OFU MPH KRKK TCRK DJ REUX DFE MFKX AC AAWD AAWD QRW JL UIMC MPH KT KT FD REUX CH DJ UK RJGA REUX OP CH XM OP ZKX LR KRKK AT KT LR MNU KT MAIP MAIP XM MPH ENJ GAI SGT NQAB KT XM MFKX LAX FTHX PM;0;16;0xFFFF;0xFFFF;texto;no;;;;;;;;;;;;
H6;1571;CH SY ZR NQAB LY PH HMIC LR OP XXVD XSK CQD XSK CQD NQAB KT MFKX TCRK ACLZ ZKX REUX OBUE MPH DER OBUE FOJC KT BUG FD CQD MAIP IHI QASH UIMC ACLZ KRKK EDJ XM LAX ZKX MAIP FJX KRKK SGT XXVD XSK ZKX KT KRKK DER RJGA RJGA KT XM UK FD PH LR QASH CR MPH REUX;0;16;0xFFFF;0xFFFF;texto;no;;;;;;;;;;;;
H6;1572;UIMC CH AQ OFU RJGA AC MAIP UIMC FTHX LR MIZ DFE AT MNU KRKK MLP CR EDJ OFU FOJC DJ AQ ZR KT AQ QRW FTHX FTHX XSK MNU UIMC SY CR PM FD MFKX CQD XXVD NQAB FJX CYA AQ SGT IMP RJGA IMP CH EDJ ZKX EDJ LR OBUE XXVD UK CYA OBUE CH ZKX MPH ACLZ SGT EDJ ZR;0;16;0xFFFF;0xFFFF;texto;no;;;;;;;;;;;;
H6;1573;MNU PM MFKX DER RJGA NJ LR DFE FOJC UK NQAB MIZ MIZ FTHX UK LY ACLZ PM UIMC BUG UK MPH SY DER UIMC KRKK DFE CYA LAX XSK REUX BUG MFKX XSK OBUE AAWD LAX UK CYA PM CH LR JL MIZ EDJ ZR NQAB MLP MLP QWW GAI EDJ EDJ OP JL SGT OBUE NJ LAX IMP IMP DJ KV LY;0;16;0xFFFF;0xFFFF;texto;no;;;;;;;;;;;;
H6;1574;MFKX NQAB PH DFE ACQ ZR MLP KRKK AC KV PH BUG DFE CH FOJC UK JL CR REUX LR TCRK AC XM FTHX JMHU GAI PM XXVD QRW EF REUX PH ACQ CR OFU NJ ZKX SY NJ RJGA ENJ CR UK MPH PH KT GAI HMIC PM MLP ENJ EDJ OFU CH CH ACLZ GAI ENJ XXVD CQD TCRK MFKX QASH CH;0;16;0xFFFF;0xFFFF;texto;no;;;;;;;;;;;;
H6;1575;BUG KRKK CYA GAI QRW CQD EF EDJ AT CR PM OFU XSK JL QASH RJGA MFKX NJ NJ QASH MIZ LAX NJ AQ FTHX KRKK ZR ACLZ DJ LY DFE DER CYA LAX QWW LAX QASH CH KRKK MNU UIMC XM OFU FD OBUE SGT RJGA DFE FOJC FJX ACLZ MFKX SGT XSK SY IMP OP SGT FD AAWD CR;0;16;0xFFFF;0xFFFF;texto;no;;;;;;;;;;;;
H6;1576;TCRK MAIP JMHU SGT JL KRKK MFKX KT KV XXVD JL PH KT DJ MNU QWW OFU EDJ JMHU EDJ KRKK AC BUG KT LY PH PH MAIP ACLZ OP HMIC CR PH GAI KV EF JL AAWD ZR NJ ENJ DJ HMIC GAI ZKX OFU OBUE AC MFKX FOJC IHI KRKK FJX XSK SY LAX OFU GAI JMHU CR AC MAIP SGT REUX;0;16;0xFFFF;0xFFFF;texto;no;;;;;;;;;;;;
H6;1577;EF XM ACLZ MIZ KRKK IHI XSK MLP MAIP OFU ENJ AC GAI MFKX CQD UIMC AT AQ QWW XM FJX ZKX ZR AT OBUE KT JL LY CYA AC XSK LAX XM LAX QWW UK NJ MAIP JMHU CH LR ACQ FTHX MFKX OFU FOJC DJ IHI MLP PM FOJC GAI QRW PH MPH ZR QRW QASH ZKX UIMC KRKK FJX PH;0;16;0xFFFF;0xFFFF;texto;no;;;;;;;;;;;;
H6;1578;DFE LR RJGA ZKX OFU AAWD GAI PM FTHX XXVD ACQ FD ZKX HMIC ZKX OP CYA ZKX PH JMHU AC XSK PH JL FJX MAIP ENJ FJX AQ CYA PH LY OBUE NJ MFKX ACQ CQD AQ UIMC TCRK MAIP XSK UIMC AQ LY OFU ZR MAIP MNU FJX LY NJ HMIC JL UIMC TCRK ZKX XSK ENJ DFE EF AC AAWD;0;16;0xFFFF;0xFFFF;texto;no;;;;;;;;;;;;
H6;1579;FTHX PM FOJC PH SY DJ UK SY LY AT TCRK BUG FD OFU IHI EF SGT AC MFKX LY MLP NQAB CQD HMIC RJGA REUX UK CQD AC PH QASH MIZ SGT UIMC CH LR ZR SGT IMP IHI RJGA MLP EDJ MLP PH KRKK IMP PH AAWD PH NQAB HMIC QWW EDJ EF UK AC DJ FTHX NJ ZR IMP AC SGT;0;16;0xFFFF;0xFFFF;texto;no;;;;;;;;;;;;
H6;1580;REUX LR SGT MFKX BUG UK ZKX JL UK QASH IMP REUX EDJ QASH BUG PH IHI LR SY IMP MLP JL ZR FJX EF XM FTHX ENJ MNU QRW AT NQAB JMHU DER QWW FJX EDJ FJX IMP DER EF CQD MNU IHI RJGA XXVD EDJ OBUE OP XM FD KV MPH FD ACLZ MNU FTHX AAWD LAX LY ACLZ JMHU KRKK KRKK;0;16;0xFFFF;0xFFFF;texto;no;;;;;;;;;;;;
H6;1581;CH REUX ZKX AC KRKK XXVD EDJ BUG OP PM AAWD OBUE TCRK NQAB HMIC ENJ AC CH JL LAX PM UK MPH FJX DFE SGT LAX CR LY PH NJ QWW MAIP EF DJ MLP FJX CQD QWW RJGA UK KV MIZ PM ENJ RJGA LR SGT SY LR QRW QRW JL UK LY SGT MIZ UK FOJC AT IHI DER PM MFKX SY;0;16;0xFFFF;0xFFFF;texto;no;;;;;;;;;;;;
H6;1582;SY TCRK ZKX DER UIMC GAI ACQ PH SY DJ QRW LY JMHU KV ZKX OP OBUE OBUE OP TCRK IMP RJGA ACLZ XM DER DJ SGT DER PM MLP DJ CQD KV JMHU LAX XXVD IMP OBUE JMHU FTHX TCRK QRW GAI MNU NJ ZR NJ IHI OFU TCRK MFKX LY GAI AT HMIC XSK CYA DJ FOJC NQAB;0;16;0xFFFF;0xFFFF;texto;no;;;;;;;;;;;;
H6;1583;IMP MAIP QASH KT XM QWW IHI QRW SGT BUG NJ MFKX SGT JMHU PH MLP ACLZ NJ OP MAIP XM QASH QWW ACQ ACLZ KRKK SY MPH ACQ DJ OP SY SGT XM EF NQAB OP NQAB AQ XXVD JMHU KRKK HMIC FD IMP PM CR CR KT NQAB DER XSK DJ TCRK MIZ FOJC ZKX NQAB CYA JL IHI NQAB MPH DJ;0;16;0xFFFF;0xFFFF;texto;no;;;;;;;;;;;;
H6;1584;OBUE SY ZKX CH RJGA MFKX JMHU MFKX ACLZ QRW ZKX HMIC JMHU OFU MLP AQ EF OFU NJ ZKX MAIP OP DER CQD KRKK MPH QASH OBUE SY KV AQ MLP QRW LY FOJC KRKK KV MIZ ENJ CYA KT ENJ PM SY LY DJ AQ PH SY IMP RJGA DJ JMHU LY JL MLP FOJC LR GAI SGT DFE QASH;0;16;0xFFFF;0xFFFF;texto;no;;;;;;;;;;;;
H6;1585;JL BUG AC OFU MIZ EDJ MIZ MIZ FTHX CH ACLZ PH FJX QWW NJ CQD JL ENJ GAI NQAB JL AQ ENJ OFU FTHX FOJC QRW PM KRKK IMP QWW PH CR AC HMIC UK MFKX CR LAX TCRK REUX REUX LR FOJC MPH JMHU PH QRW JMHU MAIP KV PH PM MIZ MFKX REUX SY CQD LR EDJ QRW DFE IMP;0;16;0xFFFF;0xFFFF;texto;no;;;;;;;;;;;;
H6;1586;MNU REUX MPH AT CR KRKK FTHX LAX ENJ QASH OP HMIC AT DER MIZ ACLZ KV AQ ACQ OP OFU ZKX CYA JL FOJC QASH EF ACQ XM FOJC BUG QRW IHI FJX TCRK CQD MFKX CYA HMIC MFKX NQAB DJ AC DJ KV ACQ BUG HMIC MNU MAIP REUX OFU KT ACQ MNU AAWD OFU IHI SY AT DFE ENJ;0;16;0xFFFF;0xFFFF;texto;no;;;;;;;;;;;;
H6;1587;HMIC AT OP PM CR DFE QWW LY KT AT AT AT DER BUG REUX MFKX REUX DFE SY ACQ QWW GAI SGT MPH AAWD CQD FJX XSK QRW EF FD NJ ACQ BUG MLP ZR IMP OBUE AQ MIZ IMP UIMC EF AC KV QRW KT XXVD RJGA ZKX JMHU SY LY AQ NJ BUG KRKK LY FD PH MNU EDJ QASH MNU AAWD;0;16;0xFFFF;0xFFFF;texto;no;;;;;;;;;;;;
H6;1588;LR ZR MLP FOJC MIZ UK SY KT ACQ TCRK DFE JMHU XSK OBUE KV OP FTHX QWW GAI MPH KV XSK DJ MNU XM JMHU PM AQ KV KRKK ACQ JL XM NJ RJGA CH XM DFE FTHX KRKK ZKX QWW ACLZ UK LR FOJC NQAB LR UIMC SGT JMHU AC MPH SY IHI REUX BUG UIMC QRW NQAB MPH CR MAIP;0;16;0xFFFF;0xFFFF;texto;no;;;;;;;;;;;;
H6;1589;PH CYA UK SY AQ HMIC XSK FOJC OBUE XM CH LAX XSK RJGA AC AT LY JL AT QRW AT AC UK ZR DER MLP UK SGT AAWD PH DER RJGA OBUE UK DER UK AAWD ENJ JL SY UIMC QASH XXVD MNU KV LY AQ ZKX SY RJGA QWW PM NJ NQAB PM BUG BUG SGT CQD QRW QASH XXVD OBUE OFU;0;16;0xFFFF;0xFFFF;texto;no;;;;;;;;;;;;
H6;1590;PM MFKX MPH AT MFKX CH MFKX LR FTHX JMHU ZR BUG XM LAX QRW KV IHI LR KV MPH XXVD XXVD QWW SGT XXVD SGT CR JL DER SY CYA LR TCRK MFKX UIMC UIMC MFKX PH KV LR FOJC CH MPH JMHU XSK MPH XXVD ACLZ MIZ UK AQ FTHX REUX IMP MNU MFKX MLP AQ CYA EDJ TCRK;0;16;0xFFFF;0xFFFF;texto;no;;;;;;;;;;;;
H6;1591;OP FOJC IHI UIMC ENJ REUX EDJ AT FD KT LY CH HMIC NQAB KV FOJC PH MIZ NJ ACLZ ZR EDJ AC MLP EF BUG MNU EF LR LAX SGT HMIC FD XSK SY SGT SGT FJX FOJC AQ UIMC PM AAWD NQAB OFU SY IMP LY DFE QRW MFKX SY QASH NJ EF ZKX OFU CQD DER FJX FJX KT XSK ACQ LAX;0;16;0xFFFF;0xFFFF;texto;no;;;;;;;;;;;;
H6;1592;ZKX MNU FOJC NJ ZKX OP MFKX MLP FD KT KT SY MPH QRW CH LY CYA DJ FTHX LY GAI XXVD AAWD UIMC EDJ OP KV CQD FJX AAWD QASH JMHU CH KRKK XXVD DER XM REUX IHI REUX ZR SY FOJC CYA KT LY KT GAI LR XM LAX NQAB NQAB XSK AQ PM SY PM DFE KRKK DFE DER ACLZ MIZ KT;0;16;0xFFFF;0xFFFF;texto;no;;;;;;;;;;;;
H6;1593;UK TCRK CYA CH FJX NQAB MAIP UIMC KV OFU MLP DER EDJ FD FJX AT GAI FD XM UIMC RJGA TCRK LAX QASH CYA QWW AAWD CYA FTHX OFU NQAB LAX FD ZKX BUG HMIC CR AAWD EF DFE MLP MFKX NQAB UK HMIC EDJ MLP MLP QRW MIZ XXVD PH PM SY QASH QRW ZKX SY UK ZR ACQ;0;16;0xFFFF;0xFFFF;texto;no;;;;;;;;;;;;
H6;1594;JL HMIC MLP KT ZR UK XXVD AQ OP AT OFU MFKX DJ LAX REUX CR PM QASH KT PH ZR OP NJ DER HMIC ZR HMIC LAX IHI ZKX MAIP MPH OBUE XM LR IHI AC BUG QWW AC OBUE OBUE MFKX ACQ OFU RJGA LY LR LY FTHX ENJ JL QRW AQ MFKX JL UIMC TCRK KV EF ENJ BUG LAX AQ MAIP;0;16;0xFFFF;0xFFFF;texto;no;;;;;;;;;;;;
H6;1595;FJX OBUE BUG DFE AQ ACLZ FTHX DFE CH IHI CR MLP CQD ZR PM MFKX BUG DJ KRKK MPH FTHX IMP ZR FD FTHX RJGA OFU LAX IHI NQAB LAX EDJ OBUE DJ DFE ACQ SY JL FOJC ACQ NQAB KRKK LR GAI IHI MIZ QWW KRKK ZKX KT ZKX OFU FJX MPH OBUE DJ DJ MLP QRW TCRK FJX EF XXVD;0;16;0xFFFF;0xFFFF;texto;no;;;;;;;;;;;;
H6;1596;DJ SGT FTHX IHI BUG ACLZ MPH ACQ REUX MFKX ZKX MNU PM ACQ FJX OFU AQ JL KRKK KT RJGA LY ZR QASH XM JL CH FJX ACQ MAIP FJX LY TCRK PH FJX XXVD UK EF TCRK XSK JL QWW PH GAI MNU ENJ EDJ DER ZKX QRW UIMC OFU SGT ACQ QWW GAI QWW NJ EF IHI XSK LY ZKX;0;16;0xFFFF;0xFFFF;texto;no;;;;;;;;;;;;
H6;1597;QWW MPH KT PM SGT EDJ PM CYA QASH PM JL OP MFKX FTHX IMP QWW DFE MAIP OP ZKX FOJC NQAB GAI CYA KV MAIP FJX QWW FJX OBUE MIZ LY CYA MLP NJ NJ CH ZKX QASH CH IHI AQ MFKX LAX IMP UIMC QASH MIZ LR NJ LR MIZ HMIC MIZ AAWD IHI ENJ KT CYA PH SY MPH;0;16;0xFFFF;0xFFFF;texto;no;;;;;;;;;;;;
H6;1598;DFE AQ EDJ OBUE BUG QWW LAX AAWD MAIP EDJ SGT ZR PM JL CQD EF KRKK AQ MIZ UIMC UIMC EF JL CYA MFKX MPH QASH AT KRKK OFU MNU ZKX QASH OP KRKK SY NJ AQ SY PH ACQ SGT SY DER JMHU DER LR TCRK DJ FJX KV ACLZ QWW ZKX KT CR LR KT FD OFU OP CH ACLZ QRW REUX;0;16;0xFFFF;0xFFFF;texto;no;;;;;;;;;;;;
H6;1599;HMIC FOJC CQD MIZ NQAB BUG NQAB CH MIZ UK HMIC JL BUG MNU DJ IMP ZR MAIP ZKX KRKK CH ACQ OBUE KV HMIC AAWD GAI ENJ RJGA FJX MFKX BUG KT HMIC DFE ACLZ QWW OFU EF DJ JMHU QASH IMP QWW CQD NQAB PH CYA GAI ZKX ZKX SGT AAWD AT QWW MFKX ZR AT CR SY;0;16;0xFFFF;0xFFFF;texto;no;;;;;;;;;;;;
H6;1600;UK SY REUX JMHU SY CYA TCRK DER EDJ EF OFU ZR LAX DJ NQAB MLP ACLZ FJX BUG JMHU XXVD EDJ ACQ EF QASH IHI UK IMP FD DER FD QWW OP MLP SY BUG CYA MAIP AC LY GAI TCRK AT LR LR CYA KRKK XSK SGT MIZ PM CQD KT RJGA IMP FOJC QASH BUG LAX MFKX MAIP;0;16;0xFFFF;0xFFFF;texto;no;;;;;;;;;;;;
H6;1601;MPH LR OBUE KV MIZ CR EDJ AQ CYA EF ZKX QASH HMIC UIMC SY XM OFU MLP AT IMP IHI FOJC UK ENJ OBUE PM FTHX XSK FJX FJX GAI GAI XSK RJGA PM ENJ JL GAI ACLZ FOJC PM NQAB IMP PH QWW LAX NJ ACLZ NJ EDJ MLP NJ KV UK TCRK JL JMHU KRKK MIZ ZR ACQ FJX MPH AT MAIP;0;16;0xFFFF;0xFFFF;texto;no;;;;;;;;;;;;
H6;1602;JL IHI HMIC LR FJX AAWD AQ MNU KT ZKX CR REUX DFE DFE OBUE GAI UIMC FTHX AAWD ENJ KRKK MIZ AQ PM DJ HMIC SY PM MFKX NQAB DER FJX DFE OFU CYA AT ACLZ RJGA MIZ XSK CH MPH NJ NQAB OBUE ACQ MAIP DFE CQD AC AQ DER FOJC MAIP KRKK CYA TCRK GAI UIMC CR FOJC;0;16;0xFFFF;0xFFFF;texto;no;;;;;;;;;;;;
H6;1603;KV FOJC PM FD LR AAWD FTHX LR ENJ CQD KV QWW ACLZ MAIP FTHX ACQ IHI OBUE FD AT KT FTHX LAX LR PM CYA JL REUX KRKK XXVD DFE EDJ IMP EF RJGA REUX REUX XM QRW XM PM NJ KRKK MIZ OBUE IHI DFE HMIC OP KRKK QASH ZKX HMIC SGT KRKK QWW OFU SGT MAIP IMP;0;16;0xFFFF;0xFFFF;texto;no;;;;;;;;;;;;
H6;1604;HMIC IMP NJ FTHX KRKK TCRK UIMC MFKX GAI QASH XXVD SY UK FJX LAX XXVD MPH GAI CR QWW PH IHI FOJC DFE OP JL KT QASH CQD JMHU QASH MIZ PM ZKX PM KV MIZ XM AAWD UK AT CH CYA LAX TCRK CH LR UIMC FTHX QWW MLP GAI PH QRW XM ZKX IHI XXVD QASH CYA BUG ZR;0;16;0xFFFF;0xFFFF;texto;no;;;;;;;;;;;;
H6;1605;FJX ZKX NJ OBUE FOJC NQAB QWW JL PH XXVD MPH DFE CR ENJ MLP DJ NJ DJ AAWD MLP FJX FD EF EDJ SY AAWD MNU FTHX RJGA EDJ AQ CH OFU UIMC TCRK PM LY TCRK LAX AQ OBUE AT MLP QWW CQD GAI AAWD JL OFU LAX UIMC AC DER UK DFE REUX TCRK BUG NQAB XXVD FOJC MFKX;0;16;0xFFFF;0xFFFF;texto;no;;;;;;;;;;;;
H6;1606;XSK IMP EF QRW HMIC AAWD DER AC DFE OBUE PM FJX JL OP ZR AC AAWD MLP KRKK PH DER EDJ IMP EDJ ZKX OP OP ACLZ HMIC JMHU JL ACLZ OFU REUX OP ZR JL QWW PH QRW AC UK QASH IHI OP TCRK DFE CQD AC ZR IHI REUX OP HMIC MIZ DER KT FTHX SY LR OBUE QWW MLP JMHU OBUE;0;16;0xFFFF;0xFFFF;texto;no;;;;;;;;;;;;
H6;1607;EDJ QRW PM LAX TCRK MNU EF ENJ XSK ZR ACLZ CR MAIP CYA AAWD KT CR AT SGT CR MLP JMHU MFKX GAI UIMC UK FJX AQ QASH MAIP ACQ ZKX HMIC QRW KV ACLZ CH DER FD ACLZ LR SGT XSK BUG UK MFKX ACLZ FD DER NJ ENJ IHI ZKX QWW ZKX EF BUG GAI UIMC NQAB AAWD GAI NJ;0;16;0xFFFF;0xFFFF;texto;no;;;;;;;;;;;;
H6;1608;OP EDJ FJX AT KT REUX LY ZR JMHU AC CQD IHI UIMC XXVD CH MIZ AT LAX LY ENJ PH XM CR QWW MFKX RJGA DER ACLZ LY NJ GAI DER CQD FTHX AAWD JL FD QRW AT FJX PH MNU CYA ZR UK REUX RJGA ZR ZKX NQAB NJ HMIC BUG SY AAWD EDJ MNU QASH FD ZKX MAIP UIMC OFU BUG;0;16;0xFFFF;0xFFFF;texto;no;;;;;;;;;;;;
H6;1609;MFKX CQD FJX XXVD FTHX LR FOJC LY NJ MFKX QWW HMIC MIZ UK QRW MFKX JL LAX IHI AT LAX KV ACLZ PM DFE OBUE AQ JL MNU NJ PM EDJ MLP QASH SGT QWW QRW DJ RJGA UIMC ACQ XSK XXVD LY KV MNU FJX XXVD AC MFKX EDJ XM UK JMHU ACLZ TCRK DER EDJ ZKX LY LAX;0;16;0xFFFF;0xFFFF;texto;no;;;;;;;;;;;;
H6;1610;EDJ LAX CQD CYA PH MAIP IHI AQ NJ RJGA NJ DER KV PM UK OFU DFE KT AQ DJ MIZ MFKX XM ACLZ HMIC ENJ KRKK DER FD ZKX XSK AAWD XSK MPH IMP EF ACLZ IHI LY DJ NQAB FJX MIZ XSK XSK XXVD ACLZ TCRK QRW IMP FOJC KV SGT FJX SY FOJC ACLZ CH EF OBUE TCRK;0;16;0xFFFF;0xFFFF;texto;no;;;;;;;;;;;;
H6;1611;KV HMIC QWW RJGA EDJ ACQ DER PH AAWD NJ QASH LR OBUE ACQ OFU XSK MIZ EDJ QWW CYA XSK MNU TCRK OFU MAIP PH EDJ KV RJGA REUX KT GAI XXVD ZR LY NJ JL ACQ DFE DFE GAI OP CYA ACQ MIZ ZKX LY XXVD ZKX MPH ZKX AC KRKK FTHX PH PM NJ ZR BUG MIZ CYA REUX SY HMIC AC;0;16;0xFFFF;0xFFFF;texto;no;;;;;;;;;;;;
H6;1612;MPH ACLZ XXVD KV EF AQ IHI LY XM AAWD ZR KRKK GAI MAIP QASH XSK MNU MIZ MLP QASH KRKK GAI KV FD AQ PH QRW CH CR DER ACQ MNU AQ MLP ENJ SY TCRK ZR TCRK DFE IMP AC FD KV UIMC CQD REUX MNU OBUE MNU UK FD DFE LR FD LAX FTHX ACLZ QWW OFU UK FOJC REUX;0;16;0xFFFF;0xFFFF;texto;no;;;;;;;;;;;;
H6;1613;ZKX OP UK CQD PH CYA ENJ CH LAX CQD MIZ ACLZ AQ CYA AAWD DJ OBUE MAIP FJX FD ACLZ KV REUX KV XXVD AC FJX DJ CYA KRKK REUX IHI PM QASH UIMC SGT OP ACLZ KRKK PM BUG LAX MNU XSK AC XXVD QRW MAIP CYA HMIC SGT QASH OFU FD ZR MLP KT SY XSK DJ CR UK OFU QASH;0;16;0xFFFF;0xFFFF;texto;no;;;;;;;;;;;;
H6;1614;BUG NJ CYA IMP DER GAI MPH MNU EF CH LR KRKK XSK KT OBUE ENJ FOJC GAI OFU NQAB MIZ IHI AQ IMP KRKK CR HMIC GAI LAX ENJ ACLZ AQ UK MAIP MLP SY LAX UIMC RJGA QRW KV NJ EF XM KV QWW OFU LR MPH AT XXVD IMP DFE UIMC TCRK CYA RJGA GAI AAWD AC IHI UIMC;0;16;0xFFFF;0xFFFF;texto;no;;;;;;;;;;;;
H6;1615;MAIP CH QRW MFKX AT DFE BUG OP ZKX XSK KT AC ZKX FD OBUE FJX QWW DER KT REUX IHI CR JMHU ACQ REUX CR QWW ACQ UIMC ACQ CH RJGA SY JL QASH FJX FD MPH LR HMIC XSK DFE QASH CYA IHI ACQ CQD CH ZKX XXVD MLP FD OFU MNU EDJ QWW BUG FTHX LAX ENJ IMP TCRK JL KV;0;16;0xFFFF;0xFFFF;texto;no;;;;;;;;;;;;
H6;1616;GAI MIZ FOJC MNU LAX LR FOJC FD DER AAWD HMIC KV CR QWW LAX NQAB CYA OFU OBUE KV ACQ MFKX XM KT HMIC NQAB ZKX UIMC OBUE AAWD KRKK XM ZR CQD TCRK MPH HMIC KRKK FD UIMC JMHU NQAB AAWD GAI ENJ XXVD HMIC MPH QWW UIMC CYA MFKX TCRK QASH OFU UK;0;16;0xFFFF;0xFFFF;texto;no;;;;;;;;;;;;
H6;1617;IMP IHI KRKK FTHX REUX ACLZ LY LAX AC CYA HMIC KT OFU SY IMP CYA DJ QRW CYA QASH FTHX PH EDJ NQAB IHI CYA MFKX TCRK EF ACQ PM PM PM FTHX QASH HMIC QWW KRKK CQD QASH REUX SGT SY HMIC LY LR AT AAWD ZKX FTHX XXVD QASH FD AT MLP TCRK SGT MFKX;0;16;0xFFFF;0xFFFF;texto;no;;;;;;;;;;;;
H6;1618;GAI HMIC XM LY UIMC RJGA DFE NQAB DER RJGA MFKX ACLZ ZR EF ZR XXVD JL IHI OP JMHU MLP QASH QASH LY NQAB REUX CR LAX MLP BUG MNU NQAB CH KT SGT AAWD LY QASH NJ JL XXVD ACLZ NJ TCRK LY JMHU KRKK RJGA FTHX DJ NQAB OFU AT LR AQ SGT EF QASH OFU JL CYA;0;16;0xFFFF;0xFFFF;texto;no;;;;;;;;;;;;
H6;1619;GAI MLP CH QRW GAI XSK MAIP ENJ XXVD MIZ HMIC ACQ QASH PH CH LR IMP KT PM UK KRKK UIMC FD FD PH MNU MFKX KT FJX KT XSK EF ENJ IHI CH FTHX HMIC IHI MPH REUX EF FD EF XXVD SY MLP SY FD DER NQAB ACQ ACQ DJ MAIP MIZ ENJ KV MLP MPH UIMC XXVD MNU;0;16;0xFFFF;0xFFFF;texto;no;;;;;;;;;;;;
H6;1620;UIMC QWW IHI ZKX OBUE ACQ MAIP OP SY QWW FOJC FD NJ DJ MLP SY QWW REUX FD DER QRW BUG MIZ REUX RJGA MAIP DER REUX AT IHI SY AC LAX DFE SGT BUG UIMC QRW LAX CR XXVD DER DER MFKX QRW ZR CR UIMC XXVD FTHX MAIP NJ FD NJ QWW BUG ENJ CH GAI PM PM KT UK;0;16;0xFFFF;0xFFFF;texto;no;;;;;;;;;;;;
H6;1621;KV QASH ZKX NQAB TCRK DER AAWD AQ FD FTHX OBUE XM ZR REUX FD OFU EF AT EDJ LY OFU DER GAI CQD HMIC ENJ ZKX AAWD PH CR DFE GAI AQ BUG EF AAWD HMIC EF XXVD AT AAWD AQ FJX ENJ MPH DER XSK CH NJ BUG AC IHI TCRK CQD GAI OBUE REUX UK MLP EDJ NQAB KT MNU ZKX;0;16;0xFFFF;0xFFFF;texto;no;;;;;;;;;;;;
H6;1622;AC KV JMHU ACLZ DER NJ FOJC FOJC AQ JMHU XXVD UIMC KV CYA ZKX CH IHI MFKX XSK CR ENJ REUX XSK FD KT LR XSK FTHX IHI CQD KRKK KV DER MNU CH HMIC CR OFU FJX SGT MFKX GAI ZKX IHI ZKX QASH IMP CR LAX DFE FTHX OP JL MNU PM NQAB REUX RJGA UIMC LY MPH;0;16;0xFFFF;0xFFFF;texto;no;;;;;;;;;;;;
H6;1623;QRW XSK ZKX EDJ JMHU DFE KT KV DJ FJX CYA ACQ KRKK REUX SY REUX IMP ACLZ QWW QASH MIZ MAIP TCRK XXVD DFE CH BUG MIZ MFKX FTHX XXVD QRW NJ MFKX SGT RJGA TCRK CR MPH AQ BUG BUG NJ SY LR KV LAX CH KT KRKK IHI DER LR UK ACLZ RJGA ZR QRW JMHU FTHX DJ;0;16;0xFFFF;0xFFFF;texto;no;;;;;;;;;;;;
H6;1624;UK MAIP XSK IMP XSK MPH XM UK DFE OP UIMC UIMC NJ XM UIMC CH KT FJX SY XM AQ SY CR MFKX OBUE JMHU XSK XSK KRKK KT OBUE XSK MNU AAWD SGT SGT MLP XM IMP OP OBUE FOJC EDJ QASH JL KT TCRK EDJ MNU OFU KT EDJ REUX ACLZ OFU AQ ACLZ UIMC KRKK MLP QASH;0;16;0xFFFF;0xFFFF;texto;no;;;;;;;;;;;;
H6;1625;KT UK LY QASH XSK QRW AAWD LY OP AC QRW MFKX XSK GAI LAX FD XSK QWW LR ACQ MLP XXVD SY MNU IHI UIMC OP DFE MIZ KV AC TCRK CR FOJC MPH FTHX XXVD AT AT AAWD DFE REUX MLP AAWD AC QRW XXVD KV LR OP OBUE CQD SY CH KV BUG EDJ OBUE HMIC MNU SY OFU UIMC;0;16;0xFFFF;0xFFFF;texto;no;;;;;;;;;;;;
H6;1626;REUX TCRK OP KV IMP KRKK KV LY BUG QWW CYA LY KT AQ QRW MFKX CH MPH XM PM OP AC FD MIZ XM ACLZ OP ZKX PH CYA LAX CH JMHU MPH PH NJ QASH MPH FJX LAX OBUE MPH IHI OFU MLP XXVD PM BUG KT MAIP JL MLP KT IMP AC CQD XM UIMC FTHX LAX DJ RJGA ACLZ DER;0;16;0xFFFF;0xFFFF;texto;no;;;;;;;;;;;;
H6;1627;BUG OFU FTHX AC JMHU MIZ REUX PH DER TCRK SY ENJ ACQ KV DER DER JMHU LR BUG HMIC REUX NQAB OBUE FOJC FTHX OFU MLP FJX IHI DER MPH XXVD FTHX DFE KT MAIP ZKX OP ZR EDJ MIZ GAI JMHU RJGA XSK REUX HMIC UIMC MFKX CQD AAWD MAIP FJX IHI IMP QRW GAI;0;16;0xFFFF;0xFFFF;texto;no;;;;;;;;;;;;
H6;1628;GAI JL PH EF QWW AT REUX GAI ACLZ NJ SGT ENJ CQD CQD CR AQ XM KT CH GAI HMIC DFE XXVD DFE EF IMP AT SGT BUG CYA QWW XSK OP OP IMP MAIP MAIP JL MLP CYA QASH IMP DFE SGT SY MAIP OBUE IMP BUG HMIC LR SGT MFKX SGT OP IMP LAX EF LAX SY MLP REUX REUX AC;0;16;0xFFFF;0xFFFF;texto;no;;;;;;;;;;;;
H6;1629;AQ MPH MNU CYA AT QWW PM PM ZKX LY ENJ LAX RJGA ZKX FOJC EF PM UIMC AT LY DFE MNU MNU CYA CYA ZKX PM OP BUG CQD DER AT ACQ ZR XXVD CYA RJGA CH GAI QASH QASH AC DJ JMHU GAI LY UIMC QRW JL EF JMHU FJX REUX ACQ AC ZKX EF DER MIZ MNU KT FTHX FD CQD ZKX;0;16;0xFFFF;0xFFFF;texto;no;;;;;;;;;;;;
H6;1630;XSK EF QASH GAI DER ZR ZR PM ZKX ENJ CH ACLZ KV FD ZR NQAB GAI FOJC DJ JMHU CR KRKK JL LR MAIP AQ ZR LAX KT CQD QWW FTHX HMIC QRW OFU FD MNU LY XSK AQ CH LAX KV CR ZKX OBUE FTHX AQ MLP ZKX EDJ CQD DER FOJC BUG AQ IMP QASH UK UIMC DJ DER NJ LR TCRK;0;16;0xFFFF;0xFFFF;texto;no;;;;;;;;;;;;
H6;1631;OFU LY ACLZ MLP AC IMP UK ACLZ ENJ HMIC CH ACLZ FTHX IHI TCRK AAWD RJGA PH SY IHI BUG TCRK AQ OP ACLZ XM XM ZKX EF PH CYA QWW IHI REUX ZKX MIZ CYA ZKX CR KT ENJ HMIC FTHX IMP SGT REUX MNU QWW MPH EF REUX EDJ AAWD AT FTHX XXVD NJ OP OFU ENJ EDJ UK DJ;0;16;0xFFFF;0xFFFF;texto;no;;;;;;;;;;;;
H6;1632;MPH ZR DFE AC TCRK MNU HMIC NJ MNU MPH DFE CYA NJ CQD XM EDJ XM JMHU MLP KV QWW PH AT AC ACQ NJ SGT AT FTHX JMHU NJ CYA ENJ ZKX KRKK XM REUX GAI CYA CH FJX PH BUG KT MPH QASH IMP ACLZ DER MLP XSK UK LR ACQ HMIC MIZ EDJ KT DER CH MLP CQD XSK FTHX ACLZ;0;16;0xFFFF;0xFFFF;texto;no;;;;;;;;;;;;
H6;1633;QRW SY QRW DFE UK FTHX NJ LAX DER AAWD ACQ ZKX CH MPH CR FJX ACLZ UIMC AC DJ KT LAX GAI CYA UIMC ACLZ CQD JL KRKK IMP KRKK REUX AT BUG OP TCRK MIZ LY FTHX BUG ZKX RJGA ENJ CYA LR QASH FOJC JL EF KT ACQ ACQ FOJC XM XM NQAB QRW FTHX XM RJGA MLP IHI NJ CQD;0;16;0xFFFF;0xFFFF;texto;no;;;;;;;;;;;;
H6;1634;DER OP MIZ FD SGT DJ OFU CR IHI QASH OFU HMIC DER OFU QRW ACQ CYA EDJ MPH KT MLP BUG ENJ MFKX QWW PM QASH UIMC SGT EDJ DFE SGT DFE KRKK EDJ XXVD FD ENJ AQ TCRK LAX ACLZ ENJ MFKX RJGA REUX MFKX KT XSK ENJ EDJ CR OFU MAIP SY JMHU AAWD TCRK MFKX;0;16;0xFFFF;0xFFFF;texto;no;;;;;;;;;;;;
H6;1635;KRKK JL OBUE ZR AT RJGA HMIC CQD DJ MIZ DJ RJGA EF ZR PM MNU PH KV XXVD FOJC ACLZ MNU TCRK JL OBUE OBUE FTHX MFKX CQD OP UIMC OFU PM IMP UIMC OBUE FOJC AQ AQ IMP MFKX BUG XSK JL UK RJGA XXVD OFU QRW QASH EDJ TCRK JL DJ XM XSK QRW OFU DFE BUG EDJ AAWD EDJ;0;16;0xFFFF;0xFFFF;texto;no;;;;;;;;;;;;
H6;1636;XM BUG FJX IHI CYA MAIP IHI QWW MPH UK XSK GAI LY IHI LAX EF ZR FTHX ZR UK FD HMIC AAWD OFU EF QASH MIZ ZR TCRK REUX JMHU AAWD TCRK LAX RJGA NJ MLP NQAB BUG KT KV MLP TCRK XM AQ FTHX CR LAX SY DFE LAX NJ UIMC OP RJGA HMIC KRKK TCRK LAX EF CQD ZR LY;0;16;0xFFFF;0xFFFF;texto;no;;;;;;;;;;;;
H6;1637;ZR MAIP QRW MIZ FD EF PH LR MAIP PM LAX OBUE ACQ DFE AT DFE DFE JL MNU EDJ QWW MPH TCRK PM ZKX LAX XSK ZKX PH IHI SY REUX BUG ZR LAX FJX DER XM DFE MFKX QRW EF REUX OFU IHI KV FOJC REUX TCRK EDJ OFU QASH RJGA MNU LAX UIMC ACLZ REUX DER FOJC;0;16;0xFFFF;0xFFFF;texto;no;;;;;;;;;;;;
H6;1638;LY NQAB IHI JL QRW CH MLP ZR SGT DER OBUE FD FD DJ IMP MAIP CR KT FTHX KV REUX QASH MIZ OFU MLP ACLZ LAX MAIP OP KT DJ DJ KV RJGA SGT LY NJ RJGA CR BUG FTHX NJ DER CH MPH LR UIMC ZR AQ EF LAX UIMC JL RJGA UIMC BUG MPH LR NQAB OFU MAIP XXVD SGT PH;0;16;0xFFFF;0xFFFF;texto;no;;;;;;;;;;;;
H6;1639;AQ DER CYA EDJ ENJ MPH REUX PH ACQ ZKX MIZ ZR XSK KV ACLZ JL NJ DFE JMHU XM HMIC OBUE QRW KV EDJ DJ JL EDJ TCRK EDJ OP ENJ KT BUG ZKX PM LR FJX LR RJGA PM DJ XXVD AT HMIC XXVD QRW XXVD TCRK AT SY OP CYA EF LY QRW CR AQ KV CYA UIMC ZKX SY DFE REUX;0;16;0xFFFF;0xFFFF;texto;no;;;;;;;;;;;;
H6;1640;LAX UIMC PM MFKX AAWD PM PH CR ACLZ MLP SY DER TCRK MLP MLP ZKX MIZ JL CR EDJ JMHU PH QASH MNU IHI ENJ MAIP FD AC NQAB MFKX HMIC DJ CH LY DFE UIMC UK ACLZ FJX JL PM NQAB REUX GAI ENJ PM CR XSK DER MIZ PH MNU RJGA PH JMHU ACQ XM EF MPH MLP PH QRW;0;16;0xFFFF;0xFFFF;texto;no;;;;;;;;;;;;
H6;1641;FOJC OBUE FD NJ KV ZKX FOJC MIZ TCRK QRW REUX GAI PM PM XXVD CQD RJGA QASH RJGA XSK CH DER MAIP ZKX OFU MAIP ACQ MIZ KT SGT QRW TCRK GAI FD KV IHI OBUE AQ AC XM DFE MIZ RJGA SGT XXVD OP FOJC REUX DJ KRKK SGT AAWD MAIP NJ RJGA MPH GAI XSK ACQ OBUE;0;16;0xFFFF;0xFFFF;texto;no;;;;;;;;;;;;
H6;1642;SGT KV MIZ LR SGT KRKK CQD PH ACLZ DER JMHU FJX GAI DER OBUE QRW REUX REUX AQ ACLZ AQ FJX CH MPH LR PH LAX FTHX MLP FTHX REUX QASH EDJ LY CYA SGT FTHX HMIC MLP AC JMHU JL KT CH DJ CQD ACLZ JMHU AT FJX PM FD ZKX UK FTHX ACLZ QRW AC EDJ CYA KV KRKK;0;16;0xFFFF;0xFFFF;texto;no;;;;;;;;;;;;
H6;1643;FOJC ZR CYA JMHU QRW KT MPH QRW IHI PH CYA AC LY SY UIMC REUX ACLZ MLP ZR AQ RJGA EDJ UIMC LAX EDJ GAI KV FJX ACQ ACLZ FJX JL ENJ FD FJX LR AQ QASH KT KV REUX OFU PM KV FD ZR EF FTHX MIZ MLP MFKX KRKK JL FTHX OBUE OBUE FD NJ AAWD DFE ACQ PH;0;16;0xFFFF;0xFFFF;texto;no;;;;;;;;;;;;
H6;1644;IHI REUX MPH KT LY KT ACQ KRKK PM MPH XM JMHU KRKK CQD KV CH QWW FD CH EF RJGA LY UIMC TCRK UIMC SY OP DFE LR KV DJ KRKK OFU XXVD MPH ZKX IMP ACLZ KT PH IHI IMP MAIP CYA AC ACLZ CYA QASH ACQ GAI KV PH DFE RJGA AT AT HMIC OP MLP IHI ACQ AAWD;0;16;0xFFFF;0xFFFF;texto;no;;;;;;;;;;;;
H6;1645;LAX MNU KV CQD REUX IMP ENJ MNU LY DFE CR MFKX MNU XM KRKK MAIP AQ PM FD MFKX IMP RJGA FOJC ACLZ LR AT TCRK UK CYA ACQ FD XM DJ FJX OP MAIP MIZ ACLZ MFKX IHI BUG AQ LY CYA OBUE QRW QASH OBUE AQ MFKX OP MPH TCRK TCRK QWW IHI NQAB IMP FJX EF;0;16;0xFFFF;0xFFFF;texto;no;;;;;;;;;;;;
H6;1646;MPH MIZ DER CR QRW BUG EDJ IHI BUG JL NJ CR AQ DER ACLZ MFKX QASH AC KT DFE ZR AQ KT CQD DER CR FD KRKK GAI FOJC XXVD ZR NQAB OP UK ENJ EDJ QASH UIMC MLP XXVD MPH FOJC FD EDJ FJX MLP CR XSK ACQ MIZ MIZ QRW FJX FOJC RJGA KRKK CR SY OP EF ZR;0;16;0xFFFF;0xFFFF;texto;no;;;;;;;;;;;;
H6;1647;ZKX QWW RJGA AQ MFKX XSK XM OP CH KRKK KV ACLZ IMP TCRK GAI FJX RJGA OFU MIZ FJX ACLZ DER BUG FD AAWD UK KRKK NJ EF FTHX EDJ CQD EDJ EF AAWD HMIC CR IHI BUG HMIC XSK HMIC LY DFE BUG MAIP MAIP JMHU ENJ MLP QRW UIMC NJ DJ AQ ACQ KRKK OBUE XXVD CQD ACLZ XM;0;16;0xFFFF;0xFFFF;texto;no;;;;;;;;;;;;
H6;1648;SY AT GAI RJGA PM DFE UIMC OP LAX GAI KV MIZ LR QRW MAIP AQ EF CR ZKX IHI CQD ZR NQAB LR ZKX CH CR JL HMIC SY OFU AAWD JMHU ENJ NQAB REUX DJ EF AC JL OFU LR EDJ GAI ACQ XSK JMHU AC BUG AT ACLZ OP LAX FOJC XXVD NJ PM OFU OFU UIMC ENJ SGT ZR QASH;0;16;0xFFFF;0xFFFF;texto;no;;;;;;;;;;;;
H6;1649;DJ ENJ DJ IHI CQD CYA ACLZ MPH LY KV AT OBUE QASH KT MIZ KV OBUE ENJ OFU JMHU RJGA CQD XSK CQD KV ENJ NJ FJX LY ENJ XXVD ACQ AC CH EF OFU ACQ MFKX QASH CR IHI AC BUG OFU IMP ENJ PH KRKK SGT IMP QRW LAX CQD OP RJGA ACLZ KT BUG LY DJ MNU KRKK;0;16;0xFFFF;0xFFFF;texto;no;;;;;;;;;;;;
H6;1650;FJX HMIC FOJC IHI ACLZ IMP ACLZ HMIC REUX JMHU JL KT EF ZR MAIP CR ACLZ OFU AAWD UK MLP LY KT JL MIZ IHI NQAB AQ QRW UIMC KT KRKK DER HMIC EDJ KT MLP XM CYA CQD RJGA ACQ SGT REUX GAI XXVD CR NJ ZKX AT MLP KT FD MIZ CH IHI JL KV EDJ MPH SGT FJX ZR;0;16;0xFFFF;0xFFFF;texto;no;;;;;;;;;;;;
H6;1651;SY DFE KRKK GAI ENJ KRKK BUG MFKX PH LY REUX XM KV CYA UK MLP ENJ JMHU NJ MFKX GAI NQAB AT DFE BUG AQ DER AT MLP PH QASH LR MNU PM FD BUG IHI MLP SGT KV XSK KT BUG CR MAIP MNU MPH TCRK XSK MPH LAX QRW DJ EDJ QRW AC EF UIMC FJX GAI LAX AQ IMP;0;16;0xFFFF;0xFFFF;texto;no;;;;;;;;;;;;
H6;1652;OFU IMP MNU HMIC ENJ GAI NJ DJ XXVD JMHU ENJ GAI IHI HMIC FD AAWD FOJC ACLZ EDJ QASH TCRK REUX CQD ZR ZKX MAIP LAX UK DFE ZKX LAX XSK XXVD QWW CH MPH UIMC GAI XM AQ MAIP QASH JL TCRK ENJ OP XSK REUX DER IHI EF ACQ FTHX LAX ACLZ MIZ UK MIZ HMIC MNU QRW;0;16;0xFFFF;0xFFFF;texto;no;;;;;;;;;;;;
H6;1653;REUX REUX CR DER XXVD FD QRW UK OFU JL CR PH FD IMP KV MFKX KT MFKX IHI CH OFU XM AQ GAI UK MFKX MFKX HMIC LY DER MAIP MPH DJ MFKX HMIC OBUE ACLZ NJ QWW NJ MNU CH SY CR TCRK UIMC EF NQAB DFE BUG IMP NQAB XXVD ZR QASH SGT ZR OFU JMHU ZKX RJGA;0;16;0xFFFF;0xFFFF;texto;no;;;;;;;;;;;;
H6;1654;MFKX TCRK PH QWW JMHU FJX AC KV OP DFE GAI OBUE QWW FJX OP NJ XSK QRW GAI DJ QWW MAIP ENJ AT UIMC EF CH UIMC BUG XM GAI OFU SY ZR AQ HMIC FTHX FOJC QRW PM ZKX AC ZR MNU ZR SY SGT CH ZR QRW REUX FD AAWD TCRK MLP DJ KRKK QRW QRW IHI LR SGT REUX BUG KV;0;16;0xFFFF;0xFFFF;texto;no;;;;;;;;;;;;
H6;1655;REUX MPH KV MNU ACQ NJ MNU KRKK KV MAIP MNU SY XM MLP FTHX UK JMHU SY SGT SY XXVD FD JMHU FOJC JMHU IHI QRW FTHX UIMC OFU DER AC OBUE OFU NQAB QWW MFKX GAI NQAB LY MNU AT ACLZ IHI OP XXVD ZR ACLZ QASH ACLZ CYA CR EF AT MAIP RJGA LR LY AC OBUE NJ;0;16;0xFFFF;0xFFFF;texto;no;;;;;;;;;;;;
H6;1656;EDJ CYA RJGA SY IMP LY XXVD KT LAX RJGA JMHU KRKK UK QWW AAWD GAI DER MPH CH EF LR CQD KT UK LY AC FOJC XM ACLZ FTHX HMIC LY OFU OBUE CH NQAB BUG RJGA HMIC AAWD FJX TCRK IMP BUG MAIP ENJ FOJC PM MFKX ENJ DFE FOJC NQAB FOJC RJGA XXVD ENJ JL;0;16;0xFFFF;0xFFFF;texto;no;;;;;;;;;;;;
H6;1657;PM LAX REUX LY SGT FD CYA KV ACQ EDJ AC DFE MLP SY ZKX DFE MAIP AT AC AT FOJC IMP FD NQAB DFE AT ENJ FTHX AQ OP DFE LAX QRW MAIP ACQ PM PH IHI EDJ OFU XM FJX AC CQD CR XM FTHX LR OP KV KT ACQ KRKK XXVD MIZ LAX MLP XXVD HMIC SY AQ MAIP XXVD PH JMHU;0;16;0xFFFF;0xFFFF;texto;no;;;;;;;;;;;;
H6;1658;OP FD HMIC MPH FOJC RJGA KV FD MLP MNU AC PH PH AC DJ AC FOJC DFE LY PM DJ XXVD XSK KRKK ENJ FJX PM FD QRW FJX CH KT EDJ SGT RJGA MLP AAWD AT BUG OBUE SGT DJ IHI EDJ KV GAI UIMC FTHX REUX AAWD TCRK NJ BUG MPH UIMC ZR BUG ACLZ PM CYA LY DJ REUX;0;16;0xFFFF;0xFFFF;texto;no;;;;;;;;;;;;
H6;1659;OBUE NQAB CR MIZ DER DJ DJ OBUE FOJC CR CH ZR ZKX OP QWW FOJC CR DER BUG XM CR FD AT ACLZ DER IHI CH LY MPH FOJC BUG IMP BUG NQAB ENJ PH LY OBUE JL CYA PH ACLZ XM EF CR CH UK UIMC FOJC XXVD NJ FD MLP PH AAWD IHI AAWD DFE MNU OFU JMHU REUX ZKX ZR ENJ;0;16;0xFFFF;0xFFFF;texto;no;;;;;;;;;;;;
H6;1660;PH JL MLP LY RJGA QRW XSK DFE OFU NJ ZR SGT ACQ ZR DER QWW PH DER CR UK QWW HMIC CYA MPH DJ REUX FTHX QRW EF MIZ IMP IMP GAI OP XXVD QASH CYA LY AC KT NJ XXVD DJ KV NQAB KV ACLZ SY EDJ KT NJ OP XM FOJC EF DER DFE IMP KV UK KRKK FOJC DER AC GAI;0;16;0xFFFF;0xFFFF;texto;no;;;;;;;;;;;;
H6;1661;DJ NQAB FD HMIC CR ACLZ DJ MLP NJ XM IMP REUX ENJ KT IHI MIZ BUG CYA TCRK ZKX JL IMP DFE FTHX MIZ CR QASH DJ UIMC ZKX MFKX OBUE JL HMIC MNU KT MFKX DJ CH MFKX MNU ACLZ KV FOJC SY ENJ UIMC MLP AC LY NQAB OBUE MAIP IMP MPH FOJC CQD QRW DJ CR QASH MFKX;0;16;0xFFFF;0xFFFF;texto;no;;;;;;;;;;;;
H6;1662;MFKX NJ OP AQ EF DER CH UK NJ LY LR MIZ RJGA CQD KV ZKX EF JL AAWD AC FJX EDJ ENJ MFKX LR EDJ PH UIMC MNU GAI KT KV SY CR QWW FOJC SY ACLZ EDJ KRKK BUG ACLZ AT KV JMHU MPH UK IHI MPH MPH MIZ IMP UK EDJ AC NQAB NJ QASH OP CQD FTHX AQ ACQ RJGA MFKX;0;16;0xFFFF;0xFFFF;texto;no;;;;;;;;;;;;
H6;1663;ZR REUX MLP OFU JL OP QASH ACLZ LY OP QRW FTHX QASH KT KT IMP ENJ ACQ GAI SGT NQAB QRW AC FOJC AAWD MLP LY GAI IMP AT OBUE JMHU CQD RJGA KV CQD OBUE QRW CQD FD AT XSK REUX DJ KV DFE HMIC KT GAI OP DFE JL ZKX MPH EF JL AC MFKX XM PH PH PH CR CQD KV;0;16;0xFFFF;0xFFFF;texto;no;;;;;;;;;;;;
H6;1664;MNU ENJ CQD SGT AT OFU QWW QASH AC ZKX AT ENJ PH FJX KRKK FD ZKX KRKK NJ AQ REUX AC SY MIZ FTHX QRW TCRK GAI FTHX CH ACQ RJGA XSK AAWD IHI CR ENJ EDJ QWW JMHU SGT AC MAIP AAWD IMP EDJ LAX QASH FJX SY REUX LR AC UIMC OP PH MLP SY CQD HMIC AC UIMC FTHX ZR;0;16;0xFFFF;0xFFFF;texto;no;;;;;;;;;;;;
H6;1665;XSK PM XXVD XXVD REUX NJ CQD CYA CYA MIZ MFKX OFU JL FTHX ACQ OP MAIP LY AC ZKX LAX DJ IHI XM AT QASH EF OBUE MLP BUG IHI MAIP AQ OBUE ENJ OFU AC AAWD CQD KT LY ZR OP ENJ DJ NQAB AAWD AAWD IHI TCRK MLP MFKX PH TCRK KV PM ACQ MLP MNU CQD UIMC DER GAI;0;16;0xFFFF;0xFFFF;texto;no;;;;;;;;;;;;
H6;1666;AQ OFU BUG ZR OBUE MNU ACQ KRKK MAIP JMHU SY QRW FD EF UK ENJ AC AQ FD HMIC AQ QWW QASH MIZ KRKK KRKK ACQ MIZ KT QASH QASH FOJC SY BUG ENJ CR PM QWW CR MPH ACQ AQ IHI QASH FD XXVD SY MLP REUX NQAB DER QWW MLP QWW TCRK MLP CYA ACQ REUX RJGA MIZ LY;0;16;0xFFFF;0xFFFF;texto;no;;;;;;;;;;;;
H6;1667;IMP QWW SGT GAI EDJ MNU FJX DJ FTHX MIZ ACLZ AC NQAB AC ACQ EF EF AT DJ RJGA AT CR ZKX FJX FTHX CR OFU EDJ XXVD FD MIZ PM FOJC IMP MPH AAWD ZKX ZKX CR REUX JMHU SY JL LR NJ XXVD ENJ CQD TCRK NJ HMIC AC CQD REUX FJX MIZ TCRK EF REUX BUG DJ EF AQ IMP HMIC;0;16;0xFFFF;0xFFFF;texto;no;;;;;;;;;;;;
H6;1668;NJ EDJ AAWD NQAB BUG EDJ EDJ FD DJ ACLZ AC OBUE FJX QRW UK OP PM LY IMP EF ENJ XSK ZR KV CYA EF ACQ XM KV JMHU FD PM SY LY NQAB OBUE ZKX FOJC AAWD KT ACQ IMP OBUE EF OFU UK FD IHI LY UK DJ CH LR UIMC AT KRKK EDJ REUX QASH DFE QWW AAWD AC PM LY;0;16;0xFFFF;0xFFFF;texto;no;;;;;;;;;;;;
H6;1669;CQD GAI EF FD OBUE MNU XSK PH CYA ENJ IMP HMIC EF REUX JMHU FTHX CH IHI AC JMHU ZKX AC OFU HMIC LY HMIC OP CYA OP BUG FJX ENJ IHI HMIC AAWD EF DFE OBUE CQD QRW JL TCRK TCRK OP XSK QWW FJX PH PH LY FOJC ZKX ENJ MPH NJ FOJC NJ DJ ACQ CH MFKX OP;0;16;0xFFFF;0xFFFF;texto;no;;;;;;;;;;;;
H6;1670;MPH IHI UIMC LAX REUX DJ CQD NJ OP MAIP KV RJGA TCRK AC TCRK CQD LY UIMC ENJ MLP LAX MLP QRW OP MAIP DER AQ KRKK FJX ACQ MNU PH QRW JMHU JMHU ENJ IHI JL OBUE PH XSK BUG MAIP AQ UIMC UK PM CH AQ NJ LAX KRKK FD OP JL PM CH QASH PM AT RJGA OFU BUG MNU MLP;0;16;0xFFFF;0xFFFF;texto;no;;;;;;;;;;;;
H6;1671;ZR NQAB EDJ MAIP LY FTHX ZKX UIMC QRW KT FOJC OBUE MIZ JMHU HMIC QRW REUX IHI XSK MPH MPH BUG IHI FD KV FJX FJX HMIC DER XXVD FTHX TCRK BUG QRW EF UIMC BUG KT MNU PM JL OBUE AC FOJC QRW LY NJ OP MLP RJGA AT FTHX XSK XXVD CYA OP BUG EDJ MLP REUX;0;16;0xFFFF;0xFFFF;texto;no;;;;;;;;;;;;
H6;1672;ACQ XM PH GAI IHI KT XM GAI IMP AC LY IMP RJGA JL KV IHI FD MNU FOJC UIMC CQD MPH OBUE ZR LR AQ PM LAX KRKK DJ BUG SGT FD SGT ZKX DER JL KRKK MIZ FD FOJC JL MAIP CR XSK TCRK SY FTHX DJ TCRK LAX XXVD DER NJ ACLZ JMHU AAWD AC LY QWW ENJ EF IMP KT;0;16;0xFFFF;0xFFFF;texto;no;;;;;;;;;;;;
H6;1673;REUX SGT XSK ZR REUX MPH MFKX MPH ACQ HMIC DJ AQ OBUE KV DER PH ACLZ OBUE MAIP LAX LAX CH NJ AAWD UIMC KRKK ACQ XSK BUG MIZ SY DJ MAIP SGT QWW IMP QRW NQAB IHI XXVD PH QASH AAWD DER TCRK KV PM OP GAI OBUE MFKX FTHX AT XXVD LR QWW FD TCRK HMIC;0;16;0xFFFF;0xFFFF;texto;no;;;;;;;;;;;;
H6;1674;MAIP FD UIMC IHI PM AQ QRW ZKX IHI EF NJ AC AC HMIC QASH AT QRW RJGA DFE AC DFE FTHX MIZ DJ ZKX GAI REUX QRW AC CYA GAI TCRK KRKK AT XSK GAI HMIC JL CH UIMC GAI AT OP QWW XXVD EDJ KV KRKK AC PM SY LY QWW OFU ACQ IHI PM PM IHI FJX MIZ EDJ MPH MPH FOJC;0;16;0xFFFF;0xFFFF;texto;no;;;;;;;;;;;;
H6;1675;MPH RJGA LR OFU KV GAI OFU ZKX DJ AAWD GAI KT LAX AAWD XXVD UIMC CH KT SY BUG MAIP QRW ENJ XSK SGT DFE SY CR XSK UK MFKX EF TCRK QWW EDJ FOJC MFKX LAX PH UK IMP RJGA TCRK ZKX JL CH SY XXVD ACQ KT PM IHI OFU KV HMIC BUG JL NJ NQAB XSK DFE ZKX MNU;0;16;0xFFFF;0xFFFF;texto;no;;;;;;;;;;;;
H6;1676;SGT BUG SGT AQ QASH PH MPH PH CR CQD ZKX CQD FD QWW UIMC CH JMHU UK AAWD IHI JMHU MIZ AAWD FOJC PH MAIP LY XM AC EDJ JMHU REUX SGT KRKK LR MAIP CH OP ZKX XXVD MNU PH MFKX KV KRKK DER LR FTHX EDJ QRW PH LY FD CYA ZKX ZR UK XSK XSK MPH JMHU IHI KV UIMC;0;16;0xFFFF;0xFFFF;texto;no;;;;;;;;;;;;
H6;1677;SGT MFKX MNU QRW MPH QWW PM MNU ZR ZR XM NQAB AC FD UK FJX ACLZ JMHU IMP CQD EF LR JL MLP LAX FD SGT MPH EF CYA ENJ FTHX AC QWW JMHU NJ UIMC AQ QASH CYA MNU LR RJGA PH MIZ MIZ AC NQAB DJ IHI OFU NQAB KT SGT JL JMHU AAWD EDJ BUG AAWD MAIP UIMC UIMC KT QWW;0;16;0xFFFF;0xFFFF;texto;no;;;;;;;;;;;;
H6;1678;REUX RJGA EF AC OBUE EF EDJ UIMC MLP AT EF MIZ RJGA MPH KRKK SGT MFKX KRKK QRW XSK BUG ZR JMHU LY LR AT SY FTHX XSK BUG AC TCRK MAIP XXVD MLP DJ QASH OP AT XM AC AT UIMC XSK LY BUG DFE EDJ TCRK FTHX GAI MPH FTHX PH REUX OBUE QWW MPH FTHX DFE FD;0;16;0xFFFF;0xFFFF;texto;no;;;;;;;;;;;;
H6;1679;XSK OBUE FD LR MFKX MNU FJX KT XXVD IMP MNU MFKX CR XM AAWD MAIP KRKK MAIP MAIP OP CYA NQAB EDJ NJ XSK PH DJ JMHU EDJ AT KV OBUE IMP ENJ QASH MLP UK OP OFU JMHU RJGA MLP DFE MIZ FTHX DJ PH AC TCRK QWW GAI UK UK IMP EDJ UK UIMC KV FJX AAWD ZR;0;16;0xFFFF;0xFFFF;texto;no;;;;;;;;;;;;
H6;1680;AAWD ZR LR UK MFKX RJGA DJ KV XXVD DFE ENJ REUX ACLZ NQAB DFE KT SY CR GAI OFU LY NQAB AAWD XM UK DJ KV AAWD MIZ XSK GAI REUX CQD DFE CH EDJ ACLZ CR FTHX CYA MIZ ACQ PH FTHX FD IHI AAWD ACLZ SGT REUX CQD MFKX ZKX GAI DER TCRK CR DER ZR SGT AQ IHI KRKK;0;16;0xFFFF;0xFFFF;texto;no;;;;;;;;;;;;
H6;1681;MLP SY NJ KV UK FTHX AC MLP SGT OBUE QASH MAIP MIZ EDJ UK ZR QWW DER AQ LAX LY DER JL XM PH EF AAWD FOJC FD FOJC LY OP UK ACQ JL XM REUX CQD BUG FJX ZR XSK QRW MIZ REUX AQ FTHX CQD FTHX AAWD XXVD AC EF HMIC BUG RJGA UIMC MFKX JMHU OFU NJ IMP RJGA;0;16;0xFFFF;0xFFFF;texto;no;;;;;;;;;;;;
H6;1682;RJGA BUG AQ CYA XM REUX AQ MAIP SGT EF FTHX XSK NJ TCRK GAI MFKX FD ACLZ CQD MAIP CQD KV BUG ZR EDJ EDJ XXVD SY JL LR SGT MIZ UIMC REUX LR FOJC EF NJ LAX XM FJX TCRK ZR JMHU SGT SGT MAIP REUX ENJ UIMC NQAB DER ENJ REUX DFE AAWD AQ MLP AQ;0;16;0xFFFF;0xFFFF;texto;no;;;;;;;;;;;;
H6;1683;FOJC CYA HMIC PM EF NQAB AQ EDJ XM KRKK MIZ REUX REUX CQD OP GAI KV EF XXVD AAWD NQAB QRW CR PM UK LAX MAIP LAX IHI ZKX RJGA ZR UIMC NJ UK CQD EDJ AC MPH UIMC IMP QWW CH DER FD FJX FD SGT PM REUX ZR ENJ FD NJ EDJ ZKX FTHX PH ZR QASH CYA UK JMHU ACLZ;0;16;0xFFFF;0xFFFF;texto;no;;;;;;;;;;;;
H6;1684;EDJ FD DJ MIZ ZR DJ ENJ KRKK SY DER EF JL ACQ CH BUG QRW NQAB IHI IHI LR EF MPH FTHX AAWD MFKX FD CQD MFKX EDJ ACQ MAIP JL DJ DJ NQAB UIMC TCRK MIZ MIZ AAWD QASH ZKX JL AC OFU XSK LY DFE AAWD IMP IHI IMP AQ EF TCRK ACQ FJX QWW PM UK XXVD SY LR AT;0;16;0xFFFF;0xFFFF;texto;no;;;;;;;;;;;;
H6;1685;ENJ PM AT MNU OFU IMP FOJC IHI QASH ACQ ACLZ LR MIZ SGT ACQ CQD FOJC GAI QWW ZR ACQ KV XXVD PH AAWD OFU OFU TCRK MIZ UK DER KT FTHX AC MAIP OP CR MAIP IHI KRKK CQD DER AQ FTHX MFKX OP FD QRW LAX CR KRKK NJ PM PM DFE MNU ACQ ZKX XSK SGT KV IMP UIMC NQAB;0;16;0xFFFF;0xFFFF;texto;no;;;;;;;;;;;;
H6;1686;CQD GAI FOJC IHI DER MIZ PH FJX OFU XSK PM CQD ZKX CQD AC OFU DER MAIP AT FOJC FJX DER RJGA NQAB QWW SY AQ EF BUG PH SY XM SY LAX KT ENJ AC EDJ BUG ACLZ AQ KV REUX SGT QASH QASH KV EDJ DFE QWW XSK BUG XXVD OP ZR MNU OP MPH PM OP UK OP EF UIMC ZR;0;16;0xFFFF;0xFFFF;texto;no;;;;;;;;;;;;
H6;1687;QRW PM JMHU FJX LR EDJ XM MIZ ZKX JMHU CH DER KT KRKK IHI OFU IHI CH NJ UK ZKX LY OFU TCRK ACLZ FTHX GAI JL IMP ZKX XSK MFKX SY OFU JL JMHU NJ PH DFE AT QRW IHI XXVD UIMC SY UIMC KV ENJ TCRK FOJC AC MAIP SY ACLZ OFU MIZ ENJ RJGA CH CQD KRKK CH OP EF LAX;0;16;0xFFFF;0xFFFF;texto;no;;;;;;;;;;;;
H6;1688;KRKK QRW QWW QASH JMHU NQAB SGT AC DJ MNU JL BUG XXVD XSK AAWD CYA XM MLP CR MFKX MPH LR FTHX MPH UIMC EDJ KV ACQ SGT SGT FOJC EF PM QRW ENJ CQD CQD EF MIZ MLP OBUE EDJ DFE BUG PM AQ MFKX OBUE DER ZR DER MLP IHI DFE LAX TCRK DFE JMHU SGT CYA QRW;0;16;0xFFFF;0xFFFF;texto;no;;;;;;;;;;;;
H6;1689;KV XM JMHU DFE REUX FTHX FTHX MIZ IMP OBUE KV GAI JL PH AQ PM EF LR QRW FOJC FTHX MNU LY LR GAI IMP DFE XM KV AT BUG SY QRW XM KT OFU LR CYA PM QASH UK UIMC JL ACLZ DJ MFKX FD FJX ZR ACLZ QASH MLP JL SGT ACLZ EF KRKK ENJ QWW JMHU HMIC XSK MAIP QASH CR;0;16;0xFFFF;0xFFFF;texto;no;;;;;;;;;;;;
H6;1690;AAWD NQAB AT CQD NQAB MAIP OP NQAB XXVD ACQ SGT EF MPH UK SGT ZKX OFU REUX SY JL LR ZKX AAWD REUX CH QWW MPH PH MLP PH OP JL MLP PM AC AAWD UK MIZ NQAB SY ACQ UIMC RJGA LY KV KRKK XXVD LAX JL OFU LY XXVD MAIP ENJ UK JL FOJC QASH FTHX REUX BUG UK;0;16;0xFFFF;0xFFFF;texto;no;;;;;;;;;;;;
H6;1691;OP XSK XSK OFU AQ EF OP PM MPH DFE MFKX XSK MPH IHI JMHU CYA SY MFKX MFKX REUX UK JL LAX FJX XXVD AAWD DJ FJX EDJ OP MFKX XM KT OFU OP AC CQD JMHU SY LAX CYA TCRK JMHU ZR OP FD BUG CH NQAB TCRK KT MAIP LY EF NJ AC SY FOJC XXVD EF NJ XM NJ ACLZ UIMC;0;16;0xFFFF;0xFFFF;texto;no;;;;;;;;;;;;
H6;1692;UIMC CR OFU OBUE CH EDJ PH OBUE SY JMHU IMP ZKX CQD KRKK HMIC XM PH HMIC AT FJX PM AQ MNU ACLZ BUG UIMC LY PM PM IHI LR XSK GAI AAWD MAIP BUG MIZ ZR SY GAI ACLZ SGT IMP ZKX DJ ENJ GAI ENJ ZR XSK EF RJGA MLP NQAB NJ ACQ XXVD RJGA CQD CH JMHU ACQ;0;16;0xFFFF;0xFFFF;texto;no;;;;;;;;;;;;
H6;1693;MPH CR QRW QASH XM RJGA XSK PM LAX UK LAX AAWD SGT BUG NQAB DER OP AQ MAIP IMP CR PM OP JMHU DFE XM MPH ZR LR QWW NJ IHI MPH FTHX DFE DFE DFE FOJC MLP GAI PH QASH XXVD AQ UK FD AT KV LR REUX ZR ZKX MLP CH ZR QRW DFE KRKK QWW MLP IHI DFE AAWD ZR IHI;0;16;0xFFFF;0xFFFF;texto;no;;;;;;;;;;;;
H6;1694;AQ OFU PM MFKX UK HMIC MLP BUG FD DJ EF XM DER QASH PM OP QRW SGT PM REUX PH JL OP QRW FOJC MIZ ZKX EF OFU MIZ CR LY JL REUX LAX JMHU UIMC ACQ XSK LAX RJGA HMIC ACQ UIMC FD KRKK LR JL IMP HMIC MFKX UK OP AAWD XXVD FD XSK AT MLP UK BUG FTHX AAWD EF;0;16;0xFFFF;0xFFFF;texto;no;;;;;;;;;;;;
H6;1695;UK CR QASH LAX AAWD NJ CH CYA MNU LY MAIP FOJC MLP FTHX ZR EF LAX MFKX NJ XSK SGT FD OBUE AC KT MNU FJX FTHX FOJC OBUE UK FTHX PH ZR KRKK KV ACQ JMHU KT OFU QWW MLP XSK TCRK OP MIZ EDJ AT MIZ GAI KT LR QASH XSK SGT UK JL OBUE EF EDJ LAX LY ACLZ NJ;0;16;0xFFFF;0xFFFF;texto;no;;;;;;;;;;;;
H6;1696;UK AQ AC REUX UK XM JMHU XSK FD KT UK ZKX MIZ LY XSK JMHU REUX MAIP OBUE ENJ DJ KT CR DJ OP DER ACQ MLP EF SGT MIZ MLP DJ MLP AAWD CQD PM AQ KT HMIC CH EDJ MNU OFU ACLZ CH ACLZ MFKX SY ZKX KRKK FD SGT NQAB GAI QWW AC GAI REUX MAIP SY MLP SGT AQ MPH;0;16;0xFFFF;0xFFFF;texto;no;;;;;;;;;;;;
H6;1697;NJ JL AT PM PH ENJ MNU RJGA DJ KV DJ LR BUG SGT XSK QASH CH AQ XM LAX AAWD KV ZR XXVD MAIP ZKX REUX EDJ XXVD CR DFE XM OFU DJ AT QWW LY XM AQ EDJ LR IMP PM QRW FOJC IHI MFKX TCRK MAIP OP OFU CR KT AT MFKX DER GAI REUX SGT PM XSK KV ENJ UIMC TCRK;0;16;0xFFFF;0xFFFF;texto;no;;;;;;;;;;;;
H6;1698;XM FD MLP KT JL MNU XSK XM OFU FTHX KRKK CQD UK QRW NQAB BUG FJX TCRK BUG CYA ZKX JL CQD REUX XSK KRKK MLP CH CR MNU MLP QRW KT HMIC FD KV ACLZ IHI EDJ ACQ CQD FD GAI KT LR UK LR CYA REUX NQAB MLP DFE KRKK KRKK AQ LY GAI FJX ZKX JMHU FTHX KT FOJC;0;16;0xFFFF;0xFFFF;texto;no;;;;;;;;;;;;
H6;1699;MNU OP PM EF SY PM CH XSK LAX ZKX OP RJGA QWW OP AC PM OBUE OBUE REUX FJX PM CYA FTHX LR FTHX SY LAX LAX GAI MIZ FD KT MPH MPH KRKK MFKX ZKX LR KV LY IMP MPH CH HMIC EDJ FOJC LAX FOJC EDJ QWW MFKX JMHU CQD CR ACQ QRW QWW RJGA FD QRW MFKX FTHX;0;16;0xFFFF;0xFFFF;texto;no;;;;;;;;;;;;
H6;1700;IHI ENJ AT NJ DFE BUG ENJ UK TCRK MPH CYA ACQ LAX UK ZKX AC BUG XSK ZR MAIP FD OP XXVD SY MIZ LR LAX ZKX CQD PM RJGA HMIC CH ZR DFE DJ IHI MNU MIZ PM OFU ZR XXVD AC FTHX ZR NQAB OBUE KRKK GAI QASH JL UK PH KRKK BUG KRKK ENJ CR REUX HMIC JMHU CR AC;0;16;0xFFFF;0xFFFF;texto;no;;;;;;;;;;;;
H6;1701;ACQ JMHU IHI DER CH CQD AQ QASH EDJ IHI SY NQAB PH ACLZ OFU EF AQ NQAB MPH PH UK MLP DJ ZKX LR NQAB PM AC KV XXVD ZR NJ MLP OP GAI OFU XSK DJ LR RJGA LR QRW LY QRW CH MNU AC REUX LAX ENJ PH OFU HMIC NQAB MAIP HMIC MAIP CYA OFU DJ MAIP KV DER QRW;0;16;0xFFFF;0xFFFF;texto;no;;;;;;;;;;;;
H6;1702;QASH UK SGT BUG FOJC CYA QRW DJ IHI CR CH HMIC ZR SY DJ MAIP EF FJX SY KT QRW HMIC XXVD MNU MIZ QWW ZR AC MFKX EDJ KRKK OFU AQ HMIC FTHX ACQ UK AC JMHU MFKX KV NJ OFU PH RJGA ACQ OFU SGT TCRK LR DJ KV OP SY REUX MLP IMP OFU AAWD IHI CQD XM EDJ;0;16;0xFFFF;0xFFFF;texto;no;;;;;;;;;;;;
H6;1703;EDJ AQ OFU GAI ZR KV ACQ ZR BUG IMP BUG QRW NJ MLP CQD AC NJ XXVD OP FTHX CR JL FOJC CR OBUE MAIP MPH AT CQD MFKX NJ HMIC KT PM KV XSK QWW OBUE NJ LY BUG MFKX AAWD AAWD LAX XM AQ PM XM GAI UK HMIC HMIC QASH ACQ SY FD KT PM KRKK XSK MLP LY FJX CYA;0;16;0xFFFF;0xFFFF;texto;no;;;;;;;;;;;;
H6;1704;CR SGT KV REUX MNU EDJ PM FJX FJX AQ QRW AC DJ FD REUX CYA SGT IHI XSK UK FOJC KV UK FOJC UK FTHX XSK OFU LY MFKX TCRK MLP SGT FD SY OBUE SGT CR BUG QASH XM DFE FJX LY CQD FD ZKX EDJ XM MPH FD LAX FTHX DFE AQ EF KV KV FTHX AT XM AAWD RJGA FJX;0;16;0xFFFF;0xFFFF;texto;no;;;;;;;;;;;;
H6;1705;NQAB LY KT CH REUX HMIC CYA BUG OP LR LAX MIZ UIMC ACLZ GAI FOJC NQAB ACLZ ACLZ GAI JL GAI OFU MNU QWW JL RJGA BUG LR HMIC FOJC ZKX FJX MLP MNU JL JL LY LR KT BUG UIMC EF PH FOJC FTHX KRKK AT EDJ FJX DJ OFU DFE DFE AAWD LY OFU LAX FD SY QWW;0;16;0xFFFF;0xFFFF;texto;no;;;;;;;;;;;;
H6;1706;IHI UK LY OBUE LY SGT PH OBUE ACQ XXVD PM CH QWW TCRK MPH NQAB CR XM SY KRKK CH AT MIZ MFKX QASH KV JL MLP RJGA XM UIMC MFKX IHI ZKX OFU IMP DER REUX OP MFKX LR DER MPH OBUE FJX XXVD ZR CR FOJC CH KRKK ENJ CYA DJ IHI OP ACLZ JL QWW MAIP MPH BUG KT;0;16;0xFFFF;0xFFFF;texto;no;;;;;;;;;;;;
H6;1707;QWW RJGA ACLZ OP REUX IMP LY AT CR QRW DFE MFKX FOJC JMHU ZKX MNU ZR PM SGT FOJC REUX DJ TCRK AT DFE ENJ DJ AAWD TCRK EDJ MNU IMP ZR XSK QRW OP FJX DJ CQD MLP ACLZ PM DFE IHI JMHU MLP MPH LY AQ TCRK AQ FOJC HMIC DER FOJC NJ PM JMHU LR CQD MNU UIMC;0;16;0xFFFF;0xFFFF;texto;no;;;;;;;;;;;;
H6;1708;XXVD FTHX ZR FJX FD NJ QRW MPH DFE MPH CH ZR HMIC CR EF CYA SGT GAI ACQ GAI LY MPH KV QASH IMP DER AAWD LAX AT ZKX OBUE ZKX SY JMHU GAI MFKX LY ZKX LY JL EF CR DFE XXVD CYA XSK REUX DER AQ LR FOJC JMHU UK OFU EF MNU UIMC FOJC QRW AC TCRK FJX OBUE QASH AC;0;16;0xFFFF;0xFFFF;texto;no;;;;;;;;;;;;
H6;1709;FD LR DFE OBUE AQ UK QRW FD PH RJGA FTHX LAX XSK XXVD TCRK ZR FD AQ ZR OP GAI MAIP BUG AC CR UIMC XXVD NQAB ENJ FOJC KV DFE REUX TCRK MIZ KV TCRK LAX QWW JMHU RJGA LAX AQ FJX DFE REUX CYA UIMC MPH REUX AT XSK MIZ QASH CYA AC CYA KV DFE RJGA XM QWW FTHX;0;16;0xFFFF;0xFFFF;texto;no;;;;;;;;;;;;
H6;1710;LAX KV KV MLP MAIP MIZ UIMC KT LAX CYA ZKX IHI MIZ KT XM XSK FOJC JL DER PM GAI FD NJ JMHU DJ CQD PM SGT CH SY LR ACQ EDJ XM UK TCRK LY MNU LAX QWW OP FD MPH FD CQD QRW QASH REUX DER KT MPH JL QWW XM KV MAIP OP AQ EF ACLZ JL KRKK CR ZR OBUE;0;16;0xFFFF;0xFFFF;texto;no;;;;;;;;;;;;
H6;1711;LY FOJC AAWD DFE LY OFU CQD XM OBUE BUG CR XSK CYA ACQ UIMC EF JL JMHU GAI JMHU JL OP BUG NJ XSK BUG IHI CH PM EDJ MIZ AC LR EF XM EDJ ACQ MIZ NQAB SGT ZKX LR QRW QWW HMIC SY MNU PH RJGA LR UIMC ZR ENJ CYA SGT ACLZ KV DFE JMHU EF ZKX MLP MNU CQD DFE;0;16;0xFFFF;0xFFFF;texto;no;;;;;;;;;;;;
H6;1712;ACLZ LY KRKK PH MIZ FJX NJ AC ZR FD XM IHI FOJC DER KRKK ZKX RJGA ZR SY KT ZKX NJ AC HMIC KRKK OBUE JL AAWD FTHX UIMC AAWD REUX OFU DFE RJGA IHI FD KT MAIP MFKX CH REUX FD ZR OFU BUG LAX OP AT FD XSK MAIP MFKX ENJ PM QRW UK CYA PM IHI SGT;0;16;0xFFFF;0xFFFF;texto;no;;;;;;;;;;;;
H6;1713;TCRK GAI AAWD CQD ACQ REUX IMP FTHX JL JMHU FD BUG MPH EDJ AT RJGA CQD AT ACQ LR KV IMP IMP QRW OBUE AQ IHI JL DFE KV AQ XSK SGT CYA CH FOJC CQD DFE AC AQ ACQ RJGA FTHX IHI MAIP PH MFKX SY IHI EDJ BUG REUX CYA AT ZKX AT FOJC JMHU BUG LAX AC SGT CR KV;0;16;0xFFFF;0xFFFF;texto;no;;;;;;;;;;;;
H6;1714;ZR MNU ACLZ MIZ JMHU UK KV SGT QWW XM DFE SGT AT UIMC KT OFU PM AQ ACQ ENJ FOJC OFU SY JMHU UK OP CYA REUX XM NJ LY ZR ACLZ MPH LAX CH NJ AQ OP NJ DFE KRKK ACLZ ACQ PH EF MIZ IHI HMIC MLP TCRK CQD JL FTHX ZKX EDJ KT RJGA OBUE FJX TCRK KV AT RJGA KRKK;0;16;0xFFFF;0xFFFF;texto;no;;;;;;;;;;;;
H6;1715;DFE FJX DER REUX AQ KT QWW LAX PM CQD MLP HMIC AQ KT UIMC XXVD QRW JL NQAB REUX KV EF ACQ QASH XXVD DER RJGA FD AT IHI MNU RJGA SGT CH XSK QRW EF ENJ SY MPH OP TCRK FD NJ OFU KT KRKK EF DJ HMIC BUG XXVD GAI ACQ ACLZ JL KT SGT DER XXVD ENJ MPH QASH KT;0;16;0xFFFF;0xFFFF;texto;no;;;;;;;;;;;;
H6;1716;LY QASH XM EF MNU AAWD FTHX OFU IMP FTHX EDJ CQD QRW SY KV MAIP EF AQ EDJ XM QASH SY NQAB OP UIMC EF GAI ACQ MAIP DJ MNU BUG SY MAIP IMP CYA OFU IMP SY AC ACQ XM IMP ZR KV CR NJ AC KV RJGA IMP NJ IHI SGT MFKX QASH KT UIMC OFU LY AQ QRW AQ LY FJX;0;16;0xFFFF;0xFFFF;texto;no;;;;;;;;;;;;
H6;1717;CH ACLZ AAWD FJX QASH CR CH OP ZR MIZ MIZ FJX UK CQD EF OBUE GAI ACLZ JMHU ENJ PH AC ACLZ CQD AAWD ZKX CYA AAWD AT LAX CR AQ MLP HMIC OBUE ZKX IHI LY FOJC SGT SGT ENJ DJ QASH PH AT ENJ AT HMIC MAIP AAWD QASH BUG IMP NQAB QASH FOJC IMP MPH ACQ TCRK;0;16;0xFFFF;0xFFFF;texto;no;;;;;;;;;;;;
H6;1718;AT DFE OP CR MPH PH AT EF FOJC TCRK MAIP LAX EF MIZ JL MAIP DER SGT NJ QRW AQ FTHX KT MFKX PH CR IMP QASH HMIC MFKX XXVD FTHX CH LAX TCRK KV CQD REUX OP ACLZ KT ACLZ AQ GAI XSK KV KRKK CH NJ GAI SGT PM EDJ ACLZ OBUE MAIP BUG GAI FD MIZ MFKX XXVD;0;16;0xFFFF;0xFFFF;texto;no;;;;;;;;;;;;
H6;1456;@@@@@@@@@@@@@@@@@@@@@@@@@@@@@@@@@@@@@@@@@@@@@@@@@@@@@@@@@@@@@@@@@@@@@@@@@@@@@@@@@@@@@@@@@@@@@@@@@@@@@@@@@@@@@@@@@@@@@@@@@@@@@@@@@CONTINUE    @@@@@@@@@@@@@@@@@@ENTER @@@MANSION;2;14;0x0B4;0x0B4;texto;no;;;;;;;;;;;;
H6;1457;@@@@@@@@@@@@@@@@@@@@@@@@@@@@@@@@@@@@@@@@@@@@@@@@@@@@@@@@@@@@@@@@@@@@@@@@@@@@@@@@@@@@@@@@@@@@@@@@@@@@@@@@@@@@@@@@@@@@@@@@@@@@@@@@@@@@@@ENTER  @@@@@MANSION;0;16;0x0A4;0x0A4;texto;no;;;;;;;;;;;;
H6;1458;@@@@@@@@@@@@@@@@@@@@@@@@@@@@@@@@@@@@@@@@@@@@@@@@@@@@@@@@@@@@@@@@@@@@@@@@@@@@@@@@@@@@@@@@@@@@@@@@@@@@@@@@@@@@@@@@@@@@@@@@@@@@@@@@@@@@@@ENTER@@@@@@@ THE@MANSION @@@@@@@@@@@@@@@@@@@@@@@@@@@@@@@@@@@@YES @@NO;0;16;0x064;0x064;texto;no;;;;;;;;;;;;
H2;1;I OPENED THE MAILBOX AND LOOKED INSIDE TO FIND AN ENVELOPE WAITING FOR ME.;10;6;0x011E;0x0152;texto;;;;;;;;;;;;;
H2;2;A PLAIN BROWN ENVELOPE WITH MY NAME WRITTEN IN PEN: OTSUKI FUMINA.;2;14;0x0154;0x01A2;texto;;;;;;;;;;;;;
H2;3;THERE WAS NO RETURN ADDRESS. THIS WAS THE LETTER I HAD BEEN WAITING FOR.;8;8;0x01A4;0x01D4;texto;;;;;;;;;;;;;
H2;4;I RUSHED TO THE ELEVATOR TO RETURN TO THE APARTMENT ON THE THIRD FLOOR.;10;6;0x01D6;0x01FC;texto;;;;;;;;;;;;;
H2;5;I'M HOME! WRAPPED IN WARM LIGHT, MIKA CAME OUT TO GREET ME.;8;8;0x01FE;0x0246;texto;;;;;;;;;;;;;
H2;6;MIKA WAS MY COUSIN. WE WERE CLOSE IN AGE AND HAD ALWAYS BEEN CLOSE SINCE WE WERE YOUNG.;4;12;0x0248;0x02A8;texto;;;;;;;;;;;;;
H2;7;WHILE MY PARENTS WERE OVERSEAS FOR WORK, I WAS STAYING IN HER APARTMENT.;8;8;0x02AA;0x02E5;texto;;;;;;;;;;;;;
H2;8;2.@@@1.@@@WELC@@ I@@@@YES,@OME@@@ ATE@@I@@@@BACK@@ SOME@AM@@@.@@@@@ THIN@HUNG@YOU@@@ G,@@@RY.@@MUST@@ SORR@@@@@@BE@@@@ Y.@@@@@@@@TIRE@@ @@@@@@@@@@D.@@@@ @@@@@@@@@@DINN@@ @@@@@@@@@@ER@@@@ @@@@@@@@@@IS@@@@ @@@@@@@@@@READ@@ @@@@@@@@@@Y.@@@@;0;16;0x02E7;0x033F;pregunta;;4;1;4;1;4;2;1. YES, I AM HUNGRY.;2. I ATE SOMETHING, SORRY.;WELCOME BACK. YOU MUST BE TIRED. DINNER IS READY.;;;
H2;9;YES, I WAS STARVING. I HADN'T EATEN ANYTHING SINCE A SANDWICH AT LUNCH, SO MY STOMACH WAS EMPTY.;5;11;0x0349;0x0397;texto;;;;;;;;;;;;;
H2;10;WE SAT DOWN AT THE TABLE AND HAD DINNER, CHATTING ABOUT TRIVIAL THINGS.;7;9;0x0399;0x03E0;texto;;;;;;;;;;;;;
H2;11;BANG BANG BANG BANG! A DEEP, LOUD SOUND REPEATED OVER AND OVER, HURTING MY EARS.;3;13;0x03E8;0x055E;texto;;;;;;;;;;;;;
H2;12;MIKA COVERED HER EARS AND MADE A PAINED FACE.;12;4;0x0560;0x0576;texto;;;;;;;;;;;;;
H2;13;HERE IT GOES AGAIN...;7;9;0x0578;0x058C;texto;;;;;;;;;;;;;
H2;14;WE HAD BEEN TROUBLED BY THIS HEAVY SOUND FOR THE PAST FEW DAYS.;10;6;0x058E;0x05AD;texto;;;;;;;;;;;;;
H2;15;A FEW DAYS EARLIER, SOMEONE WHO MOVED IN NEXT DOOR STARTED BLASTING THEIR RADIO LATE AT NIGHT.;5;11;0x05AF;0x060C;texto;;;;;;;;;;;;;
H2;16;BUT THEY NEVER CAME OUT OF THEIR ROOM AT ALL.;12;4;0x060E;0x0626;texto;;;;;;;;;;;;;
H2;17;2.@@1.@@EVER@ JUS@WAI@Y@@@@ T@@@T,@@DAY!@ LEA@WAI@THIS@ VE@@T.@@TIME@ IT.@@@@@I'M@@ @@@@@@@@GOIN@ @@@@@@@@G@@@@ @@@@@@@@TO@@@ @@@@@@@@COMP@ @@@@@@@@LAIN@ @@@@@@@@!@@@@;3;13;0x0628;0x066A;pregunta;;3;1;3;1;4;1;1. WAIT, WAIT.;2. JUST LEAVE IT.;EVERY DAY! THIS TIME I'M GOING TO COMPLAIN!;;;
H2;18;WAIT! I HESITANTLY FOLLOWED AFTER MIKA, WHO SHOT OUT LIKE AN ARROW INTO THE HALLWAY.;7;9;0x0674;0x0792;texto;;;;;;;;;;;;;
H2;19;IN THE HALLWAY, MIKA YELLED AND BANGED ON THE NEIGHBOR'S DOOR, BUT NO ONE ANSWERED.;8;8;0x0794;0x07DE;texto;;;;;;;;;;;;;
H2;20;WE STOOD THERE FOR A WHILE, THEN BANG BANG... THE STEREO STOPPED AS SUDDENLY AS IT HAD STARTED.;5;11;0x07E0;0x082D;texto;;;;;;;;;;;;;
H2;21;MAYBE THEY THINK WE'RE JUST WOMEN AND LOOK DOWN ON US. MIKA INSULTED THE NEIGHBOR, FURIOUS.;8;8;0x082F;0x0861;texto;;;;;;;;;;;;;
H2;22;AFTER THAT THE STEREO DIDN'T START AGAIN, SO WE RETURNED TO THE APARTMENT, RELIEVED.;7;9;0x0863;0x089F;texto;;;;;;;;;;;;;
H2;23;AFTER THAT, I WENT BACK TO MY ROOM AND TOOK OUT THE ENVELOPE FROM EARLIER, OPENING IT RIGHT AWAY.;8;8;0x08A1;0x08EF;texto;;;;;;;;;;;;;
H2;24;OTSUKI-SAMA: I HAVE RECEIVED YOUR LETTER. I AM TERRIBLY SORRY. THE ONE CAUSING YOU TROUBLE IS PROBABLY THE FRIEND STAYING AT MY PLACE.;0;16;0x08F7;0x096F;texto;;;;;;;;;;;;;
H2;25;I AM VERY BUSY WITH WORK AND TRAVEL BETWEEN HOME AND WORK EVERY DAY, SO I HAD NO IDEA WHAT WAS HAPPENING THERE.;5;11;0x0971;0x09C1;texto;;;;;;;;;;;;;
H2;26;I WILL SPEAK TO MY FRIEND ABOUT THIS. BUT HE IS MY ONLY FRIEND. I DO NOT WANT TO DESTROY WHAT WE HAVE.;5;11;0x09C3;0x0A15;texto;;;;;;;;;;;;;
H2;27;I THINK WE WILL BE ABLE TO SORT THIS OUT. PLEASE GIVE ME A LITTLE TIME. KUBO TOSHIRO.;8;8;0x0A17;0x0A4A;texto;;;;;;;;;;;;;
H2;28;I HAD BEEN ABSORBED IN THE LETTER, BUT LOOKED UP IN SURPRISE. AGAIN? I SMILED BITTERLY AND OPENED THE CURTAIN.;3;13;0x0A4C;0x0AD0;texto;;;;;;;;;;;;;
H2;29;A CAT ON THE LEDGE STARED AT ME. A PET, BUT IT CAME FOR FOOD.;10;6;0x0AD8;0x0B0F;texto;;;;;;;;;;;;;
H2;30;THAT WAS FINE, BUT RECENTLY IT GOT INSIDE AND WENT BERSERK, BREAKING A FLOWER VASE MIKA TREASURED.;5;11;0x0B11;0x0B5A;texto;;;;;;;;;;;;;
H2;31;2.@@@1.@@@MIKA@@ IT'S@THEY@GETS@@ CUTE@SCOL@ANGR@@ SO@@@D@@@@Y@@@@@ I@@@@ME@@@EVER@@ FEED@SO@@@Y@@@@@ IT.@@I@@@@TIME@@ @@@@@DON'@I@@@@@ @@@@@T@@@@TRY@@@ @@@@@FEED@TO@@@@ @@@@@IT.@@FEED@@ @@@@@@@@@@THE@@@ @@@@@@@@@@CAT.@@;0;16;0x0B5C;0x0BB6;pregunta;;4;1;4;1;4;2;1. THEY SCOLD ME SO I DON'T FEED IT.;2. IT'S CUTE SO I FEED IT.;MIKA GETS ANGRY EVERY TIME I TRY TO FEED THE CAT.;;;
H2;32;THE CAT SEEMED HAPPY TO SEE ME, BUT I DIDN'T FEED IT AS MIKA HAD TOLD ME NOT TO. SORRY.;5;11;0x0BC0;0x0C56;texto;;;;;;;;;;;;;
H2;33;2.@@1.@@@@AFTER@ SYM@CRIT@@WATCH@ PAT@ICIZ@@ING@@@ HIZ@E@@@@@THE@@@ E@@@HIS@@@CAT,@@ WIT@INDE@@I@@@@@ H@@@CISI@@SAT@@@ HIM@ON.@@@DOWN@@ .@@@@@@@@@TO@@@@ @@@@@@@@@@WRITE@ @@@@@@@@@@A@@@@@ @@@@@@@@@@LETTE@ @@@@@@@@@@R.@@@@;0;16;0x0C58;0x0CD2;pregunta;;3;1;4;2;5;1;1. CRITICIZE HIS INDECISION.;2. SYMPATHIZE WITH HIM.;AFTER WATCHING THE CAT, I SAT DOWN TO WRITE A LETTER.;;;
H2;34;KUBO TOSHIRO-SAMA: THANK YOU FOR YOUR REPLY. I UNDERSTAND HOW YOU FEEL VERY WELL. I HAVE SOMEONE LIKE THAT TOO.;4;12;0x0CDC;0x0E77;texto;;;;;;;;;;;;;
H2;35;BUT BECAUSE OF THAT, WE ARE STILL BEING TROUBLED BY THAT STEREO AND NOTHING HAS CHANGED.;7;9;0x0E79;0x0EB4;texto;;;;;;;;;;;;;
H2;36;THIS IS AN APARTMENT BUILDING, SO I THINK YOU SHOULD CONSIDER THAT AND SPEAK TO YOUR FRIEND.;7;9;0x0EB6;0x0EFA;texto;;;;;;;;;;;;;
H2;37;IT DOESN'T MATTER IF IT TAKES TIME, BUT COULD YOU FIND THE COURAGE TO DO SO? OTSUKI FUMINA.;7;9;0x0EFC;0x0F35;texto;;;;;;;;;;;;;
H2;38;AFTER THAT, TOSHIRO AND I STARTED EXCHANGING LETTERS. IT TURNED OUT THE PERSON LIVING WITH HIM OWED HIM A LOT, SO HE DIDN'T WANT TO SCOLD HIM FOR HIS BEHAVIOR.;0;16;0x0F3E;0x0FC5;texto;;;;;;;;;;;;;
H2;39;AFTER SEVERAL LETTERS OF SUPPORT, IT SEEMED HE HAD FINALLY MADE UP HIS MIND.;10;6;0x0FC7;0x0FFA;texto;;;;;;;;;;;;;
H2;40;TONIGHT I WILL TELL MY ROOMMATE TO STOP USING THE STEREO.;10;6;0x1002;0x1035;texto;;;;;;;;;;;;;
H2;41;I THOUGHT ABOUT IT A LOT SINCE THEN AND FINALLY GATHERED THE COURAGE.;10;6;0x1037;0x105D;texto;;;;;;;;;;;;;
H2;42;IF HE IS TRULY MY FRIEND, SOMETHING LIKE THIS SHOULDN'T DESTROY OUR RELATIONSHIP. I THINK HE WILL HEAR ME OUT.;3;13;0x105F;0x10C2;texto;;;;;;;;;;;;;
H2;43;AFTER ALL, I HAVE NEVER TURNED HIM DOWN.;10;6;0x10C4;0x10E5;texto;;;;;;;;;;;;;
H2;44;SO PLEASE, WAIT JUST A LITTLE LONGER. KUBO TOSHIRO.;10;6;0x10E7;0x1117;texto;;;;;;;;;;;;;
H2;45;I WAS GLAD PEACE WOULD RETURN, BUT THEN THAT LOUD NOISE STARTED AGAIN. IT STOPPED JUST AS QUICKLY.;7;9;0x1119;0x1166;texto;;;;;;;;;;;;;
H2;46;SILENCE RETURNED AND I COULDN'T HELP BUT SMILE. THAT NIGHT I WENT TO BED RELAXED FOR THE FIRST TIME IN A LONG TIME.;7;9;0x116E;0x11BF;texto;;;;;;;;;;;;;
H2;47;I DON'T KNOW HOW LONG I SLEPT. WHEN I SUDDENLY WOKE UP, DARKNESS SURROUNDED ME. THE CAT CRIED ON THE BALCONY.;8;8;0x11C1;0x1202;texto;;;;;;;;;;;;;
H2;48;THE CAT WAS MAKING NOISE ON THE BALCONY.;12;4;0x1204;0x122D;texto;;;;;;;;;;;;;
H2;49;I WAS ANNOYED IT INTERRUPTED MY SLEEP, BUT I DIDN'T FEEL LIKE GETTING UP TO CHASE IT AWAY, SO I CLOSED MY EYES TO GO BACK TO SLEEP.;5;11;0x122F;0x128C;texto;;;;;;;;;;;;;
H2;50;2.@1.@GYA IT@A@@AAA 'S@SC@A!@ TH@RE@@@@ E@@AM@@@@ CA@?!@@@@ T.@@@@@@@;7;9;0x1291;0x12CE;pregunta;;2;1;2;1;3;0;1. A SCREAM?!;2. IT'S THE CAT.;GYAAAAA!;;;
H2;51;A SCREAM?! I SAT UP IN SURPRISE AND FROZE.;10;6;0x12D8;0x2681;texto;;;;;;;;;;;;;
H2;52;A FIGURE BATHED IN MOONLIGHT WAS REFLECTED THROUGH THE CURTAIN, LOOKING INTO MY ROOM FROM THE BALCONY. IT WAS CLEARLY NOT A CAT.;5;11;0x2683;0x26F3;texto;;;;;;;;;;;;;
H2;53;2.@@1.@@THE MIK@W-W@SHA A-C@HO@@DOW HAN@IS@@DID ?@@@IT?@NOT @@@@@@@@MOV @@@@@@@@E.@;5;11;0x26F5;0x2730;pregunta;;3;1;3;1;3;0;1. W-WHO IS IT?;2. MIKA-CHAN?;THE SHADOW DID NOT MOVE.;;;
H2;54;WHO IS IT? I WAS SO SCARED I COULDN'T MOVE.;10;6;0x273A;0x2936;texto;;;;;;;;;;;;;
H2;55;I DON'T KNOW HOW MUCH TIME PASSED, BUT THE SHADOW DISAPPEARED AS SUDDENLY AS IT HAD APPEARED.;8;8;0x2938;0x297F;texto;;;;;;;;;;;;;
H2;56;AS IF BREAKING FREE FROM A SPELL, I DOVE UNDER THE COVERS.;10;6;0x2981;0x29A8;texto;;;;;;;;;;;;;
H2;57;DAYLIGHT FILTERED THROUGH THE CURTAIN. SOMEHOW I HAD FALLEN ASLEEP.;8;8;0x29AA;0x2DB8;texto;;;;;;;;;;;;;
H2;58;STILL DAZED AFTER WAKING UP, I GOT UP AND FLUNG OPEN THE CURTAINS COVERING THE GLASS DOOR.;5;11;0x2DBA;0x2E0F;texto;;;;;;;;;;;;;
H2;59;KYAAAAA!;14;2;0x2E11;0x2E22;texto;;;;;;;;;;;;;
H2;60;I SCREAMED AT WHAT I SAW ON THE OTHER SIDE OF THE GLASS DOOR. IT HUNG FROM THE CLOTHESLINE ON THE BALCONY, BATHED IN THE MORNING SUN.;3;13;0x2E24;0x2EA3;texto;;;;;;;;;;;;;
H2;61;PERHAPS FROM THE WIND OR ITS OWN WEIGHT, THAT HAIRY THING SWAYED IN THE AIR.;7;9;0x2EA5;0x2EE2;texto;;;;;;;;;;;;;
H2;62;THE IMAGE OF THAT POOR CAT, SO FULL OF LIFE ON THE BALCONY UNTIL RECENTLY, WAS BURNED INTO MY EYES.;8;8;0x2EE4;0x2F1D;texto;;;;;;;;;;;;;
H2;63;WHAT'S WRONG?! MIKA HEARD MY SCREAMS AND CAME RUNNING TO MY ROOM. BUT THE MOMENT SHE SAW THE SCENE ON THE BALCONY, SHE FROZE AND HELD HER BREATH.;3;13;0x2F1F;0x2F97;texto;;;;;;;;;;;;;
H2;64;BEFORE OUR EYES, THE CAT HAD BECOME A MOTIONLESS THING, EYES WIDE OPEN, STARING AT THE EMPTY SKY WITHOUT BLINKING.;7;9;0x2FA8;0x2FF2;texto;;;;;;;;;;;;;
H2;65;THE SHOCK LEFT US UNABLE TO REACT. WE COLLAPSED IN THE LIVING ROOM WITHOUT A WORD, MIKA IN TOTAL SILENCE.;7;9;0x2FF4;0x304C;texto;;;;;;;;;;;;;
H2;66;NORMALLY I WOULD MAKE BREAKFAST BY THIS TIME, BUT I COULDN'T GET THE IMAGE OF THAT POOR CAT OUT OF MY HEAD, SO I HAD NO APPETITE AT ALL.;5;11;0x304E;0x30A3;texto;;;;;;;;;;;;;
H2;67;EVEN SITTING AT THE TABLE, WE STAYED SILENT FOR A WHILE. MIKA STARED AT THE CEILING WHILE I STARED AT THE TABLE, BOTH OF US LOST IN THOUGHT.;3;13;0x30A5;0x30FC;texto;;;;;;;;;;;;;
H2;68;WHO ON EARTH WOULD HAVE DONE SOMETHING LIKE THIS?;12;4;0x30FE;0x311B;texto;;;;;;;;;;;;;
H2;69;COULD IT HAVE BEEN THE FIGURE I SAW LAST NIGHT? COME TO THINK OF IT, I HADN'T TOLD MIKA ABOUT THAT YET.;8;8;0x311D;0x314E;texto;;;;;;;;;;;;;
H2;70;HEY, MIKA-CHAN... I TOLD HER ABOUT THE FIGURE I SAW ON THE BALCONY THE NIGHT BEFORE.;7;9;0x3150;0x318F;texto;;;;;;;;;;;;;
H2;71;SHE LISTENED TO MY STORY IN SILENCE WITH HER ARMS FOLDED, AND AS SOON AS I FINISHED, SHE SUDDENLY SPOKE UP.;7;9;0x3191;0x31D1;texto;;;;;;;;;;;;;
H2;72;IT'S SOMEONE'S CRUEL PRANK. A PRANK? YES! IT HAS TO BE THAT GUY NEXT DOOR! MIKA SLAMMED THE TABLE, FURIOUS.;3;13;0x31D3;0x3229;texto;;;;;;;;;;;;;
H2;73;JUST WHAT KIND OF PERSON IS HE?! HE'S THE ONE WHO STARTED ALL THIS! I WAS A LITTLE FRIGHTENED BY HER FURY.;7;9;0x322B;0x3271;texto;;;;;;;;;;;;;
H2;74;IN ANY CASE, WE SHOULD BE CAREFUL FROM NOW ON. YES, YOU'RE RIGHT. YOU TOO, SINCE YOU GET HOME LATE.;7;9;0x3273;0x32B2;texto;;;;;;;;;;;;;
H2;75;I NOTICED IT WAS PAST TIME TO GO TO SCHOOL, SO I HURRIED TOWARD THE STATION.;9;7;0x32B4;0x32F4;texto;;;;;;;;;;;;;
H2;76;I THOUGHT OF TOSHIRO AS I RAN. MAYBE HE HAD FAILED TO CONVINCE HIS FRIEND.;10;6;0x32F6;0x3321;texto;;;;;;;;;;;;;
H2;77;MAYBE THAT WAS WHY WHAT HAPPENED WAS SO TERRIBLE. EITHER WAY, I DECIDED TO WRITE ANOTHER LETTER WHEN I GOT HOME, AND GOT ON THE TRAIN.;3;13;0x3323;0x337D;texto;;;;;;;;;;;;;
H2;78;THAT DAY TOO, I ARRIVED WHEN THE SUN HAD ALREADY SET. OUT OF HABIT I CHECKED THE MAILBOX, AND INSIDE WAS A FAMILIAR ENVELOPE.;3;13;0x12D8;0x1355;texto;;;;;;;;;;;;;
H2;79;AS I RODE THE ELEVATOR UP, I FELT A LITTLE NERVOUS. WAS SOMETHING TERRIBLE WAITING FOR ME AGAIN?;5;11;0x1357;0x13AC;texto;;;;;;;;;;;;;
H2;80;THE HEAVY STEEL DOOR OPENED. BEFORE ME WAS THE USUAL SCENERY. I LAUGHED AT MY OWN ANXIETY.;7;9;0x13B4;0x13F6;texto;;;;;;;;;;;;;
H2;81;I WALKED DOWN THE COLD HALLWAY LIT BY FLUORESCENT LIGHTS AND OPENED THE APARTMENT DOOR. I'M HOME!;8;8;0x13F8;0x144E;texto;;;;;;;;;;;;;
H2;82;ONLY DARKNESS WAITED FOR ME THERE. NEITHER THE USUAL WARM LIGHT NOR MIKA CAME TO GREET ME.;7;9;0x1450;0x3692;texto;;;;;;;;;;;;;
H2;83;MAYBE SHE HAD GONE OUT? BUT IT WASN'T LIKE HER TO NOT LEAVE ME A MESSAGE.;10;6;0x3694;0x36B5;texto;;;;;;;;;;;;;
H2;84;I CHECKED THE ANSWERING MACHINE. NOTHING. I TURNED ON THE TV TO CHASE AWAY MY LONELINESS.;8;8;0x36B7;0x36F1;texto;;;;;;;;;;;;;
H2;85;LAUGHTER FROM THE HOST AND AUDIENCE FILLED THE ROOM. I WATCHED FOR A WHILE, BUT WITH NO SIGN OF MIKA'S RETURN, I FELT MORE AND MORE ALONE.;5;11;0x36F3;0x3767;texto;;;;;;;;;;;;;
H2;86;MAYBE I SHOULD SHOWER. I WENT TO THE BATHROOM AND TURNED ON THE WATER. AT FIRST LUKEWARM, IT GRADUALLY GOT HOTTER.;7;9;0x3769;0x37B5;texto;;;;;;;;;;;;;
H2;87;I STEPPED UNDER THE WATER, LETTING IT WASH OVER ME. MY NERVES CALMED DOWN AS I SHOWERED.;3;13;0x37B7;0x3823;texto;;;;;;;;;;;;;
H2;88;MIKA... WHERE COULD SHE BE, AND WHAT WAS SHE DOING? SUDDENLY I HEARD SOMETHING RING, MIXED WITH THE SOUND OF FALLING WATER.;5;11;0x3825;0x3875;texto;;;;;;;;;;;;;
H2;89;WAS THAT THE PHONE IN THE LIVING ROOM?;10;6;0x3877;0x38A8;texto;;;;;;;;;;;;;
H2;90;2.@@1.@@WAS STA@LEA@THA Y@@@VE@@T@@ IN@@THE@THE THE@BAT@LIV BAT@HRO@ING HRO@OM.@ROO OM.@@@@@M@@ @@@@@@@@PHO @@@@@@@@NE?;5;11;0x38AA;0x38EB;pregunta;;3;1;3;1;3;0;1. LEAVE THE BATHROOM.;2. STAY IN THE BATHROOM.;WAS THAT THE LIVING ROOM PHONE?;;;
H2;91;I HASTILY WRAPPED MYSELF IN A TOWEL AND RUSHED OUT OF THE SHOWER.;3;13;0x38F5;0x397C;texto;;;;;;;;;;;;;
H2;92;I RAN TO THE LIVING ROOM AS FAST AS I COULD. THE MOMENT I PICKED UP THE RECEIVER, THE PHONE WENT SILENT. MAYBE IT WAS MIKA. WHAT BAD TIMING...;5;11;0x397E;0x39E3;texto;;;;;;;;;;;;;
H2;93;IT STARTED RINGING AGAIN. HELLO? ONLY SILENCE CAME FROM THE RECEIVER.;10;6;0x39E5;0x3A20;texto;;;;;;;;;;;;;
H2;94;I STOOD THERE FOR A MOMENT, BUT THE PERSON ON THE OTHER END SAID NOTHING. WORRIED AND NERVOUS, I HUNG UP THE PHONE.;5;11;0x3A22;0x3BAA;texto;;;;;;;;;;;;;
H2;95;NOT EVEN 10 SECONDS HAD PASSED WHEN IT STARTED RINGING AGAIN.;12;4;0x3BAC;0x3BD9;texto;;;;;;;;;;;;;
H2;96;2.@@1.@@@@MAYBE@ ANO@IT@@@@A@@@@@ THE@MIGH@@SILEN@ R@@@T@@@@@T@@@@@ SIL@BE@@@@CALL,@ ENT@MIKA@@BUT@@@ CAL@.@@@@@IT@@@@ L.@@@@@@@@COULD@ @@@@@@@@@@ALSO@@ @@@@@@@@@@BE@@@@ @@@@@@@@@@MIKA.@;0;16;0x3BDB;0x3C40;pregunta;;3;1;4;2;5;1;1. IT MIGHT BE MIKA.;2. ANOTHER SILENT CALL.;MAYBE A SILENT CALL, BUT IT COULD ALSO BE MIKA.;;;
H2;97;I HESITATED FOR A MOMENT, BUT IN THE END I NERVOUSLY PICKED UP THE RECEIVER.;10;6;0x3C4A;0x3C8A;texto;;;;;;;;;;;;;
H2;98;...HELLO? BUT THE PERSON ON THE OTHER END STAYED SILENT, SAYING NOTHING. SILENCE ENVELOPED ME COMPLETELY.;5;11;0x3C8C;0x3CF0;texto;;;;;;;;;;;;;
H2;99;2.@@1.@@AGA@ JUS@I@@@IN,@ T@@@CAN@THE@ QUI@'T@@PHO@ T@@@TAK@NE@@ IT@@E@@@STA@ ALR@THI@RTS@ EAD@S@@@TO@@ Y!@@ANY@RIN@ @@@@MOR@G..@ @@@@E.@@.@@@;4;12;0x3CF2;0x3D37;pregunta;;3;1;3;1;3;1;1. I CAN'T TAKE THIS ANYMORE.;2. JUST QUIT IT ALREADY!;AGAIN, THE PHONE STARTS TO RING...;;;
H2;100;IF I STAYED HERE ANY LONGER I WOULD GO CRAZY. UNTIL MIKA RETURNED, I DECIDED TO GO OUT, EVEN JUST TO A CONVENIENCE STORE. I QUICKLY PUT ON CLOTHES AND HEADED FOR THE FRONT DOOR.;2;14;0x3D41;0x407F;texto;;;;;;;;;;;;;
H2;101;AS I WAS ABOUT TO PUT ON MY SHOES, I HEARD FOOTSTEPS COMING FROM THE HALLWAY, A DRAGGING SOUND.;7;9;0x4081;0x40C3;texto;;;;;;;;;;;;;
H2;102;......THOSE FOOTSTEPS STOPPED RIGHT IN FRONT OF MY DOOR.;12;4;0x40C5;0x40DF;texto;;;;;;;;;;;;;
H2;103;SUDDENLY THE DOOR OPENED. I WAS STARTLED, BUT THE CHAIN WAS ON SO IT ONLY OPENED A LITTLE. WHEN I TRIED TO SEE WHO IT WAS THROUGH THE GAP, A HAND APPEARED AND TRIED TO TAKE THE CHAIN OFF.;0;16;0x14C3;0x155E;texto;;;;;;;;;;;;;
H2;104;I PEERED OUT THROUGH THE GAP.;12;4;0x1566;0x1579;texto;;;;;;;;;;;;;
H2;105;MIKA-CHAN? MIKA WAS STANDING OUTSIDE WITH A SURPRISED LOOK. WHEN SHE SAW ME, SHE SEEMED TO GET EVEN ANGRIER AND PUT HER HANDS ON HER HIPS.;3;13;0x157B;0x15E6;texto;;;;;;;;;;;;;
H2;106;HOW RUDE, I CAN'T GET IN IF YOU LEAVE THE CHAIN ON! S-SORRY. I QUICKLY TOOK IT OFF AND MIKA CAME IN.;3;13;0x15E8;0x163D;texto;;;;;;;;;;;;;
H2;107;A BANDAGE WAS WRAPPED AROUND HER RIGHT LEG. IT SEEMED TO HURT, BECAUSE HER FACE GRIMACED A LITTLE WITH EACH STEP.;2;14;0x163F;0x16B8;texto;;;;;;;;;;;;;
H2;108;ARE YOU OKAY? WHAT HAPPENED? A CAR HIT ME RIGHT AFTER I GOT ON MY BIKE. THE BRAKES DIDN'T WORK.;5;11;0x16BA;0x1709;texto;;;;;;;;;;;;;
H2;109;I WAS LUCKY THE CAR SUDDENLY SLAMMED ON THE BRAKES, OR...;10;6;0x170B;0x172E;texto;;;;;;;;;;;;;
H2;110;DIDN'T YOU NOTICE ANYTHING WRONG WITH THE BRAKES BEFORE? THEY WERE FINE UNTIL YESTERDAY. BUT WHEN I CHECKED, THE WIRE HAD BEEN CUT ON PURPOSE.;3;13;0x1730;0x1789;texto;;;;;;;;;;;;;
H2;111;I WAS SPEECHLESS. LUCKILY THE CAR STOPPED IN TIME, BUT ONE SECOND LATER...;7;9;0x178B;0x17D1;texto;;;;;;;;;;;;;
H2;112;HEY FUMINA, WHAT HAPPENED HERE? AS I WENT SILENT, MIKA ASKED ME. I TOLD HER ABOUT THE SILENT PHONE CALLS. MY BIKE AND THESE CALLS. THIS ISN'T JUST PRANKS ANYMORE.;0;16;0x17D3;0x185C;texto;;;;;;;;;;;;;
H2;113;WHO COULD IT BE? DO YOU THINK IT'S...? OF COURSE IT'S THAT GUY NEXT DOOR! MIKA SAID WITH CONTEMPT.;2;14;0x185E;0x18C2;texto;;;;;;;;;;;;;
H2;114;THE GUY NEXT DOOR... OH RIGHT, THE LETTER. I SUDDENLY REMEMBERED TOSHIRO'S LETTER. I TOOK IT OUT OF MY BAG. MIKA LOOKED AT ME WITH A STRANGE EXPRESSION.;3;13;0x18C4;0x1A1F;texto;;;;;;;;;;;;;
H2;115;FUMINA, WHAT IS...? HANG ON. I'LL EXPLAIN EVERYTHING LATER. I HELD MIKA BACK WITH MY HAND AND FINISHED TAKING OUT THE LETTER.;5;11;0x1A21;0x1A72;texto;;;;;;;;;;;;;
H2;116;OTSUKI FUMINA-SAMA: I MUST APOLOGIZE TO YOU. I TRIED MY BEST TO GET MY FRIEND TO STOP PLAYING THE STEREO SO LOUD, BUT HE WOULDN'T LISTEN TO ME.;2;14;0x1A74;0x1AE5;texto;;;;;;;;;;;;;
H2;117;ON THE CONTRARY, NOW THAT HE KNOWS IT UPSETS YOU, HE WANTS TO RETALIATE EVEN FURTHER.;9;7;0x1AE7;0x1B21;texto;;;;;;;;;;;;;
H2;118;I AM NO LONGER ABLE TO STOP MY FRIEND. TO BE HONEST, MY FRIEND IS ALSO ACQUAINTED WITH SOME VIOLENT PEOPLE.;7;9;0x1B23;0x1B67;texto;;;;;;;;;;;;;
H2;119;AT THIS RATE YOU WILL BE IN DANGER. PLEASE LEAVE RIGHT AWAY. KUBO TOSHIRO.;8;8;0x1B69;0x1BA5;texto;;;;;;;;;;;;;
H2;120;HEY FUMINA, WHAT IS THAT? MIKA ASKED ME IN AN ANNOYED VOICE AS I LOOKED OVER THE LETTER.;7;9;0x1BA7;0x1BEE;texto;;;;;;;;;;;;;
H2;121;I TOLD HER ALL THAT HAD HAPPENED AND HANDED HER THE LETTER.;10;6;0x1BF0;0x1C21;texto;;;;;;;;;;;;;
H2;122;SHE READ IT IN SILENCE AND WHEN SHE WAS DONE, EXPLODED WITH FURY. THIS IS NO JOKE! WHAT A THING TO SAY! HE'S THE ONE WHO MOVED IN AFTER US!;2;14;0x1C23;0x1C88;texto;;;;;;;;;;;;;
H2;123;I CAN'T STAND THIS ANYMORE. THIS IS WITHOUT QUESTION A CRIME. LET'S TALK TO THE LANDLORD. OR MAYBE WE SHOULD EVEN GO TO THE POLICE.;5;11;0x1C8A;0x1CDC;texto;;;;;;;;;;;;;
H2;124;WAIT, WAIT A MOMENT! WE DON'T HAVE PROOF THAT IT WAS THEM. BESIDES, THE ONE DOING THIS IS TOSHIRO-SAN'S FRIEND.;5;11;0x1CF3;0x1D3F;texto;;;;;;;;;;;;;
H2;125;I DON'T WANT TO GET TOSHIRO-SAN INVOLVED AND IN TROUBLE TOO.;10;6;0x1D41;0x1D5F;texto;;;;;;;;;;;;;
H2;126;FUMINA, YOU'RE TOO SOFT. THAT'S HIS PROBLEM, NOT OURS.;10;6;0x1D61;0x1D88;texto;;;;;;;;;;;;;
H2;127;I TRIED DESPERATELY TO CALM MIKA DOWN, BUT SHE WOULDN'T LISTEN.;8;8;0x1D8A;0x1DBC;texto;;;;;;;;;;;;;
H2;128;SO LET ME SEND JUST ONE MORE LETTER. TO PROPERLY CONVEY OUR INTENTIONS. AND IF THAT DOESN'T WORK... THEN WE GO TO THE POLICE.;3;13;0x1DBE;0x1E0D;texto;;;;;;;;;;;;;
H2;129;RELUCTANTLY, MIKA NODDED.;10;6;0x1E0F;0x1E2D;texto;;;;;;;;;;;;;
H2;130;AFTER THAT, I RETURNED TO MY ROOM AND IMMEDIATELY SAT DOWN AT MY DESK.;10;6;0x1E2F;0x1E5F;texto;;;;;;;;;;;;;
H2;131;KUBO TOSHIRO-SAMA: I HAVE GRATEFULLY RECEIVED YOUR ADVICE.;10;6;0x1E61;0x1E8C;texto;;;;;;;;;;;;;
H2;132;HOWEVER, WHAT YOUR FRIEND IS DOING TO US IS WITHOUT DOUBT A CRIME. WE WILL NOT BE DRIVEN AWAY BY SUCH VIOLENCE.;5;11;0x1E8E;0x1EDE;texto;;;;;;;;;;;;;
H2;133;IF THIS CONTINUES, WE WILL ALSO TAKE ACTION. IF YOU CANNOT DO ANYTHING, WE WILL SPEAK TO YOUR FRIEND DIRECTLY.;2;14;0x1EE0;0x1F3D;texto;;;;;;;;;;;;;
H2;134;THEREFORE, PLEASE SPEAK WITH YOUR FRIEND ONE MORE TIME. OTSUKI FUMINA.;8;8;0x1F3F;0x1F7C;texto;;;;;;;;;;;;;
H2;135;THE NEXT MORNING, DESPITE HER INJURIES, MIKA ACCOMPANIED ME TO THE FRONT DOOR AS ALWAYS TO SEE ME OFF.;8;8;0x1F7E;0x5766;texto;;;;;;;;;;;;;
H2;136;HER LEG SEEMED TO HURT A LOT SO SHE WAS TAKING THE DAY OFF WORK. I DIDN'T WANT TO LEAVE HER ALONE AFTER RECEIVING THAT LETTER, BUT MIKA WOULDN'T LET ME SKIP SCHOOL JUST FOR THAT.;0;16;0x5768;0x57EE;texto;;;;;;;;;;;;;
H2;137;ARE YOU SURE YOU'LL BE OKAY ALONE? I'LL BE FINE, DON'T WORRY. I'LL LOCK UP CAREFULLY. DO BE CAREFUL, OK? ALRIGHT, I'M HEADING OUT.;5;11;0x57F0;0x5845;texto;;;;;;;;;;;;;
H2;138;BUT EVEN SO, EVEN AFTER GOING TO SCHOOL, I COULDN'T STOP WORRYING.;5;11;0x5847;0x589E;texto;;;;;;;;;;;;;
H2;139;AS SOON AS CLUB ACTIVITIES ENDED, I RUSHED HOME. BEFORE I KNEW IT I WAS RUNNING.;10;6;0x58A0;0x58D8;texto;;;;;;;;;;;;;
H2;140;THERE WAS NO REPLY TO MY LETTER, BUT WHEN I OPENED THE MAILBOX, INSIDE WAS ONLY A SINGLE SHEET OF PAPER LIKE A REPORT.;5;11;0x58DA;0x5938;texto;;;;;;;;;;;;;
H2;141;I EYED IT, PICKED IT UP, AND READ IT AT ONCE.;12;4;0x593A;0x5956;texto;;;;;;;;;;;;;
H2;142;IF FUMINA-SAN HAPPENS TO READ THIS, PLEASE RUN AWAY RIGHT NOW.;9;7;0x5958;0x5995;texto;;;;;;;;;;;;;
H2;143;2.@@@1.@@@MY@@@@ GO@@@ALER@FRIEN@ STRA@T@@@@D@@@@@ IGHT@THE@@INTEN@ TO@@@POLI@DS@@@@ THE@@CE.@@TO@@@@ ROOM@@@@@@RETAL@ .@@@@@@@@@IATE.@ @@@@@@@@@@YOU@@@ @@@@@@@@@@SHOUL@ @@@@@@@@@@D@@@@@ @@@@@@@@@@RUN@@@ @@@@@@@@@@WHILE@ @@@@@@@@@@YOU@@@ @@@@@@@@@@CAN.@@;0;16;0x599D;0x5A14;pregunta;;4;1;4;1;5;1;1. ALERT THE POLICE.;2. GO STRAIGHT TO THE ROOM.;MY FRIEND INTENDS TO RETALIATE. YOU SHOULD RUN WHILE YOU CAN.;;;
H2;144;I RAN TO THE NEAREST PUBLIC PHONE, GRABBED THE RECEIVER, AND DIALED 110. IT STARTED RINGING. IT WAS THE FIRST TIME I HAD EVER CALLED THE POLICE.;3;13;0x5A1E;0x5AE3;texto;;;;;;;;;;;;;
H2;145;YES, THIS IS 110, ANSWERED A HEAVY VOICE. AH, UM... NERVOUS AND PANICKED, I FALTERED AS I TRIED TO EXPLAIN THE SITUATION.;3;13;0x5AE5;0x5B46;texto;;;;;;;;;;;;;
H2;146;THE POLICE SAID THEY WOULD SEND A PATROL CAR OVER RIGHT AWAY AND HUNG UP THE PHONE.;9;7;0x5B48;0x5B78;texto;;;;;;;;;;;;;
H2;147;SUDDENLY OVERCOME WITH EXHAUSTION. EXPLAINING THE COMPLEX SITUATION TOOK MUCH LONGER THAN I THOUGHT. I STARTED BACK FOR MY APARTMENT RIGHT AWAY.;5;11;0x5B7A;0x5BCD;texto;;;;;;;;;;;;;
H2;148;I RANG THE DOORBELL USING THE AGREED SIGNAL. MIKA SHOULD HAVE BEEN HOME, AND YET...;9;7;0x5BCF;0x5C1C;texto;;;;;;;;;;;;;
H2;149;I RANG AGAIN. THERE WAS NO RESPONSE FROM INSIDE. I REMEMBERED THAT LETTER AGAIN. WAS MIKA OKAY?;0;16;0x5C20;0x5C64;texto;;;;;;;;;;;;;
H2;150;BRACING MYSELF, I TURNED THE DOORKNOB AND DISCOVERED THE DOOR WASN'T LOCKED.;10;6;0x5C6C;0x5C9F;texto;;;;;;;;;;;;;
H2;151;...WHY...? A CHILL RAN DOWN MY SPINE.;7;9;0x5CA1;0x5CAF;texto;;;;;;;;;;;;;
H2;152;THE HAND ON THE DOORKNOB WENT STIFF AND STARTED TREMBLING.;3;13;0x5CB3;0x5CCB;texto;;;;;;;;;;;;;
H2;153;THE HAND HOLDING THE DOORKNOB WENT STIFF AND TREMBLED.;0;16;0x5CCD;0x5CEA;texto;;;;;;;;;;;;;
H2;154;INSIDE WAS WRAPPED IN DARKNESS. I GROPED FOR THE LIGHT SWITCH AND TURNED IT ON, BUT NO LIGHT CAME FROM THE CEILING.;7;9;0x5CEC;0x5D33;texto;;;;;;;;;;;;;
H2;155;SOME LIGHT FILTERED IN FROM THE WINDOW AND MY EYES GRADUALLY ADJUSTED TO THE DARK. WHEN I LOOKED AT THE DIMLY LIT DINING ROOM, MY BREATH CAUGHT IN MY THROAT.;3;13;0x5D35;0x5D97;texto;;;;;;;;;;;;;
H2;156;THE ROOM WAS AS IF A TYPHOON HAD TORN THROUGH IT. PIECES OF BROKEN PLATES AND CUPS WERE SCATTERED ON THE FLOOR.;7;9;0x5DA2;0x5DEF;texto;;;;;;;;;;;;;
H2;157;WORRIED, I HEADED TOWARD MIKA'S ROOM. ON THE WAY, I TRIPPED ON SOMETHING AND FELL TO THE FLOOR.;8;8;0x5DF1;0x5E31;texto;;;;;;;;;;;;;
H2;158;2.@@1.@@SOMETH@ HUR@COU@ING@@@@ RY@@LD@@THIS@@@ TO@@IT@@BIG@@@@ THE@BE.@SHOULD@ END@..@@N'T@@@@ OF@@MIK@BE@@@@@ THE@A?@@LYING@@ HAL@@@@@HERE.@@ L.@@@@@@IT@@@@@ @@@@@@@@COULDN@ @@@@@@@@'T@@@@@ @@@@@@@@BE...@@;1;15;0x5E33;0x5E93;pregunta;;3;1;3;1;6;1;1. COULD IT BE... MIKA?;2. HURRY TO THE END OF THE HALL.;SOMETHING THIS BIG SHOULDN'T BE LYING HERE. IT COULDN'T BE...;;;
H2;159;I REACHED DOWN TO FEEL WHAT WAS ON THE FLOOR. SOMETHING SLIPPERY WET MY PALM. AND THIS SENSATION...;7;9;0x5E9D;0x5EDC;texto;;;;;;;;;;;;;
H2;160;I REACHED DOWN AGAIN TO FEEL WHAT WAS ON THE FLOOR. SOMETHING SLIPPERY WET MY PALM. AND THIS SENSATION IS HUMAN HAIR!;5;11;0x5EE6;0x5EF7;texto;;;;;;;;;;;;;
H2;161;MIKA-CHAN! BUT IT WASN'T MIKA. IT WAS A MAN I HAD NEVER SEEN BEFORE, LYING ON THE FLOOR WITH BLOOD FLOWING FROM THE BACK OF HIS HEAD, FORMING A POOL.;2;14;0x5EFF;0x5F83;texto;;;;;;;;;;;;;
H2;162;I FELT HEAVY AS LEAD, UNABLE TO MOVE, AND COLLAPSED BACK ON MY HIPS.;10;6;0x5F85;0x603D;texto;;;;;;;;;;;;;
H2;163;2.@@1.@@I@@@@@ I@@@I@@@COULD@ SHO@HAV@ONLY@@ ULD@E@@@STARE@ CAL@TO@@AT@@@@ L@@@SAV@THE@@@ FOR@E@@@POOL@@ HEL@MIK@OF@@@@ P.@@A.@@BLOOD. @@@@@@@@..@@@@;2;14;0x603F;0x60F0;pregunta;;3;1;3;1;6;0;1. I HAVE TO SAVE MIKA.;2. I SHOULD CALL FOR HELP.;I COULD ONLY STARE AT THE POOL OF BLOOD...;;;
H2;164;JUST THEN, FROM THE BACK CAME A MUFFLED GROAN. UU...UUU... MIKA... MIKA-CHAN? I RECOGNIZED THAT VOICE. FEARFULLY, I OPENED THE DOOR TO MIKA'S ROOM.;0;16;0x60FA;0x685F;texto;;;;;;;;;;;;;
H2;165;LOOKING INTO THE DARKNESS, I SAW SOMEONE WRITHING ON THE FLOOR IN THE MIDDLE OF THE ROOM. MIKA-CHAN! IT WAS MIKA, WITH HER HANDS BOUND AND TAPE OVER HER MOUTH.;2;14;0x6861;0x68D6;texto;;;;;;;;;;;;;
H2;166;I RAN TOWARD HER, TRYING TO REMOVE THE TAPE. AT THAT MOMENT, MIKA LET OUT A GROAN AT SOMETHING SHE SAW BEHIND ME.;7;9;0x68D8;0x6920;texto;;;;;;;;;;;;;
H2;167;I SENSED A PRESENCE AND TURNED AROUND. A HUMAN FIGURE STOOD BEHIND ME. IT RAISED ITS RIGHT HAND.;7;9;0x6922;0x6968;texto;;;;;;;;;;;;;
H2;168;I SCREAMED AND FELL TO THE FLOOR TO DODGE IT, RECEIVING A SHARP BLOW TO MY LEFT ARM. I FELT PAIN, BLOOD RUNNING. I CRAWLED ALONG THE FLOOR TO GET AWAY FROM THE FIGURE.;3;13;0x696A;0x6AC8;texto;;;;;;;;;;;;;
H2;169;THE FIGURE SLOWLY APPROACHED ME. RUN... RUN... RUN? THEN, THIS PERSON WAS...;4;12;0x6ACA;0x6B1F;texto;;;;;;;;;;;;;
H2;170;TOSHIRO-SAN?! THE FIGURE LUNGED AT ME AS I LAY ON THE FLOOR. I BARELY MANAGED TO ROLL ASIDE.;7;9;0x6B21;0x6B61;texto;;;;;;;;;;;;;
H2;171;THE KNIFE BLADE SANK INTO THE FLOOR BESIDE ME. THE MAN CLIMBED ON TOP OF ME, BRINGING HIS FACE CLOSE AND GROANING.;7;9;0x6B63;0x6BB4;texto;;;;;;;;;;;;;
H2;172;I HAD NO OTHER CHOICE. IT WAS TO PROTECT YOU BOTH. BUT, BUT... I DIDN'T WANT TO LOSE HIM!;7;9;0x6BB6;0x6BF8;texto;;;;;;;;;;;;;
H2;173;HIS BREATH BRUSHED MY FACE. AFTER ALL, THIS MAN WAS TOSHIRO. WAS I GOING TO DIE HERE? I WRITHED DESPERATELY TO FREE MYSELF, WITHOUT SUCCESS. AS I DID, MY HAND TOUCHED SOMETHING.;2;14;0x6BFA;0x6C69;texto;;;;;;;;;;;;;
H2;174;A FLOWER VASE. WHY WON'T YOU LISTEN TO ME? I THOUGHT YOU WERE MY TRUE FRIEND... NAOYA... TOSHIRO KEPT MUTTERING, AS IF CLINGING TO SOMETHING.;2;14;0x6C6B;0x6CD4;texto;;;;;;;;;;;;;
H2;175;I STRUCK THE BACK OF HIS HEAD WITH THE VASE WITH ALL MY STRENGTH. THE IMPACT TRANSMITTED THROUGH MY HAND.;8;8;0x6CD6;0x6D1C;texto;;;;;;;;;;;;;
H2;176;GYAAA! TOSHIRO WRITHED ON THE FLOOR, HOLDING THE BACK OF HIS HEAD.;10;6;0x6D1E;0x6D43;texto;;;;;;;;;;;;;
H2;177;FINALLY FREE, I RUSHED TO HELP MIKA UP AND WE RAN TOWARD THE DOOR. I HEARD A GROAN AND LOOKING BACK SAW TOSHIRO SLOWLY CRAWLING FROM MIKA'S ROOM.;2;14;0x6D45;0x6DBA;texto;;;;;;;;;;;;;
H2;178;COVERED IN BLOOD FLOWING FROM THE BACK OF HIS HEAD, WITH A DEMONIC EXPRESSION, HE RAISED THE KNIFE.;9;7;0x6DBC;0x6DF2;texto;;;;;;;;;;;;;
H2;179;WE TUMBLED OUT INTO THE HALLWAY AND RAN TO THE ELEVATOR, PRESSING THE BUTTON. THE ELEVATOR SLOWLY ROSE FROM THE FIRST FLOOR, AND THEN, WITH A CLICK, THE APARTMENT DOOR OPENED.;2;14;0x6DF4;0x6E6E;texto;;;;;;;;;;;;;
H2;180;TOSHIRO APPEARED AND, SEEING OUR FIGURES, CAME RUNNING DOWN THE HALLWAY TOWARD US.;7;9;0x6E70;0x6EAE;texto;;;;;;;;;;;;;
H2;181;THE ELEVATOR STILL HADN'T ARRIVED. TOSHIRO RAISED THE KNIFE. AT THAT MOMENT, WITH A CLICK, THE ELEVATOR DOOR OPENED AND ANOTHER MAN STEPPED OUT. THIS MAN WAS... THE ROOMMATE?;3;13;0x6EB0;0x6F17;texto;;;;;;;;;;;;;
H2;182;THE MAN EXTENDED HIS HAND TOWARD US, AS IF ASKING FOR HELP.;10;6;0x6F19;0x6F40;texto;;;;;;;;;;;;;
H2;183;AS WE STOOD PARALYZED WITH FEAR, TOSHIRO ALSO NOTICED AND TURNED AROUND. THE MAN SLOWLY COMING FROM THE ROOM APPROACHED. UWAAAAA! IT WAS TOSHIRO WHO SCREAMED.;2;14;0x6F42;0x6FB3;texto;;;;;;;;;;;;;
H2;184;THE MAN WHO CAME OUT OF THE ROOM LUNGED AT TOSHIRO, EMBRACING HIM, AND BOTH COLLAPSED IN THE HALLWAY WITH A DULL THUD.;7;9;0x6FB5;0x7001;texto;;;;;;;;;;;;;
H2;185;TOSHIRO CLUNG TO THE MAN AND STARTED CRYING. IT WAS MY FAULT! IT WAS MY FAULT! I DIDN'T WANT YOU TO HATE ME.;5;11;0x7003;0x704F;texto;;;;;;;;;;;;;
H2;186;AT THAT MOMENT, THE ELEVATOR OPENED. WE EMBRACED AND STUMBLED INSIDE.;8;8;0x7051;0x70AD;texto;;;;;;;;;;;;;
H2;187;DON'T MOVE! WHEN I LOOKED UP, I SAW TWO POLICE OFFICERS HOLDING TOSHIRO. TOSHIRO'S SOBBING CRIES ECHOED IN THE QUIET NIGHT SKY.;5;11;0x70AF;0x7108;texto;;;;;;;;;;;;;
H2;188;SEVERAL WEEKS HAD PASSED SINCE THE INCIDENT.;12;4;0x710A;0xC0D0;texto;;;;;;;;;;;;;
H2;189;MOVING MAGAZINES HAD PILED UP IN THE LIVING ROOM OF THE APARTMENT.;10;6;0xC0D2;0xC10F;texto;;;;;;;;;;;;;
H2;190;BUT THESE WERE NO LONGER NEEDED. I TIED THE UNNECESSARY MAGAZINES WITH STRING, STACKING THEM ON OLD NEWSPAPERS.;2;14;0xC111;0xC14D;texto;;;;;;;;;;;;;
H2;191;THE DETAILS OF THE INCIDENT WERE COMPLICATED.;12;4;0xC14F;0xC170;texto;;;;;;;;;;;;;
H2;192;THE ONE PLAYING THE STEREO LATE AT NIGHT WAS KUBO TOSHIRO'S FRIEND, SOMEONE NAMED YAMAZAKI NAOYA.;5;11;0xC172;0xC1B1;texto;;;;;;;;;;;;;
H2;193;TOSHIRO, NOTICING MY EXCHANGE OF LETTERS, WARNED NAOYA ABOUT THE STEREO.;10;6;0xC1B3;0xC1E1;texto;;;;;;;;;;;;;
H2;194;BUT NAOYA WOULDN'T LISTEN. ON THE CONTRARY, HE STARTED HARASSING US.;8;8;0xC1E3;0xC21A;texto;;;;;;;;;;;;;
H2;195;TOSHIRO TRIED TO STOP HIM, BUT NAOYA ONLY ESCALATED MORE AND MORE.;8;8;0xC21C;0xC24D;texto;;;;;;;;;;;;;
H2;196;AND FINALLY, HE CAME TO OUR APARTMENT WITH THE INTENTION OF HARMING US.;10;6;0xC24F;0xC277;texto;;;;;;;;;;;;;
H2;197;TOSHIRO TRIED TO STOP HIM, ENDED UP STRUGGLING WITH NAOYA, AND ENDED UP STABBING HIM.;9;7;0xC279;0xC2BE;texto;;;;;;;;;;;;;
H2;198;IN HIS CONFUSION, TOSHIRO THOUGHT ALL THE RESPONSIBILITY WAS MINE AND CAME TO ATTACK ME.;8;8;0xC2C0;0xC2FC;texto;;;;;;;;;;;;;
H2;199;ARE WE THROWING AWAY THAT MAGAZINE? ASKED MIKA, COMING INTO THE ROOM. YES, WE DON'T NEED IT ANYMORE, I ANSWERED.;4;12;0xC2FE;0xC354;texto;;;;;;;;;;;;;
H2;200;IT WAS NOT I BUT MIKA WHO SUGGESTED MOVING TO A NEW APARTMENT.;9;7;0xC356;0xC386;texto;;;;;;;;;;;;;
H2;201;SHE WANTED TO GET AWAY FROM THERE AS SOON AS POSSIBLE.;5;11;0xC388;0xC3A2;texto;;;;;;;;;;;;;
H2;202;I WILL BE WITH YOU. WITH THOSE WORDS, MIKA AGREED TO STAY TOO.;8;8;0xC3A4;0xC3CA;texto;;;;;;;;;;;;;
H2;203;ALRIGHT, I'M HEADING OUT. YES, BE CAREFUL. WHEN I OPENED THE DOOR, THE SAME FAMILIAR PATH TO SCHOOL STRETCHED BEFORE ME UNDER A CLEAR SKY, BUT IT FELT A LITTLE DIFFERENT THAN BEFORE.;2;14;0xC3CC;0xC43C;texto;;;;;;;;;;;;;
H2;204;EVERYTHING HAD STARTED WITH THAT LETTER. COMING DOWN FROM THE ELEVATOR, WITHOUT THINKING, I GLANCED TOWARD THE MAILBOX. AND THERE IT WAS...;5;11;0xC43E;0xC48A;texto;;;;;;;;;;;;;
H2;9B;SORRY, I ALREADY ATE SOMETHING. ON THE WAY BACK FROM CLUB ACTIVITIES, A FRIEND INVITED ME FOR FAST FOOD AND I ATE ALONG THE WAY.;5;11;0x0349;0x0433;texto;;;;;;;;;;;;;
H2;10B;OH, WHAT A SHAME... I WANTED TO BE A KIND OLDER SISTER TO YOU, MIKA SMILED A LITTLE SADLY.;7;9;0x0435;0x0473;texto;;;;;;;;;;;;;
H2;11B;OH, BUT... I MIGHT STILL HAVE A LITTLE ROOM!;8;8;0x0475;0x049D;texto;;;;;;;;;;;;;
H2;12B;REALLY?! COME ON, EAT! AND I WAS DRAGGED TO THE TABLE.;5;11;0x049F;0x04E6;texto;;;;;;;;;;;;;
H2;20B;HEY, MAYBE DON'T GO. IF YOU GO TO COMPLAIN ABOUT THE NOISE AND END UP ARGUING, IT COULD GET DANGEROUS. I'VE HEARD OF CASES LIKE THAT. THERE'S NO GUARANTEE THE SAME WON'T HAPPEN TO YOU.;0;16;0x0674;0x06F4;texto;;;;;;;;;;;;;
H2;21B;DON DON DON... AS WE STOOD THERE, THE STEREO FINALLY STOPPED AND WE BOTH LET OUT A SIGH OF RELIEF.;7;9;0x06F6;0x074E;texto;;;;;;;;;;;;;
H2;31B;I BROUGHT SOME LEFTOVERS FROM DINNER FOR THE CAT. IT SHOWED NO SIGN OF GRATITUDE AS IT DEVOURED WHAT I PUT ON THE PLATE.;5;11;0x0BC0;0x0C12;texto;;;;;;;;;;;;;
H2;33B;KUBO TOSHIRO-SAMA: THANK YOU FOR YOUR REPLY.;10;6;0x0CDC;0x0D04;texto;;;;;;;;;;;;;
H2;34B;I UNDERSTAND YOUR FEELINGS VERY WELL. I ALSO LIVE WITH SOMEONE LIKE THAT. SHE IS A VERY IMPORTANT PERSON TO ME.;4;12;0x0D06;0x0D57;texto;;;;;;;;;;;;;
H2;35B;I DON'T WANT TO BREAK THAT RELATIONSHIP. I FEEL THE SAME AS YOU. BUT IT ALSO PAINS ME TO SEE THAT IMPORTANT PERSON CAUSING TROUBLE FOR OTHERS.;3;13;0x0D59;0x0DAD;texto;;;;;;;;;;;;;
H2;36B;EVEN IF IT TAKES TIME, COULD YOU SAY EVEN JUST ONE WORD TO GIVE HIM THE COURAGE TO STOP USING THE STEREO? OTSUKI FUMINA.;2;14;0x0DAF;0x0E16;texto;;;;;;;;;;;;;
H2;50B;THE CAT MADE NOISE ON THE BALCONY RAILING, BUT I DIDN'T PAY MUCH ATTENTION AND CLOSED MY EYES AGAIN.;8;8;0x12D8;0x277F;texto;;;;;;;;;;;;;
H2;51B;KYAAAA! A SCREAM SPLIT THE AIR JUST AS I HAD OPENED MY EYES AGAIN. MIKA-CHAN! I LEAPT OUT OF BED AND RAN TO HER ROOM.;0;16;0x2781;0x2807;texto;;;;;;;;;;;;;
H2;52B;INSIDE THE ROOM, MIKA WAS STANDING STARING FIXEDLY AT THE GLASS DOOR. WHAT HAPPENED? AND AT THAT MOMENT, THERE'S SOMEONE ON THE BALCONY...!;5;11;0x2809;0x2853;texto;;;;;;;;;;;;;
H2;53B;I FLUNG OPEN THE CURTAIN. BUT ON THE BALCONY THERE WAS ONLY THE USUAL QUIET VIEW OF THE NEIGHBORHOOD, WITH NO TRACE OF ANYONE.;3;13;0x2855;0x28B8;texto;;;;;;;;;;;;;
H2;54B;MIKA HUGGED HER OWN ARMS, TREMBLING.;12;4;0x28BA;0x28D3;texto;;;;;;;;;;;;;
H2;55B;...AFTER THAT, CARRYING A VAGUE UNEASE, WE FELL BACK ASLEEP.;8;8;0x28D5;0x2909;texto;;;;;;;;;;;;;
H2;56B;THE NEXT MORNING I WAS WOKEN BY THE ALARM. AFTER THE NIGHT BEFORE, WAKING UP SUDDENLY WAS THE WORST.;8;8;0x290B;0x2C69;texto;;;;;;;;;;;;;
H2;57B;MY HEAD STILL WASN'T CLEAR WHEN I LEFT MY ROOM, AND AS EXPECTED, MIKA HAD ALREADY GOTTEN UP BEFORE ME.;7;9;0x2C6B;0x2CB4;texto;;;;;;;;;;;;;
H2;58B;GOOD MORNING. DID YOU SLEEP? HONESTLY I FELT A LITTLE OFF. WE WERE SILENT FOR A MOMENT UNTIL MIKA SPOKE FIRST.;2;14;0x2CB6;0x2D22;texto;;;;;;;;;;;;;
H2;59B;ANYWAY, BE CAREFUL FROM NOW ON. IF I'M LATE COMING HOME, WORRY TOO. OKAY... WELL, I'M OFF!;4;12;0x2D24;0x2D70;texto;;;;;;;;;;;;;
H2;60B;JUST AS I WAS ABOUT TO OPEN THE DOOR, SEVERAL CROWS SUDDENLY FLEW AWAY FROM THE WINDOW BEFORE MY EYES.;7;9;0x2D72;0x33EF;texto;;;;;;;;;;;;;
H2;61B;FOR A MOMENT I DIDN'T UNDERSTAND, BUT WHEN I SAW THE STATE IN FRONT OF THE ENTRANCE I FROZE. BEHIND ME, MIKA ASKED WHAT HAPPENED.;5;11;0x33F1;0x3447;texto;;;;;;;;;;;;;
H2;62B;WHAT IS THIS?! A PUTRID SMELL FLOATED IN THE AIR. SCATTERED ALL OVER WERE ROTTING VEGETABLE AND FISH SCRAPS.;2;14;0x3449;0x34C2;texto;;;;;;;;;;;;;
H2;63B;WE STOOD LOOKING AT THE HALLWAY IN SILENCE FOR A WHILE, UNTIL MIKA SIGHED: I'LL CLEAN THIS UP. FUMINA, GO NOW OR YOU'LL BE LATE.;3;13;0x34C4;0x352C;texto;;;;;;;;;;;;;
H2;64B;I STILL HADN'T RECOVERED FROM THE SHOCK, BUT I LISTENED TO MIKA AND STARTED WALKING SLOWLY TOWARD THE STATION.;7;9;0x352E;0x3573;texto;;;;;;;;;;;;;
H2;65B;ALONG THE WAY I KEPT THINKING ABOUT TOSHIRO. I DECIDED TO WRITE TO HIM ONCE MORE WHEN I GOT BACK. WITH THAT, I GOT ON THE TRAIN.;5;11;0x3575;0x35C7;texto;;;;;;;;;;;;;
H2;79B;I DECIDED NOT TO ANSWER THE PHONE AND STARTED SHOWERING. I LEFT IT ON VOICEMAIL.;5;11;0x38F5;0x3A75;texto;;;;;;;;;;;;;
H2;80B;AFTER A WHILE UNDER THE HOT WATER, I FELT QUITE RELAXED. I TURNED OFF THE WATER AND REACHED FOR THE TOWEL.;5;11;0x3A77;0x3ADA;texto;;;;;;;;;;;;;
H2;81B;AS IF WAITING FOR IT, THE PHONE STARTED RINGING AGAIN.;12;4;0x3ADF;0x3B07;texto;;;;;;;;;;;;;
H2;82B;MAYBE IT WAS MIKA.;12;4;0x3B09;0x3B1E;texto;;;;;;;;;;;;;
H2;83B;THINKING IT MIGHT BE MIKA, I PICKED UP THE RECEIVER. HELLO? HELLO?;9;7;0x3B20;0x3B58;texto;;;;;;;;;;;;;
H2;84B;BUT ON THE OTHER END, WHOEVER WAS THERE STAYED QUIET, SAYING NOTHING. BETWEEN TENSION AND IRRITATION, I RAISED MY VOICE.;7;9;0x3B5A;0x413A;texto;;;;;;;;;;;;;
H2;85B;HELLO?! HELLO?! BUT THE PERSON ON THE OTHER END STILL DIDN'T RESPOND. FURIOUS, I SLAMMED THE RECEIVER DOWN.;7;9;0x413C;0x4185;texto;;;;;;;;;;;;;
H2;86B;IN LESS THAN TEN SECONDS, A SHRILL SOUND RANG OUT AGAIN. I COVERED MY EARS AND CURLED UP IN A CORNER OF THE ROOM.;7;9;0x4187;0x41D7;texto;;;;;;;;;;;;;
H2;87B;2.@@@1.@@THE@@ I@@@@I@@@PHONE DON@@CAN@WON'T 'T@@@'T@@STOP@ HAV@@GO@@RINGI E@@@@ON@@NG.@@ TO@@@LIK@@@@@@ PUT@@E@@@@@@@@ UP@@@THI@@@@@@ WIT@@S.@@@@@@@ H@@@@@@@@@@@@@ THI@@@@@@@@@@@ S.@@@@@@@@@@@@;2;14;0x41D9;0x421D;pregunta;;3;2;3;1;5;0;1. I CAN'T GO ON LIKE THIS.;2. I DON'T HAVE TO PUT UP WITH THIS.;THE PHONE WON'T STOP RINGING.;;;
H2;102B;I... I'VE REACHED MY LIMIT. THIS IS A CRIME. I AM GOING TO TALK TO THE LANDLORD, AND IF NECESSARY, REPORT IT TO THE POLICE. W-WAIT, WAIT A MOMENT!;4;12;0x18C4;0x2329;texto;;;;;;;;;;;;;
H2;103B;ALL THE HARASSMENT WASN'T TOSHIRO'S DOING BUT HIS ROOMMATE'S. TOSHIRO HAD PROMISED HIS GIRLFRIEND HE WOULD MAKE HIS FRIEND SETTLE DOWN, EVEN IF IT MEANT BREAKING THAT FRIENDSHIP...;2;14;0x232B;0x2398;texto;;;;;;;;;;;;;
H2;104B;I CONFESSED EVERYTHING TO MIKA UP UNTIL THAT POINT AND DESPERATELY TRIED TO DEFEND TOSHIRO, BUT MY WORDS WERE CUT OFF.;5;11;0x239A;0x23DF;texto;;;;;;;;;;;;;
H2;105B;LOOK, EVEN SO, WHAT KIND OF RELATIONSHIP DO WE HAVE? IS THIS TOSHIRO REALLY SUCH A GOOD FRIEND THAT HE SERIOUSLY WORRIED ABOUT US?;2;14;0x23E1;0x244A;texto;;;;;;;;;;;;;
H2;106B;THEN WHY DO THESE THINGS KEEP HAPPENING? LEAVING SOMETHING SO DELICATE TO SOMEONE, EVEN YOUR BEST FRIEND, DOESN'T WORK.;7;9;0x244C;0x2493;texto;;;;;;;;;;;;;
H2;107B;THOSE WORDS HIT ME LIKE AN IRON BAR TO THE HEAD. THE FEAR OF BREAKING THE RELATIONSHIP I HAD, UNABLE TO SAY WHAT I REALLY WANTED TO SAY TO MY BEST FRIEND - WASN'T I EXACTLY THE SAME AS MIKA?;0;16;0x2495;0x2515;texto;;;;;;;;;;;;;
H2;108B;...I DON'T UNDERSTAND. ...HUH? MIKA-CHAN WON'T UNDERSTAND!;2;14;0x2517;0x254B;texto;;;;;;;;;;;;;
H2;109B;I LEFT MIKA STANDING THERE STUNNED AND RAN TO SHUT MYSELF IN MY OWN ROOM. ONCE INSIDE, WITH AN INTENSE FEELING, I PICKED UP MY PEN.;5;11;0x254D;0x25C4;texto;;;;;;;;;;;;;
H2;110B;TOSHIRO-SAN, I HAVE REACHED MY LIMIT. I BEG YOU, PLEASE STOP YOUR FRIEND SOON. IF YOU CANNOT DO IT... THEN PERHAPS IT WOULD BE BETTER FOR YOU TO REJECT HIM AND SEPARATE FROM HIM.;0;16;0x25C6;0x2642;texto;;;;;;;;;;;;;
H2;111B;WHILE I TOASTED BREAD FOR BREAKFAST, MIKA CAME OUT OF HER ROOM AS USUAL. SHE SAT AT THE TABLE WITHOUT A WORD. I ALSO SILENTLY PUT HER PLATE IN FRONT OF HER.;4;12;0x2644;0x7D45;texto;;;;;;;;;;;;;
H2;112B;SINCE THEN, THINGS BETWEEN MIKA AND ME HAD GROWN AWKWARD AND DISTANT.;10;6;0x7D47;0x7D6B;texto;;;;;;;;;;;;;
H2;113B;THERE WAS NO REPLY FROM TOSHIRO. HE HAD PROBABLY FELT OFFENDED BY WHAT I WROTE. I SPENT THE DAYS UNABLE TO STOP THINKING ABOUT IT, FEELING UNCOMFORTABLE.;4;12;0x7D6D;0x7DC6;texto;;;;;;;;;;;;;
H2;114B;HOW LONELY... AND AT TIMES LIKE THIS, NOT EVEN THE CAT WOULD COME TO VISIT ME.;9;7;0x7DC8;0x7DF2;texto;;;;;;;;;;;;;
H2;115B;WHEN THE TIME TO GO TO SCHOOL CAME, I GOT UP QUIETLY TO LEAVE. HEY, FUMINA, SUDDENLY MIKA CALLED OUT TO ME. THAT THING FROM BEFORE IS NOTHING SPECIAL. SHE WAS CLEARLY TRYING TO ACT NORMAL.;0;16;0x7DF4;0x7E68;texto;;;;;;;;;;;;;
H2;116B;BUT I PRETENDED NOT TO HAVE HEARD HER AND LEFT THE PLACE BEHIND.;10;6;0x7E6A;0x7F14;texto;;;;;;;;;;;;;
H2;117B;JUST AS I TRIED TO OPEN THE DOOR TO LEAVE, I FELT A STRANGE WEIGHT, AS IF SOMETHING WERE LEANING AGAINST THE OTHER SIDE.;7;9;0x7F16;0x7F5A;texto;;;;;;;;;;;;;
H2;118B;GARBAGE AGAIN, OR SOMETHING LIKE THAT LEFT THERE. HALF DISGUSTED AND NOT CARING, I PUSHED THE DOOR OPEN WITH FORCE.;5;11;0x7F5C;0x7FA7;texto;;;;;;;;;;;;;
H2;119B;A TERRIBLE PUTRID SMELL HIT ME ALL AT ONCE, MAKING ME NAUSEOUS. I COVERED MY MOUTH AND LOOKED DOWN AT THE FLOOR, AND THERE, AS IF PAINTED ON PURPOSE, WERE BLACK DRIPPING MARKS UNDER THE DOOR.;2;14;0x7FA9;0x8025;texto;;;;;;;;;;;;;
H2;120B;IT SEEMED SOMETHING LEANING OUTSIDE HAD BEEN DRAGGED, LEAVING THAT MARK AS IT WENT.;10;6;0x8027;0x8055;texto;;;;;;;;;;;;;
H2;121B;I DIDN'T WANT TO THINK ABOUT EXACTLY WHAT HAD BEEN THERE, BUT DEEP DOWN I COULD ALREADY IMAGINE IT.;8;8;0x8057;0x8088;texto;;;;;;;;;;;;;
H2;122B;2.@1.@MY@ BE@WH@HEA TT@AT@RT@ ER@IS@WAS NO@IT@POU T@@?.@NDI LO@..@NG. OK@@@@@@@ .@@@@@@@@;7;9;0x808A;0x80C1;pregunta;;2;1;2;1;3;0;1. WHAT IS IT?...;2. BETTER NOT LOOK.;MY HEART WAS POUNDING.;;;
H2;123B;I WENT BACK INSIDE AND SLAMMED THE DOOR SHUT. STARTLED, I TRIED TO BREATHE DEEPLY TO CALM DOWN.;8;8;0x80CB;0x8343;texto;;;;;;;;;;;;;
H2;124B;WHAT HAPPENED? DID YOU FORGET SOMETHING? MIKA CAME WITH A PUZZLED EXPRESSION. I DIDN'T KNOW HOW TO EXPLAIN WHAT HAD HAPPENED.;5;11;0x8345;0x838F;texto;;;;;;;;;;;;;
H2;125B;MIKA STARED AT ME, EXHALING A TIRED SIGH, THINKING I WAS STILL THROWING A POINTLESS TANTRUM. NO, IT'S NOT THAT... I TRIED TO EXPLAIN, BUT THE MORE I TRIED THE MORE MY WORDS GOT TANGLED.;0;16;0x8391;0x8407;texto;;;;;;;;;;;;;
H2;126B;T-THE DOOR... THE DOOR? WHAT'S WRONG WITH THE DOOR? NO, DON'T OPEN IT!;10;6;0x8409;0x842D;texto;;;;;;;;;;;;;
H2;127B;MY WARNING SHOUT CAME TOO LATE: MIKA OPENED THE DOOR AND STEPPED OUT INTO THE HALLWAY. HER EXPRESSION INSTANTLY WENT PALE.;5;11;0x842F;0x8478;texto;;;;;;;;;;;;;
H2;128B;...IT WAS BETTER NOT TO LOOK. WAIT THERE. MIKA RAN TO THE LIVING ROOM AND CALLED SOMEONE ON THE PHONE.;7;9;0x847A;0x84B4;texto;;;;;;;;;;;;;
H2;129B;AFTER THAT, MIKA CALLED THE BUILDING MANAGEMENT AND THE HEALTH DEPARTMENT. JUST AS I WAS LEAVING FOR SCHOOL, I SAW SOMEONE FROM THE HEALTH DEPARTMENT ENTERING THE PLACE.;3;13;0x84B6;0x851B;texto;;;;;;;;;;;;;
H2;130B;ON THE WAY HOME, I THOUGHT AGAIN ABOUT THAT MORNING. WHAT EXACTLY HAD BEEN THERE... I COULD IMAGINE IT, BUT WHY THIS WAS HAPPENING TO US, I HAD NO IDEA.;2;14;0x851D;0x858A;texto;;;;;;;;;;;;;
H2;131B;NO... RATHER, MAYBE IT HAD SOMETHING TO DO WITH THE NEIGHBOR.;12;4;0x858C;0x85A0;texto;;;;;;;;;;;;;
H2;132B;THINKING ABOUT THIS, I ARRIVED WITHOUT NOTICING AT THE APARTMENT BUILDING I HAD GOTTEN USED TO. OUT OF HABIT, THE FIRST THING I DID WAS CHECK FOR ANY LETTERS.;2;14;0x85A2;0x870D;texto;;;;;;;;;;;;;
H2;133B;THE MAILBOX WAS STUFFED TO THE BRIM, LETTERS CRAMMED IN BY FORCE, SO FULL THEY WERE OVERFLOWING AND SCATTERED EVEN ON THE FLOOR.;4;12;0x870F;0x8784;texto;;;;;;;;;;;;;
H2;134B;WITH TREMBLING HANDS I PICKED UP ONE OF THOSE ON THE FLOOR, AND WHEN I READ IT: I WILL KILL YOU, I WILL KILL YOU, I WILL KILL YOU, I WILL KILL YOU, I WILL KILL YOU, I WILL KILL YOU...;2;14;0x8786;0x87F7;texto;;;;;;;;;;;;;
H2;135B;I IMMEDIATELY PRESSED THE ELEVATOR BUTTON. FIFTH FLOOR, FOURTH FLOOR, THIRD FLOOR... I DIDN'T WANT TO WAIT, SO I RAN UP THE STAIRS.;3;13;0x8802;0x8872;texto;;;;;;;;;;;;;
H2;136B;MY LUNGS SCREAMED WITH PAIN, BUT WITHOUT CARING I KEPT RUNNING DOWN THE HALLWAY.;10;6;0x8874;0x889F;texto;;;;;;;;;;;;;
H2;137B;SUDDENLY, IN FRONT OF THE NEIGHBOR'S DOOR, SOMETHING CAUGHT MY EYE. SOMETHING SO SMALL I WOULD NORMALLY IGNORE, BUT NOW IT LOOKED ENORMOUS AND THREATENING.;4;12;0x88A1;0x8904;texto;;;;;;;;;;;;;
H2;138B;THAT IS...! ...ONE OF MIKA'S SANDALS!;7;9;0x8906;0x8935;texto;;;;;;;;;;;;;
H2;139B;NOT CARING ABOUT ANYTHING, I RANG THE DOORBELL HARD. ONCE, TWICE, THREE TIMES, WITHOUT WAITING BETWEEN EACH RING, BUT AS ALWAYS, THERE WAS NO RESPONSE.;3;13;0x893A;0x89CD;texto;;;;;;;;;;;;;
H2;140B;I RAN TO MY OWN APARTMENT. IF MIKA WERE THERE, MY WORRY WOULD END. I DIDN'T NEED HER TO COME GREET ME, JUST FOR HER TO BE THERE... PLEASE...;3;13;0x89CF;0x8A43;texto;;;;;;;;;;;;;
H2;141B;BUT WHAT GREETED ME WAS ONLY DARKNESS.;12;4;0x8A45;0x8A5D;texto;;;;;;;;;;;;;
H2;142B;AT THAT MOMENT I HEARD A VERY FAINT SCREAM, BUT ONE I COULDN'T MISTAKE FOR ANYTHING ELSE.;9;7;0x8A5F;0x8A92;texto;;;;;;;;;;;;;
H2;143B;2.@@@1.@THA BETT@EN@T@@ ER@@@TE@VOI CALL@R@@CE. THE@@TH@..! POLI@E@@@@@ CE.@@NE@@@@ @@@@@IG@@@@ @@@@@HB@@@@ @@@@@OR@@@@ @@@@@'S@@@@ @@@@@RO@@@@ @@@@@OM@@@@ @@@@@.@@@@@;5;11;0x8A94;0x8AC6;pregunta;;4;1;2;1;3;0;1. ENTER THE NEIGHBOR'S ROOM.;2. BETTER CALL THE POLICE.;THAT VOICE...!;;;
H2;144B;I RAN TO THE LIVING ROOM, DESPERATELY GRABBED THE RECEIVER AND STARTED DIALING 110. IT WAS THE FIRST TIME IN MY LIFE I HAD CALLED THE POLICE TO REPORT SOMETHING.;3;13;0x8AD0;0x8CF0;texto;;;;;;;;;;;;;
H2;145B;IN A SHORT TIME, A HEAVY VOICE ANSWERED. YES, THIS IS EMERGENCY SERVICES? AH, YES, UM... NERVOUS, I TRIED TO EXPLAIN THE SITUATION AS BEST I COULD.;3;13;0x8CF2;0x8D52;texto;;;;;;;;;;;;;
H2;146B;THE POLICE TOLD ME THEY WOULD SEND A PATROL CAR. HANGING UP THE PHONE, I SUDDENLY FELT AN ENORMOUS EXHAUSTION.;8;8;0x8D54;0x8D85;texto;;;;;;;;;;;;;
H2;147B;2.@@1.@@EXPLA@@ ENT@WAI@INING@@ ER@@T@@@THE@@@@ THE@FOR@COMPL@@ NEI@THE@EX@@@@@ GHB@POL@SITUA@@ OR'@ICE@TION@@@ S@@@.@@@TOOK@@@ ROO@@@@@LONGE@@ M.@@@@@@R@@@@@@ @@@@@@@@THAN@@@ @@@@@@@@EXPEC@@ @@@@@@@@TED.@@@;1;15;0x8D87;0x9526;pregunta;;3;1;3;1;5;2;1. WAIT FOR THE POLICE.;2. ENTER THE NEIGHBOR'S ROOM.;EXPLAINING THE COMPLEX SITUATION TOOK LONGER THAN EXPECTED.;;;
H2;148B;WAITING FOR THE POLICE WOULD BE TOO LATE. DETERMINED, I WENT OUT TO THE BALCONY TO GET THROUGH THAT WAY, EVEN THOUGH I KNEW NO SANE PERSON WOULD ENTER THROUGH THE FACADE.;3;13;0x9530;0x973F;texto;;;;;;;;;;;;;
H2;149B;THE BALCONY WAS DIVIDED BY A FIREWALL, SO I WENT OUTSIDE THE RAILING, MORE THAN 10 METERS UP. MY LEGS TREMBLED, BUT I KEPT GOING.;4;12;0x9741;0x97B1;texto;;;;;;;;;;;;;
H2;150B;JUST A FEW CENTIMETERS FELT LIKE AN ENDLESS DISTANCE.;11;5;0x97B3;0x97D5;texto;;;;;;;;;;;;;
H2;151B;AFTER WHAT SEEMED LIKE AN ETERNITY, I FINALLY MANAGED TO STEP ONTO THE NEIGHBOR'S BALCONY. I TRIED TO PEER INSIDE THROUGH THE GLASS DOOR, BUT THE CURTAINS WERE DRAWN AND I COULDN'T SEE ANYTHING.;2;14;0x97D7;0x9856;texto;;;;;;;;;;;;;
H2;152B;FEARFULLY, I TRIED THE GLASS DOOR, AND TO MY SURPRISE IT WAS UNLOCKED. CAREFULLY I SLIPPED INSIDE.;5;11;0x9858;0x98B3;texto;;;;;;;;;;;;;
H2;153B;IT WAS DARK AND TOOK TIME TO ADJUST. THE LAYOUT WAS LIKE MY OWN APARTMENT. JUST AS I STARTED LOOKING FOR MIKA, IN A CORNER OF THE ROOM...;3;13;0x8DBB;0x8F50;texto;;;;;;;;;;;;;
H2;154B;ABOUT TO SCREAM, I HELD MY BREATH. THERE, IN A FISH TANK, SOMETHING FURRY FLOATED AND SWAYED GENTLY...;7;9;0x8F52;0x8FA1;texto;;;;;;;;;;;;;
H2;155B;THERE WAS A CAT'S HEAD, WITH EYES WIDE OPEN AND FANGS BARED.;9;7;0x8FA3;0x8FDE;texto;;;;;;;;;;;;;
H2;156B;A PUTRID SMELL HIT MY NOSE. I WANTED TO SCREAM AND RUN OUT OF THERE, BUT I HELD MYSELF BACK WITH ALL MY STRENGTH, BECAUSE I COULDN'T LEAVE WITHOUT KNOWING IF MIKA WAS OKAY.;3;13;0x8FE0;0x903E;texto;;;;;;;;;;;;;
H2;157B;AT THAT MOMENT, FROM NOWHERE, A MUFFLED GROAN REACHED ME, SUPPRESSED BY FORCE.;9;7;0x9040;0x9073;texto;;;;;;;;;;;;;
H2;158B;I TURNED MY GAZE TOWARD WHERE THE SOUND CAME FROM, AND SAW A PERSON COLLAPSED IN A CORNER OF THE ROOM. THAT IS...! MIKA!!;7;9;0x9075;0x90AF;texto;;;;;;;;;;;;;
H2;159B;MIKA-CHAN! I RAN IMMEDIATELY TOWARD HER IN DESPERATION.;10;6;0x90B1;0x9550;texto;;;;;;;;;;;;;
H2;160B;MIKA HAD HER HANDS AND FEET BOUND WITH TAPE AND WAS LOOKING AT ME WITH HER EYES WIDE WITH FEAR. I TOUCHED HER CAREFULLY. SHE HAD NO SERIOUS INJURIES. I TRIED TO UNTIE HER.;2;14;0x9552;0x95D1;texto;;;;;;;;;;;;;
H2;161B;AT THAT INSTANT, I HEARD A CREAK BEHIND ME AS IF SOMETHING MOVED, AND MY BREATH CAUGHT. A COLD SWEAT RAN THROUGH ME. ABSORBED IN SEARCHING FOR MIKA, I HAD COMPLETELY FORGOTTEN SOMEONE ELSE MIGHT BE THERE.;0;16;0x95D3;0x965A;texto;;;;;;;;;;;;;
H2;162B;SUDDENLY, IN A MIRROR HANGING ON ONE SIDE, I SAW MY OWN TREMBLING FACE REFLECTED. JUST BEHIND THAT REFLECTION, SOMETHING MOVED, AND MIKA LET OUT A MUFFLED CRY THROUGH THE GAG.;2;14;0x965C;0x96DA;texto;;;;;;;;;;;;;
H2;163B;I TURNED AROUND IMMEDIATELY, BUT THE SHADOW MOVED SWIFT AS THE WIND AND PINNED ME TO THE FLOOR BEFORE I COULD REACT.;5;11;0x96DC;0x9905;texto;;;;;;;;;;;;;
H2;164B;I WRITHED AND DESPERATELY TRIED TO FREE MYSELF, BUT COULDN'T.;12;4;0x9907;0x991F;texto;;;;;;;;;;;;;
H2;165B;YOU AGAIN, HOW ANNOYING. YOU WAKE ME UP AT NIGHT BANGING ON THE DOOR, SCREAMING, AND NOW INVADING MY BALCONY. THIS IS TRESPASSING, FUMINA-SAN.;5;11;0x9921;0x9979;texto;;;;;;;;;;;;;
H2;166B;THE SHADOW CLIMBED ON MY BACK AND STARTED WRAPPING MY ARMS WITH TAPE, SPEAKING IN A MOCKING TONE.;7;9;0x997B;0x99C0;texto;;;;;;;;;;;;;
H2;167B;2.@@1.@.. THE@TO@.T ROO@SH@HI MMA@IR@S@ TE.@O.@PE @@@@@@@RS @@@@@@@ON @@@@@@@IS @@@@@@@.. @@@@@@@.@;7;9;0x99C2;0x99E6;pregunta;;3;1;2;1;2;0;1. TOSHIRO.;2. THE ROOMMATE.;...THIS PERSON IS...;;;
H2;168B;YOU SAY YOU LIVE HERE... WHICH ONE OF THEM ARE YOU? ARE YOU TOSHIRO? OR MAYBE...;6;10;0x99F0;0x9B4D;texto;;;;;;;;;;;;;
H2;169B;WELL, IT DOESN'T MATTER WHICH ONE YOU ARE. BUT WHY...? WHY ARE YOU DOING THIS?;8;8;0x9B4F;0x9B76;texto;;;;;;;;;;;;;
H2;170B;WHY?! GO ASK ME THAT! ALWAYS, ALWAYS, NOBODY UNDERSTANDS ANYTHING ABOUT ME, NOBODY!;8;8;0x9B78;0x9BA4;texto;;;;;;;;;;;;;
H2;171B;2.@1.@@... TH@TOS@THI E@@HIR@S@@ RO@O-S@PER OM@AN.@SON MA@@@@@IS. TE@@@@@..@ .@@@@@@@@@;5;10;0x9BA6;0x9BE9;pregunta;;2;1;3;1;3;0;1. TOSHIRO-SAN.;2. THE ROOMMATE.;...THIS PERSON IS...;;;
H2;172B;TOSHIRO-SAN? HAHAHA, FRIEND YOU SAY? THAT GUY NO LONGER EXISTS FOR ME. I WAS FED UP WITH HIS CONSTANT COMPLAINTS.;2;14;0x9BF3;0xA17A;texto;;;;;;;;;;;;;
H2;173B;HE WAS ONLY TAKING ADVANTAGE OF ME, PRETENDING TO BE A GOOD ROOMMATE. THAT'S ALL HE DID.;10;6;0xA17C;0xA1A5;texto;;;;;;;;;;;;;
H2;174B;HE ONLY USED ME, THAT'S ALL. YOU PROBABLY THINK THE SAME. HAHAHAHA...;10;6;0xA1A7;0xA1D2;texto;;;;;;;;;;;;;
H2;175B;2.@@1.@@THE@@ MAY@THA@MAN@@ BE@@T@@@LOOKE THA@MAY@D@@@@ T'S@BE@@DOWN@ NOT@TRU@AT@@@ SO.@E.@@ME@@@ @@@@@@@@FROM@ @@@@@@@@ABOVE @@@@@@@@.@@@@;1;13;0xA1D4;0xA222;pregunta;;3;1;3;1;5;0;1. THAT MAY BE TRUE.;2. MAYBE THAT'S NOT SO.;THE MAN LOOKED DOWN AT ME FROM ABOVE.;;;
H2;176B;PERHAPS THAT WAS TRUE. WITHOUT MIKA, I COULDN'T DO ANYTHING ON MY OWN. I HAD ALWAYS DEPENDED ON HER FOR EVERYTHING. I ALWAYS ENDED UP TAKING ADVANTAGE OF MIKA.;3;13;0x9DD2;0x9E29;texto;;;;;;;;;;;;;
H2;177B;THAT'S WHY IT WAS NOW MY TURN TO HELP MIKA.;12;4;0x9E2B;0x9E44;texto;;;;;;;;;;;;;
H2;178B;MAYBE THAT'S TRUE, I WHISPERED SOFTLY. THE MAN, HEARING THAT, SMILED WITH AN AIR OF VICTORY. BUT STILL, I CONTINUED...;5;11;0x9E46;0x9E89;texto;;;;;;;;;;;;;
H2;179B;IT'S NOT JUST THAT. UNTIL NOW I TOOK ADVANTAGE OF MIKA, WITHOUT TRULY VALUING ANOTHER PERSON'S KINDNESS... BUT NOW IT'S MY TURN TO REPAY HER. THE MAN GREW EVEN MORE AGITATED AT THOSE WORDS.;0;16;0x9E8B;0x9EF1;texto;;;;;;;;;;;;;
H2;180B;SHUT UP! WHO DO YOU THINK YOU ARE TO TELL ME THAT! THE MAN, ENRAGED, LUNGED AT ME.;8;8;0x9EF3;0x9F31;texto;;;;;;;;;;;;;
H2;181B;I TRIED SOMEHOW TO FREE MYSELF, WRITHING, BUT THE TAPE BINDING ME DIDN'T LOOSEN EASILY. THE MAN PUT BOTH HANDS AROUND MY NECK, SQUEEZING WITH TERRIBLE FORCE.;2;14;0x9F33;0x9FB4;texto;;;;;;;;;;;;;
H2;182B;IT HURT. I FELT HIS FINGERS DIGGING INTO MY THROAT. I TRIED TO BREATHE, BUT AIR COULDN'T REACH MY LUNGS AND BLOOD RUSHED TO MY TEMPLES.;5;11;0x9FB6;0xA00F;texto;;;;;;;;;;;;;
H2;183B;LITTLE BY LITTLE, EVERYTHING BEFORE MY EYES GREW DARKER...;12;4;0xA011;0xA027;texto;;;;;;;;;;;;;
H2;184B;JUST THEN, A DEAFENING SOUND SEEMED TO SHAKE THE FLOOR BENEATH MY FEET. THE MAN, NOT UNDERSTANDING WHAT WAS HAPPENING, LOOKED AROUND DISORIENTED. WHY WAS THE STEREO SUDDENLY...;2;14;0xA029;0xA09F;texto;;;;;;;;;;;;;
H2;185B;2.@@1.@@HIS@@ CON@BET@HANDS FRO@TER@ON@@@ NT@@TO@@MY@@@ HIM@FLE@THROA .@@@E.@@T@@@@ @@@@@@@@LOOSE @@@@@@@@NED.@;3;13;0xA0A1;0xA414;pregunta;;3;1;3;1;5;0;1. BETTER TO FLEE.;2. CONFRONT HIM.;HIS HANDS ON MY THROAT LOOSENED.;;;
H2;186B;I SEIZED THAT MOMENT OF DISTRACTION AND THREW MYSELF FULL FORCE AGAINST THAT MAN.;9;7;0xA41E;0xA5B2;texto;;;;;;;;;;;;;
H2;187B;ENTANGLED, WE ROLLED AND CRASHED INTO THE SLIDING CLOSET, GOING INSIDE IT.;10;6;0xA5B4;0xA5DA;texto;;;;;;;;;;;;;
H2;188B;SOMETHING CRACKED AND FROM INSIDE THE CLOSET SOMETHING FELL HARD ON TOP OF US.;10;6;0xA5DC;0xA605;texto;;;;;;;;;;;;;
H2;189B;FINALLY FREE OF THE MAN'S HANDS, I DESPERATELY GASPED FOR AIR, AND AS I INHALED DEEPLY, AN UNBEARABLE SMELL HIT MY NOSE. AAAAAH!;3;13;0xA607;0xA662;texto;;;;;;;;;;;;;
H2;190B;I HEARD A HEARTBREAKING SCREAM. LOOKING OVER, I SAW THE MAN SITTING ON THE FLOOR, CRYING WITHOUT STOPPING.;8;8;0xA664;0xA698;texto;;;;;;;;;;;;;
H2;191B;IT'S MY FAULT! I AM THE ONE WHO'S WRONG! I REALIZED EXACTLY WHAT HAD FALLEN ON ME AND LET OUT A SCREAM OF HORROR.;5;11;0xA69A;0xA6EC;texto;;;;;;;;;;;;;
H2;192B;THE PALE FACE OF A MAN, WITH CLOUDY EYES FILLED WITH A DEEP AND TERRIFYING HATRED, STARED FIXEDLY AT US BOTH.;7;9;0xA6F4;0xA739;texto;;;;;;;;;;;;;
H2;193B;HE SEEMED TO HAVE BEEN STABBED WITH A KNIFE OR SIMILAR. ALL HIS CLOTHES HAD DARK RED STAINS STUCK TO THEM.;7;9;0xA73B;0xA780;texto;;;;;;;;;;;;;
H2;194B;OUT OF FEAR, WORDS WOULDN'T COME OUT. WITH A STRENGTH I DIDN'T EVEN KNOW I HAD, I PUSHED THE BODY AWAY FROM ME. JUST THEN, I HEARD HEAVY REPEATED KNOCKING ON THE ROOM'S DOOR.;2;14;0xA782;0xA7FC;texto;;;;;;;;;;;;;
H2;195B;HELLO? POLICE. KUBO-SAN, WE NEED TO SPEAK WITH YOU.;12;4;0xA804;0xAF63;texto;;;;;;;;;;;;;
H2;196B;THE POLICE CAME! PLEASE, HELP US! I CRAWLED IN DESPERATION TOWARD THE DOOR AND WITH MY HANDS STILL BEHIND ME MANAGED TO UNLOCK IT, FALLING FACE-FIRST INTO THE OUTER HALLWAY.;2;14;0xAF65;0xAFCE;texto;;;;;;;;;;;;;
H2;197B;IN THE HALLWAY STOOD TWO POLICE OFFICERS. WHEN THEY SAW ME WITH MY CLOTHES IN TATTERS AND MY HANDS BOUND, THEIR FACES HARDENED INSTANTLY. WHAT HAPPENED? PLEASE, MY FRIEND IS STILL INSIDE!;2;14;0xAFD0;0xB042;texto;;;;;;;;;;;;;
H2;198B;ONE OF THE OFFICERS ENTERED THE ROOM IMMEDIATELY. INSIDE, THE MAN ONLY CLUNG TO THE BODY OF HIS FORMER FRIEND, CRYING INCONSOLABLY.;5;11;0xB044;0xB097;texto;;;;;;;;;;;;;
H2;199B;AFTER CAREFUL THOUGHT, I DECIDED IT WOULD BE BETTER TO COME BACK HERE.;10;6;0xB099;0xC4F1;texto;;;;;;;;;;;;;
H2;200B;HEY, FUMINA. LET'S LIVE TOGETHER AGAIN, OKAY? TWO GIRLS LIVING ALONE... IT'S TOO DANGEROUS, AFTER ALL...;7;9;0xC4F3;0xC532;texto;;;;;;;;;;;;;
H2;201B;I GUIDED MY PARENTS, JUST BACK FROM ABROAD, TO THE APARTMENT. IT SHOULD HAVE BEEN A REUNION, BUT THERE WAS ONLY ONE TOPIC.;5;11;0xC534;0xC58E;texto;;;;;;;;;;;;;
H2;202B;FROM THE AIRPORT TO THE TRAIN, FROM THE STATION TO THE APARTMENT, THEY SPOKE OF NOTHING ELSE.;9;7;0xC590;0xC5C1;texto;;;;;;;;;;;;;
H2;203B;WOULDN'T IT BE BETTER THIS WAY? MY PARENTS, SHOCKED BY WHAT HAPPENED, HAD DECIDED TO LEAVE THEIR WORK ABROAD AND RETURN TO JAPAN PERMANENTLY.;5;11;0xC5C3;0xC610;texto;;;;;;;;;;;;;
H2;204B;...AND THIS TIME, THEY HAD COME FOR A TEMPORARY VISIT TO JAPAN SPECIFICALLY TO PREPARE FOR THAT RETURN.;0;16;0xC612;0xC633;texto;;;;;;;;;;;;;
H2;205B;...WHAT I HEARD LATER TURNED OUT FAR MORE COMPLEX THAN I HAD THOUGHT.;11;5;0xC635;0xC660;texto;;;;;;;;;;;;;
H2;206B;...WHAT I HEARD AFTERWARD WAS MUCH MORE COMPLICATED: THE ONE PLAYING THE STEREO AT NIGHT WAS NOT TOSHIRO BUT HIS FRIEND, YAMAZAKI NAOYA.;4;12;0xC662;0xC69D;texto;;;;;;;;;;;;;
H2;207B;UPON RECEIVING MY LETTER, TOSHIRO WARNED NAOYA ABOUT THE STEREO. THAT TURNED INTO AN INCREASINGLY HEATED ARGUMENT, ENDING IN MURDER.;5;11;0xC69F;0xC70A;texto;;;;;;;;;;;;;
H2;208B;NAOYA, HAVING KILLED HIS OWN FRIEND, FELL INTO A DEVASTATING SHOCK.;10;6;0xC70C;0xC72D;texto;;;;;;;;;;;;;
H2;209B;NAOYA, OVERWHELMED BY THE SHOCK OF HAVING KILLED HIS FRIEND, HID THE BODY AND, IMPERSONATING KUBO TOSHIRO, CONTINUED EXCHANGING LETTERS WITH ME.;3;13;0xC72F;0xC764;texto;;;;;;;;;;;;;
H2;210B;THE ONE SHAKEN BY THE INCIDENT WAS NOT ONLY NAOYA OR MY PARENTS. I WAS TOO. BUT EVEN SO, THERE WAS SOMEONE THERE TO SUPPORT ME.;5;11;0xC766;0xC7B6;texto;;;;;;;;;;;;;
H2;211B;YOU DON'T HAVE TO COME BACK FOR ME. YOU COULD KEEP LIVING OVER THERE ABROAD.;7;9;0xC7B8;0xC807;texto;;;;;;;;;;;;;
H2;212B;THAT'S EXACTLY WHY... AFTER SOMETHING LIKE THIS, IT'S NATURAL FOR PARENTS TO WORRY ABOUT THEIR DAUGHTER. WE KEPT REPEATING THIS SAME CONVERSATION OVER AND OVER.;3;13;0xC809;0xC868;texto;;;;;;;;;;;;;
H2;213B;HEY, WHY DON'T YOU WANT TO? DON'T YOU LIKE YOUR PARENTS? ...NOT AT ALL, IT'S NOT THAT.;8;8;0xC86A;0xC8A4;texto;;;;;;;;;;;;;
H2;214B;IN THE DISTANCE THE BUILDING BEGAN TO COME INTO VIEW, AND AT THE ENTRANCE, A SILHOUETTE WAITED.;9;7;0xC8A6;0xC8DF;texto;;;;;;;;;;;;;
H2;215B;FUMINA! SIR! MA'AM! MIKA CAME RUNNING TO MEET US. I RAN TOWARD MIKA.;5;11;0xC8E1;0xC91F;texto;;;;;;;;;;;;;
H2;101C;UNABLE TO BEAR IT ANY LONGER, I GRABBED THE RECEIVER AND SCREAMED WITH ALL MY STRENGTH.;8;8;0x3D41;0x3E68;texto;si;;;;;;;;;;;;
H2;102C;JUST QUIT IT ALREADY! ...F-FUMINA? A SURPRISED VOICE ANSWERED. WHAT'S WRONG, WHY ARE YOU YELLING?;3;13;0x3E6A;0x3EC6;texto;si;;;;;;;;;;;;
H2;103C;MIKA-CHAN? WHERE... WHERE ARE YOU? WITHOUT MEANING TO, MY VOICE BROKE INTO TEARS.;7;9;0x3EC8;0x3F00;texto;si;;;;;;;;;;;;
H2;104C;AH, SORRY, EVERYTHING'S BEEN A MESS. I'M AT THE HOSPITAL RIGHT NOW. I HAD AN ACCIDENT.;7;9;0x3F02;0x3F41;texto;si;;;;;;;;;;;;
H2;105C;I'M HEADING BACK NOW, BUT I'LL BE A BIT LATE. I'LL TELL YOU EVERYTHING WHEN I GET BACK, SO JUST WAIT A LITTLE LONGER, OKAY?;5;11;0x3F43;0x3F88;texto;si;;;;;;;;;;;;
H2;106C;SUDDENLY I FELT A CHILL AND MY WHOLE BODY SHIVERED. I REALIZED I WAS ONLY WEARING A TOWEL, SO I WENT BACK UNDER THE WARM WATER OF THE SHOWER TO WARM UP.;5;11;0x3F8A;0x3FEB;texto;si;;;;;;;;;;;;
H2;107C;WHEN I CAME OUT OF THE SHOWER, MIKA STILL HADN'T RETURNED. THE APARTMENT FELT HUGE. I SUDDENLY REMEMBERED THE DEAD CAT.;7;9;0x3FED;0xB464;texto;si;;;;;;;;;;;;
H2;108C;...A SHARP SOUND ECHOED THROUGH THE ROOM AND I JUMPED.;10;6;0x18E9;0x1915;texto;si;;;;;;;;;;;;
H2;109C;IT SEEMED I HAD FALLEN ASLEEP WITHOUT REALIZING IT WHILE WAITING FOR MIKA.;10;6;0x1917;0x193A;texto;si;;;;;;;;;;;;
H2;110C;THE DOORBELL RANG AGAIN.;13;3;0x193C;0x1960;texto;si;;;;;;;;;;;;
H2;111C;WHO COULD IT BE? IF IT WERE MIKA SHE SHOULD HAVE HER KEY. WITHOUT THINKING, I SLOWLY APPROACHED THE DOOR TRYING NOT TO MAKE NOISE AS I WALKED.;5;11;0x1962;0x19AF;texto;si;;;;;;;;;;;;
H2;144C;ALERT TO THE DARKNESS, I MOVED SLOWLY AND CAREFULLY TOWARD THE BACK.;10;6;0x5F91;0x5FB7;texto;si;;;;;;;;;;;;
H2;145C;THEN, A MUFFLED GROAN REACHED MY EARS FROM THE BACK ROOM.;10;6;0x5FBB;0x5FEC;texto;si;;;;;;;;;;;;
H2;148C;JUST AS I WAS ABOUT TO CROSS THE LIVING ROOM, SOMETHING GRABBED MY FOOT AND I TRIPPED FORWARD. WHEN I LOOKED, SOMEONE WAS LYING FACE DOWN ON THE FLOOR. THAT PERSON HAD A TIGHT GRIP ON MY ANKLE.;0;16;0x64EC;0x6558;texto;si;;;;;;;;;;;;
H2;149C;I TRIED TO FOCUS MY EYES, AND LYING THERE WAS A MAN I DID NOT RECOGNIZE, SOMEONE I HAD NEVER SEEN BEFORE. GRIPPED BY FEAR, AS I DESPERATELY TRIED TO SHAKE FREE, THE PERSON HOLDING ME SLOWLY RAISED HIS FACE.;0;16;0x655C;0x65DA;texto;si;;;;;;;;;;;;
H2;150C;THE MAN'S FACE WAS COVERED IN BLOOD, HIS EYES CLOUDY AND UNFOCUSED. AAAAAH;9;7;0x65DF;0x660E;texto;si;;;;;;;;;;;;
H2;151C;I SCREAMED. THEN, AS IF THAT WERE THE SIGNAL, THE BACK DOOR FLEW OPEN AND ANOTHER MAN JUMPED OUT.;5;11;0x6612;0x6660;texto;si;;;;;;;;;;;;
H2;152C;THE MAN FOUND ME COLLAPSED ON THE FLOOR AND, GROWLING, CAME RUNNING TOWARD ME. RUN! -BUT NOBODY LISTENS TO WHAT I SAY!;0;16;0x666C;0x66D4;texto;si;;;;;;;;;;;;
H2;153C;RUN? -AH, THIS PERSON! THE MAN RAISED THE BLADE HE HAD IN HIS RIGHT HAND. I STILL HAD MY ANKLE TRAPPED AND COULDN'T ESCAPE!;5;11;0x66DA;0x6725;texto;si;;;;;;;;;;;;
H2;154C;SEEING THE GLINT OF LIGHT ON THE BLADE, JUST AS I HAD RESIGNED MYSELF AND WAS ABOUT TO CLOSE MY EYES, THE MAN SUDDENLY SPRANG UP LIKE A COIL.;5;11;0x6731;0x6783;texto;si;;;;;;;;;;;;
H2;155C;TOSHIRO! HOW DARE YOU DO THIS...!;12;4;0x6788;0x679E;texto;si;;;;;;;;;;;;
H2;172C;I COULD ONLY STARE AT THE POOL OF BLOOD. THERE WAS NOTHING I COULD DO ALONE. I SHOULD GO CALL SOMEONE.;5;11;0x603F;0x608F;texto;si;;;;;;;;;;;;
H2;173C;I DECIDED THAT AND TURNED AROUND, RUNNING TOWARD THE DOOR.;10;6;0x6091;0x60BD;texto;si;;;;;;;;;;;;
H2;174C;WHEN I TRIED TO CROSS THE LIVING ROOM, I SUDDENLY NOTICED SOMETHING. THE BODY WAS GONE.;8;8;0x60BF;0x614B;texto;si;;;;;;;;;;;;
H2;175C;COULD HE HAVE NOT BEEN DEAD? FOR NOW I SHOULD GO CALL SOMEONE, I THOUGHT, AND LEFT THE PLACE TRYING TO OPEN THE DOOR. SUDDENLY, THE BATHROOM DOOR NEXT TO THE ENTRANCE OPENED AND A SHADOW LUNGED AT ME!;0;16;0x6153;0x61D7;texto;si;;;;;;;;;;;;
H2;176C;THE MAN, HIS FACE COVERED IN BLOOD, FELL ON TOP OF ME. UNABLE TO HOLD HIS WEIGHT, I FELL TO THE FLOOR. AAAAAH! HAD HE REALLY DIED THIS TIME? HE DIDN'T MOVE AT ALL.;0;16;0x61DC;0x625A;texto;si;;;;;;;;;;;;
H2;177C;THERE WAS A SMELL OF BLOOD. I STRUGGLED DESPERATELY, BUT I WAS COMPLETELY TRAPPED UNDER THE MAN'S WEIGHT AND COULDN'T GET FREE.;5;11;0x625C;0x62B5;texto;si;;;;;;;;;;;;
H2;178C;I HEARD THE CLICK OF A DOOR OPENING. I STOPPED STRUGGLING AND FIXED MY GAZE INTO THE DARKNESS AT THE BACK.;7;9;0x62B7;0x62FD;texto;si;;;;;;;;;;;;
H2;179C;FROM BEYOND THE DARKNESS, FROM MIKA'S ROOM, ANOTHER SHADOW APPEARED. THE MAN MET MY GAZE AND SLOWLY APPROACHED, A KNIFE GLEAMING IN HIS HAND. I TOLD YOU TO RUN...;0;16;0x6305;0x638B;texto;si;;;;;;;;;;;;
H2;180C;THE MAN STOOD BEFORE ME WITH AN EXPRESSION BETWEEN TEARS AND LAUGHTER. I HAD NO CHOICE. I ONLY WANTED TO PROTECT SOMEONE IMPORTANT TO YOU... BUT I DIDN'T WANT TO LOSE HIM EITHER!;2;14;0x638D;0x63EE;texto;si;;;;;;;;;;;;
H2;181C;IT'S YOUR FAULT. IF YOU HADN'T PROVOKED ME, THIS NEVER WOULD HAVE HAPPENED! AS IF HIS OWN WORDS EXCITED HIM, THE MAN LET OUT A STRANGE CRY AND RAISED THE BLADE.;2;14;0x63F0;0x6458;texto;si;;;;;;;;;;;;
H2;182C;I WAS STILL TRAPPED AND COULDN'T MOVE. THERE WAS NOTHING LEFT TO DO. JUST AS I CLOSED MY EYES, THE MAN WHO HAD FALLEN ON TOP OF ME ROSE AGAIN. TOSHIRO!;3;13;0x6466;0x64B9;texto;si;;;;;;;;;;;;
H2;183C;SHOUTING THAT, HE LUNGED AT THE MAN WITH THE BLADE. TAKING ADVANTAGE OF THE TWO MEN STRUGGLING WITH EACH OTHER, I FLED THE PLACE LIKE THE WIND.;2;14;0x64BB;0x69C3;texto;si;;;;;;;;;;;;
H2;184C;WHATEVER HAPPENED, I HAD TO CALL SOMEONE. SOMEONE, PLEASE HELP ME! I SCREAMED WITH ALL MY STRENGTH AS I RAN DOWN THE HALLWAY.;5;11;0x69CB;0x6A1D;texto;si;;;;;;;;;;;;
H2;185C;THE HALLWAY I NORMALLY CROSSED IN A FEW SECONDS NOW FELT INCREDIBLY LONG. WHEN I REACHED THE ELEVATOR, I TURNED AROUND.;3;13;0x6A1F;0x72A2;texto;si;;;;;;;;;;;;
H2;186C;THE HALLWAY CONTINUED IN AN UNEASY SILENCE, LIT BY THE COLD LIGHT OF THE TUBES. THERE WAS NO SIGN OF THAT MAN.;7;9;0x72A4;0x72EC;texto;si;;;;;;;;;;;;
H2;187C;AS I KEPT AN EYE ON MY APARTMENT, THE ELEVATOR DOOR BEHIND ME OPENED AND TWO POLICE OFFICERS APPEARED.;8;8;0x72EE;0x7339;texto;si;;;;;;;;;;;;
H2;188C;I CLUNG TO THEM. THE UNIFORMS THAT ALWAYS SEEMED INTIMIDATING NOW FELT VERY REASSURING. NERVOUS, I STAMMERED AS I EXPLAINED THE SITUATION.;2;14;0x733B;0x739F;texto;si;;;;;;;;;;;;
H2;189C;THE OFFICERS LOOKED AT EACH OTHER. I TOOK ONE OF THEIR HANDS AND LED HIM TO MY APARTMENT. WHEN I OPENED THE DOOR, RIGHT AT THE ENTRANCE A MAN LAY COVERED IN BLOOD.;2;14;0x73A1;0x7410;texto;si;;;;;;;;;;;;
H2;190C;HIS EXPRESSION TIGHTENED WHEN HE SAW THE TERRIBLE SCENE. AT THAT MOMENT, THAT MAN CAME OUT OF HIDING AND LUNGED AT HIM.;7;9;0x7418;0x745F;texto;si;;;;;;;;;;;;
H2;191C;SURPRISED AND STILL UNABLE TO REACT, THE OFFICERS WATCHED HIM FLEE DOWN THE HALLWAY AT AN INCREDIBLE SPEED. ONE OF THEM QUICKLY WENT AFTER HIM.;5;11;0x7467;0x74BE;texto;si;;;;;;;;;;;;
H2;192C;I RAN INSIDE THE APARTMENT. MIKA...? I OPENED THE DOOR TO MIKA'S ROOM AND SCREAMED.;7;9;0x74C0;0x74FC;texto;si;;;;;;;;;;;;
H2;193C;I'M HOME. WHEN I CAME HOME FROM SCHOOL AND OPENED THE DOOR, ONLY DARKNESS GREETED ME.;7;9;0x7513;0xAE3A;texto;si;;;;;;;;;;;;
H2;194C;SEVERAL WEEKS HAVE PASSED SINCE MIKA DISAPPEARED. RECENTLY I HAVE GOTTEN USED TO LIVING ALONE AND DON'T FEEL SO LONELY ANYMORE.;5;11;0xAE3C;0xAE99;texto;si;;;;;;;;;;;;
H2;195C;FEELING THIS WAY MAKES ME SEEM A LITTLE COLD, AND THAT BOTHERS ME A LITTLE. AND THEN...;10;6;0xAE9B;0xAEBF;texto;si;;;;;;;;;;;;
H2;196C;THUD THUD THUD THUD... TONIGHT TOO THE SOUND OF A STEREO ECHOES FROM SOMEWHERE NEARBY...;9;7;0xAEC1;0xAF06;texto;si;;;;;;;;;;;;
H2;51D;MIKA? I CLIMBED OUT OF THE FUTON AND, FEARFULLY, DREW BACK THE CURTAIN ON THE GLASS DOOR.;8;8;0x29B7;0x29ED;texto;;;;;;;;;;;;;
H2;52D;...THERE'S NO ONE. ON THE BALCONY ONLY THE USUAL NIGHTTIME VIEW OF THE NEIGHBORHOOD SPREAD OUT. IT MUST HAVE BEEN MY IMAGINATION. NOT ENTIRELY CONVINCED, I CRAWLED BACK INTO THE FUTON.;0;16;0x29F4;0x2A68;texto;;;;;;;;;;;;;
H2;53D;LIGHT FILTERED THROUGH THE GAP IN THE CURTAIN. WITH MY HEAD STILL FOGGY, I GOT UP FROM THE FUTON AND OPENED THE CURTAIN AGAIN.;3;13;0x2A7E;0x2ADC;texto;;;;;;;;;;;;;
H2;54D;ON THE OTHER SIDE OF THE GLASS DOOR THE SAME FRESH MORNING VIEW AS ALWAYS. IT HAD BEEN A MISUNDERSTANDING AFTER ALL. I WENT TO THE KITCHEN TO MAKE BREAKFAST.;0;16;0x2AE2;0x2B4D;texto;;;;;;;;;;;;;
H2;55D;JUST AS THE WONDERFUL SMELL FROM THE TOASTER BEGAN TO FILL THE AIR, MIKA POKED HER HEAD OUT FROM HER ROOM, HALF ASLEEP. I IMMEDIATELY TOLD HER ABOUT LAST NIGHT.;5;11;0x2B63;0x2BB2;texto;;;;;;;;;;;;;
H2;56D;REALLY? ARE YOU SURE YOU DIDN'T SEE WRONG? WE'RE ON THE THIRD FLOOR. I'M NOT SURE, IT WAS DARK. HOW UNPLEASANT. WELL, LET'S BE CAREFUL FROM NOW ON. YES. ALRIGHT, I HAVE TO GO NOW.;0;16;0x2BBD;0x2C1F;texto;;;;;;;;;;;;;
H2;82D;THE PHONE KEPT RINGING WITHOUT STOP. EACH RING PRESSED DOWN ON MY CHEST. I COULDN'T HELP BUT PRAY FOR IT TO STOP.;3;13;0x3D4B;0x3D8D;texto;;;;;;;;;;;;;
H2;83D;AFTER A WHILE THE PHONE WENT SILENT. I SIGHED WITH RELIEF.;12;4;0x3D9A;0x3DB4;texto;;;;;;;;;;;;;
H2;84D;2.@@1.@@BUT@@@ I@@@ENO@THE@@@ CAN@UGH@RELIEF 'T@@ALR@DIDN'T GO@@EAD@LAST@@ ON@@Y.@@LONG.@ LIK@@@@@THE@@@ E@@@@@@@PHONE@ THI@@@@@RANG@@ S.@@@@@@AGAIN.;2;14;0x3DB8;0x3E12;pregunta;;3;1;3;1;6;0;1. ENOUGH ALREADY.;2. I CAN'T GO ON LIKE THIS.;BUT THE RELIEF DIDN'T LAST LONG. THE PHONE RANG AGAIN.;;;
H2;91D;I CAME OUT OF THE SHOWER AND MIKA STILL HADN'T RETURNED. THE PLACE FELT HUGE. I WISHED EVEN THE CAT WOULD COME BY...;7;9;0x145F;0x14A1;texto;;;;;;;;;;;;;
H2;149D;I COULD NO LONGER HESITATE. I STEELED MYSELF AND LEAPT OUT THROUGH THE GLASS DOOR ONTO THE BALCONY.;8;8;0x8AD8;0x8B0D;texto;;;;;;;;;;;;;
H2;150D;THE BALCONY WAS DIVIDED BY A FIREWALL, SO I WENT ALONG THE OUTSIDE OF THE RAILING. MORE THAN TEN METERS ABOVE THE GROUND, MY LEGS WENT WEAK. I MOVED SLOWLY.;4;12;0x8B20;0x8B7E;texto;;;;;;;;;;;;;
H2;151D;...WHO WOULD HAVE THOUGHT JUST A FEW CENTIMETERS COULD FEEL SO LONG.;11;5;0x8B83;0x8BA2;texto;;;;;;;;;;;;;
H2;152D;AFTER WHAT FELT LIKE AN ETERNITY, I STEPPED DOWN ONTO THE NEXT BALCONY. I TRIED TO PEEK THROUGH THE GLASS DOOR, BUT THE CURTAIN WAS DRAWN AND I COULDN'T SEE ANYTHING.;3;13;0x8BB4;0x8C1A;texto;;;;;;;;;;;;;
H2;153D;WITH GREAT FEAR I PLACED MY HAND ON THE GLASS DOOR.;12;4;0x8C2B;0x8C45;texto;;;;;;;;;;;;;
H2;154D;WITH GREAT FEAR I PLACED MY HAND ON THE GLASS DOOR. CLICK, THE GLASS DOOR OPENED.;8;7;0x8C4D;0x8C5F;texto;;;;;;;;;;;;;
H2;155D;WITH GREAT FEAR I PLACED MY HAND ON THE GLASS DOOR. CLICK, THE GLASS DOOR OPENED. I CAREFULLY SLIPPED INSIDE.;5;11;0x8C65;0x8C7B;texto;;;;;;;;;;;;;
H2;171D;T... TOSHIRO?! TOSHIRO? ...HEH HEH HEH. THAT'S RIGHT, I AM KUBO TOSHIRO.;8;8;0x99F8;0x9A27;texto;;;;;;;;;;;;;
H2;172D;WH... WHAT DOES THIS MEAN? KIDNAPPING MIKA... KIDNAPPING? DON'T USE SUCH AN UGLY WORD. SHE CAME HERE OF HER OWN WILL, TO TRY TO CONVINCE ME.;2;14;0x9A2B;0x9A8D;texto;;;;;;;;;;;;;
H2;173D;MOVING, ISN'T IT? IT SEEMS SHE HAD BEEN WATCHING ALL DAY. MIKA? COULD IT BE... SHE DID IT FOR ME...;5;11;0x9A93;0x9AD3;texto;;;;;;;;;;;;;
H2;174D;BUT WHAT COULD HAVE HAPPENED TO TOSHIRO TO CHANGE LIKE THIS? AND HIS ROOMMATE?;10;6;0x9AD7;0x9B00;texto;;;;;;;;;;;;;
H2;175D;YOUR FRIEND, THE ONE WHO LIVED WITH YOU... MY FRIEND, HUH... HA HA HA. THAT ONE IS NO MORE. HE KEPT COMPLAINING AND COMPLAINING. AND ON TOP OF THAT HE ACTED LIKE A FRIEND.;3;13;0x9BF5;0x9C53;texto;;;;;;;;;;;;;
H2;176D;WE WERE JUST PLAYING AT BEING CLOSE FRIENDS.;12;4;0x9C59;0x9C6C;texto;;;;;;;;;;;;;
H2;177D;HE WAS NOTHING MORE THAN SOMEONE TO USE. YOU DO THE SAME, DON'T YOU? HA HA HA HA HA.;10;6;0x9C72;0x9C99;texto;;;;;;;;;;;;;
H2;178D;2.@@1.@@HE@@@@@ MAY@NO,@LOOKED@ BE@@YOU@DOWN@@@ YOU@'RE@AT@@@@@ 'RE@WRO@ME,@@@@ RIG@NG.@LAUGHED HT.@@@@@WITHOUT @@@@@@@@HUMOR.@;1;15;0x9C9E;0x9CEA;pregunta;;3;1;3;1;7;0;1. NO, YOU'RE WRONG.;2. MAYBE YOU'RE RIGHT.;HE LOOKED DOWN AT ME, LAUGHED WITHOUT HUMOR.;;;
H2;179D;THAT'S NOT TRUE... EVEN THOUGH I COULDN'T MOVE, I RAISED MY FACE WITH RESOLVE AND SAID IT TO HIM.;8;8;0x9CFC;0x9D22;texto;;;;;;;;;;;;;
H2;180D;ONE OR TWO FIGHTS DON'T MEAN EVERYTHING IS OVER. YOU CAN STILL COME TO UNDERSTAND EACH OTHER AGAIN.;7;9;0x9D2C;0x9D64;texto;;;;;;;;;;;;;
H2;181D;MIKA UNDERSTOOD ME, EVEN THOUGH I SAID TERRIBLE THINGS TO HER... SHUT UP! THE MAN SCREAMED THAT AND LUNGED AT ME.;2;14;0x9D69;0x9DCC;texto;;;;;;;;;;;;;
H2;187D;I SEIZED THAT LAPSE AND PULLED MY HAND FREE FROM THE MAN'S GRIP AND RAN TOWARD THE DOOR AT FULL SPEED.;8;8;0xA252;0xA289;texto;;;;;;;;;;;;;
H2;188D;H... HEY, WAIT, UWAA! JUST AS THE MAN RAISED HIS VOICE TO STOP ME, A DULL THUD SHOOK THE FLOOR.;7;9;0xA28D;0xA2CF;texto;;;;;;;;;;;;;
H2;189D;AS BAD LUCK WOULD HAVE IT, THE MAN HAD TRIPPED ON SOMETHING AND FALLEN. BAD LUCK? NO, NOT AT ALL. DAMN IT!! STAY STILL! THE MAN'S CURSES COULD BE HEARD.;4;12;0xA2D5;0xA326;texto;;;;;;;;;;;;;
H2;190D;I REACHED THE FRONT DOOR AND TRIED TO UNLOCK IT WITH MY HANDS TIED. I COULDN'T GET A GRIP ON THE KEY. ONLY ANXIETY RUSHED ME. CALM DOWN, CALM DOWN... I REPEATED TO MYSELF.;2;14;0xA337;0xA3A3;texto;;;;;;;;;;;;;
H2;191D;CLICK, THE SOUND RANG OUT. I FINALLY MANAGED TO OPEN THE DOOR TO FREEDOM. BUT AT THAT MOMENT...;8;7;0xA3AF;0xA3EB;texto;;;;;;;;;;;;;
H2;192D;THE HINGES CREAKED AND FROM THE ROOM WHERE I HAD BEEN, THE MAN POKED HIS HEAD OUT. HIS FURIOUS EXPRESSION MADE ME TREMBLE. IF HE CAUGHT ME THIS TIME, HE WOULD KILL ME. I RAN OUT INTO THE HALLWAY.;2;14;0xA514;0xA577;texto;;;;;;;;;;;;;
H2;193D;COMING OUT INTO THE HALLWAY, I RAN TOWARD THE ELEVATOR AT FULL SPEED. IT'S NOT THAT I HAD DECIDED WHERE TO GO. I WAS ONLY DRIVEN BY THE IDEA OF GETTING AWAY FROM THERE.;2;14;0xAA76;0xAADD;texto;;;;;;;;;;;;;
H2;194D;ANXIETY OVERTOOK ME. MY MIND MOVED FASTER THAN MY BODY. MY FEET GOT TANGLED AND I FELL FACE DOWN IN THE HALLWAY. I DESPERATELY TRIED TO GET UP, BUT WITH MY HANDS TIED I COULDN'T.;3;13;0xAAE1;0xAB39;texto;;;;;;;;;;;;;
H2;195D;WHILE I WRITHED ON THE GROUND, THE MAN CAME OUT WITH A TERRIFYING FACE. SEEING ME, HE APPROACHED IN LONG STRIDES.;5;11;0xAB51;0xABA2;texto;;;;;;;;;;;;;
H2;196D;I TRIED TO FLEE BY CRAWLING WITH ALL MY STRENGTH, BUT IN AN INSTANT HE CAUGHT UP TO ME. THE MAN'S ARM GRABBED MY CLOTHES AT CHEST LEVEL. JUST WHEN I HAD ALREADY GIVEN UP...;3;13;0xABAD;0xAC08;texto;;;;;;;;;;;;;
H2;197D;YOU TWO, WHAT ARE YOU DOING! WITHOUT MY REALIZING IT, A NEIGHBOR FROM THE BUILDING HAD APPEARED AT HER DOOR.;7;9;0xAC12;0xAC4E;texto;;;;;;;;;;;;;
H2;198D;I SAW A RAY OF HOPE AND SCREAMED WITH ALL MY STRENGTH. PLEASE, HELP ME!;8;7;0xAC52;0xAC81;texto;;;;;;;;;;;;;
H2;199D;MY SCREAM WAS THE SIGNAL. THAT WOMAN SCREAMED IN A VOICE THAT ECHOED THROUGHOUT THE BUILDING. SOMEONE! CALL THE POLICE! HEARING THE COMMOTION, THE DOORS ON THAT FLOOR OPENED ONE BY ONE.;2;14;0xAC8B;0xACF4;texto;;;;;;;;;;;;;
H2;200D;SEEING THE SITUATION TURNING AGAINST HIM, THE MAN PUSHED ME AND RAN.;10;6;0xACF9;0xAD1B;texto;;;;;;;;;;;;;
H2;201D;BUT THE NEIGHBORS COMING OUT ONE AFTER ANOTHER SUBDUED THE MAN WHEN HE TRIED TO FLEE.;9;7;0xAD25;0xAD53;texto;;;;;;;;;;;;;
H2;202D;CALL THE POLICE! SHOUTED ONE OF THE MEN.;12;4;0xAD5E;0xAD76;texto;;;;;;;;;;;;;
H2;203D;ARE YOU ALRIGHT?! THE NEIGHBOR WHO HAD APPEARED FIRST REMOVED THE TAPE THAT HAD BEEN BINDING ME.;7;9;0xAD7A;0xADB7;texto;;;;;;;;;;;;;
H2;204D;I COLLAPSED IN THE HALLWAY AND COULDN'T SAY ANYTHING.;10;6;0xADBB;0xADDA;texto;;;;;;;;;;;;;
H2;205D;GOOD MORNING. IN THE LIVING ROOM FLOODED BY MORNING SUNLIGHT MIKA APPEARED, RUBBING HER SLEEPY EYES. GOOD MORNING. I ANSWERED HER WITH A SMILE.;2;14;0xB15A;0xB1B8;texto;;;;;;;;;;;;;
H2;206D;THE ORDINARY AND UNREMARKABLE THINGS NOW SEEMED SOMEHOW CHEERFUL TO ME.;10;6;0xB1BC;0xB1D7;texto;;;;;;;;;;;;;
H2;207D;DAYS PASSED. BETWEEN INTERROGATIONS AND EVERYTHING ELSE, THERE WAS NO CALM. FINALLY OUR ROUTINE RETURNED AND WE ENJOYED BREAKFAST TOGETHER AGAIN.;3;13;0xB1E8;0xB24A;texto;;;;;;;;;;;;;
H2;208D;SUDDENLY I FOUND MYSELF STARING AT MIKA AS SHE BIT INTO HER TOAST. SHE NOTICED AND GAVE ME A PUZZLED LOOK. WHAT'S WRONG? NOTHING, NOTHING. ALRIGHT, I'M OFF.;2;14;0xB24F;0xB2AB;texto;;;;;;;;;;;;;
H2;209D;I FELT A LITTLE EMBARRASSED AND HEADED QUICKLY TOWARD THE DOOR.;10;6;0xB2B6;0xB2D7;texto;;;;;;;;;;;;;
H2;210D;A BLUE SKY I HADN'T SEEN IN A LONG TIME AWAITED ME. IN THE HALLWAY I GREETED PEOPLE.;9;7;0xB2E5;0xB31C;texto;;;;;;;;;;;;;
H2;211D;GOOD MORNING. THE MAN GAVE ME A SLIGHT BOW IN RETURN.;10;6;0xB320;0xB34B;texto;;;;;;;;;;;;;
H2;212D;I GOT IN THE ELEVATOR AND PRESSED THE CLOSE BUTTON. THE DOORS SLOWLY BEGAN TO CLOSE. SUDDENLY, THROUGH THAT GAP I CAUGHT SIGHT OF THE MAN'S FIGURE.;4;12;0xB34F;0xB3AF;texto;;;;;;;;;;;;;
H2;213D;THAT MAN WAS WALKING SLOWLY INTO ONE OF THE APARTMENTS.;10;6;0xB3B3;0xB3D8;texto;;;;;;;;;;;;;
H2;214D;TOWARD THE ROOM NEXT DOOR, MIKA'S AND MINE......;6;10;0xB3E3;0xB3F3;texto;no;;;;;;;;;;;;
H2;143E;WITHOUT FINISHING THE LETTER, I HURRIED TOWARD THE ROOM. I RAN DOWN THE STAIRS AND THROUGH THE HALLWAY.;8;8;0x5A27;0x5A64;texto;si;;;;;;;;;;;;
H2;172E;HEARING THE COMMOTION, A MIDDLE-AGED WOMAN NEIGHBOR CAME UP TO ME COVERING HER FACE. WHAT HAPPENED HERE!;5;11;0x7522;0x7566;texto;si;;;;;;;;;;;;
H2;173E;NERVOUS AND TENSE, SPEAKING IN BROKEN SENTENCES, I EXPLAINED THE SITUATION.;10;6;0x756A;0x7591;texto;si;;;;;;;;;;;;
H2;174E;HEARING MY ACCOUNT, THE WOMAN RAN TO THE ROOM AND CALLED THE POLICE. CURIOUS ONLOOKERS STARTED TO GATHER. I COULDN'T CALM DOWN. WHAT COULD HAVE HAPPENED TO MIKA.;2;14;0x7597;0x75FC;texto;si;;;;;;;;;;;;
H2;175E;IN A SHORT TIME TWO OFFICERS ARRIVED. I MYSELF GUIDED THEM TO MY ROOM. THE OFFICER CAREFULLY OPENED THE DOOR.;7;9;0x7601;0x7647;texto;si;;;;;;;;;;;;
H2;176E;THE INSIDE OF THE ROOM WAS AS DARK AS ALWAYS. I TRIED TO STRAIN MY EARS, BUT NOTHING COULD BE HEARD.;8;8;0x764D;0x767E;texto;si;;;;;;;;;;;;
H2;177E;THE OFFICERS LOOKED AT EACH OTHER AND WENT INSIDE. I STAYED WAITING AT THE ENTRANCE.;8;8;0x7686;0x76AF;texto;si;;;;;;;;;;;;
H2;178E;AFTER A WHILE, HEARING THE OFFICER'S CRY, I COULDN'T STAY STILL AND WENT INSIDE.;9;7;0x76B3;0x76E4;texto;si;;;;;;;;;;;;
H2;179E;THE OFFICER WAS STANDING PARALYZED IN MIKA'S ROOM. I SAW SOMETHING LYING AT THE OFFICER'S FEET AND LET OUT A SCREAM.;7;9;0x76EB;0x7727;texto;si;;;;;;;;;;;;
H2;129K;I CLOSED THE DOOR WITH A TREMBLING HAND AND PEEKED THROUGH TO THE OTHER SIDE.;10;6;0x80CD;0x80EE;texto;;;;;;;;;;;;;
H2;130K;AAAAAH! SOMETHING BLOODY AND SOFT WAS LYING THERE. IT WAS THE CAT I ALWAYS FED, CRUELLY DECAPITATED, DISCARDED LIKE A DOLL.;0;16;0x80FE;0x817C;texto;;;;;;;;;;;;;
H2;131K;THE BLOOD HAD FORMED A LARGE STAIN SPREADING ACROSS THE HALLWAY.;10;6;0x8181;0x81A2;texto;;;;;;;;;;;;;
H2;132K;MIKA ALSO CAME RUNNING OUT OF HER ROOM WHEN SHE HEARD MY UNUSUAL SCREAM, BUT WHEN SHE SAW THE STATE OF THE HALLWAY SHE WAS STRUCK SPEECHLESS, UNABLE TO MOVE. WHAT IS THIS...;3;13;0x81B5;0x821A;texto;;;;;;;;;;;;;
H2;133K;MY EYES WERE FIXED ON THE BODY. I WANTED TO LOOK AWAY, BUT COULDN'T. MY HEART POUNDED LIKE A BELL. FUMINA, FUMINA, SNAP OUT OF IT!;2;14;0x821E;0x827B;texto;;;;;;;;;;;;;
H2;134K;WHEN I LOOKED UP FEELING SOMEONE SHAKE ME, MIKA WAS STARING AT ME WITH A PALE FACE. THE HAND HOLDING ME WAS TREMBLING. WITHOUT THINKING I CLUNG TO HER. THE FIGHT WAS COMPLETELY GONE FROM MY MIND...;0;16;0x8286;0x82FC;texto;;;;;;;;;;;;;
H2;135K;AFTER THAT, I LEFT THE REST TO MIKA AND WENT TO SCHOOL.;10;6;0x85A8;0x85C8;texto;;;;;;;;;;;;;
H2;136K;AT SCHOOL, THANKS TO MY FRIENDS I WAS ABLE TO KEEP THE THING ABOUT THE CAT TO A CORNER OF MY MIND... BUT...;8;8;0x85CE;0x8602;texto;;;;;;;;;;;;;
H2;137K;ON THE WAY HOME FROM SCHOOL, AS THE BUILDING DREW CLOSER, THE SCENE FROM THAT MORNING CAME BACK TO MY MIND AND I STARTED TO FEEL ILL.;5;11;0x8608;0x8654;texto;;;;;;;;;;;;;
H2;138K;I FELT A MILD SELF-CONTEMPT. NO MATTER HOW TOUGH I PRETENDED TO BE, WHEN IT MATTERED I ALWAYS ENDED UP DEPENDING ON MIKA.;7;9;0x8658;0x869C;texto;;;;;;;;;;;;;
H2;102M;IT MADE NO SENSE TO GO ON LIKE THIS. I STEELED MYSELF AND PICKED UP THE PHONE. HELLO... AH, FUMINA? MIKA-CHAN? IT WAS MIKA CALLING. RELIEVED, I FELT MY BODY GO LIMP.;0;16;0x4233;0x42BD;texto;;;;;;;;;;;;;
H2;103M;WHERE IN THE WORLD ARE YOU? SORRY, SORRY, I DIDN'T HAVE TIME TO LET YOU KNOW. THE TRUTH IS I HAD AN ACCIDENT AND NOW I'M AT THE HOSPITAL. THE HOSPITAL?;3;13;0x42C4;0x4318;texto;;;;;;;;;;;;;
H2;104M;I'LL TELL YOU THE DETAILS WHEN I GET HOME. I'M AT A PUBLIC PHONE RIGHT NOW. SEE YOU. MIKA SAID THAT AND HUNG UP.;5;11;0x431D;0x4360;texto;;;;;;;;;;;;;
H2;105M;ALONE AGAIN, I KEPT WAITING FOR MIKA WITH A VAGUE UNEASE I COULDN'T SHAKE.;8;8;0x4367;0x4394;texto;;;;;;;;;;;;;
H2;111P;I'M AT MY LIMIT. THIS IS AN ACTUAL CRIME. LET'S TALK TO TOSHIRO-SAN. IF NEED BE, I COULD EVEN REPORT HIM TO THE POLICE. WAIT, WAIT A MOMENT!;4;12;0x1F92;0x1FEF;texto;no;;;;;;;;;;;;
H2;112P;THIS WHOLE STRING OF HARASSMENT WASN'T TOSHIRO'S DOING, BUT HIS ROOMMATE'S. TOSHIRO PROMISED TO KEEP HOLDING HIM BACK, EVEN IF IT MEANT RUINING HIS FRIENDSHIP WITH HIM.;2;14;0x1FF4;0x2057;texto;no;;;;;;;;;;;;
H2;113P;I GATHERED MY COURAGE AND TOLD MIKA EVERYTHING UP TO NOW, DESPERATELY TRYING TO DEFEND TOSHIRO, BUT MY WORDS WERE CUT OFF.;5;11;0x205B;0x20A4;texto;no;;;;;;;;;;;;
H2;114P;LOOK, EVEN IF THAT'S TRUE, WHAT DOES IT MATTER? ANYWAY, WHAT KIND OF RELATIONSHIP DO YOU HAVE WITH THIS TOSHIRO THAT MAKES YOU WANT TO TAKE HIS SIDE LIKE THAT?;4;12;0x20B5;0x2107;texto;no;;;;;;;;;;;;
H2;115P;FUMINA, BETWEEN THAT TOSHIRO AND ME, WHO MATTERS MORE TO YOU?;10;6;0x210D;0x212D;texto;no;;;;;;;;;;;;
H2;116P;I CAN'T JUST TAKE YOUR SIDE. IT'S JUST... THAT WAS ALL I MANAGED TO SAY. I RAN OFF AND SHUT MYSELF IN MY ROOM.;5;11;0x2131;0x2179;texto;no;;;;;;;;;;;;
H2;117P;TOSHIRO... RIGHT, THE LETTER. I REMEMBERED HIS LETTER HAD ARRIVED. I PULLED OUT THE ENVELOPE AND OPENED IT.;7;9;0x2185;0x21C7;texto;no;;;;;;;;;;;;
H2;118P;TO FUMINA-SAN: I DID IT! MY FRIEND NAOYA UNDERSTOOD.;5;11;0x21D3;0x2215;texto;no;;;;;;;;;;;;
H2;119P;I'M GLAD I HAD THE COURAGE TO TALK TO HIM.;10;6;0x2219;0x2239;texto;no;;;;;;;;;;;;
H2;120P;WITH THIS, I WON'T CAUSE YOU ANY MORE TROUBLE. KUBO TOSHIRO.;2;14;0x223D;0x22AA;texto;no;;;;;;;;;;;;
H2;121P;THE LETTER DIDN'T MENTION THE CAT OR THE BICYCLE AT ALL. EITHER WAY, I DECIDED TO WRITE TO TOSHIRO TO ASK HIM. I SAT DOWN AT MY DESK.;5;11;0x43BA;0x4409;texto;no;;;;;;;;;;;;
H2;122P;TO TOSHIRO-SAN: THANK YOU FOR HANDLING THE STEREO. EVEN SO, WE'RE STILL HAVING PROBLEMS. MY FRIEND GOT HURT BECAUSE OF IT.;2;14;0x4422;0x4482;texto;no;;;;;;;;;;;;
H2;123P;I KNOW THIS SOUNDS LIKE I'M DISTRUSTING YOUR FRIEND, AND THAT WEIGHS ON ME, BUT COULD YOU ASK HIM ONE MORE TIME? OTSUKI FUMINA.;3;13;0x4486;0x44D7;texto;no;;;;;;;;;;;;
H2;124P;GOOD MORNING. THE NEXT MORNING, WHILE MAKING BREAKFAST, MIKA POKED HER HEAD OUT OF HER ROOM. AFTER YESTERDAY, IT WAS HARD TO LOOK HER IN THE FACE.;3;13;0x44F1;0x4548;texto;no;;;;;;;;;;;;
H2;125P;G-GOOD MORNING. I'M NOT GOING TO WORK TODAY. MIKA'S WOUND STILL SEEMED TO HURT, SINCE SHE WAS DRAGGING HER RIGHT LEG.;5;11;0x4553;0x4596;texto;no;;;;;;;;;;;;
H2;126P;SO, SORRY TO ASK, BUT COULD YOU COME HOME EARLY? WITH MY LEG LIKE THIS, EVERYTHING'S UNCOMFORTABLE.;7;9;0x459A;0x45D3;texto;no;;;;;;;;;;;;
H2;127P;I WASN'T THE TYPE TO WANDER OFF ON MY WAY HOME ANYWAY. BESIDES, TO MAKE UP FOR MIKA'S BAD MOOD YESTERDAY, OF COURSE I AGREED.;5;11;0x45D7;0x4625;texto;no;;;;;;;;;;;;
H2;128P;THAT EVENING, I SKIPPED CLUB AND TURNED DOWN MY FRIENDS' INVITATION SO I COULD GO STRAIGHT HOME.;8;8;0x4632;0x466D;texto;no;;;;;;;;;;;;
H2;129P;AS SOON AS I REACHED THE BUILDING, I HURRIED TO CHECK THE MAILBOX. INSIDE WAS A BROWN ENVELOPE I ALREADY KNEW WELL.;7;9;0x467E;0x46BC;texto;no;;;;;;;;;;;;
H2;130P;2.@@1.@YES THI@BA@TER S@@@CK@DAY IS.@TO@'S@ ..@@RO@REP @@@@OM@LY?;5;10;0x46CA;0x46F1;pregunta;no;3;1;2;1;3;0;1. BACK TO ROOM;2. THIS IS...;YESTERDAY'S REPLY?;;;
H2;131P;I OPENED THE ENVELOPE RIGHT THERE AND STARTED READING. TO FUMINA-SAN: I READ YOUR LETTER. TO BE HONEST, THIS IS A MISUNDERSTANDING. IT'S TRUE MY FRIEND MAY HAVE CAUSED YOU TROUBLE,;0;16;0x474A;0x47C0;texto;no;;;;;;;;;;;;
H2;132P;BUT HE'S NOT THE TYPE TO TAMPER WITH A BICYCLE. I THINK THAT WAS SOMEONE ELSE'S DOING.;8;8;0x47C4;0x47F8;texto;no;;;;;;;;;;;;
H2;133P;TO MAKE IT UP TO YOU, WOULD YOU LIKE TO MEET TODAY? IF WE CAN BE OF ANY HELP, COUNT ON US. KUBO TOSHIRO.;5;11;0x47FC;0x4841;texto;no;;;;;;;;;;;;
H2;134P;SOMEONE ELSE'S DOING? IF THAT WAS TRUE, IT MEANT SOMEONE ELSE HELD A GRUDGE AGAINST US. I HURRIED BACK TO MY ROOM.;4;12;0x4846;0x4897;texto;no;;;;;;;;;;;;
H2;135P;I WENT INSIDE AND IT WAS COMPLETELY DARK. I FELT AROUND FOR THE LIGHT SWITCH, BUT IT WOULDN'T TURN ON. IT SEEMED THE POWER HAD GONE OUT. I SQUINTED TO LOOK AROUND THE ROOM.;0;16;0x48B7;0x492B;texto;no;;;;;;;;;;;;
H2;136P;WHERE COULD MIKA HAVE GONE? SHE COULD BARELY EVEN WALK.;10;6;0x4930;0x4950;texto;no;;;;;;;;;;;;
H2;137P;SUDDENLY, I REMEMBERED WHAT HAD HAPPENED THE DAY BEFORE.;12;4;0xB949;0xB958;texto;no;;;;;;;;;;;;
H2;138P;MIKA-CHAN? NO ANSWER. I FELT MY WAY FORWARD. REACHING THE MIDDLE OF THE DINING ROOM, I HEARD A LOCK TURN... I SPUN AROUND, STARTLED. SOMETHING MOVED IN THE DARK.;2;14;0xB971;0xB9E4;texto;no;;;;;;;;;;;;
H2;139P;THE MOMENT I THOUGHT THAT, I FELT A BLOW TO MY HEAD AND COLLAPSED TO THE FLOOR. THE SPOT WHERE I'D BEEN HIT THROBBED FIERCELY.;7;9;0xB9E8;0xBA40;texto;no;;;;;;;;;;;;
H2;140P;SUDDENLY THE ROOM LIT UP WITH ELECTRIC LIGHT. GUESS I HIT A LITTLE TOO HARD, HUH? I HEARD A VOICE I KNEW WELL. MY EYES FINALLY ADJUSTED TO THE LIGHT.;4;12;0xBA46;0xBA9E;texto;no;;;;;;;;;;;;
H2;141P;AND I SAW MIKA LOOKING DOWN AT ME WITH AN EMPTY EXPRESSION. MIKA-CHAN? Y-YES... WAIT...... N-NO, LATELY YOU'VE BEEN ACTING ALL IMPORTANT. MIKA'S EYES HAD A MOCKING GLEAM.;0;16;0xBAA9;0xBB1D;texto;no;;;;;;;;;;;;
H2;142P;IT WAS THE FIRST TIME I HAD SEEN MIKA LIKE THIS. IGNORING ME WHILE I STAYED STUNNED, MIKA STARTED TALKING: I HAVE SOMEONE IMPORTANT TO ME TOO. TO ME, YOU'RE JUST A NUISANCE.;2;14;0xBB21;0xBB77;texto;no;;;;;;;;;;;;
H2;143P;BUT YOU KNOW, AFTER YEARS TOGETHER YOU GET ATTACHED, RIGHT? THAT'S WHY I WANTED YOU CLOSE FOREVER.;7;9;0xBB81;0xBBBB;texto;no;;;;;;;;;;;;
H2;144P;THAT'S WHY, WHEN I HEARD YOUR FATHER AND YOUR AUNT WERE MOVING ABROAD, I INVITED YOU TO LIVE WITH ME.;8;8;0xBBBF;0xBBF3;texto;no;;;;;;;;;;;;
H2;145P;AND EVEN SO, YOU'RE TRYING TO ESCAPE FROM ME.;12;4;0xBBF7;0xBC0A;texto;no;;;;;;;;;;;;
H2;146P;AND EVEN SO, YOU'RE TRYING TO ESCAPE FROM ME. THAT'S WHY I THOUGHT I'D PUNISH YOU RIGHT NOW.;7;9;0xBC10;0xBC32;texto;no;;;;;;;;;;;;
H2;147P;2.@@1.@@MY@@@ THI@MIK@HEAD@ S@@@A-C@WAS@@ ISN@HAN@SPINN 'T@@...@ING.@ A@@@@@@@WHAT@ JOK@@@@@ON@@@ E@@@@@@@EARTH @@@@@@@@WAS@@ @@@@@@@@MIKA@ @@@@@@@@SAYIN @@@@@@@@G?@@@;3;13;0xBC43;0xBC86;pregunta;no;3;1;3;1;5;0;1. MIKA-CHAN...;2. THIS ISN'T A JOKE;MY HEAD WAS SPINNING. WHAT ON EARTH WAS MIKA SAYING?;;;
H2;148P;MIKA-CHAN, DID I DO WRONG? IF SOMETHING BOTHERED YOU, I'M SORRY... MY VOICE BROKE INTO TEARS.;7;9;0x4971;0x49AB;texto;no;;;;;;;;;;;;
H2;149P;IS THERE SOMETHING I DON'T LIKE? EVERYTHING YOU DO HAS ALWAYS BOTHERED ME!;8;8;0x49AF;0x49DB;texto;no;;;;;;;;;;;;
H2;150P;IT'S BEEN LIKE THIS SINCE WE WERE KIDS. YOU HIDE BEHIND ME, THOUGH YOU CAN'T DO ANYTHING WITHOUT ME.;8;8;0x49E0;0x4A12;texto;no;;;;;;;;;;;;
H2;151P;AND EVEN SO, WHAT WAS THAT?! WHAT WAS THAT ATTITUDE YESTERDAY?! YOU COMPARED ME TO THAT TOSHIRO, WEIGHING US AGAINST EACH OTHER! YOU SHOULD HAVE STAYED BEHIND ME WHIMPERING!;4;12;0x4A16;0x4A70;texto;no;;;;;;;;;;;;
H2;152P;WITHOUT SENDING UNNECESSARY LETTERS. I COULDN'T BELIEVE IT. WAS THIS MIKA'S TRUE FACE?;5;11;0x4A82;0x4AC9;texto;no;;;;;;;;;;;;
H2;153P;MIKA POINTED A GLEAMING KNIFE AT ME AS I LAY ON THE FLOOR. PLEASE, STOP! DON'T WORRY, I'M NOT GOING TO KILL YOU. I'M JUST GOING TO LEAVE YOU A SCAR THAT WILL NEVER GO AWAY.;4;12;0x4AD5;0x4B33;texto;no;;;;;;;;;;;;
H2;154P;BUT DON'T WORRY, I'M NOT GOING TO ABANDON YOU... MIKA PRESSED THE KNIFE AGAINST MY CHEEK.;5;11;0x4B37;0x4B7C;texto;no;;;;;;;;;;;;
H2;155P;THERE WAS NOTHING LEFT TO DO! JUST WHEN I WAS ABOUT TO GIVE UP, THE DOORBELL RANG. MIKA TENSED UP. THE BELL KEPT RINGING, TWICE, THREE TIMES.;2;14;0x4B8A;0x4BF9;texto;no;;;;;;;;;;;;
H2;156P;MIKA CLICKED HER TONGUE, GRABBED SOME TAPE SHE HAD NEARBY, AND USED IT TO BIND MY MOUTH. WITH THE TAPE ON, I COULDN'T EVEN SCREAM. SHE SHOVED ME LIKE THAT, BY FORCE, INTO MY OWN ROOM.;2;14;0x4E88;0x4EF4;texto;no;;;;;;;;;;;;
H2;157P;IF YOU DON'T BEHAVE, YOU'RE GOING TO HAVE A REALLY BAD TIME LATER. MIKA SAID IT IN A THREATENING TONE AND CLOSED THE DOOR.;7;9;0x4EFE;0x4F40;texto;no;;;;;;;;;;;;
H2;158P;I WAS LEFT ALONE IN THE DARKNESS. WHO COULD HAVE COME? I STRAINED TO LISTEN THROUGH THE DOOR. I COULD HEAR A VOICE.;7;9;0x4F4B;0x4F8A;texto;no;;;;;;;;;;;;
H2;159P;IS MISS OTSUKI FUMINA HOME? SHE HASN'T COME BACK YET. THAT'S STRANGE... I HAVEN'T GOTTEN ANY LETTER FROM HER... WHEN SHE GETS BACK...;4;12;0x4F8E;0x4FE0;texto;no;;;;;;;;;;;;
H2;160P;2.@@1.@@HUH?! IS@@PLE@COULD THE@ASE@THAT@ RE@@,@@@BE... SOM@NOT@TOSHI E@@@ICE@RO-SA WAY@ME!@N!@@@ TO@@@@@@@@@@@ WAR@@@@@@@@@@ N@@@@@@@@@@@@ HIM@@@@@@@@@@ ...@@@@@@@@@@;3;13;0x4FE6;0x5025;pregunta;no;3;1;3;1;5;0;1. PLEASE, NOTICE ME!;2. IS THERE SOME WAY TO WARN HIM...;HUH?! COULD THAT BE... TOSHIRO-SAN!;;;
H2;161P;I TRIED SOMEHOW TO WARN TOSHIRO, BUT I COULDN'T MOVE MY HANDS OR FEET. ALL I COULD DO WAS LIE STILL ON THE FLOOR AND WATCH HOW THINGS PLAYED OUT.;2;14;0x5055;0x50B0;texto;no;;;;;;;;;;;;
H2;162P;AFTER A WHILE, I HEARD FOOTSTEPS ON THE OTHER SIDE, THEN THE SOUND OF A DOOR CLOSING. IT WAS NO USE, TOSHIRO HAD LEFT.;7;9;0x50B4;0x50FC;texto;no;;;;;;;;;;;;
H2;163P;YOUR TOSHIRO-SAN IS GONE NOW. MIKA CAME BACK INTO THE ROOM.;9;7;0x5100;0x5126;texto;no;;;;;;;;;;;;
H2;164P;I BET YOU WERE PINNING YOUR HOPES ON THAT MAN, HUH? IT'S ALWAYS THE SAME. BUT YOU KNOW, I'M THE ONLY ONE WHO TRULY UNDERSTANDS YOU, AND STILL YOU LET YOURSELF GET SWEPT UP BY SOMEONE ELSE......;2;14;0x512A;0x518F;texto;no;;;;;;;;;;;;
H2;165P;MIKA PICKED UP THE KNIFE SHE HAD LEFT ON THE TABLE. I DIDN'T DO ANYTHING MORE. IF IT HAD COME TO THIS, ALL I COULD DO WAS ACCEPT MY FATE.;5;11;0x519A;0x51E1;texto;no;;;;;;;;;;;;
H2;166P;GOOD GIRL. YOU SHOULD HAVE DONE THIS FROM THE START. MIKA SMILED COLDLY.;8;8;0x51E5;0x520E;texto;no;;;;;;;;;;;;
H2;167P;GOOD GIRL. YOU SHOULD HAVE DONE THIS FROM THE START. MIKA SMILED COLDLY... AND SUDDENLY, THAT EXPRESSION FROZE ON HER FACE.;5;11;0x521A;0x522C;texto;no;;;;;;;;;;;;
H2;168P;MIKA STOOD STARING OUT TOWARD THE BALCONY. I FOLLOWED HER GAZE TOO.;10;6;0x5231;0x5258;texto;no;;;;;;;;;;;;
H2;169P;MIKA STOOD STARING OUT TOWARD THE BALCONY. I FOLLOWED HER GAZE TOO. THERE WAS AN UNKNOWN MAN OUT THERE.;7;9;0x525E;0x526D;texto;no;;;;;;;;;;;;
H2;170P;HE PICKED UP A FLOWERPOT AND THREW IT AT THE GLASS DOOR. THE GLASS SHATTERED. THROUGH THE OPENING, THAT PERSON CAME INTO THE ROOM.;3;13;0x5272;0x52D5;texto;no;;;;;;;;;;;;
H2;171P;YOU'RE FUMINA-SAN, RIGHT? I NODDED DESPERATELY. NOW I UNDERSTAND. THE PERSON CAUSING YOU TROUBLE WAS RIGHT BESIDE YOU ALL ALONG......;5;11;0x52E1;0x5327;texto;no;;;;;;;;;;;;
H2;172P;MIKA RAISED THE BARE BLADE OF THE KNIFE AND LUNGED AT HIM.;12;4;0x532C;0x5345;texto;no;;;;;;;;;;;;
H2;173P;MIKA RAISED THE BARE BLADE OF THE KNIFE AND LUNGED AT HIM. HE DODGED HER EASILY, GRABBED HER WRIST, AND STRUCK HER SHARPLY IN THE STOMACH.;5;11;0x534C;0x537A;texto;no;;;;;;;;;;;;
H2;174P;MIKA RAISED THE BARE BLADE OF THE KNIFE AND LUNGED AT HIM. HE DODGED HER EASILY, GRABBED HER WRIST, AND STRUCK HER SHARPLY IN THE STOMACH. SHE COLLAPSED WITHOUT EVEN BEING ABLE TO SCREAM.;2;14;0x5381;0x5399;texto;no;;;;;;;;;;;;
H2;175P;ARE YOU OKAY? HE UNTIED ME RIGHT AWAY. THEN HE LOOKED AT ME AND SMILED GENTLY.;7;9;0x539D;0x53D1;texto;no;;;;;;;;;;;;
H2;176P;NICE TO MEET YOU, I'M KUBO TOSHIRO.;7;9;0x53E1;0x53F3;texto;no;;;;;;;;;;;;
H2;177P;THINKING THIS MIGHT BE THE LAST TIME I'D SEE IT, I FELT A TWINGE OF SADNESS AND TURNED AROUND ONCE MORE TO LOOK. RIGHT NOW, IN THAT VERY MOMENT, THE BUILDING WAS STILL THERE.;4;12;0x5655;0x56A9;texto;no;;;;;;;;;;;;
H2;128Q;TOASTING BREAD FOR BREAKFAST, MIKA CAME OUT WITHOUT A WORD AND SAT DOWN. I STAYED QUIET TOO AND SET HER PLATE DOWN.;4;12;0xB7E7;0xB849;texto;no;;;;;;;;;;;;
H2;129Q;SINCE THEN, THE RELATIONSHIP BETWEEN MIKA AND ME HAD SOMEHOW BECOME AWKWARD.;10;6;0xB84D;0xB86F;texto;no;;;;;;;;;;;;
H2;130Q;NO REPLY CAME FROM TOSHIRO EITHER. HAD HE BEEN OFFENDED BY WHAT I WROTE? I SPENT MY DAYS WITH A NAGGING SENSE OF UNEASE.;4;12;0xB87C;0xB8CA;texto;no;;;;;;;;;;;;
H2;131Q;AFTER A WHILE IT WAS TIME FOR SCHOOL, SO I GOT UP IN SILENCE. HEY, FUMINA. MIKA SUDDENLY SPOKE TO ME ABOUT THAT... BUT I COULD TELL SHE WAS TRYING TO ACT LIKE NOTHING HAD HAPPENED.;0;16;0xB8CE;0xB940;texto;no;;;;;;;;;;;;
H2;132Q;I PRETENDED NOT TO HAVE HEARD HER AND LEFT.;10;6;0x7E87;0x7EA3;texto;no;;;;;;;;;;;;
H2;133Q;I WONDERED IF I HAD BEEN TOO COLD. MY CHEST ACHED WITH GUILT. I SPENT THAT ENTIRE DAY FILLED WITH A SENSE OF GUILT.;5;11;0x7EA8;0x7EED;texto;no;;;;;;;;;;;;
H2;153Q;IT WAS DARK, AND IT TOOK ME A WHILE TO ADJUST. SAME LAYOUT, BUT SOMEONE ELSE'S ROOM FELT COMPLETELY DIFFERENT.;7;9;0x8DF5;0x8E38;texto;no;;;;;;;;;;;;
H2;154Q;I SQUINTED. WAS MIKA REALLY IN THERE?;10;6;0x8E3C;0x8E57;texto;no;;;;;;;;;;;;
H2;155Q;THEN, FROM SOMEWHERE, I HEARD A MUFFLED MOAN.;9;7;0x8E61;0x8E89;texto;no;;;;;;;;;;;;
H2;156Q;I LOOKED TOWARD WHERE THE VOICE CAME FROM AND FOUND SOMEONE LYING IN A CORNER OF THE ROOM. THAT WAS... MIKA!;7;9;0x8E9E;0x8ED4;texto;no;;;;;;;;;;;;
H2;170Q;MAYBE THIS PERSON WAS TOSHIRO. PERHAPS, BY WRITING HIM THAT LETTER, I HAD PUT HIM IN A TOUGH SPOT WITH HIS FRIEND... THEN WHO WAS THE ROOMMATE?;3;13;0xA0BD;0xA111;texto;no;;;;;;;;;;;;
H2;131T;BUT NOW, MIKA MIGHT BE WAITING FOR ME. I TOOK THE LETTER IN HAND AND HURRIED TOWARD MY ROOM.;8;8;0x46FD;0x4735;texto;no;;;;;;;;;;;;
H2;145T;EVEN I, WHO ALWAYS PUT UP WITH IT, GOT ANGRY. CARRIED AWAY BY FURY, I STARTED TALKING WITHOUT STOPPING: YOU'RE CROSSING THE LINE?! THIS ISN'T A JOKE! I'M NOT MIKA'S TOY!;2;14;0x4C07;0x4C71;texto;no;;;;;;;;;;;;
H2;146T;MIKA WAS STUNNED BY MY UNEXPECTED PUSHBACK.;12;4;0x4C76;0x4C90;texto;no;;;;;;;;;;;;
H2;147T;WH-WHAT?! AFTER EVERYTHING I'VE DONE FOR YOU, THIS IS HOW YOU TALK TO ME?! SHE SLAPPED MY CHEEK. HER EMOTIONS OVERFLOWED, AND SHE COULDN'T HOLD BACK.;5;11;0x4C94;0x4CE8;texto;no;;;;;;;;;;;;
H2;148T;REFLEXIVELY, I SLAPPED HER BACK. IT WAS THE FIRST TIME I FOUGHT WITH MIKA.;9;7;0x4CEE;0x4D18;texto;no;;;;;;;;;;;;
H2;149T;MIKA, WITH A DEMONIC EXPRESSION, PULLED OUT A KNIFE SHE HAD HIDDEN. WHILE I STOOD FROZEN IN SHOCK, MIKA'S HAND STRUCK ME AGAIN.;5;11;0x4D1D;0x4D74;texto;no;;;;;;;;;;;;
H2;150T;THE BLOW KNOCKED ME TO THE FLOOR. I'M GOING TO LEAVE YOU A SCAR THAT WILL NEVER GO AWAY. MIKA PRESSED THE BLADE AGAINST MY CHEEK. STOP, PLEASE! DON'T WORRY, I'M NOT GOING TO ABANDON YOU...;0;16;0x4D80;0x4DF4;texto;no;;;;;;;;;;;;
H2;151T;THERE WAS NOTHING LEFT TO DO! JUST WHEN I WAS ABOUT TO GIVE UP, THE DOORBELL RANG. MIKA TENSED UP. THE BELL KEPT RINGING, TWICE, THREE TIMES.;0;16;0x4DF8;0x4E72;texto;no;;;;;;;;;;;;
H2;157T;PLEASE, NOTICE ME! I MOVED MY ARMS AND LEGS DESPERATELY. WELL THEN, I'LL COME BACK ANOTHER DAY. SAY HI TO FUMINA-SAN. OH, ALSO... SOMETHING TOUCHED MY FINGERTIPS.;3;13;0x53FC;0x5457;texto;no;;;;;;;;;;;;
H2;158T;THAT'S A CASSETTE PLAYER! WITHOUT THINKING, HANDS TIED, I HIT PLAY. I CRANKED THE VOLUME UP. THE SONG STARTED.;5;11;0x5462;0x54C5;texto;no;;;;;;;;;;;;
H2;159T;I HEARD VOICES ARGUING BEYOND THE DOOR. I FORCED MY BODY AND THREW MYSELF AGAINST IT. THE IMPACT SWUNG IT OPEN AND I FELL ROLLING TO THE FLOOR.;3;13;0x54D1;0x553E;texto;no;;;;;;;;;;;;
H2;160T;AT THE ENTRANCE WERE MIKA AND A MAN WHO LOOKED LIKE HE WAS TOSHIRO. WHEN MIKA SAW ME COME ROLLING OUT, SHE CAME RUNNING TOWARD ME. I SHUDDERED AT THE FURY ON HER FACE.;2;14;0x554A;0x55B5;texto;no;;;;;;;;;;;;
H2;161T;WHEN I CAME TO, MIKA WAS BEING RESTRAINED BY THAT MAN. SHE STRUGGLED DESPERATELY TO BREAK FREE FROM TOSHIRO, BUT SHE WAS NO MATCH FOR HIS STRENGTH.;5;11;0x55D1;0x5629;texto;no;;;;;;;;;;;;
H2;162T;SEEING MY BEST FRIEND LIKE THIS, I STARTED TO CRY.;12;4;0x562D;0x5644;texto;no;;;;;;;;;;;;
H2;163T;AFTER SEVERAL WEEKS, I HAD RETURNED TO THE BUILDING.;10;6;0xBC9F;0xBCBB;texto;no;;;;;;;;;;;;
H2;164T;AFTER THAT, I LEARNED EVERYTHING.;12;4;0xBCCC;0xBCDB;texto;no;;;;;;;;;;;;
H2;165T;THE ONE WHO HAD BEEN BLASTING THE STEREO WAS NAOYA. I HAD TOLD TOSHIRO ABOUT THIS, SINCE WE HAD BEEN EXCHANGING LETTERS.;5;11;0xBCE1;0xBD2B;texto;no;;;;;;;;;;;;
H2;166T;TOSHIRO WARNED NAOYA TO STOP PLAYING THE STEREO. NAOYA REALIZED HE WAS BOTHERING THE NEIGHBORS, AND RIGHT AWAY STOPPED PLAYING IT AT DAWN.;3;13;0xBD38;0xBD95;texto;no;;;;;;;;;;;;
H2;167T;BUT MIKA HAD BEEN SECRETLY READING ALL OUR LETTERS.;10;6;0xBDA0;0xBDBE;texto;no;;;;;;;;;;;;
H2;168T;MIKA HADN'T LIKED THAT I HAD ACTED ON MY OWN INSTEAD OF DEPENDING ON HER.;10;6;0xBDC3;0xBDEB;texto;no;;;;;;;;;;;;
H2;169T;SO SHE THOUGHT OF PUNISHING ME. MAKING IT LOOK LIKE A NEIGHBOR'S DOING, SHE KEPT UP SEVERAL KINDS OF HARASSMENT.;7;9;0xBDEF;0xBE28;texto;no;;;;;;;;;;;;
H2;170T;AND SHE TRIED TO HURT ME... BUT TOSHIRO STOPPED HER.;10;6;0xBE2C;0xBE51;texto;no;;;;;;;;;;;;
H2;171T;DIFFICULT DAYS CONTINUED, BOTH MENTALLY AND PHYSICALLY.;12;4;0xBE64;0xBE7D;texto;no;;;;;;;;;;;;
H2;172T;IN THE MIDST OF ALL THAT, THE ONES WHO SUPPORTED ME WERE TOSHIRO AND NAOYA.;10;6;0xBE81;0xBEA5;texto;no;;;;;;;;;;;;
H2;173T;FUMINA-SAN, WHAT SHOULD I DO WITH THIS PACKAGE? THE ONE WHO ASKED ME THAT WAS TOSHIRO, CARRYING A CARDBOARD BOX IN HIS ARMS.;7;9;0xBEB7;0xBEF1;texto;no;;;;;;;;;;;;
H2;174T;THANKS, HE SAID, AND TAKING THE CARDBOARD BOX HE LOADED IT ONTO THE TRUCK.;8;8;0xBEF5;0xBF22;texto;no;;;;;;;;;;;;
H2;175T;TODAY IS MOVING DAY. I COULDN'T KEEP LIVING IN A ROOM WHERE SUCH AN INCIDENT HAD HAPPENED. THOUGH I'M MOVING TO A WOMEN-ONLY BUILDING VERY CLOSE TO HERE......;3;13;0xBF27;0xBF8C;texto;no;;;;;;;;;;;;
H2;176T;SINCE I'LL STILL BE NEARBY, IF YOU HAVE TROUBLE JUST TELL ME, BOTH OF THEM SAID. MEETING THEM AND TALKING, THEY TURNED OUT TO BE GOOD PEOPLE.;2;14;0xBF90;0xBFE9;texto;no;;;;;;;;;;;;
H2;177T;I'M GLAD TO HAVE PEOPLE NEARBY I CAN TRUST. BUT I WON'T DEPEND ON THEM TOO MUCH. KNOWING THEY'RE CLOSE, I CAN DO ANYTHING ALONE.;3;13;0xBFEF;0xC043;texto;no;;;;;;;;;;;;
H2;149Z;I STAYED STILL INSIDE THE ROOM UNTIL THE POLICE ARRIVED.;10;6;0x90C4;0x90E4;texto;no;;;;;;;;;;;;
H2;150Z;NOTHING MORE COULD BE HEARD FROM THE ROOM NEXT DOOR. THE SILENCE WAS FRIGHTENING. THE POLICE STILL HADN'T ARRIVED...;7;9;0x90E9;0x911A;texto;no;;;;;;;;;;;;
H2;151Z;AAAAAAAH...... SUDDENLY, A SHRILL SCREAM RANG OUT, AND I FROZE IN PLACE. THE SILENCE RETURNED.;7;9;0x9125;0x916C;texto;no;;;;;;;;;;;;
H2;152Z;IT CAN'T BE, IT CAN'T BE... A SUDDEN DOORBELL, DING DONG! I JUMPED AGAIN.;5;11;0x9170;0x91B3;texto;no;;;;;;;;;;;;
H2;153Z;THEY FINALLY ARRIVED! I RUSHED TO THE ENTRANCE AND OPENED THE DOOR. THERE STOOD TWO UNIFORMED POLICE OFFICERS WITH STERN EXPRESSIONS. YOU'RE THE ONE WHO FILED THE REPORT, CORRECT?;2;14;0x91B7;0x9217;texto;no;;;;;;;;;;;;
H2;154Z;IT'S NEXT DOOR, MIKA-CHAN IS NEXT DOOR... I POINTED AT THE NEIGHBORING ROOM, VOICE TREMBLING. THE OFFICERS LOOKED AT EACH OTHER, HEADED THERE, AND I FOLLOWED.;2;14;0x921B;0x9281;texto;no;;;;;;;;;;;;
H2;155Z;KUBO-SAN, THIS IS THE POLICE. WE'D LIKE A WORD... THE OFFICER KNOCKED, BUT NO ONE ANSWERED. THE OFFICERS EXCHANGED LOOKS, AND THEN...;5;11;0x928D;0x92DA;texto;no;;;;;;;;;;;;
H2;156Z;CLICK, AND FINALLY THE DOOR OPENED, AND FOR THE FIRST TIME THE NEIGHBOR SHOWED HIS FACE. ARE YOU KUBO TOSHIRO-SAN? YES. WE'D LIKE TO TALK FOR A MOMENT...;3;13;0x92E6;0x9330;texto;no;;;;;;;;;;;;
H2;157Z;SUDDENLY, THE STEREO STARTED BLASTING SO LOUD IT HURT THE EARS. EVERYONE JUMPED. THE OFFICER COVERED HIS EARS AND SHOUTED: I-IT'S THE STEREO!;2;14;0x933C;0x93AC;texto;no;;;;;;;;;;;;
H2;158Z;EVEN THOUGH I WAS ALREADY USED TO HEARING IT, HEARING IT THIS CLOSE WAS OUTRAGEOUS. WHILE COVERING MY EARS, I NOTICED SOMETHING I RECOGNIZED AT THE MAN'S FEET... I KNEW IT!;2;14;0x93B1;0x9405;texto;no;;;;;;;;;;;;
H2;159Z;HE WAS GIVING EXPLANATIONS TO THE POLICE, BUT I SLIPPED AWAY AND WENT INTO THE ROOM. WAIT, WAIT! THE MAN RAISED HIS VOICE TO STOP ME, BUT I IGNORED HIM AND KEPT GOING TOWARD THE BACK.;2;14;0x9409;0x9466;texto;no;;;;;;;;;;;;
H2;160Z;BEHIND ME I COULD HEAR THE MAN AND THE OFFICERS ARGUING. I WENT OPENING, ONE BY ONE, THE DOORS OF THE ROOM.;7;9;0x947A;0x94B5;texto;no;;;;;;;;;;;;
H2;161Z;AND THEN I FOUND MIKA. COVERED IN BLOOD, LYING ON THE FLOOR. AAAAAAAH!;7;9;0x94B9;0x94FF;texto;no;;;;;;;;;;;;
H2;185AC;WHAT HAPPENED TO HIM?! KUBO-SAN?! SOMEBODY HELP ME, PLEASE! I CRAWLED DESPERATELY TO THE DOOR, AND MANAGED TO UNLOCK IT WITH MY HANDS TIED BEHIND ME, TUMBLING OUT ROLLING.;2;14;0xB09F;0xB109;texto;no;;;;;;;;;;;;
H2;186AC;INSIDE THE ROOM, THE MAN WAS ALONE, CLINGING TO HIS FORMER BEST FRIEND, BROKEN DOWN IN TEARS.;8;7;0xB11C;0xB149;texto;no;;;;;;;;;;;;
H2;178P;MONTHS PASSED. THE EXPERIENCE I'D LIVED HERE WAS SOMETHING I'D NEVER FORGET. WHAT I HAD GAINED WAS TOO GREAT. MY EYES FILLED WITH TEARS, AND I TOOK A STEP FORWARD.;1;15;0x56B2;0x5719;texto;no;;;;;;;;;;;;
H2;178T;IS THERE ANYTHING ELSE LEFT TO LOAD? TOSHIRO ASKED ME. NO, THERE'S NOTHING LEFT. THE TRUCK PULLED AWAY TOWARD THE NEW BUILDING.;3;13;0xC048;0xC099;texto;no;;;;;;;;;;;;
H2;300;@@@@@@@@@@@@@@ @@@@@@@@@@@@@@ @@@@@@@@@@@@@@ @@@@@@@@@@@@@@ @@@@@@@@@@@@@@ @@@@@@@@@@@@@@ @@@@@@@@@@@@@@ @@CONTINUE @@@@@@@@@@ @@RESTART@@@@ @@@@@@@@@ @@@@@@@@@@@@@@@@RESTART ALL @@STORIES;2;14;0x03A;0x03A;texto;no;;;;;;;;;;;;
H2;301;@@@@@@@@@@@@@@ @@@@@@@@@@@@@@ @@@@@@@@@@@@@@ @@@@@@@@@@@@@@ @@@@@@@@@@@@@@ @@@@@@@@@@@@@@ @@@@@@@@@@@@@@ @@@@@@@@@@@@@@@@@@@@@@@@@@@@@@@@@@@@ @START STORY;2;14;0x069;0x069;texto;no;;;;;;;;;;;;
H2C;304;@@@@@@@@@@@@@@@@ @@@@@@@@@@@@@@@@ @@@@@@@@@@@@@@@@ @@@@@@@@@@@@@@@@ @@@@@@@@@@@@@@@@ @@@@@@@@@@@@@@@@ @@@@@@@@@@@@@@@@ @@RE-READ FROM @@THE BEGINNING @@@@@@@@@@@@@@@@ @@@@@@@@@@@@@@@@@@@@@@@@@@@@@@@@@@@YES @@NO;0;16;0x060;0x060;texto;no;;;;;;;;;;;;
H2;305;@@@@@@@@@@@@@@@@ @@@@@@@@@@@@@@@@ @@@@@@@@@@@@@@@@ @@@@@@@@@@@@@@@@ @@@@@@@@@@@@@@@@ @@@@@@@@@@@@@@@@ @@@@@@@@@@@@@@@@ @@@RE-READ ALL @@@STORIES FROM @@@THE START @@@@@@@@@@@@@@@@ @@@@@@@@@@@@@@@@ @@@YES @@NO;0;16;0x056;0x056;texto;no;;;;;;;;;;;;
H2B;307;@@@@@@@@@@@@@@@@ @@@@@@@@@@@@@@@@ @@@@@@@@@@@@@@@@ @@@@@@@@@@@@@@@@ @@@@@@@@@@@@@@@@ @@@@@@@@@@@@@@@@ @@@@@@@@@@@@@@@@ @@@@@@@@@@@@@@@@@@@START STORY @@@@@@@@@@@@@@@@@@@RE-READ@ ALL @@@FROM START;0;16;0x069;0x069;texto;no;;;;;;;;;;;;
H1;198K;WITHOUT REALIZING IT, I TURNED AROUND. IN THE GLASS THERE WAS......;8;8;0x5822;0x584A;texto;;;;;;;;;;;;;