historia;pantalla;texto;ty_offset;max_chars;primer_kanji;ultimo_kanji;tipo;revisado;ancho_izq;esp_izq_centro;ancho_centro;esp_centro_der;ancho_der;esp_final;opcion1_raw;opcion2_raw;opcion3_raw;ruta_ref;produce_marca;espera_marca
H1;1;ESTOY EN UN AUTOBUS RUMBO AL PUEBLO DE KAGAMI. LAS MONTAÑAS SON DE UN VERDE INTENSO Y EL CIELO DE UN AZUL INFINITO. TRAS UNA HORA Y MEDIA DE VIAJE, EL AUTOBUS LLEGO A KAGAMI.;0;16;0x008F;0x0105;texto;si;;;;;;;;;;;;
H1;2;ABRI LA MOCHILA BUSCANDO LA CARTERA, Y ENTONCES ME PARECIO OIR ALGO DE JALEO MAS ADELANTE. AL PARECER, EL CONDUCTOR Y UNA CHICA ESTABAN DISCUTIENDO.;3;13;0x0112;0x016E;texto;si;;;;;;;;;;;;
H1;3;LA JOVEN VESTIA UN VESTIDO BLANCO SIN MANGAS. CON AMBAS MANOS APRETABA CONTRA EL PECHO UN GORRO A JUEGO. ALGO INQUIETA, MIRABA ABAJO.;5;11;0x0172;0x01C8;texto;si;;;;;;;;;;;;
H1;4;DISCULPE, QUE PASA? PREGUNTE. EL CONDUCTOR, YA MAYOR, SE GIRO HACIA MI. QUE VA A PASAR! ESTA CHICA VINO HASTA EL FINAL DEL RECORRIDO Y DICE QUE NO TIENE DINERO...;0;16;0x01D1;0x023C;texto;si;;;;;;;;;;;;
H1;5;AH, LO SIENTO..., LOGRO ARTICULAR ELLA CON VOZ CASI INAUDIBLE, Y SE QUEDO CALLADA.;5;11;0x0245;0x0285;texto;si;;;;;;;;;;;;
H1;6;2.@@@1.@@@PARE NO@@@PAGA@CIA@ TIEN@RE@@@QUE@ ES@@@POR@@IBA@ DINE@ELLA@A@@@ RO?@@@@@@@LLOR @@@@@@@@@@AR@@ @@@@@@@@@@EN@@ @@@@@@@@@@CUAL @@@@@@@@@@QUIE @@@@@@@@@@R@@@ @@@@@@@@@@MOME @@@@@@@@@@NTO@;2;14;0x0289;0x02CE;pregunta;si;4;1;4;1;4;0;1. PAGARE POR ELLA;2. NO TIENES DINERO?;PARECIA QUE IBA A LLORAR EN CUALQUIER MOMENTO;;;
H1;7;CREO QUE EL AUTOBUS DESDE LA CIUDAD HASTA KAGAMI COSTABA UNOS DOS MIL YENES. NO TENGO MUCHO DINERO, PERO MIS PADRES ME DIERON UN POCO MAS POR SI ACASO.;3;13;0x02DA;0x0337;texto;si;;;;;;;;;;;;
H1;8;COMO ME DIO UN POCO DE PENA ESA CHICA, QUE DEBIA DE TENER MAS O MENOS MI MISMA EDAD, MIRE LO QUE TENIA EN LA CARTERA Y LE DIJE:;7;9;0x033B;0x0379;texto;si;;;;;;;;;;;;
H1;9;SI TE PARECE BIEN, PAGO YO? LA CHICA ME MIRO MUY SORPRENDIDA. AH, PERO... ESO..., DIJO, AUN MAS NERVIOSA.;2;14;0x0382;0x03E2;texto;si;;;;;;;;;;;;
H1;10;QUIZA NO PUDO SOPORTAR VER ESE INTERCAMBIO. EL CONDUCTOR AGITO LIGERAMENTE LA MANO. AH, YA, YA. YA ESTA BIEN, VETE. PERO A LA VUELTA PAGAS, DIJO CON UNA SONRISA FORZADA, PERO TAMBIEN CON AMABILIDAD.;0;16;0x03E5;0x0455;texto;si;;;;;;;;;;;;
H1;11;LA CHICA NOS DIO LAS GRACIAS UNA Y OTRA VEZ AL CONDUCTOR Y A MI, Y BAJO DEL AUTOBUS. YO TAMBIEN BAJE DETRAS DE ELLA.;5;11;0x0459;0x04A0;texto;si;;;;;;;;;;;;
H1;12;UNOS ARROZALES QUE SE EXTIENDEN HASTA DONDE ALCANZA LA VISTA Y CASAS DISPERSAS A SU ALREDEDOR. JUSTO EN MEDIO, UN HORARIO DE BUS OXIDADO Y UN BANCO DE MADERA MEDIO PODRIDO.;3;13;0x04B7;0x050E;texto;si;;;;;;;;;;;;
H1;13;SOLO EL CANTO DE LAS CIGARRAS QUE LLEGABA DESDE LA MONTAÑA INDICABA, A DURAS PENAS, QUE EL TIEMPO SEGUIA PASANDO.;7;9;0x0511;0x0548;texto;si;;;;;;;;;;;;
H1;14;DE REPENTE, VOLVI EN MI Y VI QUE LA CHICA ME MIRABA. LE SENTABA MUY BIEN ESE VESTIDO SENCILLO.;8;8;0x068C;0x06BC;texto;si;;;;;;;;;;;;
H1;15;2.@@@1.@@NUNCA@@ AVER@HAB@HE@@@@@ GONZ@LAR@HABLA@@ ARSE@LEA@DO@@@@@ Y@@@@LA@@CON@@@@ DESV@CHI@UNA@@@@ IAR@@CA.@CHICA@@ LA@@@@@@@TAN@@@@ MIRA@@@@@GUAPA@@ DA.@@@@@@.@@@@@@ @@@@@@@@@ESTAB@@ @@@@@@@@@A@@@@@@ @@@@@@@@@NERVI@@ @@@@@@@@@OSO@@@@;0;16;0x06BF;0x0721;pregunta;si;4;1;3;1;5;2;1. HABLARLEA LA CHICA.;2. AVERGONZARSEY DESVIAR LA MIRADA.;NUNCA HE HABLADO CON UNA CHICA TAN GUAPA. ESTABA NERVIOSO;;;
H1;16;Y AHORA ADONDE VAS? LA CHICA SE PUSO EL SOMBRERO, LO PENSO UN MOMENTO Y DIJO: EH... DONDE ESTAMOS?;2;14;0x072C;0x0776;texto;si;;;;;;;;;;;;
H1;17;2.@@@1.@@@SU@@ ESTE@ESTE@RESP LUGA@ES@@@UEST R@@@@EL@@@A@@@ ES..@PUEB@INES .@@@@LO@@@PERA JE,@@DE@@@DA@@ JE,@@KAGA@ME@@ JE.@@MI.@@DEJO @@@@@@@@@@ALGO @@@@@@@@@@CONF @@@@@@@@@@UNDI @@@@@@@@@@DO,@ @@@@@@@@@@PERO;2;14;0x077A;0x07CE;pregunta;si;4;1;4;1;4;0;1. ESTEES EL PUEBLO DE KAGAMI.;2. ESTELUGAR ES... JE, JE, JE.;SU RESPUESTA INESPERADA ME DEJOALGOCONFUNDIDO, PERO;;;
H1;18;ESTE ES EL PUEBLO DE KAGAMI, RESPONDI CON SERIEDAD. ELLA DIJO: HE VENIDO HASTA AQUI SIN RUMBO FIJO...;7;9;0x08B6;0x08F0;texto;si;;;;;;;;;;;;
H1;19;SIN RUMBO FIJO...? MIENTRAS YO NO SABIA QUE DECIR, ELLA DIJO: YO... EN REALIDAD... ME ESCAPE DE CASA.;6;10;0x08F3;0x0A9C;texto;si;;;;;;;;;;0x08F0;;
H1;19X;YO... EN REALIDAD... ME ESCAPE DE CASA, DIJO ELLA.;6;10;0x0A69;0x0A9C;texto;;;;;;;;;;;0x0A53;;
H1;19Y;YO... EN REALIDAD... ME ESCAPE DE CASA, DIJO ELLA.;6;10;0x0A69;0x0A9C;texto;;;;;;;;;;;0x08AF;;
H1;20;QUE VOY A HACER AHORA... MI MADRE DEBE DE ESTAR ENFADADA..., DIJO ELLA, Y SUSPIRO CON LA MIRADA PERDIDA.;3;13;0x0AAC;0x0AF0;texto;si;;;;;;;;;;;;
H1;21;PERO HOY YA NO PASA NINGUN AUTOBUS, LE DIJE. SI QUIERES LLAMAR A CASA, TE PRESTO EL CELULAR. ELLA NEGO CON LA CABEZA.;2;14;0x0AF3;0x0B4D;texto;si;;;;;;;;;;;;
H1;22;NO PUEDO HACER ESO! ME DA MIEDO..., DIJO ELLA. AUNQUE LO DIGAS, SEGURO QUE HOY TAMPOCO TIENES DONDE PASAR LA NOCHE. PARECE QUE TAMPOCO TIENES DINERO. ELLA EMPEZO A LLORAR.;2;14;0x0B50;0x0BB1;texto;si;;;;;;;;;;;;
H1;23;2.@@1.@@@SI... ESC@POR@@PERO, UCH@AHOR@QUE@@ ARM@A,@@@HAGO. AS@@BUSQ@..?SI DET@UEMO@VUELV ALL@S@@@@O...@ ES.@HOSP@@@@@@ @@@@EDAJ@@@@@@ @@@@E@@@@@@@@@ @@@@PARA@@@@@@ @@@@HOY@@@@@@@;2;14;0x0BB4;0x0BFF;pregunta;si;3;1;4;1;5;0;1. POR AHORA, BUSQUEMOS HOSPEDAJE PARAHOY;2. ESCUCHARMAS DETALLES.;SI... PERO, QUE HAGO...?SI VUELVO...;;;
H1;24;POR AHORA NO PUEDES VOLVER A CASA, Y TAMPOCO PUEDES DORMIR A LA INTEMPERIE. QUE TAL SI VIENES CONMIGO A LA POSADA DONDE ME ALOJO? ES MUY BARATA, ASI QUE TE PUEDO PAGAR UNA NOCHE.;0;16;0x0C0D;0x0C7D;texto;si;;;;;;;;;;;;
H1;25;LA CHICA, SORPRENDIDA, ABRIO MUCHO LOS OJOS. NO, QUE VA. NO PUEDO ACEPTAR QUE ALGUIEN QUE NO CONOZCO HAGA TANTO POR MI..., DIJO, Y VOLVIO A RECHAZAR LA OFERTA.;5;11;0x0C81;0x0CCA;texto;si;;;;;;;;;;;;
H1;26;PERO, HAY ALGUNA OTRA FORMA DE HACERLO? ADEMAS, NO PUEDO DEJARTE SOLA AQUI... UNA CHICA SOLA EN UN SITIO ASI....;7;9;0x0CD3;0x0D0D;texto;si;;;;;;;;;;;;
H1;27;LA CHICA, CON EXPRESION PREOCUPADA, SE QUEDO PENSATIVA Y, AL CABO DE UN RATO, LEVANTO LA VISTA. ... DE VERDAD TE PARECE BIEN?;6;10;0x0D0F;0x0D54;texto;si;;;;;;;;;;;;
H1;28;NO PASA NADA. ME HA HECHO ILUSION QUE UNA CHICA CONFIARA EN MI.;5;11;0x0D5F;0x0D8C;texto;si;;;;;;;;;;;;
H1;29;ME LLAMO NAOKI TAKAHASHI, Y TU? DIJE, Y LE TENDI LA MANO A LA CHICA. ELLA, UN POCO AVERGONZADA, ME LA ESTRECHO.;2;14;0x0D8F;0x0DE0;texto;si;;;;;;;;;;;;
H1;30;SOY REIKO. MUCHO GUSTO.;12;4;0x0DE9;0x0DFE;texto;si;;;;;;;;;;;;
H1;31;EMPEZAMOS A CAMINAR BAJO UN SOL QUE YA SE ESTABA PONIENDO. SEGUN LO QUE YO HABIA AVERIGUADO ANTES, LA POSADA ERA POR UNA NOCHE CON DOS COMIDAS INCLUIDAS: 2500 YENES.;3;13;0x0E3A;0x0E95;texto;si;;;;;;;;;;;;
H1;32;SIN EMBARGO, PARECIA ESTAR MUY LEJOS DEL PUEBLO, Y ERA UN EDIFICIO MUY VIEJO.;10;6;0x0E98;0x0EBC;texto;si;;;;;;;;;;;;
H1;33;EH... COMO DEBERIA LLAMARTE? ... REIKO... SI ES POSIBLE, PREFIERO QUE NO ME LLAMES ASI...;5;11;0x0EBF;0x0F07;texto;si;;;;;;;;;;;;
H1;34;ENTONCES... Y REI-CHAN? ESTA BIEN, RESPONDIO ELLA, AUNQUE CON UNA SONRISA UN POCO TIMIDA.;5;11;0x0F0A;0x0F4A;texto;si;;;;;;;;;;;;
H1;35;DEBIMOS SUBIR LA SUAVE CUESTA DURANTE UNOS VEINTE MINUTOS. EL CIELO YA SE HABIA TENIDO DE UN COLOR ROJIZO.;7;9;0x0F4E;0x0F8D;texto;si;;;;;;;;;;;;
H1;36;2.@@@1.@@@POR@ QUIZ@PORQ@QUE@ AS@@@UE@@@HAS@ POR@@QUER@VENI UNA@@IA@@@DO@@ RAZO@VER@@A@@@ N@@@@A@@@@ESTE SIMI@REI-@PUEB LAR@@CHAN@LO,@ A@@@@.@@@@NAOK LA@@@@@@@@I-SA DE@@@@@@@@N?@@ REI-@@@@@@@@@@ CHAN@@@@@@@@@@ .@@@@@@@@@@@@@;2;14;0x0F90;0x0FE3;pregunta;si;4;1;4;1;4;0;1. PORQUE QUERIA VER A REI-CHAN.;2. QUIZAS POR UNA RAZON SIMILAR A LA DE REI-CHAN.;POR QUE HAS VENIDO A ESTEPUEBLO, NAOKI-SAN?;;;
H1;37;... COMO TENIA GANAS DE VERTE. JE, JE, NAOKI-SAN ES UN TIPO MUY DIVERTIDO, DIJO ELLA. SOY UN APASIONADO DE LOS VIAJES EN SOLITARIO. ME VOY DE VIAJE SIN NINGUN OBJETIVO CONCRETO.;2;14;0x117F;0x11D7;texto;si;;;;;;;;;;;;
H1;38;CUANDO ESTABA EN PRIMARIA, INCLUSO ME ENTREVISTARON PARA UN PROGRAMA DE TELEVISION PORQUE RECORRI JAPON EN BICICLETA. LAS VACACIONES DE VERANO Y LA SEMANA DORADA SON MI EPOCA FAVORITA.;3;13;0x11DA;0x123C;texto;si;;;;;;;;;;;;
H1;39;ME FUI DE EXCURSION LO MAS LEJOS POSIBLE, HACIA EL CAMPO. Y ASI FUE COMO ACABE LLEGANDO A ESTE PUEBLO.;7;9;0x123F;0x127E;texto;si;;;;;;;;;;;;
H1;40;VAYA, QUE IMPRESIONANTE!, DIJO ELLA. PARECIA ESTAR REALMENTE IMPRESIONADA POR EL HECHO DE QUE VIAJARA SOLO.;7;9;0x1281;0x12B8;texto;si;;;;;;;;;;;;
H1;41;ME ALEGRA QUE ME DIGAS ESO, PERO ME DEJE LLEVAR Y DIJE COSAS QUE NI SIQUIERA ERAN CIERTAS, ASI QUE AHORA ME SIENTO ALGO CULPABLE.;5;11;0x12BB;0x130A;texto;si;;;;;;;;;;;;
H1;42;PERO, EN REALIDAD... INCLUSO ASI.;13;3;0x130D;0x1315;texto;si;;;;;;;;;;;;
H1;43;EN REALIDAD, NO FUE POR ESO.;12;4;0x1319;0x132D;texto;si;;;;;;;;;;;;
H1;44;CUANTO TIEMPO HABRA PASADO YA?;12;4;0x1337;0x1345;texto;si;;;;;;;;;;;;
H1;45;EN UN PROGRAMA DE TELEVISION PRESENTARON ESTE PEQUEÑO PUEBLO, Y ME SENTI MUY ATRAIDO POR EL. EN ESE MOMENTO NO SABIA POR QUE.;2;14;0x1356;0x13B7;texto;si;;;;;;;;;;;;
H1;46;UN DIA LES DIJE A MIS PADRES: ME GUSTARIA IR A ESE PUEBLO, PERO NO ME ENTENDIERON.;5;11;0x13BA;0x13F4;texto;si;;;;;;;;;;;;
H1;47;CUANDO DIJE QUE QUERIA IR A TODA COSTA, ACORDAMOS QUE PODRIA IR SI SACABA BUENOS RESULTADOS EN EL EXAMEN FINAL. Y POR ESO ESTOY AQUI AHORA.;5;11;0x13FE;0x1444;texto;si;;;;;;;;;;;;
H1;48;PERO, EN REALIDAD, ME DABA IGUAL EL LUGAR. NO ES QUE QUISIERA IR A NINGUN SITIO, SINO QUE HUIA DE ALGO.;5;11;0x144D;0x148F;texto;si;;;;;;;;;;;;
H1;49;PERO, HUIR DE QUE?;12;4;0x1494;0x149B;texto;si;;;;;;;;;;;;
H1;50;PODIA OIR ESA VOZ DE DUDA SURGIENDO DESDE DENTRO DE MI MISMO.;10;6;0x149E;0x14BF;texto;si;;;;;;;;;;;;
H1;51;AL CABO DE UN RATO, UN TRACTOR BAJO DE LA MONTAÑA.;10;6;0x14CC;0x14ED;texto;si;;;;;;;;;;;;
H1;52;CUANDO LE HICE UNA LIGERA REVERENCIA, ME DEVOLVIO LA SONRISA. OYE, ANDAS CAMINANDO POR LA MONTAÑA A ESTA HORA? MEJOR DEJA DE HACER ESO. EL OTRO DIA SALIO UN OSO Y SE ARMO UN GRAN ALBOROTO, DIJO EN VOZ ALTA.;0;16;0x14F1;0x1567;texto;si;;;;;;;;;;;;
H1;53;REI-CHAN SE QUITO EL SOMBRERO Y RESPONDIO: NOS DIRIGIMOS A LA POSADA!.;7;9;0x156B;0x159B;texto;si;;;;;;;;;;;;
H1;54;EL ALDEANO, CON CARA DE EXTRAÑEZA SIN SABER SI LO HABIA OIDO O NO, SE ALEJO AL SON DEL RUIDO DEL MOTOR.;7;9;0x159F;0x15E3;texto;si;;;;;;;;;;;;
H1;55;EL CAMINO A LA POSADA ERA RECTO, PERO AL LLEGAR YA ERAN MAS DE LAS SIETE. BAJO EL CIELO PURPURA SE ALZABA UN EDIFICIO DE MADERA DE DOS PLANTAS.;5;11;0x15ED;0x163B;texto;si;;;;;;;;;;;;
H1;56;ERA UN LUGAR DESOLADOR Y EN RUINAS. EN EL CARTEL CASI CAIDO SOLO SE DISTINGUIAN LAS PALABRAS QUE INDICABAN QUE ERA UNA POSADA.;5;11;0x1650;0x16A1;texto;si;;;;;;;;;;;;
H1;57;HABIA UNA LUZ TENUE EN EL PRIMER PISO, PERO EL SEGUNDO ESTABA COMPLETAMENTE OSCURO;10;6;0x16A5;0x16CD;texto;si;;;;;;;;;;;;
H1;58;... BUENO, ES BARATO, ASI QUE NO HAY QUE DARLE MAS VUELTAS. LE DIRIGI UNA SONRISA IRONICA A REI-CHAN. NO, QUE VA, ME RESPONDIO ELLA CON UNA SONRISA.;3;13;0x16D0;0x1721;texto;si;;;;;;;;;;;;
H1;59;CRUZAMOS LA PUERTA DE LA POSADA.;12;4;0x172E;0x1741;texto;si;;;;;;;;;;;;
H1;60;SE OYO UN RUIDO COMO RIIIC, RIIIC, RIIIC.;13;3;0x1751;0x175D;texto;si;;;;;;;;;;;;
H1;61;AL ABRIR LA PUERTA CORREDERA, VI UN VESTIBULO SORPRENDENTEMENTE AMPLIO. CASI NO HABIA LUCES ENCENDIDAS Y ESTABA EN PENUMBRA.;3;13;0x1771;0x17B4;texto;si;;;;;;;;;;;;
H1;62;DISCULPE! QUISIERAMOS QUEDARNOS A DORMIR ESTA NOCHE! ESPERE UN RATO, PERO NADIE RESPONDIO. AL MIRAR A REI-CHAN, VI QUE ESTABA INQUIETA.;3;13;0x17BD;0x180D;texto;si;;;;;;;;;;;;
H1;63;DISCULPEEE!;13;3;0x1816;0x181F;texto;si;;;;;;;;;;;;
H1;64;AL INSTANTE, UN FUERTE TEMBLOR SACUDIO EL EDIFICIO CON UN RUIDO ENSORDECEDOR. FUE TAN VIOLENTO QUE ME PARECIO QUE TODO SE ELEVABA, Y ALGO SE DERRUMBO CON UN ESTRUENDO ESPANTOSO.;2;14;0x1834;0x189F;texto;si;;;;;;;;;;;;
H1;65;SIN QUERER ME AGACHE ALLI MISMO. TE-TERREMOTO!?;8;8;0x18A5;0x18C7;texto;si;;;;;;;;;;;;
H1;66;REI-CHAN SE HABIA QUEDADO SIN PALABRAS, AFERRADA A MI BRAZO. SU MANO TEMBLABA. LA CALMA VOLVIO, Y EMPEZARON A OIRSE DE NUEVO LAS VOCES DE LOS INSECTOS NOCTURNOS.;3;13;0x18CB;0x1930;texto;si;;;;;;;;;;;;
H1;67;QUE FUE ESO...?;12;4;0x1933;0x1945;texto;si;;;;;;;;;;;;
H1;68;MIRE DESPACIO A MI ALREDEDOR, PERO TODO ESTABA EN SILENCIO COMO SI NADA HUBIERA PASADO.;5;11;0x194B;0x1978;texto;si;;;;;;;;;;;;
H1;69;NOTE COMO LA MANO DE REI-CHAN, QUE ME AGARRABA DEL BRAZO, SE IBA TENSANDO POCO A POCO.;10;6;0x197B;0x19A5;texto;si;;;;;;;;;;;;
H1;70;NOTE COMO LA MANO DE REI-CHAN, QUE ME AGARRABA DEL BRAZO, SE IBA TENSANDO POCO A POCO. REI..., EMPECE A DECIR, PERO LAS PALABRAS SE ME ATRAGANTARON.;3;13;0x19AA;0x19C9;texto;si;;;;;;;;;;;;
H1;71;PLAS...;10;6;0x19DD;0x19F0;texto;si;;;;;;;;;;;;
H1;72;SE OYO UN RUIDO DETRAS DE MI.;12;4;0x19F3;0x1A0C;texto;si;;;;;;;;;;;;
H1;73;PLAS...;7;9;0x1A1E;0x1A24;texto;si;;;;;;;;;;;;
H1;74;PLAS...;7;9;0x1A36;0x1A3C;texto;si;;;;;;;;;;;;
H1;75;ERA EL SONIDO DE ALGO GOLPEANDO LA PUERTA CORREDERA DE CRISTAL POR LA QUE HABIAMOS ENTRADO.;8;8;0x1A3F;0x1A6E;texto;si;;;;;;;;;;;;
H1;76;PLAS...;7;9;0x1A80;0x1A86;texto;si;;;;;;;;;;;;
H1;77;PLAS, PLAS...;7;9;0x1A98;0x1AAF;texto;si;;;;;;;;;;;;
H1;78;ESTE SONIDO... QU-QUE ES...?;10;6;0x1AB2;0x1AC6;texto;si;;;;;;;;;;;;
H1;79;PLAS, PLAS...;5;11;0x1AD6;0x1AF1;texto;si;;;;;;;;;;;;
H1;80;PLAS, PLAS...;7;9;0x1B03;0x1B1A;texto;si;;;;;;;;;;;;
H1;81;ESTA... JUSTO... DETRAS... DE MI... ESTA...;2;14;0x1B21;0x1B47;texto;si;;;;;;;;;;;;
H1;82;PAS, PAS, PAS!;3;13;0x1B55;0x1B85;texto;si;;;;;;;;;;;;
H1;83;PAS, PAS, PAS, PAS, PAS, PAS, PAS...;2;14;0x1B91;0x1BD6;texto;si;;;;;;;;;;;;
H1;84;PAS, PAS, PAS, PAS, PAS, PAS, PAS, PAS, PAS, PAS, PAS, PAS, PAS, PAS, PAS, PAS, PAS, PAS, PAS, PAS...;2;14;0x1BE2;0x1C6A;texto;si;;;;;;;;;;;;
H1;85;2.@@1.@DET HUI@VO@RAS R@@@LT@DE@ HAC@EA@MI! IA@@RS@@@@ EL@@E.@@@@ INT@@@@@@@ ERI@@@@@@@ OR@@@@@@@@ DE@@@@@@@@ LA@@@@@@@@ POS@@@@@@@ ADA@@@@@@@ .@@@@@@@@@;5;10;0x1C7B;0x1CA7;pregunta;si;3;1;2;1;3;0;1. VOLTEARSE.;2. HUIR HACIA EL INTERIOR DE LA POSADA.;DETRASDE MI!;;;
H1;86;QUE...?! EN EL CRISTAL HABIA MARCAS DE MANOS DE BEBE, DE UN ROJO INTENSO, CUBRIENDOLO POR COMPLETO.;8;8;0x1EB6;0x1EE9;texto;si;;;;;;;;;;;;
H1;87;ALEJEMONOS DE AQUI. JUSTO CUANDO MI INSTINTO ME LO PEDIA, ALGO ME AGARRO DEL BRAZO.;7;9;0x6732;0x6768;texto;si;;;;;;;;;;;;
H1;88;ERA LA MANO TEMBLOROSA DE REI-CHAN. REI-CHAN, NO TE PREOCUPES, SEGURO QUE PODREMOS SALIR POR OTRO LUGAR, LE DIJE MIENTRAS LE AGARRABA LAS MANOS CON LAS MIAS.;3;13;0x676E;0x67C7;texto;si;;;;;;;;;;;;
H1;89;S-SI, DIJO ELLA. REI-CHAN PARECIA HABERSE CALMADO UN POCO.;8;8;0x6823;0x684C;texto;si;;;;;;;;;;;;
H1;90;CONTENIENDO MI IMPACIENCIA, SAQUE LA LINTERNA QUE LLEVABA EN LA MOCHILA.;8;8;0x1F0A;0x1F3E;texto;si;;;;;;;;;;;;
H1;90X;REI-CHAN, BUSQUEMOS OTRA SALIDA. S-SI... CONTENIENDO MI IMPACIENCIA, SAQUE LA LINTERNA QUE LLEVABA EN LA MOCHILA.;3;13;0x1E82;0x1F3E;texto;;;;;;;;;;;0x1CA7;;
H1;91;AL ENCENDER LA LUZ, SE VIO EL TECHO, SUCIO Y AGRIETADO. A CONTINUACION, PROBE A ILUMINAR LOS ALREDEDORES. LAS PAREDES ESTABAN BASTANTE SUCIAS Y EL PASILLO ESTABA LLENO DE AGUJEROS.;3;13;0x1F4F;0x1FB6;texto;si;;;;;;;;;;;;
H1;92;A AMBOS LADOS SE ALINEABAN MUCHAS HABITACIONES DE HUESPEDES. HABITACIONES... QUE SERAN?;8;8;0x1FBA;0x1FE6;texto;si;;;;;;;;;;;;
H1;93;AY...! REI-CHAN SOLTO UN GRITO AHOGADO.;10;6;0x1FEF;0x2013;texto;si;;;;;;;;;;;;
H1;94;SORPRENDIDO, LA MIRE, Y ELLA ESTABA PARALIZADA SEÑALANDO LA HABITACION DE AL LADO. RAPIDAMENTE ILUMINE HACIA DONDE SEÑALABA. ALLI HABIA UNA PUERTA PODRIDA CON UN PAPEL PEGADO, Y...;3;13;0x2017;0x207C;texto;si;;;;;;;;;;;;
H1;95;ME ACERQUE CON CAUTELA. EL PAPEL ESTABA PEGADO EN LA PUERTA ANDRAJOSA. NO PUEDE SER... POR QUE ESTAN NUESTROS NOMBRES...?;5;11;0x2091;0x20D9;texto;si;;;;;;;;;;;;
H1;96;SENTI CURIOSIDAD POR EL INTERIOR DE LA HABITACION, E INTENTE PONER LA MANO EN EL POMO. ENTONCES REI-CHAN ME TIRO DE LA ROPA Y NEGO CON LA CABEZA.;5;11;0x20DC;0x212A;texto;si;;;;;;;;;;;;
H1;97;OYE, MEJOR DEJEMOSLO, TENGO LA SENSACION DE QUE VA A PASAR ALGO TERRIBLE...;10;6;0x2144;0x2169;texto;si;;;;;;;;;;;;
H1;98;2.@@1.@@@LA@@@ PRE@AUN@@PEQUE OCU@ASI,@ÑA@@@ PAR@ME@@@MANOD SE@@PREO@E@@@@ POR@CUPA@REI-C REI@BA@@@HANQU -CH@EL@@@E@@@@ AN.@INTE@AFERR @@@@RIOR@ABAMI @@@@DE@@@ROPAT @@@@LA@@@EMBLA @@@@HABI@BA.@@ @@@@TACI@@@@@@ @@@@ON.@@@@@@@;2;14;0x216C;0x21C2;pregunta;si;3;1;4;1;5;0;1. AUN ASI,ME PREOCUPABA EL INTERIORDE LA HABITACION.;2. PREOCUPARSE POR REI-CHAN.;LA PEQUEÑA MANODE REI-CHANQUE AFERRABAMI ROPATEMBLABA.;;;
H1;99;PERO NO PUEDO QUEDARME AQUI. QUIZAS PUEDA SALIR.;7;9;0x2253;0x2286;texto;si;;;;;;;;;;;;
H1;100;CUIDANDO DE NO ROMPER LA PUERTA, CASI EN RUINAS, APRETE EL POMO CON FUERZA.;10;6;0x2290;0x22B5;texto;si;;;;;;;;;;;;
H1;101;CON UN CHIRRIDO PROLONGADO, LA PUERTA SE ABRIO.;10;6;0x22BF;0x22E8;texto;si;;;;;;;;;;;;
H1;102;POR LA VENTANA ENTRABA LA LUZ DE LA LUNA, BRILLANTE. EL TECHO Y EL SUELO ESTABAN CUBIERTOS DE AZULEJOS PALIDOS Y AGRIETADOS.;5;11;0x22F3;0x233C;texto;si;;;;;;;;;;;;
H1;103;DENTRO HABIA DOS CAMAS SIMPLES PUESTAS EN FILA, Y ENCIMA HABIA ALGO CUADRADO... UNA CAJA DE MADERA?;8;8;0x233F;0x2373;texto;si;;;;;;;;;;;;
H1;104;DENTRO HABIA DOS CAMAS SIMPLES PUESTAS EN FILA, Y ENCIMA HABIA ALGO CUADRADO... UNA CAJA DE MADERA? ...ERA UN ATAUD.;7;9;0x238F;0x2397;texto;si;;;;;;;;;;;;
H1;105;JUNTO A CADA UNO HABIA UN NOMBRE ESCRITO: TAKAHASHI NAOKI Y MISAKI REIKO.;3;13;0x239A;0x23DC;texto;si;;;;;;;;;;;;
H1;106;ESTO ES... QUE ES ESTO...? QUE SENTIDO SE SUPONE QUE TIENE ESTO...?;10;6;0x23DF;0x23FF;texto;si;;;;;;;;;;;;
H1;107;ME VOLVI A MIRAR A REI-CHAN, LA VI ATONITA, CON LA MIRADA FIJA EN EL ATAUD. LA TOME DE LA MANO Y SALIMOS DE LA HABITACION.;7;9;0x2403;0x244B;texto;si;;;;;;;;;;;;
H1;108;DETRAS DE MI, MIENTRAS YO INTENTABA CERRAR LA PUERTA, ELLA MURMURO: NOSOTROS... ENTRAREMOS EN ESO...? PARA YA, LE DIJE.;3;13;0x244F;0x249E;texto;si;;;;;;;;;;;;
H1;109;CERRE LA PUERTA CON UN POCO DE BRUSQUEDAD. LO SIENTO..., DIJO ELLA CON UNA VOZ QUE PARECIA DESVANECERSE. ES VERDAD... SI LO PIENSO BIEN, FUI YO QUIEN TE INVITE A VENIR AQUI.;2;14;0x24A1;0x2507;texto;si;;;;;;;;;;;;
H1;110;NO, ESTA BIEN. SOY YO QUIEN LO SIENTE, POR HABERTE METIDO EN ALGO ASI, DIJE. NO... NO ES ESO. ME ALEGRO QUE FUERAS TAN AMABLE CONMIGO, DIJO ELLA.;2;14;0x250A;0x2569;texto;si;;;;;;;;;;;;
H1;111;SALGAMOS DE AQUI, LOS DOS. SI! LA SONRISA VOLVIO A ELLA.;7;9;0x256C;0x25A1;texto;si;;;;;;;;;;;;
H1;112;GRACIAS A QUE REI-CHAN ESTABA AQUI, ME LAS ARREGLABA PARA MANTENER LA CORDURA. ESO ES LO QUE ME PARECIO.;8;8;0x272D;0x2759;texto;si;;;;;;;;;;;;
H1;113;QUE OTROS CONFIEN EN MI Y QUE YO CONFIE EN LOS DEMAS... TODO ESTO ERA ALGO QUE NUNCA ME HABIA PASADO ANTES.;5;11;0x275D;0x279C;texto;si;;;;;;;;;;;;
H1;114;DESPUES DE CAMINAR UN RATO, ME DI CUENTA DE QUE REI-CHAN ESTABA UN POCO INQUIETA.;8;8;0x27B3;0x27DD;texto;si;;;;;;;;;;;;
H1;115;QUE TE PASA, REI-CHAN? ES QUE... DESDE HACE UN RATO TENGO LA SENSACION DE QUE ALGUIEN ME ESTA MIRANDO... ES QUE... ME PREOCUPA...;5;11;0x27E0;0x2835;texto;si;;;;;;;;;;;;
H1;116;PROBE A ILUMINAR LOS ALREDEDORES CON LA LINTERNA.;12;4;0x2838;0x284F;texto;si;;;;;;;;;;;;
H1;117;SU EXPRESION ESTABA CAMBIANDO.;12;4;0x2859;0x2871;texto;si;;;;;;;;;;;;
H1;118;ERA...;13;3;0x2877;0x2896;texto;si;;;;;;;;;;;;
H1;119;CON LOS OJOS MUY ABIERTOS Y LLENOS DE LAGRIMAS, REI-CHAN SE VOLVIO LENTAMENTE HACIA MI.;8;8;0x28A6;0x28D7;texto;si;;;;;;;;;;;;
H1;120;VAMOS! TOME A REI-CHAN DE LA MANO Y SALIMOS CORRIENDO DE ALLI.;8;8;0x2A61;0x2A8B;texto;si;;;;;;;;;;;;
H1;121;CUANTO TIEMPO HABRE ESTADO CORRIENDO? CUANDO ME DI CUENTA, EL PASILLO YA ERA UN CALLEJON SIN SALIDA.;8;8;0x2A8E;0x2AC9;texto;si;;;;;;;;;;;;
H1;122;AL MIRAR A MI ALREDEDOR, VI UNAS ESCALERAS QUE SUBIAN AL PISO DE ARRIBA Y UNA PUERTA. UF, UF... EH, QUE HACEMOS?;7;9;0x2ACC;0x2B03;texto;si;;;;;;;;;;;;
H1;123;2.@@@1.@@REI- ENTR@SUB@CHAN EMOS@AMO@PREG A@@@@S@@@UNTO ESA@@AL@@CON@ HABI@SEG@ANSI TACI@UND@EDAD ON.@@O@@@.@@@ @@@@@PIS@@@@@ @@@@@O.@@@@@@;3;13;0x2B07;0x2B48;pregunta;si;4;1;3;1;4;0;1. SUBAMOS AL SEGUNDO PISO.;2. ENTREMOS A ESA HABITACION.;REI-CHANPREGUNTOCON ANSIEDAD.;;;
H1;124;SUBAMOS AL PISO DE ARRIBA. ALLI DEBERIA HABER UNA ESCALERA DE EMERGENCIA. S, SI... DICHO ESTO, EMPECE A SUBIR. ESTO ES UNA POSADA. EN EL PISO DE ARRIBA DEBERIA HABER UNA O DOS ESCALERAS DE EMERGENCIA.;0;16;0x2B53;0x2BC5;texto;si;;;;;;;;;;;;
H1;125;REI-CHAN PARECIA BASTANTE CANSADA, PERO TENIAMOS QUE SALIR DE ESTA POSADA LO ANTES POSIBLE.;7;9;0x2BC9;0x2C02;texto;si;;;;;;;;;;;;
H1;126;SUBIMOS Y, TRAS AVANZAR UN POCO POR EL PASILLO, VI OTRA HABITACION QUE PARECIA UN CUARTO DE HUESPEDES. ABRI LA PUERTA REZANDO PARA QUE HUBIERA UNA ESCALERA DE EMERGENCIA.;3;13;0x32D5;0x3331;texto;si;;;;;;;;;;;;
H1;127;LA LUZ DE LA LUNA, QUE HASTA AHORA SE COLABA POR LAS RENDIJAS, HABIA SIDO BLOQUEADA POR ALGO Y APENAS ENTRABA.;8;8;0x333C;0x336B;texto;si;;;;;;;;;;;;
H1;128;ILUMINE EL INTERIOR DE LA HABITACION CON LA LINTERNA.;12;4;0x336E;0x3387;texto;si;;;;;;;;;;;;
H1;129;NO, NOOO! SALIMOS RODANDO DEL CUARTO Y CORRIMOS SIN RUMBO POR EL PASILLO.;10;6;0x33A8;0x33D7;texto;si;;;;;;;;;;;;
H1;130;TROPECE VARIAS VECES, PERO SEGUI CORRIENDO DE TODAS FORMAS.;10;6;0x33DB;0x33FE;texto;si;;;;;;;;;;;;
H1;131;DE PRONTO, REI-CHAN, QUE DEBIA IR CORRIENDO A MI LADO, HABIA DESAPARECIDO.;10;6;0x3401;0x3425;texto;si;;;;;;;;;;;;
H1;132;REI-CHAN...? REI! ME GIRE APRESURADAMENTE Y MIRE A MI ALREDEDOR.;8;8;0x342E;0x346A;texto;si;;;;;;;;;;;;
H1;133;AL FIJARME BIEN, VI UN GRAN AGUJERO EN EL SUELO UN POCO MAS ATRAS.;10;6;0x3473;0x3498;texto;si;;;;;;;;;;;;
H1;134;AL VOLVER CORRIENDO, VI A REI-CHAN CAIDA DEBAJO DE ESE AGUJERO. AL PARECER, EL SUELO HABIA CEDIDO BAJO SUS PIES Y ELLA HABIA CAIDO AL PRIMER PISO.;5;11;0x349B;0x34EC;texto;si;;;;;;;;;;;;
H1;135;SE HABRA DESMAYADO? REI-CHAN, NO SE MUEVE! POR MUCHO QUE LA LLAME, NO REACCIONA EN ABSOLUTO.;7;9;0x34EF;0x352B;texto;si;;;;;;;;;;;;
H1;136;2.@@@1.@@POR@@@@ PENS@SAL@UN@@@@@ AR@@@TAR@INSTA@@ CON@@AL@@NTEPE@@ CALM@AGU@NSE@@@@ A@@@@JER@LO@@@@@ EN@@@O.@@PEOR,@@ COMO@@@@@PEROA@@ RESC@@@@@UN@@@@@ ATAR@@@@@RESPI@@ LA.@@@@@@RABA.@@;0;16;0x3534;0x359F;pregunta;si;4;1;3;1;5;2;1. SALTAR AL AGUJERO.;2. PENSAR CON CALMA EN COMORESCATARLA.;POR UN INSTANTEPENSE LO PEOR, PEROAUN RESPIRABA.;;;
H1;137;ME LEVANTE DECIDIDO A SALTAR AL FOSO PARA AYUDARLA. EN ESE INSTANTE, LA LUZ DE LA LUNA EMPEZO A ENTRAR.;7;9;0x35AB;0x35E8;texto;si;;;;;;;;;;;;
H1;138;MIRE A MI ALREDEDOR PARA VER SI HABIA ALGUNA VENTANA Y VI QUE LA LUZ DE LA LUNA SE COLABA POR UNA VENTANA ENTREABIERTA.;7;9;0x35F3;0x362F;texto;si;;;;;;;;;;;;
H1;139;Y ENTONCES VI ALGO PARECIDO A UNA CAJA GRANDE. ESO DEBE SER LA ESCALERA DE EMERGENCIA!;5;11;0x3632;0x3670;texto;si;;;;;;;;;;;;
H1;140;UNA FIGURA NEGRA ME SUSURRO. HUYAMOS, EH? ERA MI OTRO YO...;7;9;0x374A;0x377C;texto;si;;;;;;;;;;;;
H1;141;PERO... QUE MAS DA? NO ES MAS QUE UNA DESCONOCIDA.;8;8;0x377F;0x37A5;texto;si;;;;;;;;;;;;
H1;142;UNA DESCONOCIDA...? SI! UNA COMPLETA DESCONOCIDA! NO ME IMPORTA LO QUE LE PASE!;6;10;0x37A8;0x37E7;texto;si;;;;;;;;;;;;
H1;143;PERO... MIENTRAS DUDABA... ALGO SALIO DE REPENTE DE DEBAJO DEL AGUJERO. PARECIA LA MANO DE UN BEBE. SUS DEDOS PARECIAN ESTAR A PUNTO DE AGARRAR ALGO.;2;14;0x3BAF;0x3C15;texto;si;;;;;;;;;;;;
H1;144;LA VOZ DEL OTRO YO SE VOLVIO MAS INSISTENTE... VAYAMOS A BUSCAR AYUDA... QUE MAS SE PUEDE HACER? LO DIJO EN UN TONO CASI ALEGRE.;2;14;0x3C18;0x3C6A;texto;si;;;;;;;;;;;;
H1;145;...PERO ESO SOY YO MISMO;12;4;0x3C6D;0x3C7E;texto;si;;;;;;;;;;;;
H1;146;TRAS LAS PRIMERAS MANOS QUE ASOMARON POR DEBAJO DEL AGUJERO, LAS QUE IBAN SURGIENDO UNA TRAS OTRA SE MOVIAN TODAS COMO SI INTENTARAN AGARRAR ALGO. PARECIAN ANEMONAS.;2;14;0x3C85;0x3CEC;texto;si;;;;;;;;;;;;
H1;147;DI UN PASO HACIA LA ESCALERA DE EMERGENCIA. DE REPENTE, TODAS LAS MANOS SE VOLVIERON HACIA MI. A PESAR DEL MIEDO QUE ME PARALIZABA, LOGRE MOVERME Y LLEGAR HASTA ELLA.;3;13;0x3CF6;0x3D79;texto;si;;;;;;;;;;;;
H1;148;LA CAJA, CUBIERTA DE POLVO, TENIA ESCRITO ESCALERA DE EMERGENCIA. INTENTE ABRIR LA TAPA, PERO EL CIERRE ESTABA OXIDADO Y NO HABIA MANERA DE ABRIRLA. MALDICION, ABRETE!;2;14;0x3D8B;0x3DFD;texto;si;;;;;;;;;;;;
H1;149;CON TODA MI FUERZA, HICE PALANCA PARA ABRIR LA TAPA Y LA TAPA SE ABRIO CON UN CRUJIDO.;7;9;0x3E00;0x3E4A;texto;si;;;;;;;;;;;;
H1;150;TIRE LA TAPA QUE SE HABIA DESPRENDIDO, AGARRE LA ESCALERA DE CUERDA QUE HABIA DENTRO Y LA LANCE POR LA VENTANA.;8;8;0x3E4E;0x3E8F;texto;si;;;;;;;;;;;;
H1;151;LA ESCALERA DE CUERDA COLGABA HACIA EL SUELO, JUNTO CON LA CULPA DE MI CORAZON...;10;6;0x3E93;0x3EC6;texto;si;;;;;;;;;;;;
H1;152;BAJE AL SUELO AGARRANDOME DE LA ESCALERA DE CUERDA.;12;4;0x3EDA;0x3EF7;texto;si;;;;;;;;;;;;
H1;153;REI-CHAN... AL SALIR POR LA PUERTA, SALI CORRIENDO A TODA VELOCIDAD.;10;6;0x3EFA;0x3F1D;texto;si;;;;;;;;;;;;
H1;154;ME FALTABA EL ALIENTO, PERO SEGUI CORRIENDO SIN PARAR TENIA QUE SALVAR A REI-CHAN LO ANTES POSIBLE... TRAS CORRER UN RATO, EMPECE A VER LUCES A LO LEJOS.;5;11;0x3F21;0x3F6A;texto;si;;;;;;;;;;;;
H1;155;DE REPENTE, SENTI UNA FUERTE VIBRACION EN EL BOLSILLO DEL PANTALON.;10;6;0x3F6E;0x3F97;texto;si;;;;;;;;;;;;
H1;156;UF, UF, QUE... QUE ES ESTO...! METI LA MANO EN EL BOLSILLO A TODA PRISA Y SAQUE LO QUE VIBRABA. ERA MI CELULAR.;3;13;0x3FA0;0x3FFA;texto;si;;;;;;;;;;;;
H1;157;EN LA PANTALLA APARECIA UN MENSAJE DE LLAMADA ENTRANTE. PERO AL MISMO TIEMPO TAMBIEN SE MOSTRABA SIN SEÑAL. DUDE UN POCO, PERO PULSE EL BOTON DE LLAMADA Y, CON LA RESPIRACION AGITADA, RESPONDI... SI?;0;16;0x4005;0x40A5;texto;si;;;;;;;;;;;;
H1;158;CLONC, ARRASTRE... ARRASTRE... PLOF...;2;14;0x40B1;0x40FA;texto;si;;;;;;;;;;;;
H1;159;ARRASTRE... ARRASTRE... ARRASTRE...;5;11;0x4108;0x413B;texto;si;;;;;;;;;;;;
H1;160;... QUE... QUE ES ESE RUIDO? AL OTRO LADO DEL TELEFONO SE OIA EL SONIDO DE ALGUN OBJETO.;7;9;0x413E;0x4169;texto;si;;;;;;;;;;;;
H1;161;CLONC, CLONC, ARRASTRE... CRAC... PLOF... QUE ES ESTO...?;2;14;0x4173;0x41DB;texto;si;;;;;;;;;;;;
H1;162;HOLA...? SE HIZO EL SILENCIO. QUE ES ESTO, POR DIOS...?;8;8;0x41E4;0x4206;texto;si;;;;;;;;;;;;
H1;163;YA ESTAS HUYENDO OTRA VEZ... NAOKI-SAN.;7;9;0x420F;0x4226;texto;si;;;;;;;;;;;;
H1;164;NO, ES QUE AHORA VOY A PEDIR AYUDA... LA CONVERSACION SE INTERRUMPIO.;5;11;0x5CA8;0x5CE0;texto;si;;;;;;;;;;;;
H1;165;ME QUEDE MIRANDO ATONITO EL CELULAR. ESA VOZ ERA SIN DUDA LA DE REI-CHAN. NO, NO ES QUE HAYA HUIDO, REI-CHAN... NO ES QUE HAYA HUIDO...;2;14;0x5CEC;0x5D53;texto;si;;;;;;;;;;;;
H1;166;MURMURABA COMO SI ME LO ESTUVIERA REPITIENDO A MI MISMO. COMO SI, DE NO HACERLO, FUERA A DERRUMBARME, COMO SI QUISIERA OCULTAR MI LADO MAS DEBIL...;5;11;0x5D59;0x5DA2;texto;si;;;;;;;;;;;;
H1;167;MIENTRAS CAMINABA SIN FUERZAS, TAMBALEANDOME, VI QUE SE ACERCABA UNA LUZ. CUANDO LLEGO HASTA MI, VI QUE ERA EL TRACTOR CON EL QUE ME HABIA CRUZADO AL SALIR.;2;14;0x5DA6;0x5E14;texto;si;;;;;;;;;;;;
H1;168;ADEMAS DEL SEÑOR DE HACE UN MOMENTO, IBAN OTROS DOS SEÑORES QUE NO CONOCIA.;8;8;0x5E17;0x5E43;texto;si;;;;;;;;;;;;
H1;169;AH, ERES TU EL DE HACE UN RATO. ME QUEDE PENSANDO SI DE VERDAD HABIA UNA POSADA EN LA MONTAÑA, LE PREGUNTE A MI ABUELA Y ME DIJO QUE DESAPARECIO CUANDO ELLA ERA NIÑA. ME PREOCUPE Y VINE A VER.;0;16;0x5E4D;0x5EBC;texto;si;;;;;;;;;;;;
H1;170;AH, SI, CONOZCO BIEN ESA POSADA! ESA POSADA DE UN VERDE SUCIO QUE DA UNA SENSACION TRISTE!;8;8;0x5EBF;0x5EEE;texto;si;;;;;;;;;;;;
H1;171;OYE, VIEJO, ESA ES OTRA POSADA. SI ACABAS DE DECIR QUE DESAPARECIO CUANDO TU ABUELA ERA NIÑA.;8;8;0x5EF1;0x5F27;texto;si;;;;;;;;;;;;
H1;172;EH? QUE LE PASO A TU ACOMPAÑANTE? LES CONTE A LOS SEÑORES SOBRE LA POSADA EN LA MONTAÑA, QUE TODAVIA QUEDABA UNA CHICA ALLI, Y LES PEDI QUE ME AYUDARAN A IR JUNTOS A RESCATARLA.;0;16;0x5F2A;0x5F9C;texto;si;;;;;;;;;;;;
H1;173;ENTONCES, SUS ROSTROS PALIDECIERON DE REPENTE Y SE MIRARON ENTRE SI. OYE, UNA PREGUNTA... COMO SE LLAMA TU ACOMPAÑANTE? SE LLAMA REIKO.;3;13;0x5F9F;0x5FF6;texto;si;;;;;;;;;;;;
H1;174;AL OIR MI RESPUESTA, EMPEZARON A HABLAR ENTRE ELLOS. EL RUIDO DEL MOTOR DEL TRACTOR ERA TAN FUERTE QUE NO PUDE OIR LO QUE DECIAN.;5;11;0x5FF9;0x604A;texto;si;;;;;;;;;;;;
H1;175;REI-CHAN ESTA EN PELIGRO, AYUDENME, POR FAVOR! GRITE SIN PODER ESPERAR MAS. ...YA LO SE. SUBE RAPIDO... EL TRACTOR, CON LOS TRES SEÑORES Y YO A BORDO, SE DIRIGIO HACIA LA POSADA.;0;16;0x604D;0x60BB;texto;si;;;;;;;;;;;;
H1;176;EL SEÑOR MURMURO POR LO BAJO: ...PUEDE QUE NO SEA NINGUN ERROR... AL POCO RATO, EL TRACTOR LLEGO FRENTE A LA POSADA. SALTE DEL TRACTOR Y ME DIRIGI EN PRIMER LUGAR HACIA LA ENTRADA.;0;16;0x60BE;0x6142;texto;si;;;;;;;;;;;;
H1;177;MALDICION! NO SE ABRE. POR MAS QUE EMPUJO CON FUERZA LA PUERTA, ESTA NI SE MUEVE. NO VA A CEDER NUNCA...;8;8;0x614E;0x617F;texto;si;;;;;;;;;;;;
H1;178;CHICO, APARTATE! AL VOLVERME, VI QUE EL TRACTOR VENIA EMBISTIENDO LA PUERTA A GRAN VELOCIDAD.;7;9;0x6188;0x61C6;texto;si;;;;;;;;;;;;
H1;179;EL TRACTOR HABIA ATRAVESADO LIMPIAMENTE LA PUERTA.;12;4;0x61D0;0x61E9;texto;si;;;;;;;;;;;;
H1;180;ENTRE RAPIDAMENTE EN LA POSADA, Y EN LA ENTRADA HABIA UN ATAUD ENSANGRENTADO EN EL QUE SE LEIA: MISAKI REIKO.;2;14;0x61EC;0x6242;texto;si;;;;;;;;;;;;
H1;181;SIN DARME CUENTA, LE ECHE LA MANO AL ATAUD Y, AL ABRIRLO LENTAMENTE, VI QUE DENTRO ESTABA REI-CHAN, CUBIERTA DE SANGRE.;7;9;0x6245;0x629B;texto;si;;;;;;;;;;;;
H1;182;SENTI COMO MI ALMA SE ESCAPABA POR TODOS LOS POROS DE MI CUERPO... AY...! NO LLEGUE A TIEMPO... REI...;2;14;0x629E;0x62E8;texto;si;;;;;;;;;;;;
H1;183;ME DERRUMBE ALLI MISMO Y, DURANTE UN RATO, ME QUEDE EN ESTADO DE SHOCK.;10;6;0x62F2;0x6316;texto;si;;;;;;;;;;;;
H1;184;NA... O... KI-SAN... ALGO FRIO ME ROZO LA CARA. ERA LA MANO DE REI-CHAN. ESA MANO ESTABA SORPRENDENTEMENTE FRIA.;3;13;0x6322;0x6371;texto;si;;;;;;;;;;;;
H1;185;Y ESA VOZ TAMBIEN. AL FINAL SI QUE HUISTE, NAOKI-SAN. YO, SIN DECIR NADA, ME QUEDE MIRANDO A REI-CHAN.;7;9;0x6374;0x63B5;texto;si;;;;;;;;;;;;
H1;186;REI-CHAN ENVEJECIO RAPIDAMENTE ANTE MIS OJOS, Y SU CUERPO SE FUE PUDRIENDO. POCO A POCO, TODO SE VOLVIO BLANCO ANTE MI VISTA.;6;10;0x63BF;0x6410;texto;si;;;;;;;;;;;;
H1;187;CUANDO RECUPERE LA CONCIENCIA, ESTABA EN EL HOSPITAL. QUE HABRIA PASADO EN REALIDAD? YA NO SABIA QUE ERA QUE. QUE ERA REAL Y QUE HABIA SIDO UN SUEÑO?;2;14;0x642A;0x648A;texto;si;;;;;;;;;;;;
H1;188;PARECIA QUE TODO EL MUNDO EN ESTE HOSPITAL CONOCIA AQUELLA POSADA, PERO NO ME CONTARON GRAN COSA.;7;9;0x648D;0x64C5;texto;si;;;;;;;;;;;;
H1;189;DONDE ESTA LA POSADA HUBO UN SANATORIO, ALLI SE RECUPERABA LA HIJA DE UNA FAMILIA DE BUENA POSICION.;8;8;0x64C8;0x6501;texto;si;;;;;;;;;;;;
H1;190;ESA CHICA ESTABA EMBARAZADA, Y EL BEBE QUE ESPERABA NO ERA DESEADO.;8;8;0x6504;0x652E;texto;si;;;;;;;;;;;;
H1;191;EL PARTO SALIO BIEN, PERO AL FINAL RESULTO QUE AMBOS, MADRE E HIJO, FALLECIERON UNOS DIAS DESPUES.;8;8;0x6531;0x6566;texto;si;;;;;;;;;;;;
H1;192;ESA TARDE, MIS PADRES VINIERON A RECOGERME. AUNQUE NO TENIA NINGUNA HERIDA FISICA, EL DAÑO EMOCIONAL ERA ENORME, PERO MIS PADRES NO LE DIERON NINGUNA IMPORTANCIA Y SE LIMITARON A REGAÑARME.;2;14;0x6569;0x65D3;texto;si;;;;;;;;;;;;
H1;193;NO ME IMPORTABA CUANTO ME REGAÑARAN. PODIA VOLVER A CASA. NUNCA HABIA PENSADO QUE VOLVER A CASA PUDIERA HACERME TAN FELIZ.;5;11;0x65D6;0x661A;texto;si;;;;;;;;;;;;
H1;194;SUBI AL AUTO CON MIS PADRES. HASTA DONDE ALCANZABA LA VISTA HABIA ARROZALES, Y CASAS DE GRANJEROS DISPERSAS. POR LA VENTANA SE EXTENDIA EL PAISAJE DEL PUEBLO. ALLI HABIA...;2;14;0x6623;0x6689;texto;si;;;;;;;;;;;;
H1;195;VESTIDO BLANCO, SOMBRERO BLANCO. AL CRUZARNOS, ELLA ME MIRO. SUS LABIOS SE MOVIERON LIGERAMENTE. NO ME LLEGO SU VOZ, PERO SUPE QUE HABIA DICHO.;3;13;0x669A;0x66FB;texto;si;;;;;;;;;;;;
H1;196;VUELVES A HUIR, OTRA VEZ... ESO ES LO QUE...;5;11;0x6704;0x671E;texto;si;;;;;;;;;;;;
H1;7B;NO TIENES SUFICIENTE DINERO? EH... LA CHICA VOLVIO A BAJAR LA CABEZA, INCOMODA.;6;10;0x02D8;0x0583;texto;si;;;;;;;;;;;;
H1;8B;AL VERLO, EL CONDUCTOR AGITO LA MANO. AAAH, YA NO IMPORTA, VETE YA. PERO A LA VUELTA PAGAS, DIJO CON TONO IRRITADO.;1;15;0x0585;0x05E7;texto;calibrado;;;;;;;;;;;;
H1;9B;LA CHICA SE INCLINO UNA Y OTRA VEZ ANTE EL CONDUCTOR Y BAJO DEL AUTOBUS. YO TAMBIEN BAJE JUSTO DESPUES DE ELLA. EH? AL FINAL ALGUIEN PAGO? EL AUTOBUS SE ALEJO...;0;16;0x05E9;0x066B;texto;si;;;;;;;;;;;;
H1;12B;SIN QUERERLO, APARTE LA MIRADA AVERGONZADO. ENTONCES LA CHICA TAMBIEN SE DIO CUENTA DE QUE LA ESTABA MIRANDO, Y ELLA TAMBIEN APARTO LA SUYA, AVERGONZADA.;1;15;0x072B;0x0835;texto;calibrado;;;;;;;;;;;;
H1;13B;EN ESTA SITUACION, NO PODIAMOS SEGUIR ASI, SINTIENDONOS INCOMODOS SIN HABLAR. ASI QUE, COMO SOY HOMBRE, ME ARME DE VALOR Y LE PREGUNTE: DE DONDE VIENES?;1;15;0x0837;0x088B;texto;calibrado;;;;;;;;;;;;
H1;14B;LA CHICA SE QUEDO MIRANDO HACIA ABAJO Y SE QUEDO CALLADA. EH, ESO...;10;6;0x088D;0x08AF;texto;calibrado;;;;;;;;;;;;
H1;20B;POR QUE TE ESCAPASTE DE CASA? ESTO... BUENO... PARECIA QUE LE COSTABA HABLAR DE ELLO.;6;10;0x0C09;0x1DF9;texto;calibrado;;;;;;;;;;;;
H1;21B;NO HACE FALTA QUE ME LO DIGAS. ES MAS IMPORTANTE PENSAR EN QUE HAREMOS DE AHORA EN ADELANTE.;8;8;0x1DFB;0x1E29;texto;si;;;;;;;;;;;;
H1;35B;SERA POR LA MISMA RAZON QUE REI-CHAN?;12;4;0x0FED;0x1004;texto;si;;;;;;;;;;;;
H1;36B;CUANTO TIEMPO HABRA PASADO YA?;12;4;0x1006;0x101C;texto;calibrado;;;;;;;;;;;;
H1;37B;EN UN PROGRAMA DE TELEVISION PRESENTARON ESTE PEQUEÑO PUEBLO, Y SENTI UNA GRAN AFINIDAD POR EL. NO SE POR QUE, PERO ME SENTI ATRAIDO HACIA ESE PUEBLO.;1;15;0x101E;0x108E;texto;calibrado;;;;;;;;;;;;
H1;38B;UN DIA LES DIJE A MIS PADRES QUE QUERIA IR A ESE PUEBLO, PERO NO ME ENTENDIERON.;5;11;0x1090;0x10D1;texto;calibrado;;;;;;;;;;;;
H1;39B;CUANDO LES DIJE QUE QUERIA IR A TODA COSTA, ACORDAMOS QUE SOLO PODRIA IR SI SACABA BUENOS RESULTADOS EN EL EXAMEN FINAL.;5;11;0x10D3;0x111A;texto;si;;;;;;;;;;;;
H1;40B;PERO, LA VERDAD, NO ME IMPORTABA A DONDE IR. NO ES QUE QUISIERA IR A ALGUN SITIO EN CONCRETO, SOLO QUERIA HUIR DE ALGO.;5;11;0x111C;0x1165;texto;si;;;;;;;;;;;;
H1;41B;PERO, HUIR DE QUE?...;10;6;0x1167;0x687B;texto;calibrado;;;;;;;;;;;;
H1;42B;UN POCO, LO ENTIENDO, DIJO ELLA. ME SORPRENDI UN POCO, PARECE QUE SIN DARME CUENTA LO HABIA DICHO EN VOZ ALTA.;3;13;0x687D;0x68CB;texto;si;;;;;;;;;;;;
H1;43B;ME DIO VERGUENZA Y BAJE LA MIRADA. ENTONCES, ELLA TAMBIEN SE QUEDO CALLADA.;6;10;0x68CD;0x68FD;texto;calibrado;;;;;;;;;;;;
H1;88B;YO SOY... UN POCO INSENSIBLE. INCLUSO A MI, QUE SOY HOMBRE, ME CUESTA CONTENER EL MIEDO, ASI QUE NO HAY FORMA DE QUE REI-CHAN, QUE ES MUJER, NO TENGA MIEDO. PERDON POR METERTE EN ESTO...;1;15;0x21CC;0x2618;texto;calibrado;;;;;;;;;;;;
H1;89B;SOLTE LA MANIJA DE LA PUERTA Y TOME CON SUAVIDAD LA MANO TEMBLOROSA DE REI-CHAN. ELLA SE SORPRENDIO UN POCO Y ME MIRO AVERGONZADA.;5;11;0x261A;0x2668;texto;si;;;;;;;;;;;;
H1;90B;NO ES ESO... NAOKI-SAN FUE MUY AMABLE CONMIGO, Y ME ALEGRO, DIJO ELLA, MIRANDOME FIJAMENTE.;3;13;0x266A;0x26BB;texto;calibrado;;;;;;;;;;;;
H1;91B;SALGAMOS DE AQUI. LOS DOS. SI. LA MANO DE REI-CHAN YA NO TEMBLABA. Y YO TAMPOCO...;1;15;0x26BD;0x270E;texto;calibrado;;;;;;;;;;;;
H1;100B;CONTENIENDO EL TERROR QUE SUBIA, ABRACE FUERTE A REI-CHAN, QUE TEMBLABA DE MIEDO, Y ELLA, CON SU MANO TEMBLOROSA, ME SUJETO EL BRAZO DE VUELTA.;5;11;0x28D9;0x293F;texto;si;;;;;;;;;;;;
H1;101B;NOSOTROS, TRATANDO DE QUE NUESTROS CORAZONES NO SE QUEBRARAN, NOS SOSTENIAMOS EL UNO AL OTRO CON LOS BRAZOS.;8;8;0x2941;0x2970;texto;calibrado;;;;;;;;;;;;
H1;102B;CONTENIENDO LA VOZ, NOS ALEJAMOS DE ESE LUGAR, Y TRAS AVANZAR UN RATO, EL PASILLO TERMINABA EN UN CALLEJON SIN SALIDA.;6;10;0x2972;0x29BF;texto;calibrado;;;;;;;;;;;;
H1;103B;AL MIRAR ALREDEDOR, VI UNA ESCALERA AL SEGUNDO PISO, Y UNA PUERTA QUE DECIA: CUARTO DEL CRISANTEMO.;8;8;0x29C1;0x29F3;texto;calibrado;;;;;;;;;;;;
H1;104B;2.@@1.@@QUE@@@@@ SUB@DES@HACEMOS? AMO@CAN@DIJO,@@@ S@@@SEM@Y@@@@@@@ AL@@OS@@NOTE@@@@ SEG@UN@@ALGO@@@@ UND@RAT@DE@@@@@@ O@@@O@@@CANSANCI PIS@EN@@O@@@@@@@ O.@@ESA@EN@@@@@@ @@@@HAB@EL@@@@@@ @@@@ITA@ROSTRO@@ @@@@CIO@DE@@@@@@ @@@@N.@@REI-CHAN @@@@@@@@.@@@@@@@;0;16;0x29F5;0x2A56;pregunta;si;3;1;3;1;8;0;1. DESCANSEMOS UN RATO EN ESA HABITACION.;2.  SUBAMOS AL SEGUNDO PISO.;QUE HACEMOS? DIJO, Y NOTE ALGO DE CANSANCIO EN EL ROSTRO DE REI-CHAN.;;;
H1;118B;MIERDA! RESISTI EL IMPULSO DE SALTAR INMEDIATAMENTE PARA IR A AYUDARLA Y, CON CALMA, PENSE EN LA FORMA DE SALVARLA...;6;10;0x35A9;0x426C;texto;calibrado;;;;;;;;;;;;
H1;119B;AL MIRAR ALREDEDOR, EN LA PARED DEL FONDO VI ALGO COMO UNA CAJA GRANDE. ESO ES! NO HAY DUDA, ES UNA ESCALERA DE EMERGENCIA!;3;13;0x426E;0x42C3;texto;calibrado;;;;;;;;;;;;
H1;120B;UAAA! DE DEBAJO DEL AGUJERO ALGO SALIO DISPARADO DE REPENTE. PARECIA LA MANO DE UN BEBE. ESOS DEDOS ESTABAN A PUNTO DE AGARRAR ALGO.;1;15;0x42C5;0x433B;texto;calibrado;;;;;;;;;;;;
H1;121B;VARIAS MANOS MAS SALIERON DISPARADAS DE DEBAJO DEL AGUJERO. UNA TRAS OTRA, TODAS SE MOVIAN COMO SI INTENTARAN AGARRAR ALGO.;5;11;0x433D;0x4396;texto;si;;;;;;;;;;;;
H1;122B;2.@@@1.@@@ES@@ NO@@@USAR@COMO QUED@LA@@@UNA@ A@@@@ESCA@ANEM OTRA@LERA@ONA@ QUE@@DE@@@DE@@ LANZ@EMER@MAR@ ARSE@GENC@@@@@ ENTR@IA@@@@@@@ E@@@@PARA@@@@@ LAS@@IR@@@@@@@ MANO@A@@@@@@@@ S@@@@AYUD@@@@@ @@@@@ARLA@@@@@;2;14;0x4398;0x43F2;pregunta;calibrado;4;1;4;1;4;0;1. USAR LA ESCALERA DE EMERGENCIA PARA IR A AYUDARLA;2. NO QUEDA OTRA QUE LANZARSE ENTRE LAS MANOS;ES COMO UNA ANEMONA DE MAR;;;
H1;123B;JUSTO CUANDO ME HABIA DECIDIDO A DAR EL SALTO, EL OTRO YO QUE LLEVABA DENTRO ME DIJO: VAMOS A HUIR.;6;10;0x43FC;0x510D;texto;calibrado;;;;;;;;;;;;
H1;124B;PERO... NO ESTA BIEN? AL FINAL ELLA ES UNA COMPLETA DESCONOCIDA.;8;8;0x510F;0x5136;texto;calibrado;;;;;;;;;;;;
H1;125B;UNA COMPLETA DESCONOCIDA? SI, ES VERDAD! ES UNA COMPLETA DESCONOCIDA! QUE IMPORTA LO QUE LE PASE?! VERDAD QUE SI!;6;10;0x5138;0x5178;texto;calibrado;;;;;;;;;;;;
H1;126B;NOOO! AYUDAME, NAOKI-SAN! DESDE EL PISO DE ABAJO RESONO EL GRITO DESGARRADOR DE REI-CHAN. PARECIO QUE AL FINAL DEL GRITO, ALGO LE TAPO LA BOCA. MALDITA SEA!;3;13;0x517A;0x53D3;texto;calibrado;;;;;;;;;;;;
H1;126BX;NOOO! AYUDAME, NAOKI-SAN! DESDE EL PISO DE ABAJO RESONO EL GRITO DE REI-CHAN. AL FINAL, ALGO PARECIO CORTARLO. MALDITA SEA!;3;13;0x517A;0x585D;texto;;;;;;;;;;;;;
H1;127B;ME ARME DE VALOR Y LUEGO GRITE, PERO MI CUERPO NO ME OBEDECIA.;8;8;0x53D5;0x5403;texto;calibrado;;;;;;;;;;;;
H1;128B;ES QUE NO HAY NADA QUE PUEDA HACER? EL MIEDO VA CALANDO EN MI CORAZON... ESTO ME OPRIME POR DENTRO, Y MI CUERPO ANSIA HUIR, PERO NO HAY FORMA DE...;3;13;0x5405;0x5458;texto;calibrado;;;;;;;;;;;;
H1;18C;ESTO ES... JE, JE, JE. LA CHICA PARECIA ESTAR BROMEANDO, ASI QUE DECIDI SEGUIRLE EL JUEGO. PARA HACERSE AMIGO DE UNA CHICA, LO MAS RAPIDO ES HACERLA REIR.;3;13;0x07D8;0x0974;texto;si;;;;;;;;;;;;
H1;19C;PARECE QUE HAS LLEGADO A UN LUGAR AL QUE NO DEBERIAS HABER VENIDO. PUEDE QUE YA NO PUEDAS VOLVER A CASA.;5;11;0x0976;0x09B9;texto;si;;;;;;;;;;;;
H1;20C;CUANDO TE LIBERES DE TUS PROBLEMAS, QUIZAS PUEDAS VOLVER A CASA. YO SEGUIA INVENTANDO TONTERIAS AL AZAR.;5;11;0x09BB;0x09FE;texto;si;;;;;;;;;;;;
H1;21C;PODRE LIBERARME DE MIS PROBLEMAS? PARECIA QUE LA CHICA TAMBIEN SE HABIA METIDO EN EL JUEGO.;8;8;0x0A00;0x0A2D;texto;si;;;;;;;;;;;;
H1;22C;CUENTAME TODO. Y ENTREGATE A LA NATURALEZA.;10;6;0x0A2F;0x0A53;texto;si;;;;;;;;;;;;
H1;28C;POR QUE TE ESCAPASTE DE CASA? ESTO... BUENO... LA CHICA DUDO UN POCO, PERO ME CONTO SUS PROBLEMAS. SU HISTORIA ERA MAS O MENOS ASI.;0;16;0x0C09;0x1D04;texto;si;;;;;;;;;;;;
H1;29C;SU FAMILIA ERA DE RENOMBRE DESDE HACIA GENERACIONES, Y ELLA, LA UNICA HIJA, SE HABIA ENTRENADO EN EL ARTE FLORAL.;7;9;0x1D06;0x1D56;texto;si;;;;;;;;;;;;
H1;30C;SU MADRE QUERIA QUE ELLA HEREDARA LA CASA, Y DECIDIA TODO SOBRE LA VIDA DE LA CHICA.;9;7;0x1D58;0x1D87;texto;si;;;;;;;;;;;;
H1;31C;HASTA LE HABIAN DECIDIDO UN PROMETIDO. ESO EN REALIDAD LE DISGUSTABA MUCHISIMO, PERO NO PODIA DESOBEDECER A SU MADRE.;7;9;0x1D89;0x1DCA;texto;si;;;;;;;;;;;;
H1;32C;POR FIN, MAÑANA TENDRIA QUE ENCONTRARSE CON ESE PROMETIDO, Y SIN PODER SOPORTARLO MAS, SE HABIA ESCAPADO, DIJO.;7;9;0x1DCC;0x1E6E;texto;si;;;;;;;;;;;;
H1;121C;DESCANSEMOS UN POCO EN AQUELLA HABITACION.;12;4;0x2A60;0x2E1D;texto;si;;;;;;;;;;;;
H1;122C;DECIDIMOS DESCANSAR UN RATO EN EL CUARTO DEL CRISANTEMO. AL MIRAR ADENTRO, LA LUZ DE LA LUNA ENTRABA DESDE ALGUN LADO. SI HABIA UNA VENTANA, TAL VEZ PODRIAMOS SALIR POR AHI.;2;14;0x2C74;0x2C90;texto;si;;;;;;;;;;;;
H1;122CX;SI HABIA UNA VENTANA QUIZA SE PODIA SALIR POR AHI.;10;6;0x2C74;0x2C90;texto;;;;;;;;;;;0x2C68;;
H1;123C;ESA ESPERANZA SE DERRUMBO ENSEGUIDA. LA VENTANA ESTABA TAPIADA CON TABLAS, Y POR ESA RENDIJA PARECIA IMPOSIBLE QUE UNA PERSONA PUDIERA PASAR.;3;13;0x2C92;0x2CE6;texto;si;;;;;;;;;;;;
H1;124C;SI TAN SOLO SE SOLTARA ESTA TABLA... TIRE DE LA TABLA CON TODAS MIS FUERZAS, PERO NO SE MOVIO NADA.;8;8;0x2CE8;0x2D24;texto;si;;;;;;;;;;;;
H1;125C;PERDON, NO CREO QUE PUEDA SACARLA CON MI FUERZA. YA VEO.;10;6;0x2D26;0x2D47;texto;si;;;;;;;;;;;;
H1;126C;REI-CHAN RESPONDIO UN POCO DECEPCIONADA. BUENO, ENTONCES DESCANSEMOS UN RATO EN ESTA HABITACION, DIJO CON UNA SONRISA, AUNQUE RESPIRABA CON DIFICULTAD.;3;13;0x2D49;0x2DA1;texto;si;;;;;;;;;;;;
H1;127C;REI-CHAN Y YO NOS SENTAMOS EN EL SUELO. ELLA PARECIA UN POCO CANSADA... TANTO FISICA COMO MENTALMENTE.;5;11;0x2DA3;0x2DF0;texto;si;;;;;;;;;;;;
H1;128C;TOME EL SOMBRERO QUE LLEVABA REI-CHAN, ME LO PUSE, ME PARE Y DIJE. SOY REIKO. MUCHO GUSTO. E HICE UNA PEQUEÑA REVERENCIA.;2;14;0x2DF2;0x320A;texto;si;;;;;;;;;;;;
H1;129C;REI-CHAN PUSO CARA DE SORPRESA AL PRINCIPIO, PERO LUEGO EMPEZO A REIRSE COMO SI HUBIERA RECORDADO ALGO. A MI TAMBIEN ME DIO VERGUENZA Y ME REI CON ELLA.;5;11;0x320C;0x325D;texto;si;;;;;;;;;;;;
H1;130C;PARECIA QUE HABIA LOGRADO ALIVIAR UN POCO LA TENSION DE REI-CHAN. VAMOS YENDO YA?, DIJE. REI-CHAN ASINTIO SUAVEMENTE Y DIJO: SI, TIENES RAZON.;0;16;0x325F;0x32B6;texto;si;;;;;;;;;;;;
H1;131C;NOS LEVANTAMOS, SALIMOS Y SUBIMOS AL SEGUNDO PISO USANDO LA ESCALERA QUE ENCONTRAMOS ANTES.;8;8;0x32BF;0x58A0;texto;si;;;;;;;;;;;;
H1;146C;ALGO OSCURO ME SUSURRO. HUYAMOS. ERA EL OTRO YO DENTRO DE MI...;7;9;0x3672;0x36C4;texto;si;;;;;;;;;;;;
H1;147C;PERO... NO PASA NADA, NO? ELLA ES UNA COMPLETA DESCONOCIDA, ADEMAS.;9;7;0x36C6;0x36ED;texto;si;;;;;;;;;;;;
H1;148C;UNA COMPLETA DESCONOCIDA? SI! NO ME IMPORTA LO QUE LE PASE A ESA TIPA! NO ES ASI?;7;9;0x36EF;0x372F;texto;si;;;;;;;;;;;;
H1;149C;TE EQUIVOCAS!;7;9;0x3731;0x37FE;texto;si;;;;;;;;;;;;
H1;150C;ARMANDOME DE VALOR, ME DI VUELTA HACIA EL AGUJERO, Y DE EL SALIERON INNUMERABLES MANOS QUE PARECIAN DE BEBES.;8;8;0x3800;0x45D0;texto;si;;;;;;;;;;;;
H1;151C;IYAAAA! NAOKI-SAN, AYUDAMEEE! EL GRITO DE REI-CHAN RESONO DESDE ABAJO. AL FINAL DEL GRITO, PARECIO QUE ALGO LO CORTABA. MALDICION!;4;12;0x45D2;0x4644;texto;si;;;;;;;;;;;;
H1;152C;ME LANCE AL AGUJERO SIN PENSARLO. MIENTRAS ME SACUDIA INNUMERABLES MANOS DE ENCIMA, CAI HASTA EL PISO DE ABAJO.;5;11;0x4646;0x468E;texto;si;;;;;;;;;;;;
H1;153C;EL ATERRIZAJE FUE MEJOR DE LO ESPERADO. REVISE LOS ALREDEDORES. EN EL SUELO DONDE DEBERIA HABER ESTADO REI-CHAN, SOLO HABIA UNA MASA EXTRAÑA.;5;11;0x4690;0x46EF;texto;si;;;;;;;;;;;;
H1;154C;QUE... QUE ES ESTO...? ERA UNA MONTAÑA DE BEBES. POR LOS HUECOS SE VEIA APENAS A UNA CHICA QUE PARECIA REI-CHAN. LOS BEBES SE RETORCIAN COMO SI PELEARAN POR SU PECHO.;0;16;0x46F1;0x476D;texto;si;;;;;;;;;;;;
H1;155C;REI-CHAN! YA TE SALVO! LES QUITE DE ENCIMA A LOS BEBES QUE SE AMONTONABAN SOBRE REI-CHAN Y LOS TIRE LEJOS.;7;9;0x476F;0x47AF;texto;si;;;;;;;;;;;;
H1;156C;CON ESTE, EL ULTIMO! CUANDO TERMINE DE QUITAR TODA LA MASA, LEVANTE A REI-CHAN EN BRAZOS. AGUANTA! REI-CHAN! DESPIERTA!;3;13;0x47B1;0x481B;texto;si;;;;;;;;;;;;
H1;157C;ELLA ABRIO LOS OJOS LENTAMENTE. AL PRINCIPIO PARECIA NO ENTENDER NADA, PERO AL VER MI CARA, SE AFERRO A MI.;7;9;0x481D;0x485E;texto;si;;;;;;;;;;;;
H1;158C;NAOKI-SAN! UWAAAAA, QUE MIEDO, QUE MIEDO TUVE!;10;6;0x4860;0x488B;texto;si;;;;;;;;;;;;
H1;159C;ABRACE A REI-CHAN UN RATO HASTA QUE SE CALMO. TAL VEZ, EN REALIDAD, ERA YO QUIEN QUERIA CALMARSE.;5;11;0x488D;0x48D9;texto;si;;;;;;;;;;;;
H1;160C;DE TODOS MODOS, TENIA QUE BUSCAR UNA FORMA DE SALIR. MIRE ALREDEDOR DEL CUARTO Y ENCONTRE LUZ FILTRANDOSE DESDE EL FONDO. PARECIA SER LUZ DE LUNA QUE ENTRABA DE ALGUN LADO.;3;13;0x48DB;0x4934;texto;si;;;;;;;;;;;;
H1;161C;TAL VEZ PODAMOS SALIR POR AHI! TOME LA MANO DE REI-CHAN Y EMPECE A CAMINAR HACIA DONDE ESTABA LA LUZ.;7;9;0x4936;0x496F;texto;si;;;;;;;;;;;;
H1;162C;AL ACERCARNOS, VI QUE LA LUZ ENTRABA POR UNA VENTANA. NUESTRO PASO SE FUE HACIENDO CADA VEZ MAS RAPIDO.;7;9;0x4971;0x49AA;texto;si;;;;;;;;;;;;
H1;163C;HII! A UNOS POCOS PASOS DE LA VENTANA, NOS DETUVIMOS. EL TEMBLOR DEL CORAZON DE REI-CHAN SE SENTIA A TRAVES DE SU MANO.;5;11;0x49AC;0x4A00;texto;si;;;;;;;;;;;;
H1;164C;DEVUELVANME A MI BEBE. POR UN INSTANTE, NO SUPE QUIEN ESTABA HABLANDO.;3;13;0x4A02;0x4A3D;texto;si;;;;;;;;;;;;
H1;165C;...CLIC. DEVUELVANME A MI BEBE. ESA VOZ SE OIA DESDE UNA SILUETA CERCA DE LA VENTANA.;3;13;0x4A3F;0x4A8B;texto;si;;;;;;;;;;;;
H1;166C;ME ARME DE VALOR Y DI UN PASO ADELANTE. LA TENUE LUZ QUE SALIA DE LA VENTANA SE FUE HACIENDO MAS FUERTE, DEJANDO VER LA SILUETA.;5;11;0x4A8D;0x4AD9;texto;si;;;;;;;;;;;;
H1;167C;ALLI HABIA UNA MUJER CON UN ROSTRO DEMONIACO QUE NOS MIRABA FIJAMENTE. HUYAMOS. SI. AL MIRAR ATRAS, SE VEIA MAS ALLA LA ESCALERA QUE SUBIA AL SEGUNDO PISO.;2;14;0x4ADB;0x4B58;texto;si;;;;;;;;;;;;
H1;168C;TOME LA MANO DE REI-CHAN Y EMPECE A CORRER HACIA LA ESCALERA CASI A TROPEZONES.;10;6;0x4B5A;0x4B84;texto;si;;;;;;;;;;;;
H1;169C;CLIC. DEVUELVANME A MI BEBE. A NUESTROS PIES, LOS BEBES QUE HABIA TIRADO ANTES SE ARRASTRABAN, BLOQUEANDONOS EL PASO.;0;16;0x4B86;0x4BE6;texto;si;;;;;;;;;;;;
H1;170C;ESQUIVANDO A LOS BEBES, DE ALGUNA FORMA LLEGAMOS A LA ESCALERA, Y AL MIRAR ATRAS, LA MUJER DEMONIO ESTABA JUSTO DETRAS.;7;9;0x4BE8;0x4C30;texto;si;;;;;;;;;;;;
H1;171C;ESA MUJER SOLO TENIA LA PARTE SUPERIOR DEL CUERPO, Y SE SOSTENIA CON MULETAS.;10;6;0x4C32;0x4C59;texto;si;;;;;;;;;;;;
H1;172C;SUBI LAS ESCALERAS APRESURADAMENTE. CLAC, CLAC, CLAC, CLAC. EL SONIDO DE LAS MULETAS SE ACERCABA DESDE ATRAS.;3;13;0x4C5B;0x4CA4;texto;si;;;;;;;;;;;;
H1;173C;SOLO CORRI. TIRE DE LA MANO DE REI-CHAN MAS FUERTE DE LO NECESARIO. NO PODIA DEJAR QUE MIRARA HACIA ATRAS.;7;9;0x4CA6;0x4CE8;texto;si;;;;;;;;;;;;
H1;174C;CLAC, CLAC, CLAC, CLAC. EL SONIDO DE LAS MULETAS NOS SEGUIA DE CERCA SIN ALEJARSE.;7;9;0x4CEA;0x4D20;texto;si;;;;;;;;;;;;
H1;175C;UF, UF. CLAC, CLAC, CLAC, CLAC. UF, UF. CLAC, CLAC, CLAC, CLAC.;0;16;0x4D22;0x4D5C;texto;si;;;;;;;;;;;;
H1;176C;UF, UF. EL CORAZON ME DOLIA COMO SI FUERA A ESTALLAR. REI-CHAN TAMBIEN ESTABA YA CERCA DE SU LIMITE.;7;9;0x4D5E;0x4D96;texto;si;;;;;;;;;;;;
H1;177C;SALTAMOS EL AGUJERO POR DONDE HABIA CAIDO REI-CHAN, Y AL AVANZAR UN POCO POR EL PASILLO, ALLI ESTABA LA CAJA QUE HABIAMOS VISTO ANTES. ES LA ESCALERA DE EMERGENCIA!;5;11;0x4D98;0x4DE6;texto;si;;;;;;;;;;;;
H1;178C;DEVUELVANME A MI BEBE!!;7;9;0x4DE8;0x4E00;texto;si;;;;;;;;;;;;
H1;179C;NO HABIA TIEMPO PARA BAJAR LA ESCALERA. LEVANTE A REI-CHAN EN BRAZOS, ROMPI LA VENTANA Y SALTAMOS!;7;9;0x4E02;0x4E4A;texto;si;;;;;;;;;;;;
H1;180C;DETRAS DE NOSOTROS RETUMBO UN ESTRUENDO TREMENDO, Y CAIMOS DE GOLPE EN EL JARDIN.;8;8;0x4E4C;0x4EB1;texto;si;;;;;;;;;;;;
H1;181C;UN DOLOR INTENSO RECORRIO TODO MI CUERPO. POR UN INSTANTE ESTUVE A PUNTO DE PERDER EL CONOCIMIENTO, PERO LOGRE AGUANTAR.;7;9;0x4EB3;0x4EE8;texto;si;;;;;;;;;;;;
H1;182C;REI-CHAN...? AL MIRAR ALREDEDOR, LA VI TIRADA UN POCO MAS ALLA. NO PARECIA ESTAR EN PELIGRO DE MUERTE.;7;9;0x4EEA;0x4F2C;texto;si;;;;;;;;;;;;
H1;183C;EN ESE MOMENTO, DOS LUCES CEGADORAS NOS ILUMINARON. QUE ERA ESTA VEZ!;7;9;0x4F2E;0x4F6C;texto;si;;;;;;;;;;;;
H1;184C;DESDE MAS ALLA DE LA LUZ SE OYO UNA VOZ. VAYA VAYA, PARECE QUE ESTAN BIEN! ...A...;5;11;0x4F6E;0x4FA4;texto;si;;;;;;;;;;;;
H1;185C;QUIEN ASOMO LA CARA DESDE MAS ALLA DE LA LUZ ERA EL GRANJERO CON EL QUE NOS HABIAMOS CRUZADO ANTES.;9;7;0x4FA6;0x4FD5;texto;si;;;;;;;;;;;;
H1;186C;ME PREGUNTE SI DE VERDAD HABIA UNA POSADA EN LA MONTAÑA, ASI QUE LE PREGUNTE A LA ABUELA, Y ME DIJO QUE DESAPARECIO CUANDO ERA NIÑA. ME PREOCUPE, VINE A VER, Y ENTONCES ALGO CAYO.;2;14;0x4FD7;0x503F;texto;si;;;;;;;;;;;;
H1;187C;UOOO! USTEDES ESTAN BIEN LASTIMADOS! LOS LLEVO EN MI AUTO, ASI QUE AGUANTEN!;7;9;0x5041;0x507B;texto;si;;;;;;;;;;;;
H1;188C;REI-CHAN Y YO NOS MIRAMOS Y SONREIMOS, Y ALIVIADOS AL FIN, PERDIMOS EL CONOCIMIENTO.;10;6;0x507D;0x50AB;texto;si;;;;;;;;;;;;
H1;189C;LUEGO, REI-CHAN Y YO FUIMOS LLEVADOS A UN GRAN HOSPITAL DE LA CIUDAD. ELLA TENIA LA PIERNA DERECHA FRACTURADA Y VARIOS GOLPES. YO SALI MEJOR PARADO QUE ELLA.;4;12;0x382C;0x3892;texto;si;;;;;;;;;;;;
H1;190C;PERO NO SUPE BIEN LOS DETALLES. CUANDO DESPERTE, ELLA YA NO ESTABA EN ESTE HOSPITAL.;7;9;0x3894;0x38D0;texto;si;;;;;;;;;;;;
H1;191C;LE PREGUNTE AL PERSONAL DEL HOSPITAL, Y SOLO ME DIJERON QUE SU MADRE HABIA VENIDO A BUSCARLA. SEGURO LA REGAÑARON MUCHO.;7;9;0x38D2;0x3912;texto;si;;;;;;;;;;;;
H1;192C;HERMANO! ESTAS BIEN?;12;4;0x3914;0x3941;texto;si;;;;;;;;;;;;
H1;193C;HERMANO! ESTAS BIEN? LA PUERTA DE LA HABITACION SE ABRIO Y UNA VOZ RUIDOSA IRRUMPIO. ERA MI HERMANA MENOR, MAYUMI.;5;11;0x3943;0x3975;texto;si;;;;;;;;;;;;
H1;194C;CUANDO LLAMARON DEL HOSPITAL PENSE EN LO PEOR, POR DIOS! Y BUENO, COMO ESTAN TUS HERIDAS?;8;8;0x3977;0x39AA;texto;si;;;;;;;;;;;;
H1;195C;DEJO CAER DE GOLPE UNA BOLSA CON ROPA Y COSAS PEQUEÑAS, Y SE SENTO EN LA SILLA. HERMANO, ME ENTERE QUE ESTABAS CON UNA CHICA? NADA MAL! EJEJE, PERO PAPA Y MAMA ESTAN SUPER ENOJADOS!;0;16;0x39AC;0x3A23;texto;si;;;;;;;;;;;;
H1;196C;TAN RUIDOSA COMO SIEMPRE. MIENTRAS ESCUCHABA A MEDIAS LA CHARLA DE MI HERMANA, RAPIDA COMO UNA AMETRALLADORA, PENSABA EN LO QUE VENDRIA DESPUES.;5;11;0x3A25;0x3A6E;texto;si;;;;;;;;;;;;
H1;197C;MIS HERIDAS RESULTARON SER SORPRENDENTEMENTE LEVES, ASI QUE PUDE SALIR DEL HOSPITAL EN UNOS TRES DIAS.;8;8;0x3A76;0x3AB2;texto;si;;;;;;;;;;;;
H1;198C;CUANTO HABRA PASADO DESDE ENTONCES. EL TIEMPO PASA RAPIDO, Y EL PAISAJE A MI ALREDEDOR AVANZA COMO SI ESTUVIERA EN CAMARA RAPIDA.;5;11;0x3ABA;0x5ADF;texto;si;;;;;;;;;;;;
H1;199C;FUE ESO REAL, O FUE UN SUEÑO? SOLO EL SOMBRERO QUE ELLA DEJO CONFIRMABA QUE HABIA EXISTIDO.;7;9;0x5AE1;0x5B22;texto;si;;;;;;;;;;;;
H1;200C;EL SOMBRERO Y YO QUEDAMOS ATRAS EN EL FLUJO DEL TIEMPO, Y YA NI SIQUIERA SABIA QUE ERA LO QUE BUSCABA.;8;8;0x5B24;0x5B62;texto;si;;;;;;;;;;;;
H1;201C;Y ASI, EL SOMBRERO Y YO SEGUIMOS VAGANDO HOY TAMBIEN POR LA CIUDAD.;8;8;0x5B65;0x5B9A;texto;si;;;;;;;;;;;;
H1;202C;NAOKI-SAN. DESDE ALGUN LADO SE OYO SU VOZ.;4;12;0x5B9D;0x5BC8;texto;si;;;;;;;;;;;;
H1;203C;NAOKI-SAN. ESA VOZ RESONABA DENTRO DE MI CABEZA.;3;13;0x5BCB;0x5BF9;texto;si;;;;;;;;;;;;
H1;204C;TAKAHASHI NAOKI-SAN. ME DI VUELTA HACIA DONDE VENIA LA VOZ.;3;13;0x5BFC;0x5C2A;texto;si;;;;;;;;;;;;
H1;205C;ALLI ESTABA ELLA, SONRIENDO. ME DEVUELVES MI SOMBRERO?;5;11;0x5C2D;0x5C68;texto;si;;;;;;;;;;;;
H1;206C;EN SU SONRISA, ENCONTRE LO QUE HABIA ESTADO BUSCANDO.;6;10;0x5C6B;0x5C93;texto;si;;;;;;;;;;;;
H1;82D;REI-CHAN, BUSQUEMOS OTRA SALIDA! ME ADENTRE CORRIENDO EN LA POSADA, CONTENIENDO CON DESESPERACION MI VOZ TEMBLOROSA.;7;9;0x67D5;0x6816;texto;si;;;;;;;;;;;;
H1;90D;OYE, MEJOR DEJEMOSLO, TENGO LA SENSACION DE QUE VA A PASAR ALGO HORRIBLE...;10;6;0x21CE;0x21F2;texto;si;;;;;;;;;;;;
H1;91D;2.@@1.@@@REI- NO@@REV@@CHAN REV@ISE@@DIJO ISA@MOS@@ESO, R@@@EL@@@PERO LA@@INT@@QUIZ HAB@ERI@@AS@@ ITA@OR@@@POR@ CIO@DE@@@AHI@ N@@@LA@@@PODR @@@@HAB@@IAMO @@@@ITA@@S@@@ @@@@CIO@@SALI @@@@N@@@@R@@@ @@@@@@@@@AFUE @@@@@@@@@RA@@;3;13;0x21F7;0x2248;pregunta;si;3;1;3;2;4;0;1. REVISEMOS EL INTERIOR DE LA HABITACION;2. NO REVISAR LA HABITACION;REI-CHAN DIJO ESO, PERO QUIZAS POR AHI PODRIAMOS SALIR AFUERA;;;
H1;92D;DE ACUERDO, DIJE, Y AL INTENTAR SOLTAR EL POMO NOTE POR PRIMERA VEZ QUE LA PEQUEÑA MANO DE REI-CHAN, QUE ME SUJETABA, ESTABA TEMBLANDO.;5;11;0x537B;0x53C2;texto;si;;;;;;;;;;;;
H1;127D;DI UN PASO PARA ACERCARME A LA ESCALERA DE EMERGENCIA. EN ESE MOMENTO: IYAAAA! NAOKI-SAN, AYUDAME!;5;11;0x43FE;0x444E;texto;si;;;;;;;;;;;;
H1;128D;DESDE ABAJO RESONO EL GRITO DE REI-CHAN. AL FINAL DEL GRITO, PARECIO SER INTERRUMPIDO POR ALGO. TODAS LAS MANOS SE MECIAN COMO SI SE BURLARAN.;5;11;0x445B;0x44B2;texto;si;;;;;;;;;;;;
H1;129D;U..., EL MIEDO VA CARCOMIENDO MI CORAZON..., ESCAPEMOS, ME DICE EL OTRO YO DENTRO DE MI.;5;11;0x44BF;0x44FC;texto;si;;;;;;;;;;;;
H1;130D;PERO..., QUE IMPORTA, AL FIN Y AL CABO ELLA ES UNA COMPLETA DESCONOCIDA.;9;7;0x52C5;0x52EA;texto;si;;;;;;;;;;;;
H1;131D;UNA DESCONOCIDA? ASI ES! UNA COMPLETA DESCONOCIDA! NO ME IMPORTA LO QUE LE PASE! VERDAD?;7;9;0x52EF;0x532C;texto;si;;;;;;;;;;;;
H1;132D;MI CORAZON SE TINE DE NEGRO POCO A POCO... ES VERDAD, VAYAMOS A PEDIR AYUDA A ALGUIEN... YO SOLO NO PUEDO HACER NADA.;5;11;0x5330;0x5373;texto;si;;;;;;;;;;;;
H2;1;ABRI EL BUZON Y MIRE DENTRO, ENCONTRANDO UN SOBRE QUE ME ESTABA ESPERANDO.;10;6;0x011E;0x0152;texto;;;;;;;;;;;;;
H2;2;UN SOBRE MARRON COMUN, CON MI NOMBRE ESCRITO A LAPICERA: OTSUKI FUMINA.;2;14;0x0154;0x01A2;texto;;;;;;;;;;;;;
H2;3;NO TENIA REMITENTE. ESTA ERA LA CARTA QUE HABIA ESTADO ESPERANDO.;8;8;0x01A4;0x01D4;texto;;;;;;;;;;;;;
H2;4;CORRI HACIA EL ASCENSOR PARA VOLVER AL DEPARTAMENTO DEL TERCER PISO.;10;6;0x01D6;0x01FC;texto;;;;;;;;;;;;;
H2;5;YA LLEGUE! ENVUELTA EN UNA LUZ CALIDA, MIKA SALIO A RECIBIRME.;8;8;0x01FE;0x0246;texto;;;;;;;;;;;;;
H2;6;MIKA ES MI PRIMA. SOMOS CERCANAS EN EDAD, ASI QUE SIEMPRE FUIMOS UNIDAS DESDE CHICAS. MIKA YA TRABAJA Y VIVE SOLA EN UN DEPARTAMENTO.;4;12;0x0248;0x02A8;texto;;;;;;;;;;;;;
H2;7;MIENTRAS MIS PADRES ESTAN EN EL EXTRANJERO POR TRABAJO, ME QUEDO EN SU DEPARTAMENTO.;8;8;0x02AA;0x02E5;texto;;;;;;;;;;;;;
H2;8;2.@@@1.@@@BIEN@@ LO@@@SI,@@VENI@@ SIEN@TENG@DA,@@@ TO,@@O@@@@DEBE@@ COMI@HAMB@S@@@@@ ALGO@RE@@@ESTA@@ @@@@@@@@@@R@@@@@ @@@@@@@@@@CANS@@ @@@@@@@@@@ADA.@@ @@@@@@@@@@LA@@@@ @@@@@@@@@@CENA@@ @@@@@@@@@@YA@@@@ @@@@@@@@@@ESTA@@;0;16;0x02E7;0x033F;pregunta;;4;1;4;1;4;2;1. SI, TENGO HAMBRE;2. LO SIENTO, COMIALGO;BIENVENIDA, DEBES ESTAR CANSADA.LA CENAYA ESTA;;;
H2;9;SI, TENGO HAMBRE. NO COMI NADA MAS QUE UN SANDWICH AL MEDIODIA, ASI QUE TENGO EL ESTOMAGO VACIO.;5;11;0x0349;0x0397;texto;;;;;;;;;;;;;
H2;10;NOS SENTAMOS A LA MESA Y CENAMOS, CHARLANDO DE COSAS SIN IMPORTANCIA.;7;9;0x0399;0x03E0;texto;;;;;;;;;;;;;
H2;11;BUM BUM BUM BUM! UN SONIDO GRAVE Y FUERTE SE REPETIA, DOLIENDOME LOS OIDOS. LOS VIDRIOS VIBRABAN, Y LA VIBRACION SE SENTIA EN TODO EL CUERPO.;3;13;0x03E8;0x055E;texto;;;;;;;;;;;;;
H2;12;MIKA SE TAPO LOS OIDOS, HACIENDO UNA MUECA.;12;4;0x0560;0x0576;texto;;;;;;;;;;;;;
H2;13;OTRA VEZ EMPEZO...;7;9;0x0578;0x058C;texto;;;;;;;;;;;;;
H2;14;ESTOS ULTIMOS DIAS NOS HA ESTADO MOLESTANDO ESTE RUIDO GRAVE.;10;6;0x058E;0x05AD;texto;;;;;;;;;;;;;
H2;15;HACE UNOS DIAS SE MUDO ALGUIEN AL DEPARTAMENTO DE AL LADO Y DE NOCHE PONE EL ESTEREO A TODO VOLUMEN. CLARO QUE FUIMOS A QUEJARNOS.;5;11;0x05AF;0x060C;texto;;;;;;;;;;;;;
H2;16;PERO NO SALE DE SU CUARTO PARA NADA.;12;4;0x060E;0x0626;texto;;;;;;;;;;;;;
H2;17;2.@@1.@@AHOR@ YA,@ESP@A@@@@ DEJ@ERA@SI,@@ ALO@,@@@TODO@ ASI@ESP@S@@@@ @@@@ERA@LOS@@ @@@@@@@@DIAS@ @@@@@@@@!@@@@ @@@@@@@@ESTA@ @@@@@@@@VEZ@@ @@@@@@@@VOY@@ @@@@@@@@A@@@@ @@@@@@@@QUEJ@ @@@@@@@@ARME@ @@@@@@@@!@@@@;3;13;0x0628;0x066A;pregunta;;3;1;3;1;4;1;1. ESPERA, ESPERA;2. YA,DEJALOASI;AHORA SI, TODOS LOS DIAS! ESTAVEZ VOY A QUEJARME!;;;
H2;18;ESPERA! SEGUI A MIKA, QUE SALIO DISPARADA COMO UNA FLECHA, DUDANDO, HACIA EL PASILLO.;7;9;0x0674;0x0792;texto;;;;;;;;;;;;;
H2;19;EN EL PASILLO, MIKA GRITABA Y GOLPEABA LA PUERTA DEL VECINO, PERO NADIE RESPONDIA.;8;8;0x0794;0x07DE;texto;;;;;;;;;;;;;
H2;20;MIENTRAS SEGUIAMOS ASI UN RATO, BUM BUM... EL ESTEREO SE DETUVO TAN DE REPENTE COMO HABIA EMPEZADO.;5;11;0x07E0;0x082D;texto;;;;;;;;;;;;;
H2;21;DEBE PENSAR QUE SOMOS SOLO MUJERES, NOS MENOSPRECIA. MIKA INSULTO AL VECINO, FURIOSA.;8;8;0x082F;0x0861;texto;;;;;;;;;;;;;
H2;22;DESPUES DE ESO EL ESTEREO NO VOLVIO A SONAR, ASI QUE VOLVIMOS AL DEPARTAMENTO, ALIVIADAS.;7;9;0x0863;0x089F;texto;;;;;;;;;;;;;
H2;23;DESPUES, VOLVI A MI CUARTO Y SAQUE DE MI BOLSO EL SOBRE DE ANTES, ABRIENDOLO DE INMEDIATO.;8;8;0x08A1;0x08EF;texto;;;;;;;;;;;;;
H2;24;OTSUKI-SAMA: RECIBI SU CARTA. LO SIENTO MUCHISIMO. PROBABLEMENTE QUIEN LE CAUSA MOLESTIAS SEA EL AMIGO QUE SE HOSPEDA EN MI CASA.;0;16;0x08F7;0x096F;texto;;;;;;;;;;;;;
H2;25;ESTOY MUY OCUPADO CON EL TRABAJO, ASI QUE VIAJO TODOS LOS DIAS ENTRE LA CASA Y EL TRABAJO, POR LO QUE NO TENIA IDEA DE LO QUE PASABA ALLI.;5;11;0x0971;0x09C1;texto;;;;;;;;;;;;;
H2;26;HABLARE CON MI AMIGO SOBRE ESTO. PERO ES MI UNICO AMIGO. NO QUIERO DESTRUIR LO QUE TENEMOS.;5;11;0x09C3;0x0A15;texto;;;;;;;;;;;;;
H2;27;CREO QUE PODREMOS SOLUCIONARLO. POR FAVOR, DEME UN POCO DE TIEMPO. KUBO TOSHIRO.;8;8;0x0A17;0x0A4A;texto;;;;;;;;;;;;;
H2;28;ESTABA ABSORTA LEYENDO LA CARTA, PERO LEVANTE LA VISTA SORPRENDIDA. OTRA VEZ? SONREI CON AMARGURA Y ABRI LA CORTINA.;3;13;0x0A4C;0x0AD0;texto;;;;;;;;;;;;;
H2;29;UN GATO EN EL BALCON ME VEIA. DEBIA SER LA MASCOTA DE ALGUIEN, PERO VENIA A COMER.;10;6;0x0AD8;0x0B0F;texto;;;;;;;;;;;;;
H2;30;ESO NO IMPORTABA TANTO, PERO HACE POCO SE METIO ADENTRO, HIZO UN DESASTRE Y CASI ROMPE UN FLORERO QUE MIKA QUERIA MUCHO.;5;11;0x0B11;0x0B5A;texto;;;;;;;;;;;;;
H2;31;2.@@@1.@@@MIKA@@ ES@@@ME@@@SE@@@@ LIND@RETA@ENOJ@@ O@@@@N@@@@A@@@@@ ASI@@ASI@@CADA@@ QUE@@QUE@@VEZ@@@ LE@@@NO@@@QUE@@@ DOY@@LE@@@INTE@@ DE@@@DOY@@NTO@@@ COME@DE@@@DARL@@ R@@@@COME@E@@@@@ @@@@@R@@@@DE@@@@ @@@@@@@@@@COME@@ @@@@@@@@@@R@@@@@ @@@@@@@@@@AL@@@@ @@@@@@@@@@GATO@@;0;16;0x0B5C;0x0BB6;pregunta;;4;1;4;1;4;2;1. ME RETAN ASI QUE NO LE DOY DE COMER;2. ES LINDO ASI QUE LE DOY DE COMER;MIKA SE ENOJA CADA VEZ QUE INTENTO DARLE DE COMER AL GATO;;;
H2;32;EL GATO ME MIRABA CON TRISTEZA, PERO YO NO LE DI DE COMER COMO MIKA ME HABIA DICHO. PERDON.;5;11;0x0BC0;0x0C56;texto;;;;;;;;;;;;;
H2;33;2.@@1.@@@@LUEGO@ COM@CRIT@@DE@@@@ PAD@ICAR@@VERLO@ ECE@SU@@@@UN@@@@ RME@INDE@@RATOM@ DE@@CISI@@E@@@@@ SU@@ON@@@@SENTE@ SIT@@@@@@@A@@@@@ UAC@@@@@@@ESCRI@ ION@@@@@@@BIRUN@ @@@@@@@@@@A@@@@@ @@@@@@@@@@CARTA@;0;16;0x0C58;0x0CD2;pregunta;;3;1;4;2;5;1;1. CRITICARSU INDECISION;2. COMPADECERMEDE SU SITUACION;LUEGO DE VERLO UN RATOME SENTE A ESCRIBIRUNA CARTA;;;
H2;34;KUBO TOSHIRO-SAMA: GRACIAS POR SU RESPUESTA. ENTIENDO MUY BIEN COMO SE SIENTE, YO TAMBIEN TENGO A ALGUIEN ASI.;4;12;0x0CDC;0x0E77;texto;;;;;;;;;;;;;
H2;35;PERO AUN ASI, ESO NO CAMBIA QUE ESE ESTEREO NOS SIGA MOLESTANDO.;7;9;0x0E79;0x0EB4;texto;;;;;;;;;;;;;
H2;36;ESTE ES UN COMPLEJO DE DEPARTAMENTOS, ASI QUE CREO QUE DEBERIA PENSARLO UN POCO MAS Y HABLAR CON SU AMIGO.;7;9;0x0EB6;0x0EFA;texto;;;;;;;;;;;;;
H2;37;NO IMPORTA SI TOMA TIEMPO, PERO PODRIA REUNIR EL VALOR PARA HACERLO? OTSUKI FUMINA.;7;9;0x0EFC;0x0F35;texto;;;;;;;;;;;;;
H2;38;DESPUES DE ESO, TOSHIRO Y YO EMPEZAMOS A INTERCAMBIAR CARTAS. AL PARECER, TOSHIRO LE DEBIA MUCHO A LA PERSONA QUE VIVIA CON EL, ASI QUE NO SE DECIDIA A LLAMARLE LA ATENCION.;0;16;0x0F3E;0x0FC5;texto;;;;;;;;;;;;;
H2;39;DESPUES DE ENVIARLE ANIMOS VARIAS VECES, PARECIO QUE FINALMENTE SE DECIDIO A HACER ALGO.;10;6;0x0FC7;0x0FFA;texto;;;;;;;;;;;;;
H2;40;ESTA NOCHE LE VOY A DECIR A MI COMPAÑERO DE CUARTO QUE DEJE DE USAR EL ESTEREO.;10;6;0x1002;0x1035;texto;;;;;;;;;;;;;
H2;41;DESDE ENTONCES, LO PENSE MUCHO, Y FINALMENTE JUNTE EL VALOR.;10;6;0x1037;0x105D;texto;;;;;;;;;;;;;
H2;42;SI EL ES REALMENTE MI AMIGO, ALGO ASI NO DEBERIA DESTRUIR NUESTRA RELACION. CREO QUE ME VA A ESCUCHAR.;3;13;0x105F;0x10C2;texto;;;;;;;;;;;;;
H2;43;AL FIN Y AL CABO, NUNCA LE HE NEGADO NADA.;10;6;0x10C4;0x10E5;texto;;;;;;;;;;;;;
H2;44;ASI QUE, POR FAVOR, ESPERE UN POCO MAS. KUBO TOSHIRO.;10;6;0x10E7;0x1117;texto;;;;;;;;;;;;;
H2;45;ME ALEGRABA DE QUE LA PAZ FUERA A VOLVER, PERO ENTONCES ESE RUIDO EMPEZO DE NUEVO. SE DETUVO IGUAL DE RAPIDO.;7;9;0x1119;0x1166;texto;;;;;;;;;;;;;
H2;46;LA CALMA VOLVIO Y NO PUDE EVITAR SONREIR. ESA NOCHE ME ACOSTE RELAJADA POR PRIMERA VEZ EN MUCHO TIEMPO.;7;9;0x116E;0x11BF;texto;;;;;;;;;;;;;
H2;47;NO SE CUANTO DORMI, PERO AL DESPERTAR DE REPENTE TODO SEGUIA A OSCURAS.;8;8;0x11C1;0x1202;texto;;;;;;;;;;;;;
H2;48;EL GATO ESTABA HACIENDO RUIDO EN EL BALCON.;12;4;0x1204;0x122D;texto;;;;;;;;;;;;;
H2;49;ME MOLESTO QUE INTERRUMPIERA MI SUEÑO, PERO NO TENIA GANAS DE LEVANTARME A AHUYENTARLO, ASI QUE CERRE LOS OJOS DE NUEVO PARA VOLVER A DORMIR.;5;11;0x122F;0x128C;texto;;;;;;;;;;;;;
H2;50;2.@1.@GYA DE@UN@AAA BE@GR@A!@ SE@IT@@@@ R@@O?@@@@ EL@!@@@@@ GA@@@@@@@ TO@@@@@@@;7;9;0x1291;0x12CE;pregunta;;2;1;2;1;3;0;1. UN GRITO?!;2. DEBE SER ELGATO;GYAAAAA!;;;
H2;51;UN GRITO?! ME LEVANTE SORPRENDIDA Y ME QUEDE CONGELADA.;10;6;0x12D8;0x2681;texto;;;;;;;;;;;;;
H2;52;UNA FIGURA, BAÑADA EN LUZ DE LUNA, SE REFLEJABA A TRAVES DE LA CORTINA MIRANDO HACIA MI CUARTO DESDE EL BALCON. CLARAMENTE NO ERA UN GATO.;5;11;0x2683;0x26F3;texto;;;;;;;;;;;;;
H2;53;2.@@1.@@LA@ MIK@QUI@SOM A-C@...@BRA HAN@QUI@NO@ ?@@@EN@@SE@ @@@@ES?@MOV @@@@@@@@IA, @@@@@@@@SOL @@@@@@@@O@@ @@@@@@@@ME@ @@@@@@@@MIR @@@@@@@@ABA @@@@@@@@FIJ @@@@@@@@AME @@@@@@@@NTE @@@@@@@@.@@;5;11;0x26F5;0x2730;pregunta;;3;1;3;1;3;0;1. QUI...QUIEN ES?;2. MIKA-CHAN?;LA SOMBRA NO SE MOVIA,SOLO ME MIRABA FIJAMENTE.;;;
H2;54;QUIEN ES? ESTABA TAN ASUSTADA QUE NO PODIA MOVERME.;10;6;0x273A;0x2936;texto;;;;;;;;;;;;;
H2;55;NO SE CUANTO TIEMPO PASO, PERO TAN DE REPENTE COMO HABIA APARECIDO, LA SOMBRA DESAPARECIO.;8;8;0x2938;0x297F;texto;;;;;;;;;;;;;
H2;56;COMO SI HUBIERA ROTO UN HECHIZO, ME METI BAJO LAS SABANAS.;10;6;0x2981;0x29A8;texto;;;;;;;;;;;;;
H2;57;LA LUZ DEL DIA SE FILTRABA POR LA CORTINA. EN ALGUN MOMENTO ME HABIA QUEDADO DORMIDA.;8;8;0x29AA;0x2DB8;texto;;;;;;;;;;;;;
H2;58;AL DESPERTAR, AUN CON LA MENTE CONFUSA, ME LEVANTE Y ABRI DE GOLPE LAS CORTINAS QUE CUBRIAN LA PUERTA DE VIDRIO.;5;11;0x2DBA;0x2E0F;texto;;;;;;;;;;;;;
H2;59;KYAAAAA!;14;2;0x2E11;0x2E22;texto;;;;;;;;;;;;;
H2;60;GRITE AL VER LO QUE HABIA DEL OTRO LADO DE LA PUERTA DE VIDRIO. COLGABA DE LA CUERDA DE TENDER ROPA EN EL BALCON, BAÑADO POR EL SOL DE LA MAÑANA.;3;13;0x2E24;0x2EA3;texto;;;;;;;;;;;;;
H2;61;QUIZAS FUERA POR EL VIENTO O POR SU PROPIO PESO, PERO ESA COSA PELUDA SE MECIA EN EL AIRE.;7;9;0x2EA5;0x2EE2;texto;;;;;;;;;;;;;
H2;62;LA IMAGEN DE ESE POBRE GATO, QUE ANTES CORRIA TAN ENERGICO POR EL BALCON, SE QUEDO GRABADA EN MIS OJOS.;8;8;0x2EE4;0x2F1D;texto;;;;;;;;;;;;;
H2;63;QUE PASO?! MIKA OYO MIS GRITOS Y NO TARDO EN VENIR CORRIENDO A MI CUARTO. PERO EN EL MOMENTO QUE VIO LA ESCENA EN EL BALCON, SE QUEDO PARALIZADA, SIN ALIENTO.;3;13;0x2F1F;0x2F97;texto;;;;;;;;;;;;;
H2;64;ANTE NUESTROS OJOS, EL GATO SE HABIA VUELTO UN OBJETO INMOVIL, CON LOS OJOS BIEN ABIERTOS, MIRANDO FIJAMENTE AL VACIO SIN PARPADEAR;7;9;0x2FA8;0x2FF2;texto;;;;;;;;;;;;;
H2;65;EL SHOCK NO NOS DEJABA REACCIONAR. NOS DESPLOMAMOS EN EL LIVING SIN DECIR UNA PALABRA, MIKA EN SILENCIO TOTAL.;7;9;0x2FF4;0x304C;texto;;;;;;;;;;;;;
H2;66;NORMALMENTE A ESTA HORA HARIA EL DESAYUNO, PERO NO PODIA SACARME DE LA CABEZA LA IMAGEN DE ESE POBRE GATO, ASI QUE NO TENIA NADA DE APETITO.;5;11;0x304E;0x30A3;texto;;;;;;;;;;;;;
H2;67;AUN SENTADAS A LA MESA, NOS QUEDAMOS EN SILENCIO UN RATO. MIKA MIRABA EL TECHO MIENTRAS YO MIRABA LA MESA, AMBAS PERDIDAS EN NUESTROS PENSAMIENTOS.;3;13;0x30A5;0x30FC;texto;;;;;;;;;;;;;
H2;68;QUIEN DEMONIOS HABRIA HECHO ALGO ASI?;12;4;0x30FE;0x311B;texto;;;;;;;;;;;;;
H2;69;SERIA LA FIGURA QUE VI ANOCHE LA QUE LO HIZO? AHORA QUE LO PIENSO, TODAVIA NO LE HABIA CONTADO A MIKA ESO.;8;8;0x311D;0x314E;texto;;;;;;;;;;;;;
H2;70;OYE, MIKA-CHAN... LE CONTE SOBRE LA FIGURA QUE VI EN EL BALCON LA NOCHE ANTERIOR.;7;9;0x3150;0x318F;texto;;;;;;;;;;;;;
H2;71;ELLA ESCUCHO MI RELATO EN SILENCIO, CON LOS BRAZOS CRUZADOS, Y EN CUANTO TERMINE, HABLO DE REPENTE.;7;9;0x3191;0x31D1;texto;;;;;;;;;;;;;
H2;72;ES LA BROMA CRUEL DE ALGUIEN. UNA BROMA? SI! TIENE QUE SER ESE TIPO DE AL LADO! MIKA GOLPEO LA MESA, FURIOSA.;3;13;0x31D3;0x3229;texto;;;;;;;;;;;;;
H2;73;QUE CLASE DE TIPO ES ESE?! EL FUE QUIEN EMPEZO TODO ESTO! ME QUEDE UN POCO ASUSTADA POR SU FURIA.;7;9;0x322B;0x3271;texto;;;;;;;;;;;;;
H2;74;EN TODO CASO, DEBERIAMOS TENER CUIDADO DE AHORA EN ADELANTE. SI, TIENES RAZON. TU TAMBIEN, QUE LLEGAS TARDE A CASA.;7;9;0x3273;0x32B2;texto;;;;;;;;;;;;;
H2;75;NOTE QUE YA HABIA PASADO LA HORA DE IR A LA ESCUELA, ASI QUE ME APRESURE HACIA LA ESTACION.;9;7;0x32B4;0x32F4;texto;;;;;;;;;;;;;
H2;76;PENSE EN TOSHIRO MIENTRAS CORRIA. TAL VEZ NO HABIA LOGRADO CONVENCER A SU AMIGO.;10;6;0x32F6;0x3321;texto;;;;;;;;;;;;;
H2;77;Y SI POR ESO LE HABIA PASADO ALGO MALO? DE TODOS MODOS, PENSE EN ESCRIBIRLE OTRA CARTA CUANDO LLEGARA A CASA, Y ME SUBI AL TREN.;3;13;0x3323;0x337D;texto;;;;;;;;;;;;;
H2;78;ESE DIA TAMBIEN, LLEGUE CUANDO EL SOL YA SE HABIA PUESTO. POR COSTUMBRE REVISE EL BUZON, Y DENTRO HABIA UN SOBRE FAMILIAR.;3;13;0x12D8;0x1355;texto;;;;;;;;;;;;;
H2;79;MIENTRAS SUBIA AL ASCENSOR, ME SENTIA UN POCO NERVIOSA. HABRIA ALGO TERRIBLE ESPERANDOME OTRA VEZ?;5;11;0x1357;0x13AC;texto;;;;;;;;;;;;;
H2;80;LA PESADA PUERTA DE ACERO SE ABRIO. ANTE MI ESTABA EL PAISAJE DE SIEMPRE. ME REI DE MI PROPIA ANSIEDAD.;7;9;0x13B4;0x13F6;texto;;;;;;;;;;;;;
H2;81;CAMINE POR EL PASILLO FRIO, ILUMINADO POR LOS FLUORESCENTES, Y ABRI LA PUERTA DEL DEPARTAMENTO. YA LLEGUE!;8;8;0x13F8;0x144E;texto;;;;;;;;;;;;;
H2;82;ALLI SOLO ME ESPERABA LA OSCURIDAD. NI LA CALIDA LUZ DE SIEMPRE NI MIKA VINIERON A RECIBIRME.;7;9;0x1450;0x3692;texto;;;;;;;;;;;;;
H2;83;TAL VEZ HABIA SALIDO? PERO NO ERA TIPICO DE ELLA NO DEJARME UN MENSAJE ANTES.;10;6;0x3694;0x36B5;texto;;;;;;;;;;;;;
H2;84;PRESIONE EL BOTON DEL CONTESTADOR, PERO COMO PENSABA, NO HABIA NINGUN MENSAJE.;8;8;0x36B7;0x36F1;texto;;;;;;;;;;;;;
H2;85;ENCENDI LA TV PARA AHUYENTAR MI SOLEDAD. LAS RISAS DEL CONDUCTOR Y EL PUBLICO LLENABAN EL CUARTO VACIO.;5;11;0x36F3;0x3767;texto;;;;;;;;;;;;;
H2;86;MIRE LA PANTALLA UN RATO, PERO SIN SEÑALES DE QUE MIKA VOLVIERA, ME SENTIA CADA VEZ MAS SOLA.;7;9;0x3769;0x37B5;texto;;;;;;;;;;;;;
H2;87;TAL VEZ DEBERIA DUCHARME. FUI AL BAÑO. ABRI LA DUCHA Y AL PRINCIPIO ESTABA TIBIA, PERO POCO A POCO SE PUSO MAS CALIENTE.;3;13;0x37B7;0x3823;texto;;;;;;;;;;;;;
H2;88;MIS NERVIOS SE CALMARON MIENTRAS ME DUCHABA. MIKA... DONDE ESTARIA, Y QUE ESTARIA HACIENDO?;5;11;0x3825;0x3875;texto;;;;;;;;;;;;;
H2;89;DE REPENTE OI ALGO SONAR, MEZCLADO CON EL SONIDO DEL AGUA CAYENDO.;10;6;0x3877;0x38A8;texto;;;;;;;;;;;;;
H2;90;2.@@1.@@SER NO@@SAL@IA@ SAL@IR@@EL@ IR@@DEL@TEL DEL@BAÑ@EFO BAÑ@O@@@NO@ O@@@@@@@DEL @@@@@@@@LIV @@@@@@@@ING @@@@@@@@?@@;5;11;0x38AA;0x38EB;pregunta;;3;1;3;1;3;0;1. SALIR DEL BAÑO;2. NO SALIR DEL BAÑO;SERIA EL TELEFONO DELLIVING?;;;
H2;91;SIN SECARME, ME ENVOLVI EN UNA TOALLA Y SALI CORRIENDO. FUI AL LIVING Y, JUSTO AL ESTIRAR LA MANO, EL TELEFONO SE QUEDO EN SILENCIO.;3;13;0x38F5;0x397C;texto;;;;;;;;;;;;;
H2;92;TAL VEZ ERA MIKA. QUE MALA SUERTE... EN MEDIO DEL SILENCIO, EL TELEFONO EMPEZO A SONAR DE NUEVO.;5;11;0x397E;0x39E3;texto;;;;;;;;;;;;;
H2;93;HOLA? DEL AURICULAR NADA MAS SALIA SILENCIO.;10;6;0x39E5;0x3A20;texto;;;;;;;;;;;;;
H2;94;ME QUEDE UN MOMENTO ASI, PERO LA PERSONA DEL OTRO LADO NO DIJO NADA. PREOCUPADA Y NERVIOSA, COLGUE EL TELEFONO.;5;11;0x3A22;0x3BAA;texto;;;;;;;;;;;;;
H2;95;NO HABIAN PASADO 10 SEGUNDOS CUANDO EMPEZO A SONAR DE NUEVO.;12;4;0x3BAC;0x3BD9;texto;;;;;;;;;;;;;
H2;96;2.@@1.@@@@QUIZA@ OTR@PODR@@S@@@@@ A@@@IA@@@@SEA@@@ VEZ@SER@@@OTRAL@ UNA@MIKA@@LAMAD@ LLA@@@@@@@A@@@@@ MAD@@@@@@@SILEN@ A@@@@@@@@@CIOSA@ SIL@@@@@@@,@@@@@ ENC@@@@@@@PEROT@ IOS@@@@@@@AMBIE@ A@@@@@@@@@N@@@@@ @@@@@@@@@@PODRI@ @@@@@@@@@@A@@@@@ @@@@@@@@@@SER@@@ @@@@@@@@@@MIKA@@;0;16;0x3BDB;0x3C40;pregunta;;3;1;4;2;5;1;1. PODRIA SER MIKA;2. OTRA VEZ UNA LLAMADA SILENCIOSA;QUIZAS SEA OTRALLAMADA SILENCIOSA, PEROTAMBIEN PODRIA SER MIKA;;;
H2;97;DUDE UN POCO, PERO AL FINAL, CON MIEDO, LEVANTE EL AURICULAR.;10;6;0x3C4A;0x3C8A;texto;;;;;;;;;;;;;
H2;98;...HOLA? PERO LA PERSONA DEL OTRO LADO SEGUIA EN SILENCIO, SIN DECIR NADA. EL SILENCIO ME ENVOLVIO. COLGUE CON LA MANO TEMBLOROSA.;5;11;0x3C8C;0x3CF0;texto;;;;;;;;;;;;;
H2;99;2.@@1.@@OTR@ YA@@NO@@A@@@ BAS@PUE@VEZ@ TA@@DO@@,EL@ DE@@SEG@TEL@ EST@UIR@EFO@ O!@@AGU@NO@@ @@@@ANT@EMP@ @@@@AND@IEZ@ @@@@O@@@A@@@ @@@@EST@A@@@ @@@@O@@@SON@ @@@@@@@@AR.@ @@@@@@@@..@@;4;12;0x3CF2;0x3D37;pregunta;;3;1;3;1;3;1;1. NO PUEDO SEGUIR AGUANTANDO ESTO;2. YA BASTA DE ESTO!;OTRA VEZ,ELTELEFONO EMPIEZA A SONAR...;;;
H2;100;SI ME QUEDO AQUI MAS TIEMPO VOY A VOLVERME LOCA. HASTA QUE MIKA VUELVA, VOY A SALIR, AUNQUE SEA A LA TIENDA DE CONVENIENCIA. DECIDI PONERME LA ROPA RAPIDO Y ESCAPAR POR LA PUERTA PRINCIPAL.;2;14;0x3D41;0x407F;texto;;;;;;;;;;;;;
H2;101;CUANDO ME ESTABA POR PONER LOS ZAPATOS, OI PASOS DE ALGUIEN VINIENDO DESDE EL PASILLO, UN SONIDO COMO SI ARRASTRARA LOS PIES.;7;9;0x4081;0x40C3;texto;;;;;;;;;;;;;
H2;102;......ESOS PASOS SE DETUVIERON JUSTO FRENTE A MI PUERTA.;12;4;0x40C5;0x40DF;texto;;;;;;;;;;;;;
H2;103;DE REPENTE LA PUERTA SE ABRIO. ME ASUSTE, PERO TENIA PUESTA LA CADENA, ASI QUE LA PUERTA SOLO SE ABRIO UN POCO. CUANDO QUISE VER QUIEN ERA POR LA RENDIJA, UNA MANO APARECIO E INTENTO QUITAR LA CADENA.;0;16;0x14C3;0x155E;texto;;;;;;;;;;;;;
H2;104;MIRE POR LA RENDIJA HACIA AFUERA.;12;4;0x1566;0x1579;texto;;;;;;;;;;;;;
H2;105;MIKA-CHAN? MIKA ESTABA PARADA AFUERA CON CARA DE SORPRESA. AL VERME, PARECIO ENOJARSE AUN MAS, Y PUSO LAS MANOS EN LA CADERA CON UN GESTO DE REPROCHE.;3;13;0x157B;0x15E6;texto;;;;;;;;;;;;;
H2;106;QUE GROSERA, NO PUEDO ENTRAR SI DEJAS LA CADENA PUESTA! L-LO SIENTO. LA QUITE RAPIDO Y MIKA ENTRO.;3;13;0x15E8;0x163D;texto;;;;;;;;;;;;;
H2;107;UN VENDAJE ENVOLVIA SU PIERNA DERECHA. PARECIA DOLERLE, PORQUE HACIA UNA MUECA CON CADA PASO. ME ALEGRABA NO ESTAR MAS SOLA, PERO ME PREOCUPABA MIKA.;2;14;0x163F;0x16B8;texto;;;;;;;;;;;;;
H2;108;ESTAS BIEN? QUE PASO? UN AUTO ME ATROPELLO JUSTO DESPUES DE SUBIRME A LA BICICLETA. LOS FRENOS NO FUNCIONARON.;5;11;0x16BA;0x1709;texto;;;;;;;;;;;;;
H2;109;TUVE SUERTE DE QUE EL AUTO FRENARA DE REPENTE, SI NO...;10;6;0x170B;0x172E;texto;;;;;;;;;;;;;
H2;110;NO NOTASTE NADA RARO CON LOS FRENOS HASTA AHORA? HASTA AYER ESTABAN BIEN. PERO CUANDO LO REVISE, EL CABLE ESTABA CORTADO A PROPOSITO.;3;13;0x1730;0x1789;texto;;;;;;;;;;;;;
H2;111;ME QUEDE MUDA PENSANDO EN LO PEOR. POR SUERTE EL AUTO FRENO A TIEMPO, PERO SI HUBIERA SIDO UN SEGUNDO MAS TARDE...;7;9;0x178B;0x17D1;texto;;;;;;;;;;;;;
H2;112;OYE FUMINA, QUE PASO AQUI? COMO ME QUEDE EN SILENCIO, ESTA VEZ MIKA ME PREGUNTO. LE CONTE SOBRE LAS LLAMADAS SILENCIOSAS. MI BICICLETA, Y ESTAS LLAMADAS. ESTO YA NO SON SOLO BROMAS.;0;16;0x17D3;0x185C;texto;;;;;;;;;;;;;
H2;113;QUIEN PODRIA SER? CREES QUE...? CLARO QUE ES ESE TIPO DE AL LADO! MIKA LO DIJO CON DESPRECIO.;2;14;0x185E;0x18C2;texto;;;;;;;;;;;;;
H2;114;EL DE AL LADO... AH SI, LA CARTA. DE REPENTE RECORDE LA CARTA DE TOSHIRO. LA SAQUE DE MI BOLSO. MIKA ME MIRO CON CARA EXTRAÑA.;3;13;0x18C4;0x1A1F;texto;;;;;;;;;;;;;
H2;115;FUMINA, QUE ES...? ESPERA. TE EXPLICO TODO DESPUES. DETUVE A MIKA CON LA MANO Y TERMINE DE SACAR LA CARTA.;5;11;0x1A21;0x1A72;texto;;;;;;;;;;;;;
H2;116;OTSUKI FUMINA-SAMA: DEBO DISCULPARME CON USTED. HICE LO POSIBLE PARA QUE MI AMIGO DEJARA DE USAR EL ESTEREO TAN FUERTE, PERO NO QUISO ESCUCHARME.;2;14;0x1A74;0x1AE5;texto;;;;;;;;;;;;;
H2;117;POR EL CONTRARIO, AHORA QUE SABE QUE ESTO LE MOLESTA, QUIERE TOMAR VENGANZA.;9;7;0x1AE7;0x1B21;texto;;;;;;;;;;;;;
H2;118;YA NO PUEDO DETENER A MI AMIGO. PARA SERLE FRANCO, MI AMIGO TAMBIEN TIENE CONTACTO CON GENTE VIOLENTA.;7;9;0x1B23;0x1B67;texto;;;;;;;;;;;;;
H2;119;SI ESTO SIGUE ASI, USTEDES ESTARAN EN PELIGRO. POR FAVOR, VAYANSE DE AHI INMEDIATAMENTE. KUBO TOSHIRO.;8;8;0x1B69;0x1BA5;texto;;;;;;;;;;;;;
H2;120;OYE FUMINA, QUE ES ESO? MIKA ME PREGUNTO CON LA VOZ MOLESTA MIENTRAS YO REVISABA LA CARTA.;7;9;0x1BA7;0x1BEE;texto;;;;;;;;;;;;;
H2;121;LE CONTE TODO LO QUE HABIA PASADO HASTA ESE MOMENTO Y LE ENTREGUE LA CARTA.;10;6;0x1BF0;0x1C21;texto;;;;;;;;;;;;;
H2;122;LA LEYO EN SILENCIO, Y AL TERMINAR, ESTALLO DE FURIA. ESTO NO ES NINGUNA BROMA! QUE COSA PARA DECIR! ES EL QUIEN SE MUDO DESPUES QUE NOSOTRAS!;2;14;0x1C23;0x1C88;texto;;;;;;;;;;;;;
H2;123;YA NO PUEDO SOPORTARLO MAS. ESTO, SIN LUGAR A DUDAS, ES UN DELITO EN REGLA. HABLEMOS CON EL DUEÑO DEL EDIFICIO. O QUIZAS DEBERIAMOS IR A LA POLICIA.;5;11;0x1C8A;0x1CDC;texto;;;;;;;;;;;;;
H2;124;ESPERA, ESPERA UN MOMENTO! NO TENEMOS PRUEBAS DE QUE SEAN ELLOS. ADEMAS, EL QUE ESTA HACIENDO ESTO ES EL AMIGO DE TOSHIRO-SAN.;5;11;0x1CF3;0x1D3F;texto;;;;;;;;;;;;;
H2;125;NO QUIERO QUE METAN A TOSHIRO-SAN EN PROBLEMAS TAMBIEN.;10;6;0x1D41;0x1D5F;texto;;;;;;;;;;;;;
H2;126;FUMINA, ERES DEMASIADO BLANDA. ESO ES PROBLEMA DE ELLOS, NO NUESTRO.;10;6;0x1D61;0x1D88;texto;;;;;;;;;;;;;
H2;127;TRATE DESESPERADAMENTE DE CALMAR A MIKA, PERO NO QUISO ESCUCHARME.;8;8;0x1D8A;0x1DBC;texto;;;;;;;;;;;;;
H2;128;POR ESO, DEJAME ESCRIBIR UNA CARTA MAS. PARA PODER TRANSMITIRLE BIEN NUESTRA INTENCION. Y SI ESO NO FUNCIONA... LA POLICIA, COMPLETO MIKA.;3;13;0x1DBE;0x1E0D;texto;;;;;;;;;;;;;
H2;129;A REGAÑADIENTES, MIKA ASINTIO CON LA CABEZA.;10;6;0x1E0F;0x1E2D;texto;;;;;;;;;;;;;
H2;130;DESPUES DE ESO, VOLVI A MI CUARTO E INMEDIATAMENTE ME SENTE FRENTE AL ESCRITORIO.;10;6;0x1E2F;0x1E5F;texto;;;;;;;;;;;;;
H2;131;KUBO TOSHIRO-SAMA: HE RECIBIDO CON GRATITUD SU CONSEJO.;10;6;0x1E61;0x1E8C;texto;;;;;;;;;;;;;
H2;132;SIN EMBARGO, LO QUE SU AMIGO NOS ESTA HACIENDO ES, SIN DUDA, UN DELITO. NOSOTRAS NO NOS VAMOS A DOBLEGAR ANTE SEMEJANTE VIOLENCIA.;5;11;0x1E8E;0x1EDE;texto;;;;;;;;;;;;;
H2;133;SI ESTO CONTINUA, TAMBIEN TOMAREMOS MEDIDAS. SI USTED NO PUEDE HACER NADA, ENTONCES HABLAREMOS DIRECTAMENTE CON SU AMIGO.;2;14;0x1EE0;0x1F3D;texto;;;;;;;;;;;;;
H2;134;POR ESO, POR FAVOR, HABLE UNA VEZ MAS CON SU AMIGO. OTSUKI FUMINA.;8;8;0x1F3F;0x1F7C;texto;;;;;;;;;;;;;
H2;135;A LA MAÑANA SIGUIENTE, AUNQUE HERIDA, MIKA ME ACOMPAÑO HASTA LA PUERTA PRINCIPAL COMO SIEMPRE, PARA DESPEDIRME.;8;8;0x1F7E;0x5766;texto;;;;;;;;;;;;;
H2;136;SU PIERNA PARECIA DOLERLE MUCHO, ASI QUE SE TOMO EL DIA LIBRE DEL TRABAJO. NO QUERIA DEJARLA SOLA EN CASA DESPUES DE RECIBIR ESA CARTA, PERO MIKA NO DEJO QUE FALTARA A CLASES SOLO POR ESO.;0;16;0x5768;0x57EE;texto;;;;;;;;;;;;;
H2;137;VAS A ESTAR BIEN SOLA? VOY A ESTAR BIEN, NO TE PREOCUPES. VOY A CERRAR BIEN LA PUERTA CON LLAVE. TEN CUIDADO, SI? BUENO, VOY SALIENDO.;5;11;0x57F0;0x5845;texto;;;;;;;;;;;;;
H2;138;PERO AUNQUE FUI A LA ESCUELA, NO PODIA DEJAR DE PREOCUPARME. APENAS TERMINO EL CLUB, VOLVI A CASA.;5;11;0x5847;0x589E;texto;;;;;;;;;;;;;
H2;139;AL BAJAR DEL TREN, SIN NOTARLO ME ENCONTRE CORRIENDO HACIA EL EDIFICIO.;10;6;0x58A0;0x58D8;texto;;;;;;;;;;;;;
H2;140;ABRI EL BUZON PARA VER SI HABIA RESPUESTA A MI CARTA, PERO DENTRO SOLO HABIA UNA HOJA SUELTA DE PAPEL TIPO REPORTE.;5;11;0x58DA;0x5938;texto;;;;;;;;;;;;;
H2;141;LO MIRE CON SOSPECHA, LO LEVANTE Y LO LEI DE INMEDIATO.;12;4;0x593A;0x5956;texto;;;;;;;;;;;;;
H2;142;SI QUIEN LEE ESTO ES FUMINA-SAN, HUYA DE INMEDIATO.;9;7;0x5958;0x5995;texto;;;;;;;;;;;;;
H2;143;2.@@@1.@@@MI@@@@ IR@@@LLAM@AMIGO@ DIRE@AR@@@QUIER@ CTO@@A@@@@E@@@@@ AL@@@LA@@@VENGA@ CUAR@POLI@RSE.@@ TO@@@CIA@@AL@@@@ @@@@@@@@@@MENOS@ @@@@@@@@@@USTED@ @@@@@@@@@@,@@@@@ @@@@@@@@@@HUYA.@;0;16;0x599D;0x5A14;pregunta;;4;1;4;1;5;1;1. LLAMAR A LA POLICIA;2. IR DIRECTO AL CUARTO;MI AMIGO QUIERE VENGARSE. AL MENOS USTED, HUYA.;;;
H2;144;CORRI HASTA EL TELEFONO PUBLICO MAS CERCANO, LEVANTE VIOLENTAMENTE EL AURICULAR Y MARQUE 110. EMPEZO A SONAR. ERA LA PRIMERA VEZ QUE LLAMABA A LA POLICIA.;3;13;0x5A1E;0x5AE3;texto;;;;;;;;;;;;;
H2;145;SI, AQUI 110, RESPONDIO UNA VOZ GRAVE. AH, UM... NERVIOSA Y EN PANICO, BALBUCEE TRATANDO DE EXPLICAR LA SITUACION.;3;13;0x5AE5;0x5B46;texto;;;;;;;;;;;;;
H2;146;LA POLICIA DIJO QUE ENVIARIA UN PATRULLERO DE INMEDIATO, Y COLGARON EL TELEFONO.;9;7;0x5B48;0x5B78;texto;;;;;;;;;;;;;
H2;147;DE REPENTE ME INVADIO EL CANSANCIO. EXPLICAR LA COMPLEJA SITUACION TOMO MAS TIEMPO DEL QUE PENSE. EMPECE DE INMEDIATO A DIRIGIRME HACIA MI DEPARTAMENTO.;5;11;0x5B7A;0x5BCD;texto;;;;;;;;;;;;;
H2;148;APRETE EL TIMBRE USANDO LA SEÑAL ACORDADA. MIKA DEBERIA ESTAR EN CASA HOY, Y SIN EMBARGO...;9;7;0x5BCF;0x5C1C;texto;;;;;;;;;;;;;
H2;149;VOLVI A PRESIONARLO. NO HUBO RESPUESTA DESDE EL CUARTO. RECORDE OTRA VEZ LA CARTA DE HACE UN MOMENTO. ESTARIA MIKA BIEN?;0;16;0x5C20;0x5C64;texto;;;;;;;;;;;;;
H2;150;DECIDIDA, GIRE EL PICAPORTE, Y DESCUBRI QUE LA PUERTA NO ESTABA CERRADA CON LLAVE.;10;6;0x5C6C;0x5C9F;texto;;;;;;;;;;;;;
H2;151;...POR QUE...?;7;9;0x5CA1;0x5CAF;texto;;;;;;;;;;;;;
H2;152;UN ESCALOFRIO ME RECORRIO LA ESPALDA.;3;13;0x5CB3;0x5CCB;texto;;;;;;;;;;;;;
H2;153;LA MANO QUE SOSTENIA EL PICAPORTE SE PUSO RIGIDA Y EMPEZO A TEMBLAR.;0;16;0x5CCD;0x5CEA;texto;;;;;;;;;;;;;
H2;154;ADENTRO ESTABA ENVUELTO EN OSCURIDAD. TANTEE CON LA MANO Y ENCENDI EL INTERRUPTOR, PERO NO BAJO NINGUNA LUZ DESDE EL TECHO.;7;9;0x5CEC;0x5D33;texto;;;;;;;;;;;;;
H2;155;ALGO DE LUZ SE FILTRABA DESDE LA VENTANA, Y MIS OJOS POCO A POCO SE ACOSTUMBRARON A LA OSCURIDAD. AL VER EL COMEDOR ENVUELTO EN PENUMBRA, SE ME CORTO LA RESPIRACION.;3;13;0x5D35;0x5D97;texto;;;;;;;;;;;;;
H2;156;EL CUARTO ESTABA COMO SI UN TIFON HUBIERA PASADO POR EL. PEDAZOS DE PLATOS Y TAZAS ROTAS ESTABAN ESPARCIDOS POR EL PISO.;7;9;0x5DA2;0x5DEF;texto;;;;;;;;;;;;;
H2;157;PREOCUPADA, ME DIRIGI HACIA EL CUARTO DE MIKA. EN EL CAMINO, ME TROPECE CON ALGO Y CAI AL PISO.;8;8;0x5DF1;0x5E31;texto;;;;;;;;;;;;;
H2;158;2.@@1.@@ALGO@@@ APU@NO@@TAN@@@@ RAR@SER@GRANDE@ ME@@A..@NO@@@@@ HAC@.@@@DEBERI@ IA@@MIK@A@@@@@@ EL@@A?@@ESTART@ FON@@@@@IRADO@@ DO@@@@@@AQUI.N@ @@@@@@@@O@@@@@@ @@@@@@@@PUEDES@ @@@@@@@@ER...@@;1;15;0x5E33;0x5E93;pregunta;;3;1;3;1;6;1;1. NO SERA... MIKA?;2. APURARME HACIA EL FONDO;ALGO TAN GRANDE NO DEBERIA ESTARTIRADO AQUI.NO PUEDESER...;;;
H2;159;VOLVI A TANTEAR CON LA MANO LO QUE ESTABA EN EL PISO. ALGO RESBALADIZO MOJABA MI PALMA. Y ESTA SENSACION...;7;9;0x5E9D;0x5EDC;texto;;;;;;;;;;;;;
H2;160;VOLVI A TANTEAR CON LA MANO LO QUE ESTABA EN EL PISO. ALGO RESBALADIZO MOJABA MI PALMA. Y ESTA SENSACION ES CABELLO HUMANO!;5;11;0x5EE6;0x5EF7;texto;;;;;;;;;;;;;
H2;161;MIKA-CHAN! PERO NO ERA MIKA. ERA UN HOMBRE QUE NUNCA HABIA VISTO, TIRADO EN EL PISO, CON SANGRE FLUYENDO DESDE LA NUCA FORMANDO UN CHARCO. VENGANZA!;2;14;0x5EFF;0x5F83;texto;;;;;;;;;;;;;
H2;162;SE ME HELO LA ESPALDA. PESADA COMO PLOMO, CAI SENTADA SIN PODER MOVERME.;10;6;0x5F85;0x603D;texto;;;;;;;;;;;;;
H2;163;2.@@1.@@SOLO@@ DEB@TEN@ME@@@@ ERI@GO@@QUEDO@ A@@@QUE@VIENDO PED@SAL@EL@@@@ IR@@VAR@CHARCO AYU@A@@@DE@@@@ DA@@MIK@SANGRE @@@@A@@@...@@@;2;14;0x603F;0x60F0;pregunta;;3;1;3;1;6;0;1. TENGO QUE SALVAR A MIKA;2. DEBERIA PEDIR AYUDA;SOLO ME QUEDO VIENDO EL CHARCO DE SANGRE...;;;
H2;163X;2.@@@1.@@ESA@@@@ DEBE@TEN@VOZ@@@@ RIA@@GO@@CONOCID PEDI@QUE@A...@@@ R@@@@SAL@MIKA-CH AYUD@VAR@AN!@@@@ A@@@@A@@@@@@@@@@ @@@@@MIK@@@@@@@@ @@@@@A@@@@@@@@@@;0;16;0x5FEE;0x60F0;pregunta;;4;1;3;1;7;0;1. TENGO QUE SALVAR A MIKA;2. DEBERIA PEDIR AYUDA;ESA VOZ CONOCIDA... MIKA-CHAN!;0x5FEC;;
H2;164;EN ESE MOMENTO, DESDE EL FONDO SE OYO UNA VOZ AHOGADA COMO UN QUEJIDO. UU...UUU... MIKA... MIKA-CHAN? RECONOCI ESA VOZ. CON MIEDO, ABRI LA PUERTA DEL CUARTO DE MIKA.;0;16;0x60FA;0x685F;texto;;;;;;;;;;;;;
H2;165;MIRANDO HACIA LA OSCURIDAD, VI A ALGUIEN RETORCIENDOSE EN EL PISO, EN MEDIO DEL CUARTO. MIKA-CHAN! ERA MIKA, CON LAS MANOS ATADAS Y CINTA ADHESIVA SOBRE LA BOCA.;2;14;0x6861;0x68D6;texto;;;;;;;;;;;;;
H2;166;CORRI HACIA ELLA, TRATANDO DE QUITARLE LA CINTA ADHESIVA. EN ESE MOMENTO, MIKA EMITIO UN GEMIDO AL VER ALGO DETRAS DE MI.;7;9;0x68D8;0x6920;texto;;;;;;;;;;;;;
H2;167;SENTI UNA PRESENCIA Y ME GIRE. UNA FIGURA HUMANA ESTABA PARADA DETRAS DE MI. LEVANTO LA MANO DERECHA.;7;9;0x6922;0x6968;texto;;;;;;;;;;;;;
H2;168;GRITE Y CAI AL PISO PARA ESQUIVARLO, RECIBI UN GOLPE AGUDO EN EL BRAZO IZQUIERDO. SENTI DOLOR, SANGRE CORRIENDO. ME ARRASTRE POR EL PISO PARA ALEJARME DE LA FIGURA.;3;13;0x696A;0x6AC8;texto;;;;;;;;;;;;;
H2;169;LA FIGURA SE ACERCABA LENTAMENTE HACIA MI. HUYE... HUYE... HUIR? ENTONCES, ESTA PERSONA ERA...;4;12;0x6ACA;0x6B1F;texto;;;;;;;;;;;;;
H2;170;TOSHIRO-SAN?! LA FIGURA SE ABALANZO SOBRE MI, QUE SEGUIA TIRADA EN EL PISO. APENAS LOGRE APARTARME.;7;9;0x6B21;0x6B61;texto;;;;;;;;;;;;;
H2;171;LA HOJA DEL CUCHILLO SE CLAVO EN EL PISO JUSTO A MI LADO. EL HOMBRE SE SUBIO SOBRE MI, ACERCANDO SU CARA Y GIMIENDO SIN PARAR.;7;9;0x6B63;0x6BB4;texto;;;;;;;;;;;;;
H2;172;NO TENIA OTRA OPCION. ERA PARA PROTEGERLAS A USTEDES. PERO, PERO... YO NO QUERIA PERDERLO A EL!;7;9;0x6BB6;0x6BF8;texto;;;;;;;;;;;;;
H2;173;SU ALIENTO ROZABA MI CARA. SERIA ESTE HOMBRE TOSHIRO, DESPUES DE TODO? ME RETORCI DESESPERADAMENTE PARA LIBERARME, SIN EXITO. MIENTRAS LO HACIA, MI MANO TOCO ALGO.;2;14;0x6BFA;0x6C69;texto;;;;;;;;;;;;;
H2;174;UN FLORERO. POR QUE NO ME ESCUCHAS? PENSE QUE ERAS MI AMIGO DE VERDAD... NAOYA... TOSHIRO SEGUIA MURMURANDO, COMO POSEIDO.;2;14;0x6C6B;0x6CD4;texto;;;;;;;;;;;;;
H2;175;GOLPEE CON TODAS MIS FUERZAS SU NUCA CON EL FLORERO. EL IMPACTO SE TRANSMITIO A TRAVES DE MI MANO.;8;8;0x6CD6;0x6D1C;texto;;;;;;;;;;;;;
H2;176;GYAAA! TOSHIRO SE RETORCIO EN EL PISO, SOSTENIENDOSE LA NUCA.;10;6;0x6D1E;0x6D43;texto;;;;;;;;;;;;;
H2;177;FINALMENTE LIBRE, ME APRESURE A LEVANTAR A MIKA Y CORRIMOS HACIA LA PUERTA. OI UN GEMIDO, Y AL MIRAR ATRAS, VI A TOSHIRO ARRASTRANDOSE LENTAMENTE DESDE EL CUARTO DE MIKA.;2;14;0x6D45;0x6DBA;texto;;;;;;;;;;;;;
H2;178;CUBIERTO DE LA SANGRE QUE FLUIA DE SU NUCA, CON UNA EXPRESION DEMONIACA, LEVANTO EL CUCHILLO.;9;7;0x6DBC;0x6DF2;texto;;;;;;;;;;;;;
H2;179;SALIMOS RODANDO HACIA EL PASILLO Y CORRIMOS AL ASCENSOR, PRESIONANDO EL BOTON. EL ASCENSOR LENTAMENTE SUBIA DESDE EL PRIMER PISO, Y ENTONCES, CON UN CLIC, SE ABRIO LA PUERTA DEL CUARTO.;2;14;0x6DF4;0x6E6E;texto;;;;;;;;;;;;;
H2;180;TOSHIRO SE ASOMO, Y AL VER NUESTRAS FIGURAS, VINO CORRIENDO POR EL PASILLO HACIA NOSOTRAS.;7;9;0x6E70;0x6EAE;texto;;;;;;;;;;;;;
H2;181;EL ASCENSOR AUN NO LLEGABA. TOSHIRO LEVANTO EL CUCHILLO. EN ESE MOMENTO, CON UN CLIC, SE ABRIO LA PUERTA DEL CUARTO, Y OTRO HOMBRE SALIO. ESTE HOMBRE ERA... EL COMPAÑERO DE CUARTO?;3;13;0x6EB0;0x6F17;texto;;;;;;;;;;;;;
H2;182;EL HOMBRE EXTENDIO LA MANO HACIA NOSOTRAS, COMO PIDIENDO AYUDA.;10;6;0x6F19;0x6F40;texto;;;;;;;;;;;;;
H2;183;MIENTRAS LO MIRABAMOS PARALIZADAS DE MIEDO, TOSHIRO TAMBIEN SE DIO CUENTA Y SE GIRO. EL HOMBRE QUE VENIA LENTAMENTE DESDE EL CUARTO SE ACERCABA. UWAAAAA! EL QUE GRITO FUE TOSHIRO.;2;14;0x6F42;0x6FB3;texto;;;;;;;;;;;;;
H2;184;TOSHIRO SE ABRAZO AL HOMBRE QUE SALIO DEL CUARTO, Y ESTE, EN SUS BRAZOS, SE DESPLOMO EN EL PASILLO.;7;9;0x6FB5;0x7001;texto;;;;;;;;;;;;;
H2;185;TOSHIRO SE AFERRO AL HOMBRE Y EMPEZO A LLORAR. FUE MI CULPA! FUE MI CULPA! NO QUERIA QUE ME ODIARAS.;5;11;0x7003;0x704F;texto;;;;;;;;;;;;;
H2;186V;OIGAN, QUE ESTAN HACIENDO?! SORPRENDIDA POR ESA VOZ, MIRE: UNA SEÑORA QUE VIVIA EN ESTE PISO SE ASOMABA POR SU PUERTA, ALTERADA.;1;15;0x711D;0x7181;texto;;;;;;;;;;;;;
H2;187V;AL VER AL HOMBRE ENSANGRENTADO Y A NOSOTRAS HECHAS PEDAZOS, EMPEZO A GRITAR TAN FUERTE QUE SE OYO EN TODO EL EDIFICIO. A-ALGUIEN! LA POLICIA! CON EL ALBOROTO, LOS VECINOS SE ASOMARON.;3;13;0x7184;0x71EB;texto;;;;;;;;;;;;;
H2;188V;LOS SOLLOZOS DE TOSHIRO RESONABAN EN EL CIELO NOCTURNO SILENCIOSO.;10;6;0x71FD;0x721B;texto;;;;;;;;;;;;;
H2;186;EN ESE MOMENTO SE ABRIO EL ASCENSOR Y, COMO ESTABAMOS DE ESPALDAS, CAIMOS ADENTRO.;8;8;0x7051;0x70AD;texto;;;;;;;;;;;;;
H2;187;NO TE MUEVAS! AL LEVANTARME, VI A DOS POLICIAS SOSTENIENDO A TOSHIRO. LOS GEMIDOS LLOROSOS DE TOSHIRO RESONABAN EN EL CIELO NOCTURNO TRANQUILO.;5;11;0x70AF;0x7108;texto;;;;;;;;;;;;;
H2;188;HABIAN PASADO VARIAS SEMANAS DESDE EL INCIDENTE.;12;4;0x710A;0xC0D0;texto;;;;;;;;;;;;;
H2;189;EN EL LIVING DEL DEPARTAMENTO SE ACUMULABAN REVISTAS RELACIONADAS CON LA MUDANZA.;10;6;0xC0D2;0xC10F;texto;;;;;;;;;;;;;
H2;190;PERO ESTAS YA NO ERAN NECESARIAS. ATE LAS REVISTAS INNECESARIAS CON CUERDA, APILANDOLAS SOBRE PERIODICOS VIEJOS.;2;14;0xC111;0xC14D;texto;;;;;;;;;;;;;
H2;191;EL PROCESO DEL INCIDENTE FUE COMPLEJO.;12;4;0xC14F;0xC170;texto;;;;;;;;;;;;;
H2;192;QUIEN PONIA EL ESTEREO A SONAR DE NOCHE ERA EL AMIGO DE KUBO TOSHIRO, UN TAL YAMAZAKI NAOYA.;5;11;0xC172;0xC1B1;texto;;;;;;;;;;;;;
H2;193;TOSHIRO, ANIMADO POR NUESTRAS CARTAS, LE ADVIRTIO A NAOYA SOBRE EL ESTEREO.;10;6;0xC1B3;0xC1E1;texto;;;;;;;;;;;;;
H2;194;PERO NAOYA NO QUISO ESCUCHAR ESAS PALABRAS. POR EL CONTRARIO, EMPEZO A HOSTIGARNOS.;8;8;0xC1E3;0xC21A;texto;;;;;;;;;;;;;
H2;195;TOSHIRO INTENTO DETENERLO, PERO NAOYA SOLO FUE ESCALANDO CADA VEZ MAS.;8;8;0xC21C;0xC24D;texto;;;;;;;;;;;;;
H2;196;Y FINALMENTE, LLEGO A NUESTRO DEPARTAMENTO CON LA INTENCION DE HACERNOS DAÑO.;10;6;0xC24F;0xC277;texto;;;;;;;;;;;;;
H2;197;TOSHIRO INTENTO DETENERLO, TERMINO FORCEJEANDO CON NAOYA, Y ACABO APUÑALANDOLO.;9;7;0xC279;0xC2BE;texto;;;;;;;;;;;;;
H2;198;EN SU CONFUSION, TOSHIRO PENSO QUE TODA LA RESPONSABILIDAD ERA MIA, Y VINO A ATACARME.;8;8;0xC2C0;0xC2FC;texto;;;;;;;;;;;;;
H2;199;VAS A TIRAR ESAS REVISTAS? PREGUNTO MIKA, ENTRANDO AL CUARTO. SI, YA NO LAS NECESITAMOS, LE RESPONDI.;4;12;0xC2FE;0xC354;texto;;;;;;;;;;;;;
H2;200;QUIEN PROPUSO MUDARSE A UN DEPARTAMENTO NUEVO NO FUI YO, SINO MIKA.;9;7;0xC356;0xC386;texto;;;;;;;;;;;;;
H2;201;A MI NO ME GUSTABA LA IDEA: ERA COMO HUIR DE AQUI.;5;11;0xC388;0xC3A2;texto;;;;;;;;;;;;;
H2;202;YO VOY A ESTAR CONTIGO. CON ESAS PALABRAS, MIKA TAMBIEN ACEPTO QUEDARSE.;8;8;0xC3A4;0xC3CA;texto;;;;;;;;;;;;;
H2;203;BUENO, VOY SALIENDO. SI, TEN CUIDADO. AL ABRIR LA PUERTA, AFUERA SE EXTENDIA EL MISMO PAISAJE DE CAMINO A LA ESCUELA DE SIEMPRE, BAJO UN CIELO DESPEJADO, PERO PARA MI SE SENTIA UN POCO DISTINTO QUE ANTES.;2;14;0xC3CC;0xC43C;texto;;;;;;;;;;;;;
H2;204;TODO HABIA COMENZADO CON AQUELLA CARTA. AL BAJAR DEL ASCENSOR, SIN PENSARLO, DIRIGI LA MIRADA HACIA EL BUZON. Y AHI ESTABA...;5;11;0xC43E;0xC48A;texto;;;;;;;;;;;;;
H2;9B;PERDON, YA COMI ALGO. VOLVIENDO DEL CLUB, UNA AMIGA ME INVITO COMIDA RAPIDA Y COMI ALGO EN EL CAMINO.;5;11;0x0349;0x0433;texto;;;;;;;;;;;;;
H2;10B;AH, QUE LASTIMA... QUERIA SER UNA HERMANA MAYOR AMABLE CONTIGO, SONRIO MIKA UN POCO TRISTE.;7;9;0x0435;0x0473;texto;;;;;;;;;;;;;
H2;11B;AH, PERO... TODAVIA PUEDE QUE ME ENTRE ALGO!;8;8;0x0475;0x049D;texto;;;;;;;;;;;;;
H2;12B;DE VERDAD!? ENTONCES, A COMER! Y MIKA ME ARRASTRO HASTA LA MESA.;5;11;0x049F;0x04E6;texto;;;;;;;;;;;;;
H2;20B;OYE, MEJOR NO VAYAS. SI VAS A QUEJARTE DEL RUIDO DEL VECINO Y TERMINAN DISCUTIENDO, PODRIAN ACABAR MATANDOTE, HE OIDO DE CASOS ASI. Y NO HAY GARANTIA DE QUE A NOSOTRAS NO NOS PASE LO MISMO.;0;16;0x0674;0x06F4;texto;;;;;;;;;;;;;
H2;21B;BUM, BUM, BUM... MIENTRAS SEGUIAMOS ASI, EL ESTEREO FINALMENTE SE DETUVO, Y AMBAS SOLTAMOS UN SUSPIRO DE ALIVIO.;7;9;0x06F6;0x074E;texto;;;;;;;;;;;;;
H2;31B;TRAJE DE LA COCINA LOS RESTOS DE LA CENA PARA EL GATO. EL, SIN MOSTRAR NINGUN GESTO DE AGRADECIMIENTO, FUE DEVORANDO LO QUE LE SERVI EN EL PLATO.;5;11;0x0BC0;0x0C12;texto;;;;;;;;;;;;;
H2;33B;KUBO TOSHIRO-SAMA: GRACIAS POR SU RESPUESTA.;10;6;0x0CDC;0x0D04;texto;;;;;;;;;;;;;
H2;34B;ENTIENDO MUY BIEN SUS SENTIMIENTOS. YO TAMBIEN VIVO CON ALGUIEN ASI. ELLA ES PARA MI UNA PERSONA MUY IMPORTANTE.;4;12;0x0D06;0x0D57;texto;;;;;;;;;;;;;
H2;35B;NO QUIERO ROMPER ESA RELACION, SIENTO LO MISMO QUE USTED. PERO TAMBIEN ME DUELE VER A MI PRIMA SUFRIENDO ESTAS MOLESTIAS.;3;13;0x0D59;0x0DAD;texto;;;;;;;;;;;;;
H2;36B;NO IMPORTA SI TOMA TIEMPO. PODRIA ARMARSE DE VALOR Y DECIRLE A SU AMIGO, AUNQUE SEA UNA PALABRA, QUE BAJE EL ESTEREO? OTSUKI FUMINA.;2;14;0x0DAF;0x0E16;texto;;;;;;;;;;;;;
H2;50B;HABRA PISADO EL GATO EL CACTUS DEL BALCON? SIN DARLE MUCHA IMPORTANCIA, VOLVI A CERRAR LOS OJOS.;8;8;0x12D8;0x277F;texto;;;;;;;;;;;;;
H2;51B;KYAAAA! JUSTO DESPUES DE CERRAR LOS OJOS, UN GRITO DESGARRADOR CORTO EL AIRE. MIKA-CHAN! ME LEVANTE DE GOLPE DE LA CAMA Y CORRI HACIA SU CUARTO.;0;16;0x2781;0x2807;texto;;;;;;;;;;;;;
H2;52B;DENTRO DEL CUARTO, MIKA ESTABA PARADA MIRANDO FIJO LA PUERTA DE VIDRIO. QUE PASO? LE PREGUNTE. ELLA BALBUCEO: HAY ALGUIEN EN EL BALCON...!;5;11;0x2809;0x2853;texto;;;;;;;;;;;;;
H2;53B;ABRI DE GOLPE LA CORTINA. PERO EN EL BALCON SOLO ESTABA LA VISTA DE SIEMPRE DEL BARRIO TRANQUILO, SIN RASTRO NI SOMBRA DE NADIE.;3;13;0x2855;0x28B8;texto;;;;;;;;;;;;;
H2;54B;MIKA SE ABRAZO LOS PROPIOS BRAZOS, TEMBLANDO.;12;4;0x28BA;0x28D3;texto;;;;;;;;;;;;;
H2;55B;...DESPUES DE ESO, CARGANDO UNA VAGA INQUIETUD, VOLVIMOS A QUEDARNOS DORMIDAS.;8;8;0x28D5;0x2909;texto;;;;;;;;;;;;;
H2;56B;A LA MAÑANA SIGUIENTE ME DESPERTO LA ALARMA. DESPUES DE LO DE ANOCHE, DESPERTAR DE GOLPE FUE LO PEOR.;8;8;0x290B;0x2C69;texto;;;;;;;;;;;;;
H2;57B;MI CABEZA TODAVIA NO SE ACLARABA CUANDO FUI AL LIVING. MIKA, IGUAL DE DECAIDA QUE YO, YA SE HABIA LEVANTADO.;7;9;0x2C6B;0x2CB4;texto;;;;;;;;;;;;;
H2;58B;BUENOS DIAS. PUDISTE DORMIR? NADA, ALGO ME INQUIETABA. NOS QUEDAMOS EN SILENCIO, PENSANDO LO MISMO, HASTA QUE MIKA HABLO PRIMERO.;2;14;0x2CB6;0x2D22;texto;;;;;;;;;;;;;
H2;59B;DE TODAS FORMAS, MEJOR TENGAMOS CUIDADO DE AHORA EN ADELANTE. TU TAMBIEN, FUMINA, QUE VUELVES TARDE. SI... BUENO, ME VOY YA!;4;12;0x2D24;0x2D70;texto;;;;;;;;;;;;;
H2;60B;JUSTO CUANDO ABRI LA PUERTA PARA SALIR, VARIOS CUERVOS SALIERON VOLANDO DE GOLPE FRENTE A MIS OJOS.;7;9;0x2D72;0x33EF;texto;;;;;;;;;;;;;
H2;61B;POR UN INSTANTE NO ENTENDI QUE PASABA, PERO AL VER EL ESTADO FRENTE A LA ENTRADA QUEDE PARALIZADA. DETRAS DE MI, MIKA PREGUNTO QUE PASO.;5;11;0x33F1;0x3447;texto;;;;;;;;;;;;;
H2;62B;QUE ES ESTO?! UN OLOR PODRIDO FLOTABA EN EL AIRE. ESPARCIDOS POR TODO EL LUGAR HABIA RESTOS DE VERDURAS Y PESCADO PODRIDO.;2;14;0x3449;0x34C2;texto;;;;;;;;;;;;;
H2;63B;NOS QUEDAMOS UN MOMENTO MIRANDO EL PASILLO SIN HABLAR, HASTA QUE MIKA SUSPIRO: YO LIMPIO ESTO. FUMINA, ANDA YA O VAS A LLEGAR TARDE.;3;13;0x34C4;0x352C;texto;;;;;;;;;;;;;
H2;64B;TODAVIA NO ME RECUPERABA DEL SHOCK, PERO HICE CASO A MIKA Y EMPECE A CAMINAR DESPACIO HACIA LA ESTACION.;7;9;0x352E;0x3573;texto;;;;;;;;;;;;;
H2;65B;DE CAMINO, SEGUI PENSANDO EN TOSHIRO. DE TODAS FORMAS, DECIDI QUE LE ESCRIBIRE UNA VEZ MAS AL VOLVER, Y CON ESA DECISION TOMADA, SUBI AL TREN.;5;11;0x3575;0x35C7;texto;;;;;;;;;;;;;
H2;79B;DECIDI NO CONTESTAR EL TELEFONO Y EMPECE A DUCHARME. LO DEJE EN MODO DE MENSAJERIA DE VOZ.;5;11;0x38F5;0x3A75;texto;;;;;;;;;;;;;
H2;80B;DESPUES DE UN RATO BAJO EL AGUA CALIENTE, YA ME SENTIA BASTANTE RELAJADA. CERRE LA LLAVE Y TOME LA TOALLA.;5;11;0x3A77;0x3ADA;texto;;;;;;;;;;;;;
H2;81B;COMO SI LO ESPERASE, EL TELEFONO EMPEZO A SONAR OTRA VEZ.;12;4;0x3ADF;0x3B07;texto;;;;;;;;;;;;;
H2;82B;TAL VEZ SEA MIKA.;12;4;0x3B09;0x3B1E;texto;;;;;;;;;;;;;
H2;83B;PENSANDO QUE PODIA SER MIKA, LEVANTE EL AURICULAR. HOLA? HOLA?;9;7;0x3B20;0x3B58;texto;;;;;;;;;;;;;
H2;84B;PERO DEL OTRO LADO, QUIEN FUERA QUE ESTUVIERA AHI SE QUEDABA CALLADO, SIN DECIR NADA. ENTRE TENSION Y MOLESTIA, LEVANTE LA VOZ.;7;9;0x3B5A;0x413A;texto;;;;;;;;;;;;;
H2;85B;HOLA?! HOLA?! PERO QUIEN ESTABA DEL OTRO LADO SEGUIA SIN RESPONDER. FURIOSA, COLGUE DE UN GOLPE.;7;9;0x413C;0x4185;texto;;;;;;;;;;;;;
H2;86B;EN MENOS DE DIEZ SEGUNDOS, VOLVIO A RESONAR UN SONIDO ESTRIDENTE. ME TAPE LOS OIDOS Y ME ACURRUQUE EN UNA ESQUINA DEL CUARTO.;7;9;0x4187;0x41D7;texto;;;;;;;;;;;;;
H2;87B;2.@@@1.@@EL@@@ NO@@@ASI@TELEF TEN@@NO@@ONO@@ GO@@@PUE@NO@@@ POR@@DO@@PARA@ QUE@@SEG@DE@@@ SOP@@UIR@SONAR ORT@@@@@@@@@@@ AR@@@@@@@@@@@@ EST@@@@@@@@@@@ O@@@@@@@@@@@@@;2;14;0x41D9;0x421D;pregunta;;3;2;3;1;5;0;1. ASI NO PUEDO SEGUIR;2. NO TENGO PORQUE SOPORTAR ESTO;EL TELEFONO NO PARA DE SONAR;;;
H2;102B;YO... YA ESTOY EN MI LIMITE. ESTO YA ES UN CRIMEN. VOY A HABLAR CON EL CASERO, Y SI ES NECESARIO, DENUNCIARLO A LA POLICIA. ESPERA, ES-ESPERA UN MOMENTO!;4;12;0x18C4;0x2329;texto;;;;;;;;;;;;;
H2;103B;TODAS LAS MOLESTIAS NO FUERON OBRA DE TOSHIRO, SINO DE SU COMPAÑERO. Y TOSHIRO ME PROMETIO QUE LE LLAMARIA LA ATENCION, AUNQUE ESO SIGNIFICARA ROMPER SU AMISTAD...;2;14;0x232B;0x2398;texto;;;;;;;;;;;;;
H2;104B;LE CONFESE TODO A MIKA HASTA AHORA, E INTENTE CON DESESPERACION DEFENDER A TOSHIRO, PERO MIS PALABRAS FUERON INTERRUMPIDAS.;5;11;0x239A;0x23DF;texto;;;;;;;;;;;;;
H2;105B;MIRA, AUNQUE SEA ASI, QUE TIENE QUE VER ESO CON NOSOTRAS? ADEMAS, ESE TAL TOSHIRO, DE VERDAD LE LLAMO LA ATENCION A ESE AMIGO QUE NO SIRVE PARA NADA?;2;14;0x23E1;0x244A;texto;;;;;;;;;;;;;
H2;106B;ENTONCES, POR QUE SIGUE PASANDO ESTO? NO SIRVE CONFIAR EN ALGUIEN QUE NI A SU MEJOR AMIGO LE HABLA CLARO.;7;9;0x244C;0x2493;texto;;;;;;;;;;;;;
H2;107B;SENTI ESAS PALABRAS COMO UN GOLPE DE BARRA DE HIERRO EN LA CABEZA. POR MIEDO A ROMPER LA RELACION, NO PODER DECIRLE A TU MEJOR AMIGO LO QUE QUIERES... NO ERA LO MISMO QUE ME PASABA A MI CON MIKA?;0;16;0x2495;0x2515;texto;;;;;;;;;;;;;
H2;108B;...TU NO LO ENTIENDES. ...EH? TU NO LO ENTIENDES, MIKA-CHAN!;2;14;0x2517;0x254B;texto;;;;;;;;;;;;;
H2;109B;LE DEJE A MIKA, QUE SE QUEDO PASMADA, Y CORRI A ENCERRARME EN MI PROPIO CUARTO. UNA VEZ AHI, CON UN PENSAMIENTO INTENSO, TOME LA PLUMA.;5;11;0x254D;0x25C4;texto;;;;;;;;;;;;;
H2;110B;TOSHIRO-SAN, YA ESTOY EN MI LIMITE. SE LO RUEGO, POR FAVOR DETENGA PRONTO A SU AMIGO. SI NO PUEDE HACERLO... ENTONCES TAL VEZ SERIA MEJOR QUE USTED LO RECHAZARA, QUE SE SEPARARA DE EL.;0;16;0x25C6;0x2642;texto;;;;;;;;;;;;;
H2;111B;MIENTRAS YO TOSTABA EL PAN DEL DESAYUNO, MIKA SALIO DE SU CUARTO COMO SIEMPRE. SE SENTO EN LA MESA SIN DECIR NADA, YO TAMBIEN, EN SILENCIO, LE SERVI EL PLATO FRENTE A ELLA.;4;12;0x2644;0x7D45;texto;;;;;;;;;;;;;
H2;112B;DESDE AQUELLO, LA RELACION ENTRE MIKA Y YO SE HABIA VUELTO ALGO INCOMODA Y DISTANTE.;10;6;0x7D47;0x7D6B;texto;;;;;;;;;;;;;
H2;113B;NO LLEGABA RESPUESTA DE TOSHIRO, PROBABLEMENTE SE HABRIA SENTIDO OFENDIDO POR LO QUE LE ESCRIBI. PASABA LOS DIAS SIN PODER DEJAR DE PENSAR EN ESO, SINTIENDOME INCOMODA.;4;12;0x7D6D;0x7DC6;texto;;;;;;;;;;;;;
H2;114B;QUE SOLEDAD... Y JUSTO EN MOMENTOS ASI, NI SIQUIERA EL GATO VENIA A BUSCARME.;9;7;0x7DC8;0x7DF2;texto;;;;;;;;;;;;;
H2;115B;CUANDO LLEGO LA HORA DE IR A LA ESCUELA, ME LEVANTE EN SILENCIO PARA IRME. OYE, FUMINA. SOBRE AQUEL ASUNTO... DE REPENTE MIKA ME LLAMO. SE NOTABA SU ESFUERZO POR COMPORTARSE COMO SIEMPRE.;0;16;0x7DF4;0x7E68;texto;;;;;;;;;;;;;
H2;116B;PERO YO FINGI NO HABERLA ESCUCHADO, Y DEJE EL LUGAR ATRAS.;10;6;0x7E6A;0x7F14;texto;;;;;;;;;;;;;
H2;117B;JUSTO AL INTENTAR ABRIR LA PUERTA PARA SALIR, SENTI UN PESO EXTRAÑO, COMO SI ALGO ESTUVIERA APOYADO DEL OTRO LADO.;7;9;0x7F16;0x7F5A;texto;;;;;;;;;;;;;
H2;118B;OTRA VEZ BASURA, O ALGO ASI, DEJADO AHI. MEDIO RESIGNADA Y MEDIO IRRITADA, ABRI LA PUERTA DE UN EMPUJON CON FUERZA.;5;11;0x7F5C;0x7FA7;texto;;;;;;;;;;;;;
H2;119B;UN TERRIBLE OLOR A PODRIDO ME LLEGO DE GOLPE, DANDOME NAUSEAS. ME CUBRI LA BOCA CON LA MANO Y BAJE LA MIRADA: BAJO LA PUERTA HABIA UNA MARCA ROJO OSCURO, COMO PINTURA PASADA CON BROCHA.;2;14;0x7FA9;0x8025;texto;;;;;;;;;;;;;
H2;120B;PARECIA QUE ALGO APOYADO AFUERA HABIA SIDO ARRASTRADO, DEJANDO ESA MARCA A SU PASO.;10;6;0x8027;0x8055;texto;;;;;;;;;;;;;
H2;121B;NO QUERIA PENSAR QUE ERA EXACTAMENTE LO QUE HABIA ESTADO AHI, PERO, EN EL FONDO, YA PODIA IMAGINARLO.;8;8;0x8057;0x8088;texto;;;;;;;;;;;;;
H2;122B;2.@1.@EL@ ME@QU@COR JO@E@@AZO R@@SE@N@@ NO@RA@ME@ MI@?.@LAT RA@..@E@@ R@@@@@CON @@@@@@FUE @@@@@@RZA @@@@@@.@@;7;9;0x808A;0x80C1;pregunta;;2;1;2;1;3;0;1. QUE SERA?...;2. MEJOR NO MIRAR;EL CORAZON ME LATE CON FUERZA.;;;
H2;123B;VOLVI A METERME AL DEPARTAMENTO Y CERRE LA PUERTA DESPACIO. ME LLEVE LA MANO AL PECHO Y RESPIRE PROFUNDO.;8;8;0x80CB;0x8343;texto;;;;;;;;;;;;;
H2;124B;QUE PASO? TE OLVIDASTE ALGO? MIKA VINO CON UNA EXPRESION DE DUDA EN LA CARA. NO SABIA COMO EXPLICARLE QUE HABIA PASADO.;5;11;0x8345;0x838F;texto;;;;;;;;;;;;;
H2;125B;MIKA ME MIRABA FIJO, EXHALANDO UN SUSPIRO DE CANSANCIO, PENSANDO QUE YO SEGUIA HACIENDO UNA RABIETA SIN SENTIDO. NO, NO ES ESO... INTENTE EXPLICARLE LA SITUACION, PERO ENTRE MAS LO INTENTABA, MAS SE ME TRABABAN LAS PALABRAS.;0;16;0x8391;0x8407;texto;;;;;;;;;;;;;
H2;126B;L-LA PUERTA... LA PUERTA? QUE LE PASA A LA PUERTA? NO, NO LA ABRAS!;10;6;0x8409;0x842D;texto;;;;;;;;;;;;;
H2;127B;MI GRITO DE ADVERTENCIA NO LLEGO A TIEMPO: MIKA ABRIO LA PUERTA Y SALIO AL PASILLO. SU EXPRESION, EN UN INSTANTE, SE PUSO PALIDA.;5;11;0x842F;0x8478;texto;;;;;;;;;;;;;
H2;128B;...ERA MEJOR NO MIRAR. ESPERA AHI. MIKA FUE CORRIENDO A LA SALA Y DE INMEDIATO EMPEZO A LLAMAR A ALGUIEN POR TELEFONO.;7;9;0x847A;0x84B4;texto;;;;;;;;;;;;;
H2;129B;DESPUES DE ESO, MIKA LLAMO A LA ADMINISTRACION Y AL DEPARTAMENTO DE SALUD Y ESTUVO HABLANDO CON ELLOS. AL SALIR A CLASES, VI A ALGUIEN DE SALUD METIENDO ALGO EN UN SACO.;3;13;0x84B6;0x851B;texto;;;;;;;;;;;;;
H2;130B;DE CAMINO A CASA, VOLVI A PENSAR EN LO DE ESA MAÑANA. QUE ERA EXACTAMENTE LO QUE ESTABA AHI... YA ME LO PODIA IMAGINAR, PERO POR QUE A NOSOTRAS NOS PASABA ALGO ASI, NO TENIA IDEA.;2;14;0x851D;0x858A;texto;;;;;;;;;;;;;
H2;131B;NO, SI HAY UNA RAZON. SERA EL VECINO...?;12;4;0x858C;0x85A0;texto;;;;;;;;;;;;;
H2;132B;PENSANDO EN ESO, LLEGUE SIN DARME CUENTA AL EDIFICIO. COMO YA ERA COSTUMBRE, FUI A REVISAR SI HABIA LLEGADO ALGUNA CARTA, Y AHI ME QUEDE HELADA.;2;14;0x85A2;0x870D;texto;;;;;;;;;;;;;
H2;133B;EL BUZON DE CORREO ESTABA LLENO A REVENTAR, CARTAS METIDAS A LA FUERZA, TAN LLENO QUE NO ENTRABAN Y SE DESBORDABAN, ESPARCIDAS INCLUSO POR EL SUELO.;4;12;0x870F;0x8784;texto;;;;;;;;;;;;;
H2;134B;CON MANOS TEMBLOROSAS, LEVANTE UNA DE LAS QUE ESTABAN ESPARCIDAS POR EL SUELO, Y AL LEERLA: TE VOY A MATAR, TE VOY A MATAR, TE VOY A MATAR, TE VOY A MATAR, TE VOY A MATAR, TE VOY A MATAR...;2;14;0x8786;0x87F7;texto;;;;;;;;;;;;;
H2;135B;DE INMEDIATO PRESIONE EL BOTON DEL ASCENSOR. QUINTO PISO, CUARTO PISO, TERCER PISO... NO QUERIA ESPERAR, ASI QUE SUBI CORRIENDO POR LAS ESCALERAS.;3;13;0x8802;0x8872;texto;;;;;;;;;;;;;
H2;136B;MIS PULMONES GRITABAN DE DOLOR, PERO SIN IMPORTARME, SEGUI CORRIENDO POR EL PASILLO.;10;6;0x8874;0x889F;texto;;;;;;;;;;;;;
H2;137B;DE REPENTE, FRENTE A LA PUERTA DEL CUARTO VECINO, ALGO LLAMO MI ATENCION. ALGO TAN PEQUEÑO QUE NORMALMENTE IGNORARIA, PERO AHORA, EN MI ESTADO SE VEIA ENORME Y AMENAZANTE.;4;12;0x88A1;0x8904;texto;;;;;;;;;;;;;
H2;138B;ESO ES...! ...UNA SANDALIA DE MIKA!;7;9;0x8906;0x8935;texto;;;;;;;;;;;;;
H2;139B;SIN IMPORTARME NADA, TOQUE CON FUERZA EL TIMBRE. UNA VEZ, DOS VECES, TRES VECES, SIN ESPERAR NADA ENTRE CADA TIMBRAZO, PERO, COMO SIEMPRE, NO SALIA NINGUNA RESPUESTA.;3;13;0x893A;0x89CD;texto;;;;;;;;;;;;;
H2;140B;CORRI HACIA MI PROPIO DEPARTAMENTO. SI MIKA ESTUVIERA AHI, MI PREOCUPACION TERMINARIA. NO NECESITABA QUE VINIERA A RECIBIRME, SOLO QUE ESTUVIERA AHI... POR FAVOR...;3;13;0x89CF;0x8A43;texto;;;;;;;;;;;;;
H2;141B;PERO LO QUE ME RECIBIO FUE SOLO LA OSCURIDAD.;12;4;0x8A45;0x8A5D;texto;;;;;;;;;;;;;
H2;142B;EN ESE MOMENTO ALCANCE A ESCUCHAR UN GRITO MUY DEBIL, AUNQUE NO LO PODIA CONFUNDIR CON NADA MAS.;9;7;0x8A5F;0x8A92;texto;;;;;;;;;;;;;
H2;143B;2.@@@1.@ESA MEJO@EN@VOZ R@@@@TR@... LLAM@AR@!@@ AR@@@AL@@@@ A@@@@CU@@@@ LA@@@AR@@@@ POLI@TO@@@@ CIA@@VE@@@@ @@@@@CI@@@@ @@@@@NO@@@@;5;11;0x8A94;0x8AC6;pregunta;;4;1;2;1;3;0;1. ENTRAR AL CUARTO VECINO;2. MEJOR LLAMAR A LA POLICIA;ESA VOZ...!;;;
H2;144B;CORRI A LA SALA, AGARRE EL AURICULAR CON DESESPERACION Y EMPECE A MARCAR EL 110, ERA LA PRIMERA VEZ EN MI VIDA QUE LLAMABA A LA POLICIA PARA DENUNCIAR ALGO.;3;13;0x8AD0;0x8CF0;texto;;;;;;;;;;;;;
H2;145B;EN POCO TIEMPO, UNA VOZ GRAVE ME RESPONDIO DEL OTRO LADO. SI, AQUI 110. AH, EH... ENTRE LOS NERVIOS, INTENTE EXPLICAR LA SITUACION LO MEJOR QUE PUDE.;3;13;0x8CF2;0x8D52;texto;;;;;;;;;;;;;
H2;146B;LA POLICIA ME DIJO QUE ENVIARIAN UNA PATRULLA. AL COLGAR EL TELEFONO SENTI DE GOLPE UN CANSANCIO ENORME.;8;8;0x8D54;0x8D85;texto;;;;;;;;;;;;;
H2;147B;2.@@1.@@EXPLI@@ ENT@ESP@CAR@@@@ RAR@ERA@LA@@@@@ AL@@R@@@SITUA@@ CUA@A@@@CION@@@ RTO@LA@@COMPL@@ VEC@POL@EJA@@@@ INO@ICI@TOMAB@@ @@@@A@@@A@@@@@@ @@@@@@@@MAS@@@@ @@@@@@@@TIEMP@@ @@@@@@@@O@@@@@@ @@@@@@@@DEL@@@@ @@@@@@@@ESPER@@ @@@@@@@@ADO.@@@;1;15;0x8D87;0x9526;pregunta;;3;1;3;1;5;2;1. ESPERAR A LA POLICIA;2. ENTRAR AL CUARTO VECINO;EXPLICAR LA SITUACION COMPLEJA TOMABA MAS TIEMPO DEL ESPERADO.;;;
H2;148B;SI ESPERABA A LA POLICIA, PODIA SER DEMASIADO TARDE. DECIDIDA, SALI AL BALCON. SI IBA POR LA PUERTA DE ENTRADA, DUDABA QUE EL VECINO ABRIERA.;3;13;0x9530;0x973F;texto;;;;;;;;;;;;;
H2;149B;EL BALCON ESTABA DIVIDIDO POR UNA PARED CORTAFUEGO, ASI QUE FUI POR FUERA DE LA BARANDA, A MAS DE 10 MTS DE ALTURA. MIS PIERNAS TEMBLABAN, PERO AUN ASI SEGUI AVANZANDO.;4;12;0x9741;0x97B1;texto;;;;;;;;;;;;;
H2;150B;SOLO UNOS POCOS CENTIMETROS SE SENTIAN COMO UNA DISTANCIA INTERMINABLE.;11;5;0x97B3;0x97D5;texto;;;;;;;;;;;;;
H2;151B;DESPUES DE LO QUE PARECIO UNA ETERNIDAD, FINALMENTE LOGRE PISAR EL BALCON VECINO. TRATE DE MIRAR EL INTERIOR A TRAVES DE LA PUERTA DE VIDRIO, PERO LAS CORTINAS ESTABAN ECHADAS Y NO PODIA VER NADA.;2;14;0x97D7;0x9856;texto;;;;;;;;;;;;;
H2;152B;CON MIEDO, INTENTE PROBAR LA PUERTA DE VIDRIO, Y PARA MI SORPRESA, ESTABA SIN LLAVE. CON CUIDADO ME DESLICE HACIA ADENTRO.;5;11;0x9858;0x98B3;texto;;;;;;;;;;;;;
H2;153B;ESTABA OSCURO Y TARDE EN ACOSTUMBRARME. LA DISTRIBUCION ERA IGUAL A LA MIA, PERO EL CUARTO AJENO PARECIA OTRO MUNDO. JUSTO CUANDO EMPECE A BUSCAR A MIKA, VI UNA PECERA...;3;13;0x8DBB;0x8F50;texto;;;;;;;;;;;;;
H2;154B;A PUNTO DE GRITAR, CONTUVE EL ALIENTO, AHI, EN UNA PECERA, FLOTANDO SE MECIA SUAVEMENTE ALGO PELUDO...;7;9;0x8F52;0x8FA1;texto;;;;;;;;;;;;;
H2;155B;AHI ESTABA LA CABEZA DE UN GATO, CON LOS OJOS MUY ABIERTOS Y LOS COLMILLOS AL DESCUBIERTO.;9;7;0x8FA3;0x8FDE;texto;;;;;;;;;;;;;
H2;156B;UN OLOR A PODRIDO ME GOLPEO LA NARIZ. QUISE GRITAR Y SALIR CORRIENDO DE AHI, PERO ME CONTUVE CON TODAS MIS FUERZAS, PORQUE NO PODIA IRME SIN SABER SI MIKA ESTABA BIEN.;3;13;0x8FE0;0x903E;texto;;;;;;;;;;;;;
H2;157B;EN ESE MOMENTO, SIN SABER DE DONDE, ME LLEGO UN GEMIDO AHOGADO, CONTENIDO A LA FUERZA.;9;7;0x9040;0x9073;texto;;;;;;;;;;;;;
H2;158B;DIRIJI LA MIRADA HACIA DONDE VENIA EL SONIDO, Y VI A UNA PERSONA DERRUMBADA EN UNA ESQUINA DEL CUARTO, ESO ES...! MIKA!!;7;9;0x9075;0x90AF;texto;;;;;;;;;;;;;
H2;159B;MIKA-CHAN! CORRI DE INMEDIATO HACIA ELLA, CON DESESPERACION.;10;6;0x90B1;0x9550;texto;;;;;;;;;;;;;
H2;160B;MIKA TENIA MANOS Y PIES ATADOS CON CINTA Y ME MIRABA CON LOS OJOS MUY ABIERTOS DE MIEDO. NO PARECIA HERIDA DE GRAVEDAD. SUSPIRE ALIVIADA E INTENTE QUITARLE LA CINTA.;2;14;0x9552;0x95D1;texto;;;;;;;;;;;;;
H2;161B;EN ESE INSTANTE, SENTI UN CRUJIDO A MIS ESPALDAS, COMO SI ALGO SE MOVIERA, Y SE ME CORTO LA RESPIRACION. UN SUDOR FRIO ME RECORRIO. ABSORTA BUSCANDO A MIKA, HABIA OLVIDADO POR COMPLETO LA POSIBILIDAD DE QUE ALGUIEN MAS ESTUVIERA AHI.;0;16;0x95D3;0x965A;texto;;;;;;;;;;;;;
H2;162B;DE REPENTE, EN UN ESPEJO APOYADO EN EL APARADOR, VI REFLEJADO MI PROPIO ROSTRO TEMBLANDO DE MIEDO. JUSTO DETRAS DE MI, UNA SOMBRA SE MOVIO, Y MIKA SOLTO UN GRITO AHOGADO POR LA CINTA.;2;14;0x965C;0x96DA;texto;;;;;;;;;;;;;
H2;163B;ME VOLTEE DE INMEDIATO, PERO JUSTO EN ESE INSTANTE, LA SOMBRA SE MOVIO VELOZ COMO EL VIENTO, Y ANTES DE PODER REACCIONAR, YA ME TENIA SOMETIDA EN EL SUELO.;5;11;0x96DC;0x9905;texto;;;;;;;;;;;;;
H2;164B;ME RETORCI E INTENTE ZAFARME CON DESESPERO, PERO SIN EXITO.;12;4;0x9907;0x991F;texto;;;;;;;;;;;;;
H2;165B;QUE MOLESTAS SON USTEDES. GOLPEAN LA PUERTA EN PLENA NOCHE, SE METEN POR EL BALCON... ESTO ES ALLANAMIENTO, FUMINA-SAN.;5;11;0x9921;0x9979;texto;;;;;;;;;;;;;
H2;166B;LA SOMBRA ME TORCIO LOS BRAZOS A LA ESPALDA Y LOS ENVOLVIO EN CINTA, MIENTRAS HABLABA CON BURLA.;7;9;0x997B;0x99C0;texto;;;;;;;;;;;;;
H2;167B;2.@@1.@ES EL@@TO@TA COM@SH@PE PAÑ@IR@RS ERO@O@@ON DE@@@@@A@ CUA@@@@ES RTO@@@@.. @@@@@@@.@;7;9;0x99C2;0x99E6;pregunta;;3;1;2;1;2;0;1. TOSHIRO;2. EL COMPAÑERO DE CUARTO;ESTA PERSONA ES...;;;
H2;168B;TU ERES EL QUE VIVE CON EL...? Y QUIEN VIVE CON QUIEN, EH? TOSHIRO? O ACASO...;6;10;0x99F0;0x9B4D;texto;;;;;;;;;;;;;
H2;169B;BUENO, DA IGUAL CUAL DE LOS DOS SOY. PERO... POR QUE HACES ESTO? LE PREGUNTE.;8;8;0x9B4F;0x9B76;texto;;;;;;;;;;;;;
H2;170B;POR QUE, DICES?! POR QUE NADIE ME ENTIENDE?! NADIE!;8;8;0x9B78;0x9BA4;texto;;;;;;;;;;;;;
H2;171B;2.@1.@@SE@ Y@@EST@RAS TO@A@@@CO@ SH@PER@LA@ IR@SON@CAB O-@A,@@EZA SA@DE@@Y@@ N.@VER@GRI ..@DAD@TO@ ?@@...@HIS @@@@@@@TER @@@@@@@ICO @@@@@@@.@@;5;10;0x9BA6;0x9BE9;pregunta;;2;1;3;1;3;0;1. ESTA PERSONA, DE VERDAD...;2. Y TOSHIRO-SAN...?;SE RASCO LA CABEZA Y GRITO HISTERICO.;;;
H2;172B;Y TOSHIRO-SAN? SI TU AMIGO VIERA ESTO... AMIGO, EH... JAJAJA. ESE YA NO ESTA. ME TENIA HASTA LA CORONILLA CON SUS QUEJAS.;2;14;0x9BF3;0xA17A;texto;;;;;;;;;;;;;
H2;173B;Y ENCIMA SE HACIA EL AMIGO. SOLO JUGABAMOS A SER AMIGOS DEL ALMA.;10;6;0xA17C;0xA1A5;texto;;;;;;;;;;;;;
H2;174B;NO ERA MAS QUE ALGUIEN A QUIEN USAR. USTEDES HACEN LO MISMO, NO? JAJAJAJA...;10;6;0xA1A7;0xA1D2;texto;;;;;;;;;;;;;
H2;175B;2.@@1.@@EL@@@ QUI@NO,@HOMBR ZAS@TE@@E@@@@ TEN@EQU@ME@@@ GAS@IVO@MIRA@ RAZ@CAS@DESDE ON@@@@@@ARRIB @@@@@@@@A,@@@ @@@@@@@@VIEND @@@@@@@@OME@@ @@@@@@@@INMOV @@@@@@@@ILIZA @@@@@@@@DA@@@;1;13;0xA1D4;0xA222;pregunta;;3;1;3;1;5;0;1. NO, TE EQUIVOCAS;2. QUIZAS TENGAS RAZON;EL HOMBRE ME MIRA DESDE ARRIBA, VIENDOME INMOVILIZADA;;;
H2;176B;TAL VEZ SEA VERDAD. SIN MIKA, YO NO PODIA HACER NADA POR MI MISMA, SIEMPRE DEPENDI DE ELLA PARA TODO, SIEMPRE TERMINE APROVECHANDOME DE MIKA.;3;13;0x9DD2;0x9E29;texto;;;;;;;;;;;;;
H2;177B;POR ESO, AHORA ERA MI TURNO DE AYUDAR A MIKA.;12;4;0x9E2B;0x9E44;texto;;;;;;;;;;;;;
H2;178B;TAL VEZ SEA VERDAD, SUSURRE EN VOZ BAJA. EL HOMBRE, AL ESCUCHAR ESO, SONRIO CON AIRE DE VICTORIA. PERO, AUN ASI, CONTINUE...;5;11;0x9E46;0x9E89;texto;;;;;;;;;;;;;
H2;179B;NO ES SOLO ESO. HASTA AHORA YO ME APROVECHE DE MIKA, SIN VALORAR LO QUE ERA REALMENTE LA CALMA Y EL CARIÑO DE OTRA PERSONA... PERO AHORA ES MI TURNO DE DEVOLVERLE EL FAVOR. EL HOMBRE SE EXALTO AUN MAS AL OIR ESAS PALABRAS.;0;16;0x9E8B;0x9EF1;texto;;;;;;;;;;;;;
H2;180B;CALLATE! QUE VAS A PODER HACER ASI, ATADA?! EL HOMBRE, ENFURECIDO, SE LANZO SOBRE MI.;8;8;0x9EF3;0x9F31;texto;;;;;;;;;;;;;
H2;181B;INTENTE DE ALGUN MODO LIBERARME, RETORCIENDOME, PERO LA CINTA QUE ME AMARRABA NO SE AFLOJABA CON FACILIDAD. EL HOMBRE PUSO SUS DOS MANOS ALREDEDOR DE MI CUELLO, APRETANDO CON UNA FUERZA TERRIBLE.;2;14;0x9F33;0x9FB4;texto;;;;;;;;;;;;;
H2;182B;ME AHOGABA. SENTI QUE SUS DEDOS SE HUNDIAN EN MI GARGANTA, INTENTE RESPIRAR, PERO EL AIRE NO LLEGABA A MIS PULMONES Y LA SANGRE SE AGOLPABA EN MI SIEN.;5;11;0x9FB6;0xA00F;texto;;;;;;;;;;;;;
H2;183B;POCO A POCO, TODO FRENTE A MIS OJOS SE FUE OSCURECIENDO...;12;4;0xA011;0xA027;texto;;;;;;;;;;;;;
H2;184B;JUSTO ENTONCES, UN SONIDO ENSORDECEDOR PARECIO SACUDIR EL PISO BAJO MIS PIES. EL HOMBRE, SIN ENTENDER LO QUE PASABA MIRO ALREDEDOR DESORIENTADO. POR QUE EL ESTEREO DE REPENTE...;2;14;0xA029;0xA09F;texto;;;;;;;;;;;;;
H2;185B;2.@@1.@@LA@@@ ENF@MEJ@PRESI REN@OR@@ON@@@ TAR@HUI@DE@@@ LO@@R@@@SUS@@ @@@@@@@@MANOS @@@@@@@@EN@@@ @@@@@@@@MI@@@ @@@@@@@@GARGA @@@@@@@@NTA@@ @@@@@@@@SE@@@ @@@@@@@@AFLOJ @@@@@@@@A@@@@;3;13;0xA0A1;0xA414;pregunta;;3;1;3;1;5;0;1. MEJOR HUIR;2. ENFRENTARLO;LA PRESION DE SUS MANOS EN MI GARGANTA SE AFLOJA;;;
H2;186B;APROVECHE ESE INSTANTE DE DISTRACCION Y ME LANCE DE LLENO CONTRA ESE HOMBRE.;9;7;0xA41E;0xA5B2;texto;;;;;;;;;;;;;
H2;187B;ENREDADOS, CAIMOS RODANDO HASTA CHOCAR CONTRA EL ARMARIO CORREDIZO, ENTRANDO EN EL.;10;6;0xA5B4;0xA5DA;texto;;;;;;;;;;;;;
H2;188B;ALGO TRONO Y DESDE EL INTERIOR DEL ARMARIO ALGO CAYO CON FUERZA ENCIMA DE NOSOTROS.;10;6;0xA5DC;0xA605;texto;;;;;;;;;;;;;
H2;189B;POR FIN LIBRE DE LAS MANOS DEL HOMBRE, BUSQUE CON DESESPERACION EL AIRE QUE ME FALTABA, Y AL INHALAR PROFUNDAMENTE, UN OLOR INSOPORTABLE ME GOLPEO LA NARIZ. AAAAAH!;3;13;0xA607;0xA662;texto;;;;;;;;;;;;;
H2;190B;ESCUCHE UN GRITO DESGARRADOR, Y AL MIRAR BIEN, VI AL HOMBRE SENTADO EN EL SUELO Y LLORANDO SIN PARAR.;8;8;0xA664;0xA698;texto;;;;;;;;;;;;;
H2;191B;ES MI CULPA! YO SOY EL QUE ESTA MAL! YO, AL DARME CUENTA DE QUE ERA EXACTAMENTE LO QUE SE ME HABIA CAIDO ENCIMA, SOLTE UN GRITO DE HORROR.;5;11;0xA69A;0xA6EC;texto;;;;;;;;;;;;;
H2;192B;EL ROSTRO PALIDO DE UN HOMBRE, CON OJOS TURBIOS CARGADOS DE UN ODIO PROFUNDO Y ATERRADOR, NOS MIRABA FIJO A LOS DOS.;7;9;0xA6F4;0xA739;texto;;;;;;;;;;;;;
H2;193B;PARECIA HABER SIDO APUÑALADO CON UN CUCHILLO O SIMILAR, TODA SU ROPA TENIA ADHERIDAS MANCHAS DE UN TONO ROJO OSCURO.;7;9;0xA73B;0xA780;texto;;;;;;;;;;;;;
H2;194B;POR EL MIEDO, NO ME SALIAN LAS PALABRAS, CON UNA FUERZA QUE NI YO MISMA CONOCIA, EMPUJE EL CADAVER LEJOS DE MI. JUSTO EN ESE MOMENTO, ESCUCHE GOLPES FUERTES Y REPETIDOS EN LA PUERTA DEL CUARTO.;2;14;0xA782;0xA7FC;texto;;;;;;;;;;;;;
H2;195B;HOLA? HABLA LA POLICIA, KUBO-SAN, QUEREMOS HABLAR CON USTED...;12;4;0xA804;0xAF63;texto;;;;;;;;;;;;;
H2;196B;LA POLICIA VINO! POR FAVOR, AYUDENOS! ME ARRASTRE CON DESESPERACION HACIA LA PUERTA, Y CON LAS MANOS AUN DETRAS DE MI LOGRE ABRIR EL SEGURO, CAYENDO DE BRUCES AL PASILLO EXTERIOR.;2;14;0xAF65;0xAFCE;texto;;;;;;;;;;;;;
H2;197B;EN EL PASILLO HABIA DOS POLICIAS PARADOS. AL VERME ATADA Y CON LA ROPA DESARREGLADA, SUS ROSTROS SE ENDURECIERON DE GOLPE. QUE PASO? POR FAVOR, MI AMIGA AUN ESTA DENTRO!;2;14;0xAFD0;0xB042;texto;;;;;;;;;;;;;
H2;198B;UNO DE LOS POLICIAS ENTRO AL CUARTO DE INMEDIATO. DENTRO, EL HOMBRE SOLO SEGUIA AFERRADO AL CUERPO DE SU ANTIGUO AMIGO, LLORANDO DESCONSOLADAMENTE.;5;11;0xB044;0xB097;texto;;;;;;;;;;;;;
H2;199B;PAPA LO ESTUVO PENSANDO, Y CREO QUE VAMOS A VOLVER AQUI.;10;6;0xB099;0xC4F1;texto;;;;;;;;;;;;;
H2;200B;OYE, FUMINA. VIVAMOS OTRA VEZ JUNTAS, SI? QUE DOS CHICAS VIVAN SOLAS... ES DEMASIADO PELIGROSO, DESPUES DE TODO...;7;9;0xC4F3;0xC532;texto;;;;;;;;;;;;;
H2;201B;LLEVO A MIS PADRES, RECIEN LLEGADOS DEL EXTRANJERO, HACIA EL DEPARTAMENTO, DEBERIA SER UN REENCUENTRO, PERO EL TEMA DE CONVERSACION ES UNO SOLO.;5;11;0xC534;0xC58E;texto;;;;;;;;;;;;;
H2;202B;DESDE EL AEROPUERTO AL TREN Y DE LA ESTACION AL DEPARTAMENTO, SOLO HAN HABLADO DE LO MISMO.;9;7;0xC590;0xC5C1;texto;;;;;;;;;;;;;
H2;203B;NO SERIA MEJOR ASI? MIS PADRES, SORPRENDIDOS POR LO QUE PASO, HAN DECIDIDO DEJAR SU TRABAJO EN EL EXTRANJERO Y VOLVER DEFINITIVAMENTE A JAPON.;5;11;0xC5C3;0xC610;texto;;;;;;;;;;;;;
H2;204B;...Y ESTA VEZ, HAN VENIDO DE VISITA TEMPORAL A JAPON JUSTAMENTE PARA PREPARAR ESE REGRESO.;0;16;0xC612;0xC633;texto;;;;;;;;;;;;;
H2;205B;...LO QUE OI DESPUES, RESULTO SER MUCHO MAS COMPLICADO DE LO QUE CREIA.;11;5;0xC635;0xC660;texto;;;;;;;;;;;;;
H2;206B;...LO QUE OI DESPUES, RESULTO SER MUCHO MAS COMPLICADO DE LO QUE CREIA: QUIEN HACIA SONAR EL ESTEREO EN LAS NOCHES NO ERA TOSHIRO, SINO SU AMIGO, YAMAZAKI NAOYA.;4;12;0xC662;0xC69D;texto;;;;;;;;;;;;;
H2;207B;AL RECIBIR MI CARTA, TOSHIRO LE HIZO UNA ADVERTENCIA A NAOYA. ESO SE CONVIRTIO EN UNA DISCUSION CADA VEZ MAS ACALORADA, HASTA TERMINAR EN ASESINATO.;5;11;0xC69F;0xC70A;texto;;;;;;;;;;;;;
H2;208B;NAOYA, AL HABER MATADO A SU PROPIO AMIGO, QUEDO SUMIDO EN UN SHOCK DEVASTADOR.;10;6;0xC70C;0xC72D;texto;;;;;;;;;;;;;
H2;209B;NAOYA, SUMIDO EN EL SHOCK DE HABER MATADO A SU AMIGO, ESCONDIO SU CUERPO Y, SUPLANTANDO LA IDENTIDAD DE KUBO TOSHIRO, CONTINUO INTERCAMBIANDO CARTAS CONMIGO.;3;13;0xC72F;0xC764;texto;;;;;;;;;;;;;
H2;210B;QUIEN QUEDO CONMOCIONADO POR EL INCIDENTE NO FUE SOLO NAOYA O MIS PADRES, YO TAMBIEN LO ESTABA. PERO AUN ASI, HUBO ALGUIEN QUE ESTUVO AHI PARA APOYARME.;5;11;0xC766;0xC7B6;texto;;;;;;;;;;;;;
H2;211B;NO HACE FALTA QUE VUELVAN POR MI. PODRIAN SEGUIR VIVIENDO ALLA EN EL EXTRANJERO.;7;9;0xC7B8;0xC807;texto;;;;;;;;;;;;;
H2;212B;POR ESO MISMO... DESPUES DE ALGO ASI, ES NATURAL QUE LOS PADRES SE PREOCUPEN POR SU HIJA. UNA Y OTRA VEZ SEGUIMOS REPITIENDO ESTA MISMA CONVERSACION.;3;13;0xC809;0xC868;texto;;;;;;;;;;;;;
H2;213B;OYE, POR QUE NO QUIERES? ACASO NO TE AGRADAN TUS PADRES? ...PARA NADA, NO ES ESO.;8;8;0xC86A;0xC8A4;texto;;;;;;;;;;;;;
H2;214B;A LA DISTANCIA SE EMPIEZA A VER EL EDIFICIO, Y EN LA ENTRADA, SE VE UNA SILUETA ESPERANDO.;9;7;0xC8A6;0xC8DF;texto;;;;;;;;;;;;;
H2;215B;FUMINA! TIO! TIA! MIKA VIENE CORRIENDO A RECIBIRNOS. YO CORRO HACIA MIKA.;5;11;0xC8E1;0xC91F;texto;;;;;;;;;;;;;
H2;101C;SIN PODER SOPORTAR MAS LA TENSION, TOME EL AURICULAR CON BRUSQUEDAD Y GRITE CON FUERZA.;8;8;0x3D41;0x3E68;texto;si;;;;;;;;;;;;
H2;102C;YA DEJALO DE UNA VEZ! ...F-FUMINA? UNA VOZ SORPRENDIDA RESPONDIO. QUE TE PASA, POR QUE GRITAS ASI?;3;13;0x3E6A;0x3EC6;texto;si;;;;;;;;;;;;
H2;103C;MIKA-CHAN? DONDE... DONDE ESTAS? SIN QUERER, MI VOZ SE QUEBRO EN LLANTO.;7;9;0x3EC8;0x3F00;texto;si;;;;;;;;;;;;
H2;104C;AH, PERDON, HA SIDO UN LIO. AHORA MISMO ESTOY EN EL HOSPITAL. TUVE UN ACCIDENTE.;7;9;0x3F02;0x3F41;texto;si;;;;;;;;;;;;
H2;105C;YA VOY PARA ALLA, PERO VOY A LLEGAR TARDE. TE CUENTO LOS DETALLES CUANDO LLEGUE, ASI QUE ESPERAME UN POCO MAS, OK?;5;11;0x3F43;0x3F88;texto;si;;;;;;;;;;;;
H2;106C;DE REPENTE SENTI UN ESCALOFRIO Y MI CUERPO TEMBLO. ME DI CUENTA DE QUE SOLO TENIA PUESTA UNA TOALLA, ASI QUE VOLVI A LA DUCHA PARA CALENTARME CON AGUA CALIENTE.;5;11;0x3F8A;0x3FEB;texto;si;;;;;;;;;;;;
H2;107C;AL SALIR DE LA DUCHA, MIKA AUN NO HABIA VUELTO. EL DEPARTAMENTO SE SENTIA ENORME. DE REPENTE RECORDE AL GATO MUERTO.;7;9;0x3FED;0xB464;texto;si;;;;;;;;;;;;
H2;108C;...UN SONIDO AGUDO RESONO POR TODO EL CUARTO Y DI UN SALTO.;10;6;0x18E9;0x1915;texto;si;;;;;;;;;;;;
H2;109C;PARECE QUE ME QUEDE DORMIDA SIN DARME CUENTA MIENTRAS ESPERABA A MIKA.;10;6;0x1917;0x193A;texto;si;;;;;;;;;;;;
H2;110C;EL TIMBRE VOLVIO A SONAR.;13;3;0x193C;0x1960;texto;si;;;;;;;;;;;;
H2;111C;QUIEN SERA? SI FUERA MIKA DEBERIA TENER LLAVE. SIN DARME CUENTA, ME ACERQUE LENTAMENTE A LA PUERTA TRATANDO DE NO HACER RUIDO AL CAMINAR.;5;11;0x1962;0x19AF;texto;si;;;;;;;;;;;;
H2;144C;ATENTA A LA OSCURIDAD, AVANCE LENTA Y CUIDADOSAMENTE HACIA EL FONDO.;10;6;0x5F91;0x5FB7;texto;si;;;;;;;;;;;;
H2;145C;ENTONCES, UN GEMIDO AHOGADO LLEGO A MIS OIDOS DESDE EL CUARTO DEL FONDO.;10;6;0x5FBB;0x5FEC;texto;si;;;;;;;;;;;;
H2;148C;JUSTO CUANDO IBA A CRUZAR LA SALA, ALGO ME ATRAPO EL PIE Y TROPECE HACIA ADELANTE. AL MIRAR, VI A ALGUIEN TIRADO BOCA ABAJO EN EL SUELO. ESA PERSONA ME TENIA EL TOBILLO BIEN AGARRADO.;0;16;0x64EC;0x6558;texto;si;;;;;;;;;;;;
H2;149C;TRATE DE ENFOCAR LA VISTA, Y AHI TIRADO HABIA UN HOMBRE QUE NO ME ERA CONOCIDO, ALGUIEN QUE NUNCA HABIA VISTO. PRESA DEL MIEDO, MIENTRAS TRATABA DESESPERADAMENTE DE SOLTARME, LA PERSONA QUE ME SUJETABA LEVANTO LENTAMENTE EL ROSTRO.;0;16;0x655C;0x65DA;texto;si;;;;;;;;;;;;
H2;150C;LA CARA DEL HOMBRE ESTABA CUBIERTA DE SANGRE, LOS OJOS TURBIOS Y SIN ENFOCAR. AAAAAH;9;7;0x65DF;0x660E;texto;si;;;;;;;;;;;;
H2;151C;GRITE. ENTONCES, COMO SI ESO FUERA LA SEÑAL, LA PUERTA DEL FONDO SE ABRIO DE GOLPE Y OTRO HOMBRE SALIO DE UN SALTO.;5;11;0x6612;0x6660;texto;si;;;;;;;;;;;;
H2;152C;EL HOMBRE ME ENCONTRO DESPLOMADA EN EL SUELO Y, GRUÑENDO, VINO CORRIENDO HACIA MI. TE DIJE QUE HUYERAS! POR QUE NADIE ME HACE CASO?!;0;16;0x666C;0x66D4;texto;si;;;;;;;;;;;;
H2;153C;QUE HUYERA? ENTONCES, ESTE HOMBRE ES...! EL HOMBRE LEVANTO LA HOJA QUE TENIA EN LA MANO DERECHA. YO SEGUIA CON EL TOBILLO ATRAPADO, SIN PODER ESCAPAR!;5;11;0x66DA;0x6725;texto;si;;;;;;;;;;;;
H2;154C;AL VER EL DESTELLO DE LUZ EN LA HOJA, JUSTO CUANDO YA RESIGNADA IBA A CERRAR LOS OJOS, EL HOMBRE SE PUSO DE PIE DE UN SALTO, COMO IMPULSADO POR UN RESORTE.;5;11;0x6731;0x6783;texto;si;;;;;;;;;;;;
H2;155C;TOSHIRO! COMO TE ATREVISTE A HACER ESTO...!;12;4;0x6788;0x679E;texto;si;;;;;;;;;;;;
H2;172C;SOLO PODIA MIRAR FIJO EL CHARCO DE SANGRE. NO PODIA HACER NADA SOLA. DEBERIA IR A LLAMAR A ALGUIEN.;5;11;0x603F;0x608F;texto;si;;;;;;;;;;;;
H2;172CX;ESA VOZ CONOCIDA... MIKA-CHAN! YA NO PODIA HACER NADA SOLA. DEBERIA IR A LLAMAR A ALGUIEN.;5;11;0x5FEE;0x608F;texto;;;;;;;;;;;0x5FEC;;
H2;172CQ;YA NO PODIA HACER NADA SOLA. DEBERIA IR A LLAMAR A ALGUIEN.;10;6;0x606D;0x608F;texto;;;;;;;;;;;0x60F0;;
H2;173C;DECIDI ESO Y DI MEDIA VUELTA, CORRIENDO HACIA LA PUERTA.;10;6;0x6091;0x60BD;texto;si;;;;;;;;;;;;
H2;174C;CUANDO INTENTABA ATRAVESAR LA SALA, NOTE ALGO DE REPENTE. EL CUERPO NO ESTABA.;8;8;0x60BF;0x614B;texto;si;;;;;;;;;;;;
H2;175C;NO HABRA ESTADO MUERTO? POR AHORA DEBERIA IR A LLAMAR A ALGUIEN, PENSE, Y SALI DEL LUGAR TRATANDO DE ABRIR LA PUERTA. DE REPENTE, LA PUERTA DEL BAÑO JUNTO A LA ENTRADA SE ABRIO Y UNA SOMBRA SE ME ABALANZO!;0;16;0x6153;0x61D7;texto;si;;;;;;;;;;;;
H2;176C;EL HOMBRE, CON EL ROSTRO CUBIERTO DE SANGRE, CAYO SOBRE MI. SIN PODER SOSTENER SU PESO, CAI AL SUELO. AAAAAH! SE HABRA MUERTO DE VERDAD ESTA VEZ? NO SE MOVIA NI UN POCO.;0;16;0x61DC;0x625A;texto;si;;;;;;;;;;;;
H2;177C;SE SENTIA UN OLOR A SANGRE. LUCHE DESESPERADAMENTE, PERO ESTABA COMPLETAMENTE ATRAPADA BAJO EL PESO DEL HOMBRE, ASI QUE NO PODIA SOLTARME.;5;11;0x625C;0x62B5;texto;si;;;;;;;;;;;;
H2;178C;OI EL CLIC DE UNA PUERTA AL ABRIRSE. DEJE DE LUCHAR Y CLAVE LA MIRADA EN LA OSCURIDAD DEL FONDO.;7;9;0x62B7;0x62FD;texto;si;;;;;;;;;;;;
H2;179C;DESDE MAS ALLA DE LA OSCURIDAD, DESDE EL CUARTO DE MIKA, APARECIO OTRA SOMBRA. EL HOMBRE ME ENCONTRO CON LA MIRADA Y SE FUE ACERCANDO DESPACIO, CON UN CUCHILLO BRILLANDO EN LA MANO. TE DIJE QUE HUYERAS...;0;16;0x6305;0x638B;texto;si;;;;;;;;;;;;
H2;180C;EL HOMBRE SE PARO FRENTE A MI CON UNA EXPRESION ENTRE LLANTO Y RISA. NO TUVE OPCION. SOLO QUERIA PROTEGER A ALGUIEN IMPORTANTE PARA TI... PERO TAMPOCO QUERIA PERDERLO!;2;14;0x638D;0x63EE;texto;si;;;;;;;;;;;;
H2;181C;ES TU CULPA. SI NO ME HUBIERAS PROVOCADO, ESTO NUNCA HABRIA PASADO! COMO SI SUS PROPIAS PALABRAS LO EXALTARAN, EL HOMBRE SOLTO UN GRITO DE FURIA Y LEVANTO LA HOJA.;2;14;0x63F0;0x6458;texto;si;;;;;;;;;;;;
H2;182C;SEGUIA ATRAPADA Y NO PODIA MOVERME. YA NO HABIA NADA QUE HACER. JUSTO CUANDO CERRE LOS OJOS, EL HOMBRE QUE HABIA CAIDO SOBRE MI SE LEVANTO DE NUEVO. TOSHIRO!;3;13;0x6466;0x64B9;texto;si;;;;;;;;;;;;
H2;183C;GRITANDO ESO, SE LANZO CONTRA EL HOMBRE QUE TENIA LA HOJA. APROVECHANDO QUE LOS DOS HOMBRES FORCEJEABAN ENTRE SI, HUI DEL LUGAR COMO ALMA QUE LLEVA EL DIABLO.;2;14;0x64BB;0x69C3;texto;si;;;;;;;;;;;;
H2;183CQ;APROVECHANDO QUE LOS DOS HOMBRES FORCEJEABAN, HUI DEL LUGAR COMO ALMA QUE LLEVA EL DIABLO.;8;8;0x698D;0x69C3;texto;;;;;;;;;;;0x6A4F;;
H2;184C;DE TODAS FORMAS TENIA QUE LLAMAR A ALGUIEN. ALGUIEN, POR FAVOR AYUDENME! GRITE CON TODAS MIS FUERZAS MIENTRAS CORRIA POR EL PASILLO.;5;11;0x69CB;0x6A1D;texto;si;;;;;;;;;;;;
H2;168W;2.@@1.@@GRITANDO PED@TEN@ESO,@@@@ IRE@GO@@SE@@@@@@ AYU@QUE@LANZO@@@ DA@@SAL@CONTRA@@ A@@@VAR@EL@@@@@@ ALG@A@@@HOMBRE@@ UIE@MIK@QUE@@@@@ N@@@A@@@TENIA@@@ @@@@@@@@LA@@@@@@ @@@@@@@@HOJA.@@@;0;16;0x64BC;0x6A4F;pregunta;;3;1;3;1;8;0;1. TENGO QUE SALVAR A MIKA;2. PEDIRE AYUDA A ALGUIEN;GRITANDO ESO, SE LANZO CONTRA EL HOMBRE QUE TENIA LA HOJA.;;;
H2;169W;MIENTRAS LOS DOS FORCEJEABAN, CORRI AL CUARTO DE MIKA. ADENTRO TAMBIEN ESTABA OSCURO, PERO MIS OJOS, YA ACOSTUMBRADOS, DISTINGUIERON A ALGUIEN RETORCIENDOSE EN EL PISO, EN MEDIO DEL CUARTO.;0;16;0x774A;0x77C2;texto;;;;;;;;;;;;;
H2;170W;MIKA-CHAN! ERA MIKA, CON LAS MANOS ATADAS Y CINTA ADHESIVA EN LA BOCA. CORRI HACIA ELLA E INTENTE QUITARLE LA CINTA.;4;12;0x77CC;0x782F;texto;;;;;;;;;;;;;
H2;171W;EN ESE MOMENTO, MIKA ABRIO LOS OJOS Y GRITO BAJO LA CINTA. ME DI VUELTA: EN LA ENTRADA HABIA UNA SOMBRA. EL HOMBRE LLEVABA UNA HOJA QUE GOTEABA SANGRE.;2;14;0x7832;0x78AE;texto;;;;;;;;;;;;;
H2;172W;ABRACE A MIKA PARA PROTEGERLA. EL HOMBRE LEVANTO LA MANO DERECHA. LA HOJA BRILLO EN LA OSCURIDAD! EN ESE MOMENTO...;6;10;0x78B8;0x78F6;texto;;;;;;;;;;;;;
H2;173W;SONO UN TIMBRE AGUDO Y LUEGO GOLPES EN LA PUERTA. HOLA! ES LA POLICIA! TOSHIRO SE SOBRESALTO Y SE QUEDO RIGIDO, MIRANDO HACIA LA PUERTA.;0;16;0x7922;0x7994;texto;;;;;;;;;;;;;
H2;174W;AYUDA! AYUDENOS, POR FAVOR! GRITE MAS FUERTE QUE NUNCA EN MI VIDA. MALDICION! EL HOMBRE DIO MEDIA VUELTA Y SALIO CORRIENDO DEL CUARTO.;0;16;0x799E;0x79FC;texto;;;;;;;;;;;;;
H2;175W;ESTAMOS A SALVO... ABRACE FUERTE A MIKA. ELLA TAMBIEN TEMBLABA. DESDE LA ENTRADA SE OIAN GRITOS FURIOSOS.;5;11;0x7A00;0x7A45;texto;;;;;;;;;;;;;
H2;176W;CUANDO ME ASOME CON MIEDO DESDE EL CUARTO, VI QUE EN LA ENTRADA LOS POLICIAS TENIAN REDUCIDO AL HOMBRE.;8;8;0x7A48;0x7A7F;texto;;;;;;;;;;;;;
H2;173WS;UN TIMBRE AGUDO RESONO EN TODO EL DEPARTAMENTO. ANTE ESA IRRUPCION, TODOS NOS QUEDAMOS RIGIDOS POR UN INSTANTE.;6;10;0x7A94;0x7ADF;texto;;;;;;;;;;;;;
H2;174WS;HONMA-SAN! QUE MOLESTIA HACER RUIDO DE NOCHE! GRITO UNA MUJER DESDE LA ENTRADA.;8;8;0x7AE2;0x7B1F;texto;;;;;;;;;;;;;
H2;175WS;EL HOMBRE SE DISTRAJO CON ESA VOZ Y DEJO DE MIRARNOS.;10;6;0x7B23;0x7B42;texto;;;;;;;;;;;;;
H2;176WS;EL HOMBRE SE DISTRAJO CON ESA VOZ Y DEJO DE MIRARNOS. AYUDA! AYUDENME, POR FAVOR! ME VAN A MATAR! GRITE CON TODAS MIS FUERZAS.;3;13;0x7B23;0x7B7C;texto;;;;;;;;;;;;;
H2;177WS;EL HOMBRE CHASQUEO LA LENGUA CON RABIA Y SALIO CORRIENDO DEL CUARTO. LO MIRE ALEJARSE, ATONITA. ESTABAMOS A SALVO? KYAAA! UN CHILLIDO EN LA ENTRADA ME DEVOLVIO A LA REALIDAD.;0;16;0x7B80;0x7BF1;texto;;;;;;;;;;;;;
H2;178WS;SALI CORRIENDO Y VI AL HOMBRE Y A UNA SEÑORA, QUE SEGURO VENIA A QUEJARSE, TIRADOS EN EL SUELO. AL VER LA ESCENA ESPANTOSA DEL CUARTO, LA MUJER LANZO UN ALARIDO.;1;15;0x7BF4;0x7C5C;texto;;;;;;;;;;;;;
H2;179WS;IIH! UN ASESINO! ANTE ESE GRITO, LOS VECINOS ABRIERON SUS PUERTAS. A-ATRAPENLO! SIN ESCAPATORIA, EL HOMBRE SE DERRUMBO LLORANDO, COMO RESIGNADO.;1;15;0x7C5F;0x7CCD;texto;;;;;;;;;;;;;
H2;185C;EL PASILLO QUE NORMALMENTE CRUZABA EN UNOS SEGUNDOS AHORA SE SENTIA INCREIBLEMENTE LARGO. AL LLEGAR AL ASCENSOR, ME DI VUELTA.;3;13;0x6A1F;0x72A2;texto;si;;;;;;;;;;;;
H2;186C;EL PASILLO SEGUIA EN UN SILENCIO INQUIETANTE, ILUMINADO POR LA LUZ FRIA DE LOS TUBOS. NO HABIA SEÑAL DE AQUEL HOMBRE.;7;9;0x72A4;0x72EC;texto;si;;;;;;;;;;;;
H2;187C;MIENTRAS VIGILABA MI DEPARTAMENTO, LA PUERTA DEL ASCENSOR DETRAS DE MI SE ABRIO Y APARECIERON DOS POLICIAS.;8;8;0x72EE;0x7339;texto;si;;;;;;;;;;;;
H2;188C;ME AFERRE A ELLOS. QUE PASO? LOS UNIFORMES QUE SIEMPRE ME PARECIAN INTIMIDANTES AHORA SE SENTIAN MUY RECONFORTANTES. NERVIOSA, TARTAMUDEE MIENTRAS EXPLICABA LA SITUACION.;2;14;0x733B;0x739F;texto;si;;;;;;;;;;;;
H2;189C;LOS POLICIAS SE MIRARON ENTRE SI. TOME LA MANO DE UNO DE ELLOS Y LO LLEVE HASTA MI DEPARTAMENTO. AL ABRIR LA PUERTA, JUSTO EN LA ENTRADA HABIA UN HOMBRE TIRADO, CUBIERTO DE SANGRE.;2;14;0x73A1;0x7410;texto;si;;;;;;;;;;;;
H2;190C;EL ENDURECIO EL GESTO AL VER LA TERRIBLE ESCENA. EN ESE MOMENTO, AQUEL HOMBRE SALIO DE GOLPE DE SU ESCONDITE.;7;9;0x7418;0x745F;texto;si;;;;;;;;;;;;
H2;191C;SORPRENDIDOS Y SIN PODER REACCIONAR AUN, LOS POLICIAS LO VIERON HUIR POR EL PASILLO A UNA VELOCIDAD INCREIBLE. UNO DE ELLOS CORRIO TRAS EL.;5;11;0x7467;0x74BE;texto;si;;;;;;;;;;;;
H2;192C;CORRI HACIA DENTRO DEL DEPARTAMENTO. MIKA...? ABRI LA PUERTA DEL CUARTO DE MIKA Y GRITE.;7;9;0x74C0;0x74FC;texto;si;;;;;;;;;;;;
H2;193C;YA LLEGUE. AL VOLVER DE LA ESCUELA Y ABRIR LA PUERTA, LO UNICO QUE ME ESPERABA ERA LA OSCURIDAD.;7;9;0x7513;0xAE3A;texto;si;;;;;;;;;;;;
H2;194C;YA HAN PASADO VARIAS SEMANAS DESDE QUE MIKA DESAPARECIO. ULTIMAMENTE ME HE ACOSTUMBRADO A VIVIR SOLA, Y YA NO SIENTO TANTA SOLEDAD.;5;11;0xAE3C;0xAE99;texto;si;;;;;;;;;;;;
H2;195C;SENTIRME ASI ME HACE PARECER UN POCO FRIA, Y ESO ME DISGUSTA UN POCO. Y ENTONCES...;10;6;0xAE9B;0xAEBF;texto;si;;;;;;;;;;;;
H2;196C;BUM BUM BUM BUM... ESTA NOCHE TAMBIEN SE OYE EL SONIDO DE UN ESTEREO RESONANDO DESDE ALGUN LADO...;9;7;0xAEC1;0xAF06;texto;si;;;;;;;;;;;;
H3;1;AJAJAJAJA...;13;3;0x00F0;0x0105;texto;;;;;;;;;;;;;
H3;2;REIKA, EN SERIO PONES CARA SERIA Y DICES QUE LAS CASAS EMBRUJADAS DAN MIEDO. QUE NIÑA. SI TODO ES FALSO DIJO MAMI CON SUS GRANDES OJOS REDONDOS BRILLANDO;3;13;0x0107;0x016D;texto;;;;;;;;;;;;;
H3;3;CASA EMBRUJADA, EH. FUI A UNA EN EL PARQUE DE NIÑA, PERO NO RECUERDO QUE DIERA MIEDO AÑADIO EMIKO, ENTORNANDO SUS OJOS RASGADOS DE FORMA BONITA, ASINTIENDO;0;16;0x016F;0x01E3;texto;;;;;;;;;;;;;
H3;4;SABADO POR LA TARDE...;7;9;0x01E5;0x0201;texto;;;;;;;;;;;;;
H3;5;NOS HABIAMOS REUNIDO EN EL PARQUE DE SIEMPRE. LAS TRES ESTAMOS EN GRADOS DISTINTOS, ASI QUE CASI NUNCA HACEMOS COSAS JUNTAS EN LA ESCUELA;5;11;0x0203;0x0258;texto;;;;;;;;;;;;;
H3;6;EMPEZAMOS A JUNTARNOS ASI DESDE EL FESTIVAL ESCOLAR DE ESTE VERANO;10;6;0x025A;0x0287;texto;;;;;;;;;;;;;
H3;7;CADA UNA ERA REPRESENTANTE DE SU GRADO EN EL COMITE ORGANIZADOR, Y DE TANTO VERNOS NOS LLEVAMOS BIEN. SIN DARNOS CUENTA, ESTAR LAS TRES JUNTAS SE VOLVIO ALGO NATURAL;2;14;0x0289;0x030B;texto;;;;;;;;;;;;;
H3;8;CREO QUE NADIE QUE NOS VIERA HABLANDO ASI, DE IGUAL A IGUAL, NOTARIA LA DIFERENCIA DE GRADOS;8;8;0x030D;0x0341;texto;;;;;;;;;;;;;
H3;9;YO SOLO ME REIA Y ASENTIA A LA CONVERSACION DE LAS DOS, PERO POR DENTRO REZABA NERVIOSA PARA QUE ESE TEMA TERMINARA PRONTO;5;11;0x0343;0x03AC;texto;;;;;;;;;;;;;
H3;10;FANTASMAS, ESPIRITUS, MALDICIONES, CASTIGOS DEL MAS ALLA... PARA SER FRANCA, LOS ODIO. CLARO QUE NO CREO EN ESO, PERO ESE NO ERA EL PROBLEMA;5;11;0x03AE;0x03F7;texto;;;;;;;;;;;;;
H3;11;OYE, SOBRE LA NUEVA CASA EMBRUJADA DE ESE PARQUE DE DIVERSIONES, PARECE QUE HAY UN RUMOR. DICEN QUE QUIEN ENTRA YA NO SALE DIJO MAMI ALGO DE MAL AGUERO;2;14;0x03F9;0x0456;texto;;;;;;;;;;;;;
H3;12;Y SI VAMOS? EEEEH?;10;6;0x0458;0x047C;texto;;;;;;;;;;;;;
H3;13;MIENTRAS YO ALZABA LA VOZ CON NERVIOS, LAS DOS YA ESTABAN DECIDIDAS;9;7;0x0484;0x04AE;texto;;;;;;;;;;;;;
H3;14;SI, TENEMOS QUE COMPROBARLO AL MENOS UNA VEZ DIJERON LAS 2 A LA VEZ, SONRIENDO Y VOLTEANDO HACIA MI;8;8;0x04B0;0x04EA;texto;;;;;;;;;;;;;
H3;15;2.@1.@CLARO AY@S-@QUE@@ ,@@SI@VIENE NO@..@S,@@@ QU@.@@REIKA IE@@@@@@@@@ RO@@@@@@@@@;5;11;0x04EC;0x052C;pregunta;;2;1;2;1;5;0;1. S-SI...;2. AY, NO QUIERO;CLARO QUE VIENES, REIKA;;;
H3;16;S-SI... CLARO QUE SI. POR QUE DIRE SIEMPRE LO QUE NO PIENSO?;7;9;0x0536;0x0569;texto;;;;;;;;;;;;;
H3;17;LAS DOS SE QUEDARON CONFORMES CON MI RESPUESTA Y SE FUERON DE INMEDIATO. YO TAMBIEN LAS SEGUI, SIN MAS REMEDIO;7;9;0x0578;0x05AF;texto;;;;;;;;;;;;;
H3;18;AL ATRAVESAR LOS ARBOLES, APARECIO LO QUE PARECIA SER LA CASA EMBRUJADA. ERA MUCHO MAS PEQUEÑA DE LO QUE IMAGINABA, TANTO QUE SI NO ESTUVIERA DENTRO DEL PARQUE, PASARIA DE LARGO SIN NOTARLA;0;16;0x05B1;0x0791;texto;;;;;;;;;;;;;
H3;19;QUIZA POR ESTAR RODEADO DE ARBOLES, EL LUGAR SE SENTIA ALGO OSCURO Y EL AIRE SE NOTABA UN POCO PESADO. VAYA, TIENE BASTANTE MAS AMBIENTE DE LO QUE PENSABA NO HABRA NADIE MAS POR AQUI?;2;14;0x0793;0x07F6;texto;;;;;;;;;;;;;
H3;20;AL LLEGAR FRENTE A LA PUERTA SILENCIOSA, EFECTIVAMENTE HABIA UN CARTEL DE MADERA QUE DECIA PEQUEÑA CASA EMBRUJADA, COLOCADO CON UNA DISCRECION CASI TIMIDA;5;11;0x07F8;0x0849;texto;;;;;;;;;;;;;
H3;21;2.@@@1.@@MIRE NO@@@MIR@UN@@ HABR@AR@@POCO A@@@@EL@@ALRE NADI@EDI@DEDO E@@@@FIC@R@@@ MAS@@IO@@@@@@ POR@@@@@@@@@@ AQUI@@@@@@@@@ ?@@@@@@@@@@@@;3;13;0x084B;0x0884;pregunta;;4;1;3;1;4;0;1. MIRAR EL EDIFICIO;2. NO HABRA NADIE MAS POR AQUI?;MIRE UN POCO ALREDEDOR;;;
H3;22;LA PEQUEÑA CASA EMBRUJADA NO PARECIA UNA ATRACCION, SINO UNA MANSION OCCIDENTAL REAL. TEJAS ESCAMADAS Y VENTANAS TRIANGULARES. TENIA MUY BUEN AMBIENTE.;3;13;0x088E;0x08F9;texto;;;;;;;;;;;;;
H3;23;DE HECHO, UNA PLACA DECIA QUE LA CASA HABIA SIDO TRASLADADA DESDE SALEM, NUEVA INGLATERRA, Y QUE ERA UNA CASA DEL SIGLO XVIII AUNQUE SEGURAMENTE TAMBIEN ERA PARTE DE LA PUESTA EN ESCENA.;2;14;0x08FB;0x0978;texto;;;;;;;;;;;;;
H3;24;ESTA DEMASIADO TRANQUILO, DE VERDAD ESTARA ABIERTO? JUSTO CUANDO MAMI DIJO ESO, LA PUERTA DE REJAS DE HIERRO SE ABRIO HACIA DENTRO CON UN SONIDO PESADO;3;13;0x097A;0x0AA5;texto;;;;;;;;;;;;;
H3;25;DESDE UN OBJETO NEGRO SOBRE LA PUERTA, CON UN SONIDO MECANICO DE CLICS, SE ESCUCHO UN ANUNCIO GRABADO CON VOZ GRAVE: CRIIIIIC... BIENVENIDOS A LA CASA EMBRUJADA. SI SON LO BASTANTE VALIENTES, ATRAVIESEN ESTA PUERTA Y ENTREN.;0;16;0x0AA7;0x0B37;texto;;;;;;;;;;;;;
H3;26;AL MIRAR BIEN, ESE OBJETO NEGRO SOBRE LA PUERTA ERA UN CUERVO ARTIFICIAL. ESTA MUY BIEN HECHO DE VERDAD DIJO EMIKO IMPRESIONADA, Y MAMI ASINTIO;3;13;0x0B39;0x0B9F;texto;;;;;;;;;;;;;
H3;27;AL OIR A LAS DOS, VOLVI A MIRAR AL CUERVO. SOLO LA CABEZA SE GIRO DE FORMA EXTRAÑA HACIA NOSOTRAS. AUNQUE FUERA FALSO, ESO DABA MUY MALA SENSACION;2;14;0x0BA1;0x0C06;texto;;;;;;;;;;;;;
H3;28;AL PASAR POR EL PATIO INTERIOR, EN LA ENTRADA NOS ESPERABA UNA MUÑECA DE CERA CON ASPECTO DE CRIADA. EN SU MANO HABIA UNA CAJA PARA EL DINERO, Y LAS DOS, UNA TRAS OTRA, ECHARON SUS MONEDAS EN LA CAJA;0;16;0x0C08;0x0C83;texto;;;;;;;;;;;;;
H3;29;YO DUDE UN POCO, PERO TERMINE RESIGNANDOME Y ECHANDO MI DINERO TAMBIEN. CRIIIIIC, CON UN SONIDO CHIRRIANTE, LA ENTRADA SE ABRIO;5;11;0x0C85;0x0CCF;texto;;;;;;;;;;;;;
H3;30;SEÑORITAS VALIENTES, LES DESEO SUERTE LA MUÑECA CRIADA HIZO UNA REVERENCIA CON UN SONIDO SECO. SU ROSTRO PARECIA HABER SONREIDO LIGERAMENTE. CON GANAS DE HUIR, SEGUI A LAS OTRAS DOS;2;14;0x0CD1;0x0D52;texto;;;;;;;;;;;;;
H3;31;ADENTRO HABIA UN PASILLO OSCURO Y HUMEDO, ESTRECHO PARA LAS TRES. DE PRONTO ME DIO MIEDO Y TOME DE LA MANO A LAS DOS A LA FUERZA;5;11;0x0D54;0x0DAC;texto;;;;;;;;;;;;;
H3;32;REIKA, YA TIENES MIEDO? DIJO EMIKO ENTRE RISAS. MAMI CONTINUO: SI TE DA MIEDO IR ATRAS, CAMBIAMOS? RIENDO, LAS DOS ME APRETARON LA MANO DE VUELTA, Y SOLTE UN SUSPIRO DE ALIVIO;0;16;0x0DAE;0x0E2A;texto;;;;;;;;;;;;;
H3;33;CRIIIIIC. CUANDO LA PUERTA DE ATRAS SE CERRO, DE GOLPE TODO QUEDO A OSCURAS;8;8;0x0E2C;0x0E60;texto;;;;;;;;;;;;;
H3;34;NO, NO HAY NADA NO SE VEIA ABSOLUTAMENTE NADA. SI, SE ME ESTA YENDO EL EQUILIBRIO... MIENTRAS YO ME ASUSTABA, EMIKO PERMANECIA TRANQUILA;4;12;0x0E62;0x0EB4;texto;;;;;;;;;;;;;
H3;35;BIENVENIDAS A MI MANSION UNA VOZ SE ESCUCHO DESDE ARRIBA;10;6;0x0EB6;0x0EE2;texto;;;;;;;;;;;;;
H3;36;ARRIBA, ILUMINADA POR UNA LUZ AZUL, LA ESTATUA DE BRONCE DE UN CABALLERO, DE BRILLANTES OJOS MECANICOS Y MIRADA FIJA.;7;9;0x0EE4;0x0F35;texto;;;;;;;;;;;;;
H3;37;EN ESTA MANSION HAY PUERTAS A MUCHOS UNIVERSOS. A DONDE LES LLEVE CADA PUERTA DEPENDE DE USTEDES. SI ESTA CASA LES AGRADA, LES DAMOS LA BIENVENIDA COMO RESIDENTES.;3;13;0x0F37;0x0F93;texto;;;;;;;;;;;;;
H3;38;SOLO LES PIDO QUE, POR FAVOR, TENGAN CUIDADO DE NO HACER ENOJAR A LOS DEMAS RESIDENTES BIEN, AHORA SE ABRIRA LA PRIMERA PUERTA;7;9;0x0F95;0x0FD8;texto;;;;;;;;;;;;;
H3;39;CRIIIIC. LA LUZ SE APAGO DE GOLPE, Y UNA LUZ AZUL TENUE ILUMINO SOLO NUESTROS PIES NUESTROS ROSTROS QUEDARON ILUMINADOS DE FORMA SINIESTRA;5;11;0x0FE1;0x104A;texto;;;;;;;;;;;;;
H3;40;MAMI, TU CARA DA MIEDO DIJE TRATANDO DE CONTENER MI PROPIO MIEDO. QUE DICES? ESTO RECIEN COMIENZA MAMI RESPONDIO EXCITADA, ENTRE EXPECTATIVA Y NERVIOS POR LO QUE VENIA;2;14;0x104C;0x10C4;texto;;;;;;;;;;;;;
H3;41;EMPUJANDONOS UNA A LA OTRA EN BROMA, AVANZAMOS, Y LA LUZ A NUESTROS PIES SE MOVIA SIGUIENDONOS;8;8;0x10C6;0x10FF;texto;;;;;;;;;;;;;
H3;42;EL ANTIGUO EXTERIOR NO HACIA IMAGINAR ESTA TECNOLOGIA. PERO MAS QUE MIEDO, ESO GENERABA CIERTA FAMILIARIDAD: DESPUES DE TODO ERA UNA OBRA HUMANA.;5;11;0x1101;0x1156;texto;;;;;;;;;;;;;
H3;43;AUN ASI, PARA SER UNA ATRACCION TAN ELABORADA QUE PARECERIA ENCANTAR A LA TV O LAS REVISTAS, NO HABIA NI RASTRO DE NINGUNA OTRA PERSONA APARTE DE NOSOTRAS;3;13;0x1158;0x11B8;texto;;;;;;;;;;;;;
H3;44;BUENO, SUPONGO QUE SIN GENTE EL MIEDO AUMENTA MAS... TAL COMO ESPERABA, LAS 2 DE ADELANTE PARECIAN DIVERTIRSE ALEGREMENTE;7;9;0x11BA;0x11FC;texto;;;;;;;;;;;;;
H3;45;PITA, PITA, PITA... ME PARECIO ESCUCHAR UN SONIDO PEQUEÑO. ...OYE, NO ESCUCHASTE ALGO RECIEN? ALGO COMO QUE? RESPONDIO MAMI ENTRE RISAS;2;14;0x11FE;0x1279;texto;;;;;;;;;;;;;
H3;46;2.@@1.@@SI@@@@@ SEG@IR@@LA@@@@@ UIR@PRI@CASA@@@ A@@@MER@EMBRUJA LAS@O@@@DA@@@@@ DOS@@@@@NI@@@@@ @@@@@@@@HA@@@@@ @@@@@@@@EMPEZAD @@@@@@@@O.@@@@@ @@@@@@@@TU@@@@@ @@@@@@@@CREES.. @@@@@@@@.@@@@@@;1;15;0x127B;0x12C5;pregunta;;3;1;3;1;7;0;1. IR PRIMERO;2. SEGUIR A LAS DOS;SI LA CASA EMBRUJADA NI HA EMPEZADO. TU CREES...;;;
H3;47;BATAN! ESTA VEZ SI SE OYO ALGO. SIN TIEMPO DE VER QUE ERA, ALGO NEGRO CAYO DESDE EL TECHO. KYAAA! SIN QUERER, ME ABRACE A LAS DOS;0;16;0x12CF;0x1348;texto;;;;;;;;;;;;;
H3;48;REIKA, REIKA, MIRA MIRE HACIA ATRAS CON MUCHO MIEDO ERA UNA MUÑECA DE SAMURAI. HABIA CAIDO BOCA ABAJO DESDE EL TECHO, Y SE DETUVO JUSTO ANTES DE TOCAR EL SUELO;2;14;0x134A;0x13B0;texto;;;;;;;;;;;;;
H3;49;LA FACTURA DE LA MUÑECA ERA TAN ELABORADA COMO LA ANTERIOR. ESPECIALMENTE SU EXPRESION: LA ANGUSTIA QUE REFLEJABA SU ROSTRO ERA ATERRADORA;5;11;0x13B2;0x1404;texto;;;;;;;;;;;;;
H3;50;DE PRONTO LA LUZ CAMBIO A ROJO. LAS EXTREMIDADES DEL SAMURAI, QUE HASTA ENTONCES ESTABAN RIGIDAS, CAYERON COMO SI HUBIERAN PERDIDO SU VOLUNTAD;5;11;0x1406;0x1459;texto;;;;;;;;;;;;;
H3;51;PARECIA COMO SI HASTA ESE MOMENTO HUBIERA ESTADO RESISTIENDO CON TODA SU FUERZA. UN ESCALOFRIO ME RECORRIO LA ESPALDA EL SAMURAI SE BALANCEO, Y CON UN GAKUN, FUE IZADO DE VUELTA HACIA EL TECHO;2;14;0x145B;0x14CA;texto;;;;;;;;;;;;;
H3;52;ESTA MUY BIEN HECHO DIJO MAMI IMPRESIONADA ESTO PROMETE PARA LO QUE VIENE... RESPONDIO EMIKO YO, EN CAMBIO, PREFERIRIA QUE LAS EXPECTATIVAS NO SE CUMPLIERAN;3;13;0x14CC;0x1521;texto;;;;;;;;;;;;;
H3;53;SEGUIMOS AVANZANDO POR EL OSCURO RECORRIDO EH? QUE ES ESO? MAMI SEÑALO HACIA ADELANTE. ENTORNE LOS OJOS PARA MIRAR MEJOR;5;11;0x1523;0x17E3;texto;;;;;;;;;;;;;
H3;54;A AMBOS LADOS DE LA PARED HABIA UNA HILERA DE MASCARAS, COMO LAS DEL TEATRO NOH. NO SE PODIA DISTINGUIR CON CLARIDAD QUE EMOCION EXPRESABAN;4;12;0x17E5;0x1845;texto;;;;;;;;;;;;;
H3;55;ILUMINADAS DE ABAJO, LAS EXPRESIONES QUE SE REVELABAN SOLO PARECIAN MOSTRAR TERROR. PARA LAS OTRAS DOS, QUIZAS SE VEIAN COMO ALGO DIVERTIDO...;3;13;0x1847;0x18A7;texto;;;;;;;;;;;;;
H3;56;OTRA VEZ COSAS JAPONESAS... MURMURO MAMI DE ESA FORMA Y ENTONCES SE DETUVO DE GOLPE: EH? ES UN CALLEJON SIN SALIDA;5;11;0x18A9;0x18EC;texto;;;;;;;;;;;;;
H3;57;AL FINAL DEL PASILLO DE LAS MASCARAS NOS ESPERABA UNA PARED. NO HAY FORMA DE SEGUIR AVANZANDO.;9;7;0x18EE;0x191A;texto;;;;;;;;;;;;;
H3;58;ESTO DEBE TENER ALGO DIJO MAMI CON TONO DIVERTIDO ALGO... MIRE POR ENCIMA DE LOS HOMBROS DE LAS DOS PARA CONFIRMAR LOS ALREDEDORES;5;11;0x191C;0x195F;texto;;;;;;;;;;;;;
H3;59;...HABIA ALGO QUE PARECIA SER ESO EN UNA DE LAS MASCARAS, LOS OJOS BRILLABAN SI HACIA ALGO CON ESO, QUIZAS PODRIAMOS SEGUIR AVANZANDO LES CONTE ESO A LAS DOS;0;16;0x1961;0x19BE;texto;;;;;;;;;;;;;
H3;60;ESTA MASCARA... QUE SE HARA CON ELLA? PUES OBVIO, PONERSELA LAS DOS SE RIERON ENTRE ELLAS;7;9;0x19C0;0x19F7;texto;;;;;;;;;;;;;
H3;61;2.@@1.@@TE@@@ CED@PRO@LA@@@ ERL@BAR@PRUEB A@@@SEL@AS,@@ A@@@A@@@REIKA LOS@@@@@?@@@@ MAY@@@@@DIJO@ ORE@@@@@EMIKO S@@@@@@@CON@@ @@@@@@@@MALIC @@@@@@@@IA@@@;3;13;0x19F9;0x1A40;pregunta;;3;1;3;1;5;0;1. PROBARSELA;2. CEDERLA A LOS MAYORES;TE LA PRUEBAS, REIKA? DIJO EMIKO CON MALICIA;;;
H3;62;NO PODIA QUEDARME SOLO CON MIEDO EXTENDI LA MANO HACIA AQUELLA MASCARA. UNA LUZ FRIA ME MIRABA FIJAMENTE;5;11;0x1A4A;0x1A90;texto;;;;;;;;;;;;;
H3;63;EH? LA MASCARA NO SE SOLTABA DE LA PARED EN CAMBIO, SE PODIA GIRAR HACIA LA DERECHA;7;9;0x1A92;0x1AC5;texto;;;;;;;;;;;;;
H3;64;GOGOGOGO... LA PARED DE ENFRENTE SE ABRIO POCO A POCO ALLI APARECIO UN PASILLO. BUENO, VAMOS? SEGUIMOS AVANZANDO;5;11;0x1AC7;0x1B23;texto;;;;;;;;;;;;;
H3;65;AL FINAL DEL PASILLO HABIA UNA SALA AMPLIA, EN LA QUE SE ABRIA UN PASILLO ESTRECHO;9;7;0x1B25;0x1C7D;texto;;;;;;;;;;;;;
H3;66;EN EL LUGAR DONDE DECIA ENTRADA SOLO ENTRABA UNA PERSONA CON DIFICULTAD AL VERME TEMBLANDO DE NERVIOS, EMIKO Y MAMI SE COLOCARON UNA ADELANTE Y OTRA ATRAS, Y EMPEZAMOS A CAMINAR CON ELLAS A MIS LADOS;0;16;0x1C7F;0x1CEC;texto;;;;;;;;;;;;;
H3;67;TRAS AVANZAR DERECHO UN RATO, LA PARED SE GIRO DE GOLPE. DESDE DENTRO SALIO DE UN SALTO LA MUÑECA DE UNA MUJER DE CABELLO LARGO VESTIDA CON UN KIMONO BLANCO, ABRAZANDO UN SHAMISEN;3;13;0x1CEE;0x1D60;texto;;;;;;;;;;;;;
H3;68;KYA!... QUE SUSTO EMIKO, QUE CAMINABA ADELANTE, PARECIA HABERSE SORPRENDIDO MAS QUE YO, Y SE RASCABA LA CABEZA RIENDO;5;11;0x1D62;0x1DA8;texto;;;;;;;;;;;;;
H3;69;LA MUÑECA DE TAMAÑO REAL MOVIA CON ESPASMO SU MANO DERECHA, TOCANDO EL SHAMISEN;10;6;0x1DAA;0x1DD9;texto;;;;;;;;;;;;;
H3;70;EL SHAMISEN SONABA CADA VEZ MAS AGUDO Y RAPIDO, COMO UN GRITO QUE ABRUMABA TODO EL LUGAR.;7;9;0x1DDB;0x1E37;texto;;;;;;;;;;;;;
H3;71;PIIIN! LA CUERDA TENSA SE ROMPIO;12;4;0x1E39;0x1E60;texto;;;;;;;;;;;;;
H3;72;CLAC. CON ESE ECO FINAL, LA CABEZA DE LA MUÑECA CAYO Y SU MOVIMIENTO SE DETUVO LA ILUMINACION SE TINO DE ROJO, Y SU KIMONO BLANCO PARECIA TEÑIRSE DE SANGRE;2;14;0x1E62;0x1EC2;texto;;;;;;;;;;;;;
H3;73;ESTA MUÑECA DE AQUI DE VERDAD ESTA MUY BIEN HECHA DIJO MAMI EN ESO, ESTABA DE ACUERDO;8;8;0x1EC4;0x1EF3;texto;;;;;;;;;;;;;
H3;74;2.@@1.@@QUE@ MIR@DET@PASA AR@@ENE@CON@ JUN@RLA@ESTO TAS@@@@@?@@@ @@@@@@@@MAMI @@@@@@@@EXTI @@@@@@@@ENDE @@@@@@@@LA@@ @@@@@@@@MANO @@@@@@@@HACI @@@@@@@@A@@@ @@@@@@@@LA@@ @@@@@@@@MUÑE @@@@@@@@CA@@;3;12;0x1EF5;0x1F2D;pregunta;;3;1;3;1;4;0;1. DETENERLA;2. MIRAR JUNTAS;QUE PASA CON ESTO? MAMI EXTIENDE LA MANO HACIA LA MUÑECA;;;
H3;75;OYE, NO ESTARA MAL TOCARLA? LE DIJE A MAMI CREO QUE EN LUGARES COMO ESTE, TOCAR LAS MUÑECAS VA CONTRA LAS REGLAS TIENES RAZON DIJO MAMI VOLTEANDOSE HACIA NOSOTRAS, JUSTO EN ESE MOMENTO;0;16;0x1F37;0x1FA0;texto;;;;;;;;;;;;;
H3;76;LOS OJOS DE LA MUJER DEL SHAMISEN SE ABRIERON DE GOLPE EXTENDIO LA MANO Y ABRAZO A MAMI POR LA ESPALDA. KYAAA! COMO ERA NATURAL, MAMI GRITO;3;13;0x1FA2;0x2120;texto;;;;;;;;;;;;;
H3;77;BATAN! LA PARED SE GIRO DE NUEVO LA MUÑECA DESAPARECIO DENTRO DE LA PARED... JUNTO CON MAMI;7;9;0x2122;0x2162;texto;;;;;;;;;;;;;
H3;78;ESPERA, ESTO QUE...! MAMI! MAMI! EMIKO GOLPEABA LA PARED CON LOS PUÑOS;7;9;0x2164;0x219E;texto;;;;;;;;;;;;;
H3;79;...QUE HACEMOS? DIJE, PALIDA. NO HAY OTRA... SIGAMOS ADELANTE. DE TODOS MODOS NOS VAMOS A REENCONTRAR DESPUES NO ESTABA CONVENCIDA, PERO EMPECE A CAMINAR CON EMIKO, DEJANDO ATRAS A MAMI;0;16;0x21A0;0x2215;texto;;;;;;;;;;;;;
H3;80;AL FINAL DEL PASILLO HABIA UNA ESCALERA DE CARACOL. EL MURO DE PIEDRA TENIA CANDELABROS. ERA DISTINTO A TODO LO ANTERIOR.;7;9;0x2217;0x292E;texto;;;;;;;;;;;;;
H3;81;LA HABITACION QUE NOS ESPERABA AL FINAL TAMBIEN ERA DISTINTA A TODO LO ANTERIOR;8;8;0x2930;0x295C;texto;;;;;;;;;;;;;
H3;82;ERA UNA AMPLIA SALA DE ESTILO OCCIDENTAL HECHA DE MARMOL EL TECHO ALTISIMO TENIA VARIAS LAMPARAS DE CRISTAL DESLUMBRANTES EN LAS PAREDES, HABIA UNA HILERA DE ADORNOS DORADOS PULIDOS;0;16;0x2965;0x29E4;texto;;;;;;;;;;;;;
H3;83;UNA SALA LUJOSA QUE EVOCABA A LA NOBLEZA MEDIEVAL POR TODAS PARTES, MUÑECOS DE CERA DE HOMBRES Y MUJERES VESTIDOS CON TRAJES VISTOSOS BAILABAN AL RITMO DE LA MUSICA;2;14;0x29E6;0x2A5E;texto;;;;;;;;;;;;;
H3;84;CADA VEZ QUE GIRABAN, RESONABA UN SONIDO ENTRECORTADO CLIC! CLAC!;10;6;0x2A60;0x2A89;texto;;;;;;;;;;;;;
H3;85;ACABAS DE... VER A MAMI? DIJO EMIKO YO MIRABA A LAS MUÑECAS QUE BAILABAN EN CIRCULOS, ASI QUE NO ESTABA SEGURA;4;12;0x2A8B;0x2AD0;texto;;;;;;;;;;;;;
H3;86;UN MUÑECO DE CERA SE ACERCO HACIA NOSOTRAS EXTENDIENDO LA MANO CON ELEGANCIA;10;6;0x2AD2;0x2AFA;texto;;;;;;;;;;;;;
H3;87;ERA EL MUÑECO DE UN HOMBRE NOBLE, CON SUS RASGOS REFINADOS Y ATUENDO ELEGANTE PODRIA PARECER UN PRINCIPE, PERO AL SER UN MUÑECO, SOLO DABA MIEDO.;3;13;0x2AFC;0x2B5E;texto;;;;;;;;;;;;;
H3;88;2.@@1.@@... DEJ@BAI@Y@@ ARS@LAR@SI@ ELO@@@@@BAI A@@@@@@@LAS EMI@@@@@CON KO@@@@@@EL?;5;11;0x2B60;0x2B8E;pregunta;;3;1;3;1;3;0;1. BAILAR;2. DEJARSELO A EMIKO;...Y SI BAILAS CON EL?;;;
H3;87S;TOME LA MANO DE LA MUÑECA. SENTI UNA CALIDEZ EXTRAÑA QUE DABA MUY MALA SENSACION...;7;9;0x2B9A;0x2BD4;texto;;;;;;;;;;;;;
H3;88S;LA MUÑECA ME JALABA CON FUERZA, ACERCANDOME. NO HACIA FALTA LLEGAR HASTA ESTE PUNTO, NO?...;9;7;0x2BD9;0x2C04;texto;;;;;;;;;;;;;
H3;89;TOME LA MANO DE LA MUÑECA. SENTI UNA CALIDEZ EXTRAÑA QUE DABA MUY MALA SENSACION. LA MUÑECA TIRABA DE MI CUERPO CON FUERZA, ACERCANDOME. NO HACIA FALTA LLEGAR HASTA ESTE PUNTO, NO?...;0;16;0x2B98;0x2DEA;texto;;;;;;;;;;;;;
H3;89S;TERMINE BAILANDO CON EL MUÑECO DE CERA. A UN LADO, MAMI Y EMIKO ME ANIMABAN A GRITOS.;7;9;0x2C08;0x2C43;texto;;;;;;;;;;;;;
H3;90S;EVENTUALMENTE... LA MUSICA SE APAGO. CRIIIIIC. AL MISMO TIEMPO SE ABRIO LA PUERTA AL SIGUIENTE CUARTO. CRUZAMOS ESA PUERTA.;4;12;0x2C47;0x2C93;texto;;;;;;;;;;;;;
H3;90;MIENTRAS BAILABA, BUSQUE LA FIGURA DE MAMI MIRABA LAS CARAS DE LAS MUÑECAS QUE CRUZABAN A MI LADO PERO MAMI NO ESTABA POR NINGUNA PARTE Y POCO A POCO... LA MUSICA SE APAGO;2;14;0x2DEC;0x2E47;texto;;;;;;;;;;;;;
H3;91;CRIIIIC AL MISMO TIEMPO SE ABRIO LA PUERTA A LA SIGUIENTE HABITACION DONDE ESTA MAMI? PREGUNTO EMIKO SACUDI LA CABEZA Y CRUCE ESA PUERTA;4;12;0x2E49;0x2EA0;texto;;;;;;;;;;;;;
H3;92;UN PASILLO CONTINUABA EN MEDIO DE LA OSCURIDAD. QUE ESTARA PASANDO? SE ME ESCAPO SIN QUERER UN TONO DE INQUIETUD. SOLO PODIA PENSAR EN LLEGAR PRONTO A LA SALIDA, SIN QUE SE ME OCURRIERA NADA MAS.;2;14;0x2EA2;0x30FA;texto;;;;;;;;;;;;;
H3;93;2.@@1.@@@UNA@@@@ LOS@LOS@@BIFURCA ANC@JOV@@CION.@@ IAN@ENE@@ROSTROS OS@@S@@@@JOVENES DE@@DE@@@A@@@@@@ LA@@LA@@@LA@@@@@ IZQ@DER@@DERECHA UIE@ECH@@,@@@@@@ RDA@A@@@@VIEJOS@ @@@@@@@@@A@@@@@@ @@@@@@@@@LA@@@@@ @@@@@@@@@IZQUIER @@@@@@@@@DA@@@@@;0;16;0x30FC;0x3170;pregunta;;3;1;3;2;7;0;1. LOS JOVENES DE LA DERECHA;2. LOS ANCIANOS DE LA IZQUIERDA;UNA BIFURCACION. ROSTROS JOVENES A LA DERECHA, VIEJOS A LA IZQUIERDA;;;
H3;94;...VAMOS POR LA DERECHA? PROPUSE CUALQUIERA ESTA BIEN PARA MI... RESPONDIO EMIKO DOBLAMOS A LA DERECHA Y SEGUIMOS POR ESE CAMINO;2;14;0x317A;0x3626;texto;;;;;;;;;;;;;
H3;95;TRAS AVANZAR UN RATO, LLEGAMOS FRENTE A UN TUNEL ESTRECHO AL PARECER, SOLO SE PUEDE PASAR DE UNA EN UNA;5;11;0x3628;0x9645;texto;;;;;;;;;;;;;
H3;96;2.@1.@QUI IR@IR@EN@ DE@PR@VA@ SP@IM@PRI UE@ER@MER S@@O@@O?@;7;9;0x9647;0x9671;pregunta;;2;1;2;1;3;0;1. IR PRIMERO;2. IR DESPUES;QUIEN VA PRIMERO?;;;
H3;97;YO IRE PRIMERO... DIJE CON UN POCO DE DUDA NO SE QUE ME ESPERA EN LA SIGUIENTE HABITACION, PERO TAMPOCO QUIERO QUEDARME AQUI SOLA;5;11;0x967B;0x96CA;texto;;;;;;;;;;;;;
H3;98;...BIEN, ENTENDIDO. TEN CUIDADO, DIJO EMIKO. ASENTI Y ME LANCE AL TOBOGAN RESBALADIZO;8;8;0x96CC;0x96FC;texto;;;;;;;;;;;;;
H3;99;ADENTRO NO ESTABA COMPLETAMENTE OSCURO, HABIA UNA LUZ TENUE ENCENDIDA LAS PAREDES ERAN TODAS ESPEJOS, DONDE SE REFLEJABA MI FIGURA... QUE DISEÑO TAN DESAGRADABLE;2;14;0x9705;0x9761;texto;;;;;;;;;;;;;
H3;100;TRAS PASAR EL TUNEL MIS PIES TOCARON EL SUELO. AL LEVANTAR LA VISTA VI ESPEJOS CUBRIENDO TODA LA PARED, DISPUESTOS EN DISTINTOS ANGULOS.;5;11;0x9763;0x97AB;texto;;;;;;;;;;;;;
H3;101;WOW! SE ME ESCAPO LA VOZ SIN QUERER. EN LOS ESPEJOS SE REFLEJABA MI FIGURA MULTIPLES VECES SUPERPUESTAS, Y CADA UNO MOSTRABA UN REFLEJO DISTINTO.;4;12;0x97AD;0x9801;texto;;;;;;;;;;;;;
H3;102;ALGUNAS SE ESTIRABAN HACIA ARRIBA Y ABAJO, OTRAS HACIA LOS LADOS. Y LUEGO APARECIAN APLASTADAS AL CONTRARIO. SE DISPERSABAN POR TODOS LADOS.;5;11;0x9803;0x984D;texto;;;;;;;;;;;;;
H3;103;YA ESTA BIEN? PUEDO BAJAR? SE ESCUCHO LA VOZ DE EMIKO DESDE ARRIBA SIIII, DALE RESPONDI, Y ENSEGUIDA ELLA TAMBIEN SE DESLIZO POR EL TOBOGAN HACIA ABAJO;3;13;0x984F;0xC0BF;texto;;;;;;;;;;;;;
H3;104;BUENO, SIGAMOS ADELANTE DIJO EMIKO PERO... HACIA DONDE?;10;6;0x3F28;0x3F49;texto;;;;;;;;;;;;;
H3;105;AL FIJARSE DE NUEVO EN LOS INNUMERABLES ESPEJOS, SUS FIGURAS SE MEZCLABAN CAOTICAMENTE, TAN DISTORSIONADAS QUE ERA DIFICIL DISTINGUIR CUAL ERA CUAL.;4;12;0x3F4B;0x3FA6;texto;;;;;;;;;;;;;
H3;106;YA SE PUEDE...? DESDE EL TUNEL DETRAS, SE ESCUCHO UNA VOZ PEQUEÑA Y COMO DISTORSIONADA... ES LA VOZ DE MAMI!;7;9;0x3FA8;0x3FEE;texto;;;;;;;;;;;;;
H3;107;MAMI! AQUI ESTAMOS! BAJATE YA! GRITO EMIKO EN RESPUESTA ESPERAMOS A QUE MAMI BAJARA, PERO POR MAS QUE ESPERAMOS, NUNCA LLEGO;3;13;0x3FF0;0x404E;texto;;;;;;;;;;;;;
H3;108;......QUE PASO? PENSANDO QUE ALGO IBA MAL, ASOME LA CABEZA DENTRO DEL TUNEL DON! JUSTO EN ESE MAL MOMENTO, EL ZAPATO DE MAMI CAYO SOBRE MI CARA;2;14;0x4050;0x40AD;texto;;;;;;;;;;;;;
H3;109;KYAAA! MIENTRAS ME SUJETABA LA CARA INTENTANDO LEVANTARME, ESCUCHE EL GRITO DE EMIKO Y ME SOBRESALTE;7;9;0x40AF;0x40EC;texto;;;;;;;;;;;;;
H3;110;EL MOTIVO SE HIZO EVIDENTE DE INMEDIATO QUIEN HABIA BAJADO POR EL TOBOGAN NO ERA MAMI;8;8;0x40EE;0x4116;texto;;;;;;;;;;;;;
H3;111;ERA LA MUÑECA DE UNA NIÑA, ESPANTOSAMENTE REALISTA. LA MUÑECA INTENTABA TREPAR ENCIMA DE MIS RODILLAS;7;9;0x4118;0x4154;texto;;;;;;;;;;;;;
H3;112;KYAAAAA! CORRIMOS. ENTONCES, UNO DE LOS ESPEJOS FRENTE A NOSOTRAS SE ABRIO DE GOLPE, REVELANDO LO QUE PARECIA SER LA SALIDA DE LA SALA ASI QUE NOS LANZAMOS SIN DUDAR.;4;12;0x4156;0x41AD;texto;;;;;;;;;;;;;
H3;113;LA SIGUIENTE HABITACION TAMBIEN TENIA MUÑECAS: A LO LARGO DE UNA MESA LARGA, FIGURAS DE CERA ESTABAN CENANDO;7;9;0x41AF;0x41F1;texto;;;;;;;;;;;;;
H3;114;CLIC! CLAC! JUSTO AL ENTRAR, LAS MUÑECAS EMPEZARON A MOVERSE, Y A DIFERENCIA DE LA ELEGANTE SALA DE BAILE, AQUI HOMBRES Y MUJERES DEMACRADOS LEVANTABAN Y BAJABAN CUBIERTOS EN SILENCIO, SIN GRACIA ALGUNA.;0;16;0x41FA;0x427D;texto;;;;;;;;;;;;;
H3;115;LA LUZ, A PUNTO DE EXTINGUIRSE, HACIA QUE LA HABITACION SE SINTIERA TODAVIA MAS SINIESTRA, SOLO EL SONIDO DEL MECANISMO DE LOS AUTOMATAS RESONABA EN SILENCIO;5;11;0x427F;0x42C5;texto;;;;;;;;;;;;;
H3;116;CLIC! CLAC! CLIC! CLAC! SENTI QUE NO DEBIA HACER NINGUN RUIDO, ASI QUE COMENCE A CAMINAR CON CUIDADO;8;8;0x42C7;0x42FD;texto;;;;;;;;;;;;;
H3;117;CATACATACATA... DESDE LA SOMBRA DE LA MESA, EN EL ANGULO MUERTO AL FONDO, LO QUE PARECIA SER UNA MUÑECA DE NIÑA AVANZABA;7;9;0x42FF;0x4342;texto;;;;;;;;;;;;;
H3;118;LA MISMA MUÑECA QUE HABIA BAJADO POR EL TUNEL HACE UN MOMENTO;10;6;0x4344;0x436B;texto;;;;;;;;;;;;;
H3;119;LA MUÑECA, DIRIGIENDOSE HACIA MI, EXTENDIO UNA MANZANA ROJA;10;6;0x436D;0x4390;texto;;;;;;;;;;;;;
H3;120;AL MIRAR DE CERCA, SU EXPRESION PARECIA ESTAR TORCIDA EN UNA SONRISA, DE UNA FORMA INQUIETANTE SUS OJOS REFLEJABAN LA LUZ AZUL DE LA LAMPARA A SUS PIES, CON UN BRILLO DE MAL AGUERO;2;14;0x4392;0x4402;texto;;;;;;;;;;;;;
H3;121;2.@@1.@@CLIC@@@ NO@@GRA@CLAC... QUI@CIA@LA@@@@@ ERO@S@@@MUÑECA@ @@@@@@@@DE@@@@@ @@@@@@@@NIÑA@@@ @@@@@@@@SEGUIA@ @@@@@@@@EXTENDI @@@@@@@@ENDOME@ @@@@@@@@LA@@@@@ @@@@@@@@MANZANA;1;15;0x4404;0x4452;pregunta;;3;1;3;1;7;0;1. GRACIAS;2. NO QUIERO;CLIC CLAC... LA MUÑECA DE NIÑA SEGUIA EXTENDIENDOME LA MANZANA;;;
H3;122;AH, GRACIAS... RECIBI LA MANZANA QUE ME OFRECIA ESA MANZANA ERA REAL, Y TENIA LA MARCA DE UN SOLO MORDISCO;5;11;0x445C;0x4B1C;texto;;;;;;;;;;;;;
H3;123;LA MUÑECA, CON SU EXPRESION SATISFECHA, ME VEIA FIJAMENTE, INSTANDOME A COMERLA PRONTO.;9;7;0x4B1E;0x4B4E;texto;;;;;;;;;;;;;
H3;124;POR QUE NO LA TIRAS? DIJO EMIKO SI, CLARO RESPONDI, Y DEJE LA MANZANA AHI MISMO EN EL SUELO;7;9;0x4B50;0x4B83;texto;;;;;;;;;;;;;
H3;125;TODAS LAS MUÑECAS DE LA MESA NOS MIRARON FIJO DE GOLPE. CRIIIC. CASI HUYENDO, ABRIMOS LA SIGUIENTE PUERTA.;7;9;0x4B85;0x4BD7;texto;;;;;;;;;;;;;
H3;126;AVANZAMOS POR EL PASILLO EN SILENCIO TOTAL DONDE ESTARA MAMI? MURMURO EMIKO TAMBIEN ESAS PALABRAS PENSAR EN QUE NOS ESPERARIA EN LA SIGUIENTE SALA HACIA QUE EL AMBIENTE SE SINTIERA PESADO;2;14;0x4BD9;0x5311;texto;;;;;;;;;;;;;
H3;127;YO... YA NO PUEDO MAS... SIN QUERER, DEJE ESCAPAR LO QUE SENTIA;9;7;0x5313;0x5337;texto;;;;;;;;;;;;;
H3;128;......MEJOR SALGAMOS. A LO MEJOR MAMI YA SALIO. YO NO QUERIA SEGUIR AVANZANDO. PERO, COMO SALIMOS?;4;12;0x5339;0x5381;texto;;;;;;;;;;;;;
H3;129;UNA CASA EMBRUJADA DEBERIA TENER UNA SALIDA DE EMERGENCIA POR SI HAY UN DESASTRE. PODRIAMOS ESCAPAR POR AHI. PERO EN TODO LO QUE HABIAMOS AVANZADO, NO HABIA VISTO NINGUNA.;0;16;0x5383;0x53F4;texto;;;;;;;;;;;;;
H3;130;AH! EMIKO SEÑALO HACIA ADELANTE SIGUIENDO SU DEDO CON LA MIRADA, AHI HABIA ALGO QUE NO PEGABA EN ABSOLUTO CON UNA CASA EMBRUJADA: ERA UNA CABINA TELEFONICA;2;14;0x53F6;0x5464;texto;;;;;;;;;;;;;
H3;131;QUE BIEN! CON ESO QUIZAS PODAMOS CONTACTAR AL PERSONAL EMIKO Y YO CORRIMOS HACIA LA CABINA TELEFONICA;5;11;0x5466;0x54AA;texto;;;;;;;;;;;;;
H3;132;PERO ALGO CRUZO POR MI MENTE: POR QUE HABRIA UNA CABINA TELEFONICA EN UN LUGAR COMO ESTE...?;7;9;0x54AC;0x54E7;texto;;;;;;;;;;;;;
H3;133;TRRRRIN! DE REPENTE EL TELEFONO EMPEZO A SONAR. NOS MIRAMOS LA UNA A LA OTRA Y EMIKO EXTENDIO LENTAMENTE LA MANO HACIA EL AURICULAR. HOLA...?;5;11;0x54E9;0x554D;texto;;;;;;;;;;;;;
H3;134;BUENAS TARDES, SEÑORITAS! ESA VOZ ERA LA DE LA ESTATUA DE BRONCE QUE ESTABA EN LA ENTRADA DE LA CASA EMBRUJADA;7;9;0x554F;0x5597;texto;;;;;;;;;;;;;
H3;135;LAS DOS SOLAS, QUE BIEN QUE LLEGARON HASTA AQUI! ...SAQUENOS DE AQUI, POR FAVOR! DIJO EMIKO CON VOZ CANSADA;2;14;0x5599;0x55ED;texto;;;;;;;;;;;;;
H3;136;ESO NO PUEDE SER! MEJOR AUN, SI SE UNEN A NOSOTROS, CON GUSTO LAS ACEPTARE EN MI MANSION. DEJENOS SALIR! MAMI... DONDE ESTA MAMI!?;0;16;0x55EF;0x565E;texto;;;;;;;;;;;;;
H3;137;SI ESO QUIEREN, NO HAY MAS REMEDIO. TENGO UN SUBORDINADO CAPAZ, DEJEMOSLO EN SUS MANOS. EL TELEFONO SE CORTO DE GOLPE. LA MANO DE EMIKO QUE SOSTENIA EL AURICULAR TEMBLABA. AUNQUE TENIA MIEDO, NO QUEDABA MAS OPCION QUE SEGUIR;0;16;0x5660;0x56E0;texto;;;;;;;;;;;;;
H3;138;TRAS AVANZAR UN RATO, LLEGAMOS A OTRA HABITACION DE ASPECTO SOSPECHOSO;10;6;0x56E2;0x5FAE;texto;;;;;;;;;;;;;
H3;139;UNA LUZ ROJA ILUMINABA TENUEMENTE TODA LA HABITACION. MIRE A MI ALREDEDOR POR UN MOMENTO, ESTE LUGAR ERA MAS ESTRECHO QUE LOS ANTERIORES, Y NO HABIA NINGUNA MUÑECA A LA VISTA;2;14;0x5FB0;0x601A;texto;;;;;;;;;;;;;
H3;140;EN CAMBIO, EN LA PARED HABIA UNA HILERA DE DIVERSAS FORMAS QUE NOS HICIERON TEMBLAR. ERAN OBJETOS QUE YA HABIA VISTO VARIAS VECES EN TV O EN LIBROS: INSTRUMENTOS DE TORTURA MEDIEVAL OCCIDENTAL.;2;14;0x601C;0x6090;texto;;;;;;;;;;;;;
H3;141;TODA ESTA SALA CILINDRICA HABIA SIDO RECREADA COMO UNA CAMARA DE TORTURA;10;6;0x6092;0x60BE;texto;;;;;;;;;;;;;
H3;142;A PRIMERA VISTA, NO HABIA NINGUNA PUERTA ADELANTE. EN LA PARED, LOS INSTRUMENTOS DE TORTURA COLGABAN EN HILERA. TENIAN UN ASPECTO VETUSTO, DANDO LA IMPRESION DE QUE EN VERDAD HABIAN SIDO USADOS;2;14;0x60C0;0x6124;texto;;;;;;;;;;;;;
H3;143;PEQUEÑOS Y GRANDES OBJETOS CORTANTES, DE TODA CLASE, INCLUIDA LA DONCELLA DE HIERRO. DEL TECHO COLGABAN VIEJAS CUERDAS, Y AL FONDO HABIA UNA GUILLOTINA.;5;11;0x6126;0x6186;texto;;;;;;;;;;;;;
H3;144;TODOS LOS OBJETOS DABAN MALA ESPINA, CON MANCHAS QUE PARECIAN RASTROS DE SANGRE. SIN SABER HACIA DONDE IR, CAMINAMOS HACIA EL CENTRO DE LA HABITACION.;5;11;0x6188;0x61D2;texto;;;;;;;;;;;;;
H3;145;EMIKO SE QUEDO INMOVIL, SIN SABER QUE HACER. QUE HACEMOS? A LO MEJOR NO HAY SALIDA... MI VOZ HIZO ECO.;3;13;0x61D4;0x6223;texto;;;;;;;;;;;;;
H3;146;ESPERAMOS UN RATO, PERO NO HABIA SEÑALES DE UNA PUERTA. EMIKO Y YO NOS QUEDAMOS MIRANDONOS MUTUAMENTE.;8;8;0x6225;0x6254;texto;;;;;;;;;;;;;
H3;147;GOGOGOGO... DE REPENTE, LA PARED LATERAL SE MOVIO, Y DESDE AHI APARECIO UN HOMBRE MUSCULOSO CON LA CARA CUBIERTA POR UNA MASCARA;7;9;0x6256;0x62A6;texto;;;;;;;;;;;;;
H3;148;PROBABLEMENTE SEA EL ENCARGADO DE ESTA HABITACION... ENTENDI ENSEGUIDA QUE IBA A HACER CON NOSOTRAS;8;8;0x62AE;0x62E5;texto;;;;;;;;;;;;;
H3;149;SE ACERCO, PASO A PASO, HACIA NOSOTRAS ELIJAN UNA DE LAS DOS DIJO EL HOMBRE CON VOZ BAJA, COMO TEMBLANDO;7;9;0x62E7;0x6323;texto;;;;;;;;;;;;;
H3;150;ELEGIR QUE? DE QUE MANERA? DIJO EMIKO CON VOZ CANSADA;9;7;0x6325;0x634E;texto;;;;;;;;;;;;;
H3;151;2.@@1.@@ELI ESP@DAR@JAN ERA@UN@@UNA R@@@PAS@DE@ AYU@O@@@LAS DA@@AL@@DOS @@@@FRE@REP @@@@NTE@ITI @@@@@@@@O@@ @@@@@@@@EL@ @@@@@@@@HOM @@@@@@@@BRE @@@@@@@@DE@ @@@@@@@@NUE @@@@@@@@VO@;5;11;0x6350;0x638B;pregunta;;3;1;3;1;3;0;1. DAR UN PASO AL FRENTE;2. ESPERAR AYUDA;ELIJAN UNA DE LAS DOS REPITIO EL HOMBRE DE NUEVO;;;
H3;152;YO VOY! EXCLAME. EMIKO ME MIRO SORPRENDIDA.;8;8;0x6395;0x6C36;texto;;;;;;;;;;;;;
H3;153;REIKA, ESTAS SEGURA? SI, CREO QUE SI. SONREI SIN FUERZAS. EL HOMBRE, SIN DECIR NADA, AGARRO MI HOMBRO CON UNA FUERZA TREMENDA. NO PODIA RESISTIRME.;3;13;0x6C38;0x6C93;texto;;;;;;;;;;;;;
H3;154;REIKA! ME HICIERON PARARME FRENTE A LA DONCELLA DE HIERRO. UN SARCOFAGO CON FORMA HUMANA QUE POR DENTRO TENIA PUAS DE METAL PUNTIAGUDAS.;5;11;0x6C95;0x6CE2;texto;;;;;;;;;;;;;
H3;155;PROBABLEMENTE, SI ENTRABA Y CERRABAN LA PUERTA, QUEDARIA COMPLETAMENTE ATRAVESADA POR TODAS PARTES... EL HOMBRE ME EMPUJO DENTRO DE AQUEL SARCOFAGO.;5;11;0x6CE4;0x6D2D;texto;;;;;;;;;;;;;
H3;156;KYAAA! ESE GRITO... ERA EL MIO? O ACASO ERA DE...;10;6;0x6D2F;0x6D58;texto;;;;;;;;;;;;;
H3;157;BATAN! -SONIDO DE LA PUERTA CERRANDOSE- SIN EMBARGO... MI CUERPO NO FUE ATRAVESADO POR NADA.;7;9;0x6D5A;0x6D9A;texto;;;;;;;;;;;;;
H3;158;SIN ENTENDER COMO, ME DI CUENTA DE QUE ESTABA DE PIE EN UN PASILLO PROBABLEMENTE, EN ALGUN OTRO PUNTO, EL SARCOFAGO Y EL PASILLO ESTABAN CONECTADOS.;5;11;0x6D9C;0x6DED;texto;;;;;;;;;;;;;
H3;159;LA PUERTA DEL SARCOFAGO SE CERRO Y TODO QUEDO A OSCURAS. YO... ESTABA BIEN. SEGURAMENTE HABIA ALGUN MECANISMO QUE IMPEDIA QUE LAS PUAS SE CLAVARAN.;4;12;0x6DEF;0x76D4;texto;;;;;;;;;;;;;
H3;160;AYUDENMEEE! UN GRITO DESGARRADOR RESONO. ERA LA VOZ DE EMIKO. DETENGANSEEE...! EL GRITO SE CORTO A LA MITAD.;5;11;0x76D6;0x7730;texto;;;;;;;;;;;;;
H3;161;Y LUEGO, FUERA DEL SARCOFAGO TODO QUEDO EN SILENCIO. QUE HABRA PASADO AFUERA? EMIKO...;7;9;0x7732;0x7764;texto;;;;;;;;;;;;;
H3;162;LA DE ANTES AGUANTO MAS. BUENO, DA IGUAL, TODAVIA QUEDA OTRA. LOS PASOS SE ACERCABAN. EN MI CABEZA, ESOS PASOS SIGUIERON RESONANDO SIN FIN.;2;14;0x7766;0x77CB;texto;;;;;;;;;;;;;
H3;16B;EH, NO QUIERO... LES DIJE. LAS DOS SON MAYORES QUE YO, PERO NO ERA UNA RELACION EN LA QUE ESO IMPORTARA TANTO. A DIFERENCIA DE ELLAS, NO SOLIA EXPRESAR MUCHO MI OPINION, PERO...;2;14;0x0536;0x0626;texto;;;;;;;;;;;;;
H3;17B;LAS DOS SE RIERON A CARCAJADAS, CADA VEZ MAS DIVERTIDAS. NO QUIERES, EN SERIO? DIJO MAMI, ALGO SORPRENDIDA.;5;11;0x062E;0x067B;texto;;;;;;;;;;;;;
H3;18B;PERO REIKA, SI NUESTRA HERMANA MAYOR DICE QUE QUIERE IR, NOSOTRAS DOS TENEMOS QUE IR CON GUSTO DIJO EMIKO, SACANDO PECHO DE FORMA EXAGERADA.;3;13;0x067D;0x06D5;texto;;;;;;;;;;;;;
H3;19B;ESTA BIEN, ENTENDIDO RESPONDI ASI, YA MEDIO RESIGNADA.;10;6;0x06D7;0x0700;texto;;;;;;;;;;;;;
H3;24B;NO HABRA ALGUIEN MAS POR AQUI? SOLO CON ESO YA DARIA MUCHO MENOS MIEDO. TENIA CIERTA ESPERANZA, PERO NO SE VEIA A NADIE. EN CAMBIO, LA ATMOSFERA PARECIA PRESAGIAR QUE ALGO PODRIA APARECER.;2;14;0x088E;0x09E5;texto;;;;;;;;;;;;;
H3;25B;UNA CASA EMBRUJADA DONDE SOLO ESTAMOS NOSOTRAS, NO DA BASTANTE MIEDO? LES DIJE, PERO LAS DOS SOLO ME MIRARON CON CARA DE DIVERSION, SIN DARLE IMPORTANCIA. ME QUEDE UN POCO DESANIMADA.;0;16;0x09E7;0x0A4C;texto;;;;;;;;;;;;;
H3;49B;PLAF! JUSTO CUANDO PENSE QUE EL TECHO SOBRE MI HABIA GIRADO, CON UN RUIDO DE TRAQUETEO CAYO UN MUÑECO DE SAMURAI COLGADO BOCA ABAJO, DETENIENDOSE JUSTO ANTES DE GOLPEAR EL SUELO.;2;14;0x12CF;0x159B;texto;;;;;;;;;;;;;
H3;50B;KYAA! MAMI DIO UN SALTO HACIA ATRAS Y RETROCEDIO ASUSTADA. YO TAMBIEN, ARRASTRADA POR ELLA, ME PEGUE A LA PARED. AH, QUE SUSTO.;4;12;0x159D;0x15E7;texto;;;;;;;;;;;;;
H3;51B;MAMI, QUE AL PRINCIPIO SE HABIA ASUSTADO, AL VER QUE ERA UN MUÑECO, SE PUSO A OBSERVARLO RIENDO.;9;7;0x15E9;0x161B;texto;;;;;;;;;;;;;
H3;52B;AL IGUAL QUE EL MUÑECO ANTERIOR, ESTABA MUY BIEN CONSTRUIDO. EL ROSTRO DE AGONIA DEL SAMURAI REALMENTE LOGRABA TRANSMITIR MALESTAR. EMIKO TAMBIEN LO MIRABA IMPRESIONADA.;3;13;0x1623;0x1680;texto;;;;;;;;;;;;;
H3;53B;DE REPENTE LA LUZ CAMBIO A ROJO. LAS EXTREMIDADES DEL SAMURAI, HASTA ENTONCES RIGIDAS, CAYERON COMO SI HUBIERAN PERDIDO TODA SU FUERZA.;5;11;0x1682;0x16D5;texto;;;;;;;;;;;;;
H3;54B;PARECIA COMO SI HASTA ESE MOMENTO SE HUBIERA ESTADO RESISTIENDO. UN ESCALOFRIO ME RECORRIO LA ESPALDA. CON UN TIRON, SE BALANCEO Y FUE IZADO DE VUELTA HACIA EL TECHO CON UN SONIDO DE TRAQUETEO.;2;14;0x16D7;0x1746;texto;;;;;;;;;;;;;
H3;55B;NUNCA HABIA VISTO UNA CASA EMBRUJADA ASI, ESTA MUY BIEN HECHA DIJO MAMI CON UNA VOZ ENTUSIASMADA. YO TAMBIEN, ESTO PROMETE PARA LO QUE VIENE.;3;13;0x1748;0x1799;texto;;;;;;;;;;;;;
H3;65B;SE LO CEDO A LA MAYOR DIJE. AY, REIKA NO TIENE REMEDIO DIJO EMIKO, Y ELLA MISMA PUSO LA MANO SOBRE LA MASCARA.;7;9;0x1A4A;0x1B77;texto;;;;;;;;;;;;;
H3;66B;EH? PARECE QUE NO SE SEPARA DE LA PARED DIJO EMIKO. SE QUEDO UN RATO PENSANDO, PERO LUEGO, COMO SI SE LE HUBIERA OCURRIDO ALGO, ESTIRO LA MANO HACIA LA MASCARA.;4;12;0x1B79;0x1BC7;texto;;;;;;;;;;;;;
H3;67B;SE HACE ASI, DIJO EMIKO GIRANDO LA MASCARA HACIA LA DERECHA.;10;6;0x1BC9;0x1BE7;texto;;;;;;;;;;;;;
H3;68B;GOGOGO... LA PARED DE ENFRENTE SE FUE ABRIENDO. ALLI APARECIO UN PASILLO. BUENO, SIGAMOS DIJE. Y SEGUIMOS ADELANTE.;5;11;0x1BE9;0x1C46;texto;;;;;;;;;;;;;
H3;79B;ESTABA HECHA CON TANTA PRECISION QUE ME DIO CURIOSIDAD. MAMI Y YO NOS ASOMAMOS JUNTAS A MIRAR A LA MUÑECA.;8;8;0x1F37;0x1FDE;texto;;;;;;;;;;;;;
H3;93B;NO HAY REMEDIO, YO VOY DIJO EMIKO, ACERCANDOSE Y TOMANDO LA MANO DEL MUÑECO. Y EMPEZO A BAILAR. EMIKO BAILABA TAN BIEN QUE EL MUÑECO NO LE LLEGABA NI A LOS PIES.;2;14;0x2B98;0x2F0B;texto;;;;;;;;;;;;;
H3;94B;MIENTRAS BUSCABA CON LA MIRADA A MAMI, LA MUSICA SE DETUVO. CON UN CRUJIDO, SE ABRIO LA PUERTA A LA SIGUIENTE HABITACION. EMIKO, QUE HABIA TERMINADO DE BAILAR, SE ACERCO.;2;14;0x2F0D;0x2F76;texto;;;;;;;;;;;;;
H3;95B;MAMI NO ESTABA... ASENTI CON LA CABEZA Y CRUCE LA PUERTA QUE RECIEN SE HABIA ABIERTO.;9;7;0x2F78;0x2FA5;texto;;;;;;;;;;;;;
H3;98B;VAMOS POR LA IZQUIERDA, DIJO EMIKO ANTES QUE YO. YO TAMPOCO TENIA OBJECION.;8;8;0x317A;0x3658;texto;;;;;;;;;;;;;
H3;99B;AMBAS EMPEZAMOS A CAMINAR AL UNISONO. Y JUSTO AL GIRAR HACIA LA IZQUIERDA... UNA FIGURA NOS ESTABA ESPERANDO. KYAAAAA! FUE TAN REPENTINO QUE SOLTAMOS UN GRITO.;3;13;0x365A;0x36C6;texto;;;;;;;;;;;;;
H3;100B;ERA UN GUERRERO CON ARMADURA. CON UNOS OJOS COMO FUEGOS FANTASMA BRILLANDO DENTRO DEL CASCO, SE ACERCABA HACIA NOSOTRAS. NO, NO, VOLVAMOS! ME AFERRE A EMIKO.;2;14;0x36C8;0x3720;texto;;;;;;;;;;;;;
H3;101B;QUE ESTAS DICIENDO, SI ES UN EMPLEADO DIJO EMIKO RIENDO, ACERCANDOSE AL GUERRERO. INTERCAMBIO UNAS PALABRAS CON EL, Y LUEGO VOLVIO.;3;13;0x3722;0x377C;texto;;;;;;;;;;;;;
H3;102B;LE PREGUNTE A EMIKO. QUE PASO? ME DIJO QUE ESTAN EN REMODELACION... EL GUERRERO CON ARMADURA INCLINO LA CABEZA A MODO DE SALUDO.;7;9;0x377E;0x37C4;texto;;;;;;;;;;;;;
H3;103B;AAH. TODA LA TENSION SE ME FUE DE GOLPE. SIN OTRA OPCION, DECIDIMOS TOMAR EL CAMINO DE LA DERECHA.;7;9;0x37C6;0x37FC;texto;;;;;;;;;;;;;
H3;106B;EMIKO, VE TU PRIMERO LE PEDI. SUPONGO QUE NO HAY REMEDIO DIJO EMIKO, Y SE SENTO EN EL TOBOGAN.;5;11;0x967B;0x9896;texto;;;;;;;;;;;;;
H3;107B;TE AVISO CUANDO LLEGUE ABAJO, DIJO EMIKO, Y DEJANDO ESAS PALABRAS, SE DESLIZO HACIA ABAJO.;7;9;0x9898;0x98C9;texto;;;;;;;;;;;;;
H3;108B;ME QUEDE SOLA. PASO BASTANTE TIEMPO, Y DESDE ABAJO SE OYO LA VOZ DE EMIKO. YA ESTAAAAA, VEN!;4;12;0x98CB;0x9917;texto;;;;;;;;;;;;;
H3;109B;ME APRESURE Y ME LANCE DENTRO DEL TUNEL. NO ESTABA COMPLETAMENTE OSCURO, HABIA UNA LUZ TENUE ENCENDIDA.;7;9;0x9919;0x9961;texto;;;;;;;;;;;;;
H3;110B;TODAS LAS PAREDES ERAN ESPEJOS, Y MI PROPIO REFLEJO SE MOSTRABA POR TODOS LADOS. QUE DISEÑO TAN DESAGRADABLE.;7;9;0x9963;0x999C;texto;;;;;;;;;;;;;
H3;111B;SALI DEL TUNEL Y MIS PIES TOCARON EL SUELO. AL LEVANTAR LA VISTA, VI QUE TODA LA PARED ERA UN MOSAICO DE ESPEJOS DESDE DISTINTOS ANGULOS. GUAU! SOLTE UN GRITO SIN QUERER.;2;14;0x999E;0x99FA;texto;;;;;;;;;;;;;
H3;112B;MI IMAGEN SE REFLEJABA MULTIPLES VECES, SUPERPUESTA EN LOS ESPEJOS. CADA UNA SE VEIA DE UNA FORMA COMPLETAMENTE DISTINTA. ESTIRADAS DE ARRIBA A ABAJO O DE LADO A LADO.;3;13;0x99FC;0x9A56;texto;;;;;;;;;;;;;
H3;113B;OTRAS, POR EL CONTRARIO, PARECIAN APLASTADAS. INCONTABLES VERSIONES DE MI SE ESPARCIAN POR TODAS PARTES.;8;8;0x9A58;0x9A88;texto;;;;;;;;;;;;;
H3;114B;ESTO ES INCREIBLE, VERDAD? ME DIJO EMIKO, QUE HABIA BAJADO ANTES QUE YO. HABIA ENTRADO A CASAS DE ESPEJOS ANTES, PERO ERA LA PRIMERA VEZ QUE VEIA UNA TAN COMPLEJA Y ELABORADA.;3;13;0x9A8A;0xC1B9;texto;;;;;;;;;;;;;
H3;133B;N-NO LA QUIERO SACUDI LA CABEZA POR EL ASCO. AUN ASI, LA NIÑA SEGUIA EXTENDIENDOME LA MANZANA.;7;9;0x445C;0x4C1E;texto;;;;;;;;;;;;;
H3;134B;NO LA QUEREMOS! DIJO EMIKO, Y DE UN MANOTAZO APARTO LA MANZANA.;8;8;0x4C20;0x4C4F;texto;;;;;;;;;;;;;
H3;135B;TODOS LOS MUÑECOS DE LA MESA NOS MIRARON FIJAMENTE AL MISMO TIEMPO. CRIIIIIC. COMO HUYENDO, ABRIMOS LA SIGUIENTE PUERTA.;7;9;0x4C51;0x4CA3;texto;;;;;;;;;;;;;
H3;162B;...YO IRE DIJO EMIKO, DANDO UN PASO AL FRENTE. ESTO ES SOLO UNA CASA EMBRUJADA, NO VAMOS A MORIR. EL HOMBRE AGARRO CON FUERZA EL BRAZO DE EMIKO.;5;11;0x6395;0x6E51;texto;;;;;;;;;;;;;
H3;163B;EL HOMBRE EMPUJO A EMIKO DENTRO DEL SARCOFAGO SIN MAS. Y CON UN GOLPE, CERRO LA PUERTA. TERMINADO SU TRABAJO, EL HOMBRE SE FUE DE LA HABITACION COMO SATISFECHO.;3;13;0x6E53;0x6EC0;texto;;;;;;;;;;;;;
H3;164B;ME QUEDE PARADA FRENTE AL SARCOFAGO, SIN PODER MOVERME. DE LAS RENDIJAS DEL SARCOFAGO EMPEZO A REBALSAR SANGRE. DENTRO DE ESE SARCOFAGO HABIA UNA GRAN CANTIDAD DE PUAS. EMIKO...;2;14;0x6EC2;0x6F2D;texto;;;;;;;;;;;;;
H3;165B;A PUNTO DE DESMAYARME, PUSE LAS MANOS SOBRE LA TAPA DEL SARCOFAGO. LA ABRI LENTAMENTE.;9;7;0x6F2F;0x6F62;texto;;;;;;;;;;;;;
H3;166B;...EH? PARECIA UN TRUCO DE MAGIA. EL CUERPO DE EMIKO NO ESTABA ALLI. NI SIQUIERA UN CADAVER, NO HABIA NADA.;7;9;0x6F67;0x6FA7;texto;;;;;;;;;;;;;
H3;167B;ALIVIADA, ME DEJE CAER SOBRE EL SARCOFAGO. LAS PUAS ME TOCARON LA NARIZ. AY, DUELE. ME ENDERECE DE GOLPE. ESTAS PUAS SON DE VERDAD. ME PREGUNTO COMO ESTARA HECHO ESTE MECANISMO.;3;13;0x6FA9;0x700A;texto;;;;;;;;;;;;;
H3;168B;PERO POR MUCHO QUE LO PENSARA, EL HECHO DE HABERME SEPARADO DE EMIKO NO CAMBIABA. TENIA QUE BUSCAR A EMIKO, Y TAMBIEN A MAMI. SALI DE LA HABITACION.;3;13;0x700C;0x706C;texto;;;;;;;;;;;;;
H3;159X;REIKA!? LA QUE VINO CORRIENDO DESDE EL OTRO LADO DEL PASILLO ERA EMIKO. QUE ALIVIO, ESTAS BIEN...;5;11;0xC609;0xC644;texto;;;;;;;;;;;;;
H3;160X;ESTOY BIEN... Y TU, EMIKO, ESTAS BIEN? SI, PASE POR EL ATAUD Y SALI AL PASILLO.;7;9;0xC648;0xC680;texto;;;;;;;;;;;;;
H3;161X;POR UN MOMENTO, NOS ALEGRAMOS DE REENCONTRARNOS. PERO NO ENCONTRABAMOS A MAMI, Y NO QUERIA QUEDARME AHI PARA SIEMPRE.;7;9;0xC684;0xC6BF;texto;;;;;;;;;;;;;
H3;169B;AVANCE POR EL PASILLO. LA OSCURIDAD SE EXTENDIA SIN FIN. SE ESCUCHABAN PASOS SUAVES, UNO TRAS OTRO.;9;7;0x706E;0x7C30;texto;;;;;;;;;;;;;
H3;170B;UN SONIDO SE ACERCABA DESDE ATRAS. AUNQUE ME DI VUELTA CON MIEDO, LA TENUE LUZ NO ALCANZABA PARA VER MAS ALLA.;7;9;0x7C38;0x7C75;texto;;;;;;;;;;;;;
H3;171B;2.@@@1.@TAL@@@ NO@@@VO@VEZ@@@ VOLT@LT@SEAN@@ EARM@EA@MAMI@@ E,@@@RM@O@@@@@ TENG@E@@EMIKO@ O@@@@@@@SIGUIE MIED@@@@NDOME@ O@@@@@@@@@@@@@;2;14;0x7C77;0x7CC4;pregunta;;4;1;2;1;6;0;1. VOLTEARME;2. NO VOLTEARME, TENGO MIEDO;TAL VEZ SEAN MAMI O EMIKO SIGUIENDOME;;;
H3;172B;SONABA COMO PISADAS DE PIES DESCALZOS. CUANDO ME DETUVE, EL SONIDO DETRAS DE MI TAMBIEN SE DETUVO EN SECO. AL APURAR EL PASO, ESE SONIDO TAMBIEN AUMENTO SU VELOCIDAD Y ME SIGUIO.;2;14;0x7CCE;0xA5D0;texto;;;;;;;;;;;;;
H3;173B;SIN QUERER, EMPECE A CORRER. ENTONCES ESE SONIDO AUMENTO AUN MAS SU VELOCIDAD Y SE ACERCO HACIA MI.;8;8;0xA5D2;0xA603;texto;;;;;;;;;;;;;
H3;174B;TAP, TAP, TAP, TAP, TAP, TAP... TAP, TAP, TAP, TAP, TAP, TAP... TAP, TAP, TAP, TAP...;5;11;0xA605;0xA68A;texto;;;;;;;;;;;;;
H3;175B;KYAAAAA! SOLTE UN GRITO Y ME AGACHE, ABRAZANDOME LAS RODILLAS. ENTONCES ESE SONIDO PASO DE LARGO A MI LADO, Y SE DESVANECIO COMO SI FUERA ABSORBIDO HACIA EL OTRO LADO DE LA PARED.;3;13;0xA68C;0xA6F1;texto;;;;;;;;;;;;;
H3;176B;SEGUI ADELANTE CON CAUTELA, VIGILANDO A MI ALREDEDOR.;12;4;0xA6F3;0xA70A;texto;;;;;;;;;;;;;
H3;177B;DESPUES DE ESO, CAMINE UN RATO MAS Y LLEGUE FRENTE A UNA PUERTA. CRIIIIIC. ABRI LA PUERTA MAS CERCANA. DENTRO DE LA HABITACION NO HABIA NADA QUE ME SORPRENDIERA EN ESPECIAL. PARECIA SER UN ESTUDIO.;0;16;0xA70C;0xA794;texto;;;;;;;;;;;;;
H3;178B;UN POCO DECEPCIONADA, PERO AUN CON CAUTELA, ENTRE. LAS TRES PAREDES ERAN ESTANTERIAS, ATIBORRADAS DE LIBROS.;7;9;0xA796;0xA7DC;texto;;;;;;;;;;;;;
H3;179B;ABRI LAS CORTINAS Y MIRE HACIA AFUERA POR LA VENTANA. ALLI SE EXTENDIA UN BOSQUE Y UNA LADERA. EN ESE PAISAJE, UNA LUZ, Y LUEGO OTRA, EMPEZARON A ENCENDERSE.;4;12;0xA7DE;0xA836;texto;;;;;;;;;;;;;
H3;180B;Y ESAS LUCES FUERON CRECIENDO POCO A POCO, UNIENDOSE Y CONVERGIENDO HACIA ESTA MANSION.;9;7;0xA838;0xA863;texto;;;;;;;;;;;;;
H3;181B;PARECE QUE AQUI NO HAY NADA QUE ME VAYA A ASUSTAR. ME SENTI UN POCO ALIVIADA. LOS LIBROS DEL ESTANTE PARECIAN SER TODOS EXTRANJEROS, NINGUNO QUE PUDIERA LEER. SOLO HABIA UN ESCRITORIO.;0;16;0xA865;0xA8CA;texto;;;;;;;;;;;;;
H3;182B;2.@@1.@@AL@@@ MIR@MIR@MIRAR AR@@AR@@BIEN, LOS@EL@@HABIA LIB@CUA@UN@@@ ROS@DER@CUADE @@@@NO@@RNO@@ @@@@@@@@SOBRE @@@@@@@@EL@@@ @@@@@@@@ESCRI @@@@@@@@TORIO;3;13;0xA8CC;0xA909;pregunta;;3;1;3;1;5;0;1. MIRAR EL CUADERNO;2. MIRAR LOS LIBROS;AL MIRAR BIEN, HABIA UN CUADERNO SOBRE EL ESCRITORIO;;;
H3;183B;MIRE DE REOJO LO QUE PARECIAN SER LIBROS EN INGLES. LOS TITULOS ESTABAN TODOS EN LETRAS OCCIDENTALES. TOME UNO DE ELLOS EN MIS MANOS.;5;11;0xA913;0xAA88;texto;;;;;;;;;;;;;
H3;184B;KYAA! QUE ASCO. ESE LIBRO TENIA UN OJO PEGADO, Y ME MIRABA FIJAMENTE CON HOSTILIDAD.;8;8;0xAA8A;0xAABC;texto;;;;;;;;;;;;;
H3;185B;LOS DEMAS LIBROS PARECIAN SER TODOS SOBRE OCULTISMO. BUENO, SIENDO UNA CASA EMBRUJADA, ENTIENDO QUE QUIERAN CREAR ESE AMBIENTE, PERO...;4;12;0xAABE;0xAB0E;texto;;;;;;;;;;;;;
H3;186B;NO SERVIA DE NADA SEGUIR ASUSTADA SOLA. TENIA QUE APURARME Y BUSCAR A MAMI Y A EMIKO... JUSTO ENTONCES, ESCUCHE ALGUN SONIDO.;5;11;0xAB10;0xAB65;texto;;;;;;;;;;;;;
H3;187B;AGUCE EL OIDO. AUNQUE SEGUIA CONFUNDIDA, AGARRE LA MANIJA DE LA PUERTA PARA IR A LA SIGUIENTE HABITACION. AH...! RETIRE LA MANO DE INMEDIATO. LA MANIJA ESTABA TERRIBLEMENTE CALIENTE.;0;16;0xAB67;0xABD8;texto;;;;;;;;;;;;;
H3;188B;NO PUEDE SER... NO SERA UN INCENDIO? ESTE SONIDO TAMBIEN PODRIA SER EL DE LAS LLAMAS ARDIENDO. QUE LA CASA EMBRUJADA SE ESTE INCENDIANDO... SENTI QUE CASI PERDIA EL CONOCIMIENTO.;2;14;0xABDA;0xAC3C;texto;;;;;;;;;;;;;
H3;189B;ME LANCE HACIA LA PUERTA POR LA QUE HABIA ENTRADO. LA MANIJA NO ESTABA CALIENTE. PERO ESTABA CON LLAVE, Y NO SE PODIA ABRIR. ESTOY ENCERRADA... LA DESESPERACION ME INVADIO.;0;16;0xAC3E;0xACA4;texto;;;;;;;;;;;;;
H3;190B;JI, JIJIJIJI. DE REPENTE, UNA RISA ESCALOFRIANTE RESONO POR TODA LA HABITACION.;10;6;0xACA6;0xB24F;texto;;;;;;;;;;;;;
H3;191B;VAYA, UNA VISITA EN UNA NOCHE COMO ESTA. ME DI VUELTA, Y SIN NOTAR CUANDO HABIA ENTRADO, UNA ANCIANA ESTABA SENTADA EN LA SILLA JUNTO A LA VENTANA.;5;11;0xB251;0xB2A7;texto;;;;;;;;;;;;;
H3;192B;SOMBRERO PUNTIAGUDO Y ROPA NEGRA, COMO SALIDA DE UN CUENTO DE HADAS. EN UNA PALABRA, ERA UNA BRUJA. SI, SOY UNA BRUJA DIJO, COMO SI HUBIERA LEIDO MI PENSAMIENTO.;4;12;0xB2A9;0xB304;texto;;;;;;;;;;;;;
H3;193B;COMO ES UNA VISITA QUE VINO EN MI ULTIMA NOCHE... TENGO QUE RECIBIRLA CON TODA CORTESIA. LA ANCIANA RIO, MOSTRANDO SUS DIENTES TORCIDOS.;5;11;0xB306;0xB358;texto;;;;;;;;;;;;;
H3;194B;QUE QUIERE DECIR CON ESO? LE PREGUNTE. NO MIRASTE AFUERA? ESTA NOCHE ES LA NOCHE DE LA CACERIA DE BRUJAS. ESTA NOCHE, ESTA MANSION ARDERA HASTA EL SUELO... JIJIJIJI.;2;14;0xB35A;0xB3BB;texto;;;;;;;;;;;;;
H3;195B;LA ANCIANA PARECIA NO PODER CONTENER LA RISA, Y SE REIA SUJETANDOSE EL ESTOMAGO. NO PUEDE SER... COMO PUEDO ESCAPAR!? PREGUNTE, CASI SUPLICANDO.;3;13;0xB3BD;0xB410;texto;;;;;;;;;;;;;
H3;196B;YA ES DEMASIADO TARDE, DIJO. COMO SI FUERA UNA SEÑAL, AFUERA DE LA VENTANA SE TIÑO DE ROJO. NO AGUANTARIA MUCHO.;7;9;0xB412;0xB453;texto;;;;;;;;;;;;;
H3;197B;PERO BUENO, NO ES QUE NO CONOZCA UNA SALIDA. DE VERDAD...? DE VERDAD PUEDO ESCAPAR?;8;8;0xB455;0xB487;texto;;;;;;;;;;;;;
H3;198B;BUENO, NO PUEDO ASEGURARTE NADA, PERO... QUIERES ESCAPAR POR AHI? POR SUPUESTO! RESPONDI CON FIRMEZA, AUNQUE ESTABA LLENA DE INQUIETUD.;5;11;0xB489;0xB4CF;texto;;;;;;;;;;;;;
H3;199B;ENTONCES, LA ANCIANA VOLVIO A REIR DIVERTIDA. NO TE ESTARAS OLVIDANDO DE ALGO? YO SOY UNA BRUJA. Y AUN SABIENDO ESO, VAS A CONFIAR EN MI?;4;12;0xB4D1;0xB52A;texto;;;;;;;;;;;;;
H3;200B;ES CIERTO... NO HABIA GARANTIA DE QUE LAS PALABRAS DE LA ANCIANA NO FUERAN MENTIRA. PERO ESTA ERA MI UNICA ESPERANZA. AUNQUE NO CONFIARA EN ELLA, NO VEIA OTRA FORMA DE SALVARME.;2;14;0xB52C;0xB58D;texto;;;;;;;;;;;;;
H3;201B;IRE CON USTED, SEÑORA. BUENA CHICA. ESAS PALABRAS, LAS ESCUCHE BIEN. LA ANCIANA SE LEVANTO LENTAMENTE, Y CON UN CRIIIIIC, LA PUERTA SE ABRIO.;4;12;0xB58F;0xB605;texto;;;;;;;;;;;;;
H3;202B;BUSCANDO OXIGENO, LAS LLAMAS INVADIERON LA HABITACION. KYAAAA! EL FUEGO SE ME ACERCO... PERO JUSTO ANTES DE ALCANZARME, SE PARTIO EN DOS.;5;11;0xB607;0xB661;texto;;;;;;;;;;;;;
H3;203B;EH!? VAMOS, ES POR AQUI. CUANDO LA ANCIANA PASO JUNTO A LA PUERTA, SE ABRIO UN CAMINO EN MEDIO DE LAS LLAMAS.;7;9;0xB663;0xB696;texto;;;;;;;;;;;;;
H3;204B;TRANQUILA, VEN POR AQUI. LA SEGUI CON MUCHO MIEDO. HACIA CALOR, PERO EN REALIDAD NO ME QUEMABA NI ME COSTABA RESPIRAR.;3;13;0xB698;0xB6F0;texto;;;;;;;;;;;;;
H3;205B;LA ANCIANA IBA POR UN CAMINO QUE NUNCA HABIA VISTO. ES ESTA HABITACION DIJO, Y ABRIO LA PUERTA. LA HABITACION ESTABA COMPLETAMENTE OSCURA.;5;11;0xB6F2;0xB740;texto;;;;;;;;;;;;;
H3;206B;TENGO QUE AVANZAR POR AQUI ME ASOME AL INTERIOR DE LA HABITACION. ESTABA TAN OSCURO QUE NO VEIA NADA. EMPECE A CAMINAR CON CUIDADO. EH? MI PIE SE TROPEZO CON ALGO. ERA UNA CALAVERA.;2;14;0xB742;0xB7B1;texto;;;;;;;;;;;;;
H3;207B;KYAAAA! PATEE LA CALAVERA Y SOLTE UN GRITO. TRANQUILIZATE! ME REGAÑO LA ANCIANA. NO TE ASUSTES POR CADA COSA. ESTO ES COMO UN DEPOSITO. AL FONDO HAY UNA SALIDA.;0;16;0xB7B3;0xB840;texto;;;;;;;;;;;;;
H3;208B;...USTED NO VIENE, SEÑORA? MI SALIDA ES OTRA. ESCUCHA, PASE LO QUE PASE, NO TE ASUSTES. SIGUE DERECHO.;4;12;0xB842;0xB892;texto;;;;;;;;;;;;;
H3;209B;DICIENDO ESO, LA ANCIANA CERRO LA PUERTA. EN ESE INSTANTE, LA OSCURIDAD SE TRAGO TODO... EL GRITO DE ALGUIEN, NO SABIA DE QUIEN, LLEGO A MIS OIDOS. SIN QUERER, ESTUVE A PUNTO DE ROMPER EN LLANTO.;2;14;0xB894;0xB8F5;texto;;;;;;;;;;;;;
H3;210B;TEMBLANDO DE MIEDO, NO ME QUEDABA OTRA QUE SEGUIR AVANZANDO. CAMINABA Y CAMINABA, PERO NUNCA LLEGABA A LA PUERTA DEL FRENTE. EN LA OSCURIDAD, HASTA PERDI LA NOCION DEL TIEMPO.;3;13;0xB8F7;0xB945;texto;;;;;;;;;;;;;
H3;211B;PERO PARECIA QUE ALGO DE LUZ SE FILTRABA DESDE ALGUN LADO. POCO A POCO MIS OJOS SE FUERON ACOSTUMBRANDO. A MIS PIES HABIA VARIOS OBJETOS QUE NO PODIA IDENTIFICAR.;2;14;0xB947;0xB998;texto;;;;;;;;;;;;;
H3;212B;PARA NO PATEAR ESAS COSAS, CONFIRME CON CUIDADO DONDE PISABA. CLONC, CLONC. MIENTRAS MIRABA SOLO HACIA ABAJO, ALGO CHOCO CONTRA MI CABEZA. QUE SERA ESTO? ESTIRE LA MANO.;2;14;0xB99A;0xB9F5;texto;;;;;;;;;;;;;
H3;213B;ERA REDONDO. UN OBJETO REDONDO Y BLANDO FLOTABA EN EL AIRE. NUESTRAS MIRADAS SE CRUZARON. ...! LOGRE CONTENER UN GRITO A DURAS PENAS.;4;12;0xB9F7;0xBA50;texto;;;;;;;;;;;;;
H3;214B;DE REPENTE, RETUMBO UN ESTRUENDO Y DIVERSOS SONIDOS GOLPEARON MIS OIDOS.;10;6;0xBA52;0xBA88;texto;;;;;;;;;;;;;
H3;215B;CORRI TAPANDOME LOS OIDOS. TODOS LOS SONIDOS SE DETUVIERON, Y ENTONCES ESCUCHE EL SONIDO DE UNA PUERTA ABRIENDOSE. DESDE EL FRENTE ENTRABA UNA LUZ ROJA. LA RUTA DE ESCAPE SE HABIA ABIERTO. CORRI HACIA LA SALIDA.;0;16;0xBA8A;0xBAF9;texto;;;;;;;;;;;;;
H3;216B;AL ACERCARME A LA PUERTA, ME DI CUENTA DE QUE NO SE HABIA ABIERTO SOLA. UNA MANO ARRUGADA COLGABA DESDE LA MANIJA. PARECE QUE FUE ESA MANO LA QUE ME ABRIO LA PUERTA.;2;14;0xBAFB;0xBB66;texto;;;;;;;;;;;;;
H3;217B;QUE AMABLE... CON LAGRIMAS EN LOS OJOS, CRUCE LA PUERTA. PERO ALLI ERA UN MUNDO DE LLAMAS. PENSE QUE POR FIN HABIA ESCAPADO, PERO...;5;11;0xBB68;0xBBBD;texto;;;;;;;;;;;;;
H3;218B;LA ESPERANZA DE SEGUIR VIVA SE IBA APAGANDO. CASI CAIGO DESPLOMADA EN ESE MISMO LUGAR. PERO JUSTO AL FRENTE, VI LA SALIDA DE LA CASA EMBRUJADA. CON ESTO... ME PUEDO SALVAR! CORRI CON TODAS MIS FUERZAS.;0;16;0xBBBF;0xBC25;texto;;;;;;;;;;;;;
H3;219B;SEGURAMENTE TENIA EL CABELLO Y LA ROPA CHAMUSCADOS. PERO LOGRE SALTAR FUERA DE LA MANSION. QUE ALIVIO... ME SALVE. ME DEJE CAER SOBRE EL PASTO COMO RODANDO.;2;14;0xBC27;0xBC8C;texto;;;;;;;;;;;;;
H3;220B;LOGRE ESCAPAR DE LA CASA EMBRUJADA, Y NO MORI EN EL INCENDIO. DEL ALIVIO, SE ME SALIERON LAS LAGRIMAS. PERO YO... HABIA OLVIDADO ALGO MUY IMPORTANTE.;2;14;0xBC8E;0xBCE3;texto;;;;;;;;;;;;;
H3;221B;MAMI Y EMIKO... A DONDE HABRAN IDO ELLAS DOS? MAMI! EMIKO! ENTRE LA MULTITUD DE CURIOSOS QUE MIRABAN EL INCENDIO, SEGUI GRITANDO LOS NOMBRES DE MAMI Y EMIKO SIN PARAR.;0;16;0xBCE5;0xBD51;texto;;;;;;;;;;;;;
H3;174C;ABRI EL CUADERNO PARA DAR UN VISTAZO. PARECIA SER PARA QUE QUIENES ENTRABAN EN LA CASA EMBRUJADA ESCRIBIERAN EN EL. HABIA UN BOLIGRAFO A SU LADO.;5;11;0xA913;0xA95E;texto;si;;;;;;;;;;;;
H3;175C;...QUE ES ESTO...? EXCLAME. LO UNICO ESCRITO DENTRO DEL CUADERNO ERAN DOS PALABRAS.;7;9;0xA960;0xA998;texto;si;;;;;;;;;;;;
H3;176C;AYUDENME AYUDENME AYUDENME AYUDENME AYUDENME AYUDENME AYUDENME AYUDENME AYUDENME AYUDENME AYUDENME AYUDENME;2;14;0xA99A;0xA9E5;texto;si;;;;;;;;;;;;
H3;177C;DEJENME SALIR DEJENME SALIR DEJENME SALIR DEJENME SALIR DEJENME SALIR DEJENME SALIR DEJENME SALIR DEJENME SALIR DEJENME SALIR DEJENME SALIR DEJENME SALIR DEJENME SALIR;2;14;0xA9E7;0xAA19;texto;si;;;;;;;;;;;;
H3;178C;NO PODIA MOVERME EN ABSOLUTO, AL PUNTO DE NO PODER NI SIQUIERA SOLTAR UN SONIDO.;10;6;0xAA1B;0xAA3C;texto;si;;;;;;;;;;;;
H4;1;UN FRONDOSO BOSQUE DE BAMBUES SE EXTENDIA AL PIE DE LA MONTAÑA. NOS PROTEGIA DEL FUERTE SOL, Y MIENTRAS EL SONIDO DE LAS CIGARRAS SE ALEJABA, POCO A POCO UNA BRISA FRIA NOS ENVOLVIA.;3;13;0x00EC;0x0151;texto;;;;;;;;;;;;;
H4;2;SUBIMOS APRESURADAMENTE POR EL PEQUEÑO SENDERO. ESTARA BIEN TU ABUELO? ME PREGUNTO MADOKA, PREOCUPADA. EL ABUELO ES MUY TERCO. OJALA ACEPTE QUE LO INTERNEN.;0;16;0x0153;0x01C1;texto;;;;;;;;;;;;;
H4;3;MADOKA ME MIRO CON CARA DE DUDA.;12;4;0x01C3;0x01EE;texto;;;;;;;;;;;;;
H4;4;3.@@2.@@1.@@OYE@ TU@@QUI@EST@,@@@ VAS@ERO@E..@DE@@ A@@@QUE@.@@@VER@ SER@LO@@BUE@DAD@ MI@@CON@NO.@EST@ FUT@OZC@..@@A@@@ URA@AS@@@@@@BIE@ ESP@@@@@@@@@N@@@ OSA@@@@@@@@@QUE@ @@@@@@@@@@@@YO@@ @@@@@@@@@@@@LO@@ @@@@@@@@@@@@CON@ @@@@@@@@@@@@OZC@ @@@@@@@@@@@@A?@@;0;16;0x01F0;0x0248;texto;;;;;;;;;;;;;
H4;5;EH... BUENO... NO ME SALIAN LAS PALABRAS. CONOZCO A MADOKA DESDE QUE ENTRE A LA UNIVERSIDAD. CUANDO NOS CONOCIMOS, ELLA ACABABA DE PERDER A SU PADRE.;4;12;0x0252;0x02A5;texto;;;;;;;;;;;;;
H4;6;QUIZA POR TENER CIRCUNSTANCIAS PARECIDAS, SIN NOTARLO NOS HICIMOS CERCANOS, EN UNA RELACION DIFICIL DE DEFINIR, COMO PAREJA Y COMO AMIGOS A LA VEZ.;5;11;0x02A7;0x02F8;texto;;;;;;;;;;;;;
H4;7;AL VER EL ROSTRO PREOCUPADO DE MADOKA, ADIVINE LO QUE SENTIA Y LE SONREI.;10;6;0x02FA;0x0322;texto;;;;;;;;;;;;;
H4;8;ELLA ME DEVOLVIO UNA SONRISA QUE NO SE RENDIA ANTE EL SOL DE VERANO.;10;6;0x0324;0x0346;texto;;;;;;;;;;;;;
H4;9;EL BOSQUE TERMINO, Y EN LA LUZ APARECIO UNA PEQUEÑA ERMITA CON APENAS DOS CUARTOS.;8;8;0x0348;0x05FC;texto;;;;;;;;;;;;;
H4;10;AL INTENTAR ENTRAR OI UN CRUJIDO AL OTRO LADO DE LAS PUERTAS. ABRI LA PUERTA.;5;11;0x05FE;0x0667;texto;;;;;;;;;;;;;
H4;11;EL ABUELO NOS RECIBIO CON UNA SONRISA SUAVE.;10;6;0x0669;0x0698;texto;;;;;;;;;;;;;
H4;12;ESTAS BIEN? ME ASUSTE CUANDO SUPE QUE TE HABIAS DESMAYADO. EL ABUELO ME MIRO CON SU UNICO OJO. ESTABA MUY DEMACRADO. TENIA MAL COLOR Y LA PIEL PARECIA DE CERA.;2;14;0x069A;0x0702;texto;;;;;;;;;;;;;
H4;13;ME ALEGRA QUE HAYAS VENIDO. CLARO, SI TU TE FUERAS ME QUEDARIA COMPLETAMENTE SOLO EN EL MUNDO. EL ABUELO SE INCORPORO A MEDIAS Y NOTO A MADOKA.;0;16;0x0704;0x0764;texto;;;;;;;;;;;;;
H4;14;2.@@1.@@YO@@@ ES@@ES@@NO@@@ MI@@UNA@LE@@@ PER@AMI@HABIA SON@GA@@CONTA A@@@DE@@DO@@@ MAS@LA@@NADA@ IMP@UNI@AL@@@ ORT@VER@ABUEL ANT@SID@O@@@@ E@@@AD@@SOBRE @@@@@@@@MADOK @@@@@@@@A@@@@;3;13;0x0766;0xF84B;pregunta;;3;1;3;1;5;0;1. ES UNA AMIGA DE LA UNIVERSIDAD;2. ES MI PERSONA MAS IMPORTANTE;YO NO LE HABIA CONTADO NADA AL ABUELO SOBRE MADOKA;;;
H4;15;ES UNA AMIGA DE LA UNIVERSIDAD, MADOKA. PENSE EN PRESENTARSELA AL ABUELO, ASI QUE VINIMOS JUNTOS. MADOKA ME MIRO CON EXPRESION DE DESCONCIERTO, Y DIJO:;5;11;0x077D;0x07CD;texto;;;;;;;;;;;;;
H4;16;MUCHO GUSTO. SE ENCUENTRA BIEN? DIJO MADOKA CON UNA VOZ MAS SUAVE DE LO NORMAL. EL ABUELO RESPONDIO BREVEMENTE: SI.;5;11;0x07CF;0x0813;texto;;;;;;;;;;;;;
H4;17;YA MI CUERPO ESTA BASTANTE DETERIORADO... PROBABLEMENTE NO LLEGUE A VER LA CARA DE MI BISNIETO. EL ABUELO SONRIO CON AMARGURA.;4;12;0x0815;0x0864;texto;;;;;;;;;;;;;
H4;18;CRUJIA CRUJIA CRUJIA. DE NUEVO, NO HABIA NADA EN LA HABITACION QUE PUDIERA PRODUCIR ESE SONIDO. EL ABUELO BEBIO LA MEDICINA QUE TENIA EN EL SUELO Y SUSPIRO.;2;14;0x0866;0xF8C1;texto;;;;;;;;;;;;;
H4;19;NO TE ESFUERCES DEMASIADO, ME PREOCUPAS. ES CIERTO, NOS QUEDAREMOS UN TIEMPO, DIJO MADOKA. EL ABUELO SONRIO AMPLIAMENTE.;3;13;0xF8C3;0xF913;texto;;;;;;;;;;;;;
H4;20;ME ALEGRABA QUE MADOKA HUBIERA VENIDO.;12;4;0xF915;0xF928;texto;;;;;;;;;;;;;
H4;21;PUSIMOS DOS FUTONES EN LA HABITACION DE AL LADO Y POR FIN NOS ACOSTAMOS. EL ABUELO SE HABIA DORMIDO RAPIDAMENTE DESDE QUE LLEGAMOS. REALMENTE NO PARECIA ESTAR BIEN.;4;12;0x09A7;0x0A0C;texto;;;;;;;;;;;;;
H4;22;ME ALEGRA QUE TU ABUELO PAREZCA TAN AMABLE, DIJO MADOKA FELIZ MIRANDOME DIRECTAMENTE. YO TAMBIEN ME SIENTO ALIVIADO. ME SAQUE UN PESO DE ENCIMA. QUE PENA QUE NO PUEDAS MOSTRARLE LA CARA DE SU BISNIETO, NO?;0;16;0x0A0E;0x0A7C;texto;;;;;;;;;;;;;
H4;23;2.@@@1.@MADOK NO@@@EH@A@@@@ ESP@@H.@LEVAN ERO@@..@TO@@@ TAN@@@@@LAS@@ TO@@@@@@CEJAS @@@@@@@@CON@@ @@@@@@@@AIRE@ @@@@@@@@JUGUE @@@@@@@@TON@@;3;13;0x0A7E;0xF989;pregunta;;3;2;2;1;5;0;1. EHH...;2. NO ESPERO TANTO;MADOKA LEVANTO LAS CEJAS CON AIRE JUGUETON;;;
H4;24;EHH, BUENO, AUN NO HE PENSADO TANTO. NO? PERO POR ESO VINE AQUI. ME MIRO CON OJOS BURLONES.;3;13;0x0AAB;0x0AFA;texto;;;;;;;;;;;;;
H4;25;CRUJIA, CRUJIA. NUEVAMENTE ALGO SONO EN LA HABITACION DE AL LADO. UN TIPO DE SONIDO RECHINANTE. QUE FUE ESO? NO INTENTES ESQUIVAR EL TEMA. NO, LO DIGO EN SERIO. BUENO, YO TAMBIEN QUERIA SABER QUE ERA.;2;14;0x0AFC;0x0B6A;texto;;;;;;;;;;;;;
H4;26;ENTONCES ELLA TAMBIEN LO OYO?;10;6;0x0B6C;0x0B95;texto;;;;;;;;;;;;;
H4;27;PENSANDOLO BIEN, SE PARECIA AL SONIDO DE UNA CUERDA ENROLLANDOSE. PARECIDO AL SONIDO QUE ESCUCHE MUCHAS VECES CUANDO EL ABUELO ME ENSEÑABA A HACER MUÑECOS DE PEQUEÑO.;4;12;0x0B97;0x0D60;texto;;;;;;;;;;;;;
H4;28;PERO ANTES NO ERA TAN FUERTE.;12;4;0x0D62;0x0D76;texto;;;;;;;;;;;;;
H4;29;2.@@1.@@EL@ ESP@COR@ABU ERA@RER@ELO R@@@DON@SEG Y@@@DE@@UIA OBS@EL@@TOS ERV@ABU@IEN AR@@ELO@DO. @@@@@@@@QUE @@@@@@@@HAC @@@@@@@@ER?;5;11;0x0D81;0x0DCA;pregunta;;3;1;3;1;3;0;1. CORRER DONDE EL ABUELO;2. ESPERAR Y OBSERVAR;EL ABUELO SEGUIA TOSIENDO. QUE HACER?;;;
H4;30;CORRI Y ABRI LAS PUERTAS CORREDERAS. SANGRE ROJA SE HABIA EXTENDIDO POR TODO EL FUTON Y EL ABUELO SE CUBRIA LA BOCA CON LA MANO. ABUELO, VOY A LLAMAR UNA AMBULANCIA.;2;14;0x0DD4;0x0E46;texto;;;;;;;;;;;;;
H4;31;NO! ERA LA PRIMERA VEZ QUE ME HABLABA TAN FIRMEMENTE. ME QUEDE PARALIZADO. TOMO UN LIBRO ENCUADERNADO AL ESTILO JAPONES QUE ESTABA JUNTO A SU ALMOHADA Y ME LO ENTREGO.;0;16;0x0E48;0x0EC3;texto;;;;;;;;;;;;;
H4;32;EL TITULO DECIA TENROKI. CRUJIA, CRUJIA. ESE SONIDO VENIA DE SU PECHO.;3;13;0x0EC5;0x0F1F;texto;;;;;;;;;;;;;
H4;33;NO IMPORTA NADA MAS, TENGO QUE DARTE ESTO. ME QUEDE ABSORTO EN SUS PALABRAS.;7;9;0x0F24;0x0F5D;texto;;;;;;;;;;;;;
H4;34;Y ESTO TAMBIEN. LUEGO EL ABUELO INTRODUJO EL DEDO EN SU UNICO OJO Y LO EXTRAJO SIN UN SOLO GEMIDO DE DOLOR.;7;9;0x0F5F;0x0F9E;texto;;;;;;;;;;;;;
H4;35;EN LA PALMA DE SU MANO HABIA UNA EXQUISITA OBRA DE CRISTAL. UUU...;11;5;0x0FAC;0x0FD7;texto;;;;;;;;;;;;;
H4;36;2.@@@1.@@@MADO EXTE@LA@@@KA@@ NDI@@ABRA@SOLT LA@@@CE@@@O@@@ MANO@PARA@UN@@ HACI@QUE@@GEMI A@@@@NO@@@DO@@ EL@@@LO@@@CASI OJO@@VIER@COMO DE@@@A@@@@UN@@ CRIS@@@@@@GRIT TAL@@@@@@@O.@@;2;14;0x0FD9;0x1027;pregunta;;4;1;4;1;4;0;1. LA ABRACE PARA QUE NO LO VIERA;2. EXTENDI LA MANO HACIA EL OJO DE CRISTAL;MADOKA SOLTO UN GEMIDO CASI COMO UN GRITO.;;;
H4;37;NO MIRES! ABRACE A MADOKA CON FUERZA. LA SEGUI ABRAZANDO SIN IMPORTAR CUANTO TIEMPO PASARA.;8;8;0x1031;0x14CF;texto;;;;;;;;;;;;;
H4;38;UN DEMONIO JUNTO HUESOS PARA CREAR UNA PERSONA. FUERA DE HUESOS, EL MUNDO SOLO TIENE MUERTE Y ENFERMEDAD.;8;8;0x14D1;0x197D;texto;;;;;;;;;;;;;
H4;39;POR ESO, BUSCARE UN AMIGO CON FORMA HUMANA, AUNQUE ESO ME APARTE DEL CAMINO CORRECTO.;10;6;0x197F;0x19A5;texto;;;;;;;;;;;;;
H4;40;ESTAS ERAN LAS PALABRAS INICIALES DE TENROKI.;12;4;0x19A7;0x19BE;texto;;;;;;;;;;;;;
H4;41;EL MONJE SAIGYO, DURANTE SU ENTRENAMIENTO EN EL MONTE KOYA, JUNTO HUESOS E INTENTO USAR EL RITUAL DE RESURRECCION PARA CREAR UNA PERSONA, PERO SOLO LOGRO CREAR UN MONSTRUO SIN ALMA.;3;13;0x19C0;0x1A29;texto;;;;;;;;;;;;;
H4;42;AL SEGUIR LEYENDO, PARECIA DESCRIBIR EN DETALLE LA TECNICA PARA CREAR UNA PERSONA.;5;11;0x1A2B;0x1A6D;texto;;;;;;;;;;;;;
H4;43;A LA MAÑANA SIGUIENTE, CAVAMOS LA TUMBA DEL ABUELO EN EL JARDIN. LA TRISTEZA PESABA MAS QUE LO RARO QUE HABIA PASADO Y NO PODIA PENSAR. PERO AL TERMINAR DE ENTERRAR LOS RESTOS DEL ABUELO, POR FIN VOLVI A LA REALIDAD.;0;16;0x1A2B;0x1B09;texto;;;;;;;;;;;;;
H4;44;QUE DEMONIOS FUE ESO? MADOKA JUNTO SUS MANOS EN ORACION ANTE LA TUMBA DEL ABUELO. ELLA TAMBIEN TUVO QUE HABERLO VISTO.;5;11;0x1B0B;0x1B4A;texto;;;;;;;;;;;;;
H4;45;2.@@1.@@LE@ ME@@LAS@HAB PRE@COS@LE. GUN@AS@@@@@ TO@@SE@@@@@ QUE@HAN@@@@ FUE@CAL@@@@ ESO@MAD@@@@ @@@@O@@@@@@;5;11;0x1B4C;0x1B88;pregunta;;3;1;3;1;3;0;1. LAS COSAS SE HAN CALMADO;2. ME PREGUNTO QUE FUE ESO;LE HABLE.;;;
H4;46;LAS COSAS POR FIN SE HAN CALMADO. GRACIAS. ELLA LEVANTO LA VISTA Y SACUDIO UN POCO LA CABEZA. PARA NADA. EL QUE LA ESTA PASANDO MAL ERES TU, NO YO.;3;13;0x1B92;0x1BED;texto;;;;;;;;;;;;;
H4;47;BAJE LA VISTA Y ASENTI LEVEMENTE. CREO QUE ME QUEDARE AQUI UN RATO. NECESITO DESPEDIRME DEL ABUELO Y ADEMAS... MADOKA SONRIO.;2;14;0x1BEF;0x1C47;texto;;;;;;;;;;;;;
H4;48;PENSE QUE DIRIAS ESO. ME QUEDARE CONTIGO. LUEGO DEJAMOS LA TUMBA DEL ABUELO DETRAS.;7;9;0x1C49;0x1C81;texto;;;;;;;;;;;;;
H4;49;EL FUTON DEL ABUELO AUN NO LO HABIAMOS GUARDADO. LA SANGRE QUE HABIA VOMITADO SE HABIA ACLARADO MUCHO Y ERA CLARAMENTE DISTINTA A LA SANGRE NORMAL.;3;13;0x1C83;0x1E3C;texto;;;;;;;;;;;;;
H4;50;ENTONCES APARECIO MADOKA CON MATERIALES DE LIMPIEZA. ESTABA LLENA DE ENERGIA. VAMOS, YO LIMPIO. TU GUARDA ESE FUTON. LE DEJE LA LIMPIEZA A ELLA Y DECIDI QUEMAR EL FUTON EN EL JARDIN.;2;14;0x1E3E;0x1EAD;texto;;;;;;;;;;;;;
H4;51;ABUELO... YO HABIA SACADO ESTE FUTON A AIREAR PARA EL. SENTIA AGUDAMENTE QUE OTRA PARTE DE EL DESAPARECIA.;7;9;0x1EB6;0x1EF2;texto;;;;;;;;;;;;;
H4;52;YA TERMINE DE LIMPIAR. VOY AL PUEBLO A HACER UNAS COMPRAS, DIJO MADOKA. AL VOLVER EN MI, ME ENTREGO EL TENROKI.;5;11;0x1EF4;0x1F4B;texto;;;;;;;;;;;;;
H4;53;TEN, ESTO ES IMPORTANTE, VERDAD? ...GRACIAS. LE PEDI UNAS COSAS Y COMENCE A LEER EL TENROKI MIENTRAS HACIA GUARDIA.;2;14;0x1F4D;0x1FAC;texto;;;;;;;;;;;;;
H4;54;EL TENROKI REGISTRABA LAS TECNICAS, FRACASOS Y EXITOS DE GENERACIONES DE KOKONOE EN LA CREACION DE PERSONAS. POR QUE SE HABRA DERRETIDO EL ABUELO?;4;12;0x1FAE;0x201D;texto;;;;;;;;;;;;;
H4;55;ENCONTRE UN PASAJE QUE ME LLAMO LA ATENCION.;12;4;0x201F;0x2038;texto;;;;;;;;;;;;;
H4;56;SI SE REVELA LA VERDADERA IDENTIDAD DE LA PERSONA CREADA, EL RITUAL DE RESURRECCION SE ROMPE Y EL CREADOR Y SU OBRA SE DISUELVEN Y DESAPARECEN.;5;11;0x203A;0x2092;texto;;;;;;;;;;;;;
H4;57;EL RITUAL DE RESURRECCION ES UN CONJURO PARA REVIVIR A LOS MUERTOS. PERO AUNQUE VUELVA EL CUERPO, NO NECESARIAMENTE VUELVE EL ALMA DE LA PERSONA.;3;13;0x2094;0x20F3;texto;;;;;;;;;;;;;
H4;58;SAIGYO HOSHI QUEMO INCIENSO AL HACER EL RITUAL PARA REPELER A LOS MALOS ESPIRITUS, POR LO QUE EL MUÑECO NO PUDO OBTENER UN ALMA.;7;9;0x20F5;0x2136;texto;;;;;;;;;;;;;
H4;59;PERO SI NO SE QUEMA EL INCIENSO, EL CUERPO ES TOMADO POR ESPIRITUS MALIGNOS CONVIRTIENDOSE EN UN MONSTRUO;8;8;0x2138;0x216D;texto;;;;;;;;;;;;;
H4;60;SIN CORAZON NO ES PERSONA. PERO YO CREIA QUE EL ABUELO ERA UNA PERSONA.;10;6;0x216F;0x2195;texto;;;;;;;;;;;;;
H4;61;SEGUI LEYENDO UN POCO MAS, ENCONTRE UNA NOTA. ERA LETRA DEL ABUELO. HAY QUE CREAR UN NUEVO CUERPO PARA ESE CHICO CUANDO CUMPLA SIETE AÑOS. ESE CHICO...;2;14;0x219E;0x21FB;texto;;;;;;;;;;;;;
H4;62;ESE CHICO...;7;9;0x2200;0x221F;texto;;;;;;;;;;;;;
H4;63;SENTI TODO VOLVERSE LEJANO. CERRE EL TENROKI Y ME DIRIGI AL DEPOSITO QUE ESTABA DETRAS DE LA ERMITA. DE PEQUEÑO ME HABIA PROHIBIDO TERMINANTEMENTE ENTRAR AHI.;3;13;0x221F;0x2281;texto;;;;;;;;;;;;;
H4;64;ABRI LA PESADA PUERTA DE HIERRO DEL DEPOSITO. AL FRENTE HABIA UN AREA DE TRABAJO DEL ABUELO Y EN EL FONDO CAJAS APILADAS.;7;9;0x2283;0x22D6;texto;;;;;;;;;;;;;
H4;65;AL MOVER LAS CAJAS CUBIERTAS DE POLVO, ENCONTRE LA ENTRADA AL CUARTO INTERIOR DEL DEPOSITO. QUIZAS AHI ESTE EL SECRETO. CON MANOS TEMBLOROSAS METI LA LLAVE Y ABRI.;3;13;0x22D8;0x2347;texto;;;;;;;;;;;;;
H4;66;HABIA VARIAS CAJAS DE MADERA. ALGUNAS ESTABAN APILADAS, OTRAS APOYADAS CONTRA LA PARED. HABIA CAJAS PEQUEÑAS Y OTRAS DEL TAMAÑO DE UNA PERSONA.;3;13;0x2352;0x23A6;texto;;;;;;;;;;;;;
H4;67;ABRI UNA DE ELLAS.;12;4;0x23AB;0x23C7;texto;;;;;;;;;;;;;
H4;68;HUESOS... NO, FOSILES DE ANIMALES APRETADOS DENTRO. ERA HUESO DE DRAGON, DE LA MEDICINA CHINA. MATERIAL PARA MUÑECOS?;7;9;0x23C9;0x240E;texto;;;;;;;;;;;;;
H4;69;ABRI OTRA Y VI BARBAS DE BALLENA ORDENADAS CUIDADOSAMENTE. SE USAN PARA LOS RESORTES DE LOS MECANISMOS.;8;8;0x2410;0x2452;texto;;;;;;;;;;;;;
H4;70;QUIZA ESTABA HUYENDO. NATURALMENTE HABIA ESTADO EVITANDO LAS CAJAS GRANDES. PERO TENIA QUE ABRIRLAS SI QUERIA ENCONTRAR LA VERDAD.;7;9;0x2454;0x2497;texto;;;;;;;;;;;;;
H4;71;TOME UNA DECISION Y ABRI LA TAPA DE UNA DE LAS CAJAS APOYADAS CONTRA LA PARED.;10;6;0x2499;0x24C0;texto;;;;;;;;;;;;;
H4;72;DENTRO ESTABA YO, A LOS SIETE AÑOS.;5;11;0x24C2;0x24F6;texto;;;;;;;;;;;;;
H4;73;CUANDO VOLVI, MADOKA YA HABIA VUELTO Y ESTABA PREPARANDO LA CENA. QUE PASA? PARECES MAS SIN VIDA QUE ESTA MAÑANA. MADOKA SE ASOMO A VER MI CARA CON CARA DE PREOCUPACION.;0;16;0x24F8;0x257E;texto;;;;;;;;;;;;;
H4;74;PARECE QUE NO SE PUEDE OCULTAR. AUNQUE LO INTENTE NO HAY FORMA DE ESCONDERLO.;9;7;0x2580;0x25AC;texto;;;;;;;;;;;;;
H4;75;2.@@1.@@PEN TRA@DIS@SE@ TAR@IMU@EN@ CON@LAR@COM FRI@UN@@O@@ ALD@POC@REL AD@@O@@@ACI @@@@@@@@ONA @@@@@@@@RME @@@@@@@@CON @@@@@@@@MAD @@@@@@@@OKA @@@@@@@@.@@;5;11;0x25AE;0x25ED;pregunta;;3;1;3;1;3;0;1. DISIMULAR UN POCO;2. TRATAR CON FRIALDAD;PENSE EN COMO RELACIONARME CON MADOKA.;;;
H4;76;NO, EXPLORE EL DEPOSITO UN RATO Y ESTOY UN POCO CANSADO... ELLA HIZO UNA CARA EXTRAÑADA. PERO DE INMEDIATO SONRIO Y RESPONDIO.;5;11;0x25F7;0x2645;texto;;;;;;;;;;;;;
H4;77;VAMOS, DESCANSA. TE PREPARO ALGO RICO. VER LA SONRISA TIERNA DE ELLA SIEMPRE ME QUITABA EL CANSANCIO.;3;13;0x2647;0x26A4;texto;;;;;;;;;;;;;
H4;78;...GRACIAS. ME QUEDE AHI Y ABRI EL TENROKI EN EL PORTICO.;9;7;0x26A6;0x26D2;texto;;;;;;;;;;;;;
H4;79;LA PERSONA QUE CREE ERA FEA Y SOLO EMITIA SONIDOS EXTRAÑOS. QUIEN NO LA CONOCIERA SOLO PODRIA VERLA COMO UN MONSTRUO.;5;11;0x26D4;0x2735;texto;;;;;;;;;;;;;
H4;80;PERO LO QUE CREE ESTABA, SIN DUDA, VIVO. VIVIA, PERO NO ERA MAS QUE UN SER SIN CORAZON.;7;9;0x2737;0x2774;texto;;;;;;;;;;;;;
H4;81;CORAZON... TENGO YO CORAZON? SI TENGO CORAZON, SOY HUMANO? Y YO, QUE SOY?;5;11;0x2776;0x27C3;texto;;;;;;;;;;;;;
H4;82;MIENTRAS PENSABA, MADOKA VINO A LLAMARME.;12;4;0x27C5;0x27E8;texto;;;;;;;;;;;;;
H4;83;EN LA MESA HABIA PESCADO A LA PLANCHA Y SOPA CON VERDURAS. ES LO QUE APRENDI A HACER. COME. GRACIAS. ITADAKIMASU.;5;11;0x27EA;0x2836;texto;;;;;;;;;;;;;
H4;84;MASTIQUE TODO BOCADO A BOCADO, SABOREANDO CADA COSA. MADOKA SE ASOMO A VER MI CARA DESDE AL LADO. OYE, ESTA RICO?;3;13;0x2838;0x2888;texto;;;;;;;;;;;;;
H4;85;...ESTA RICO, DE VERDAD. SU CARA SE VOLVIO BRILLANTE Y RADIANTE COMO UN GIRASOL EN PLENO VERANO. PUEDO LLEGAR A SER UNA BUENA ESPOSA, VERDAD?;2;14;0x288A;0x2B8D;texto;;;;;;;;;;;;;
H4;86;PUEDES. SEGURO QUE SI. PERO, POR TRISTE QUE SEA, YO NO PUEDO SER TU PAREJA. YA PARECEMOS RECIEN CASADOS, DIJO ELLA. ESTOY CONTENTO. DE VERDAD ME ALEGRA QUE HAYAS VENIDO CONMIGO.;2;14;0x2B8F;0x2BED;texto;;;;;;;;;;;;;
H4;87;2.@@1.@@QUE TRA@FOR@DEB TAR@ZAR@ERI DE@@UNA@A@@ DIS@SON@HAC IMU@RIS@ER? LAR@A@@@@@@ LO@@@@@@@@@;5;11;0x2BEF;0x2C24;pregunta;;3;1;3;1;3;0;1. FORZAR UNA SONRISA;2. TRATAR DE DISIMULARLO;QUE DEBERIA HACER?;;;
H4;88;AHORA QUE LO DICES, ES CIERTO, JA JA JA. ME REI, PERO MI VOZ SONABA HUECA. SEGURO QUE MADOKA SE DIO CUENTA, PERO SE RIO CONMIGO. TE QUIERO. QUERIA DECIRSELO.;0;16;0x2C2E;0x2E3A;texto;;;;;;;;;;;;;
H4;89;PERO CUANDO INTENTE PONERLO EN PALABRAS IBAN A BROTARME LAS LAGRIMAS Y NO PUDE. NO SE COMO SE SENTIA MADOKA AL VER ESO. PERO QUIZA SOLO PENSO QUE ESTABA CONMOCIONADO POR LA MUERTE DEL ABUELO.;0;16;0x2E3C;0x2EAA;texto;;;;;;;;;;;;;
H4;90;PERO ELLA ME DIJO ESTO: YO ESTOY AQUI, ASI QUE... Y YO SOLO PUDE ASENTIR ANTE ESAS PALABRAS.;3;13;0x2EB3;0x2EF5;texto;;;;;;;;;;;;;
H4;91;AL TERMINAR DE COMER EL CIELO SE HABIA CUBIERTO DE NUBES ENORMES. EMPEZO A LLOVER Y A LO LEJOS SE OIAN TRUENOS. YO MIRABA IMPASIBLE EL EXTERIOR DEL JARDIN.;3;13;0x2EF7;0x362F;texto;;;;;;;;;;;;;
H4;92;ELLA SE ARRIMO A MI LADO. OYE, COMO ERA EL ABUELO? DE REPENTE ME LO PREGUNTO SIN VENIR A CUENTO.;5;11;0x3631;0x3679;texto;;;;;;;;;;;;;
H4;93;ERA AMABLE PERO TERCO Y EXIGENTE CONSIGO MISMO. HEREDO EL NOMBRE KOKONOE Y SIGUIO HACIENDO MUÑECOS, CON RIGOR EN SU TRABAJO. YO LO QUERIA MUCHO.;5;11;0x367B;0x36CD;texto;;;;;;;;;;;;;
H4;94;LA LLUVIA CAIA CON FUERZA, LEVANTANDO SALPICADURAS EN EL JARDIN. NO PUDE CONTENER LAS LAGRIMAS QUE DESBORDABAN.;7;9;0x36CF;0x370E;texto;;;;;;;;;;;;;
H4;95;ERA UNA BUENA PERSONA. ERA TU ABUELO, AL FIN Y AL CABO.;7;9;0x3710;0x3739;texto;;;;;;;;;;;;;
H4;96;EL ABUELO... ERA HUMANO? CLARO, SI CRIO AL TATSUKI QUE YO QUIERO. AUNQUE FUERA UN MUÑECO, CREO QUE SU CORAZON ERA HUMANO.;2;14;0x373B;0x37A8;texto;;;;;;;;;;;;;
H4;97;LOS MUÑECOS TAMBIEN TIENEN CORAZON? MADOKA SE QUEDO EN SILENCIO UN MOMENTO. LUEGO MAS LENTO QUE DE COSTUMBRE, DIJO UNA PALABRA A LA VEZ.;5;11;0x37AD;0x37EF;texto;;;;;;;;;;;;;
H4;98;UNA PERSONA ES PERSONA PORQUE TIENE FORMA HUMANA. PERO UN MUÑECO TAMBIEN TIENE FORMA HUMANA. ASI QUE QUIZA EL CORAZON LLEGO A HABITAR EN ELLA Y SE VOLVIO PERSONA, NO?;3;13;0x37F1;0x3851;texto;;;;;;;;;;;;;
H4;99;SI FUERA ASI, QUE FELIZ SERIA.;12;4;0x3853;0x3868;texto;;;;;;;;;;;;;
H4;100;EL SOL CAYO Y DECIDIMOS DESCANSAR. NO PODIA DORMIR AUNQUE QUERIA. HABIA ALGO DE CONMOCION PERO ADEMAS EL CUERPO SE SENTIA RARO.;3;13;0x386A;0x38D8;texto;;;;;;;;;;;;;
H4;101;LAS PERSONAS NO PUEDEN CREAR PERSONAS. SOLO PUEDEN CREAR MUÑECOS...;8;8;0x38DA;0x3900;texto;;;;;;;;;;;;;
H4;102;ERA UN PASAJE DEL TENROKI. QUE SOY YO? Y SI UN MUÑECO MUERE QUE PASA?;8;8;0x3902;0x393C;texto;;;;;;;;;;;;;
H4;103;PERO, NO ES LO MISMO PARA LAS PERSONAS? LE DABA VUELTAS UNA Y OTRA VEZ.;10;6;0x393E;0x3964;texto;;;;;;;;;;;;;
H4;104;YA ERA ENTRADA LA NOCHE. DESPUES DE LA LLUVIA EL SONIDO DE LOS INSECTOS ERA LEVE. NORMALMENTE ME PARECERIA AGRADABLE. PERO ESTA NOCHE ME MOLESTABAN.;5;11;0x3966;0x39BD;texto;;;;;;;;;;;;;
H4;105;EN MEDIO DE TODOS ESOS SONIDOS, NUEVAMENTE...;10;6;0x39BF;0x39DE;texto;;;;;;;;;;;;;
H4;106;AL PRINCIPIO PENSE QUE ERAN IMAGINACIONES. PERO AL PRESTAR ATENCION ERA CLARO. PROVENIA DEL FONDO DE MI PECHO.;2;14;0x39E0;0x3A4C;texto;;;;;;;;;;;;;
H4;107;ME LEVANTE Y OBSERVE A MADOKA DORMIDA A MI LADO. TOME EL TENROKI Y COMENCE A LEER A LA LUZ DE LA LUNA.;5;11;0x3A4E;0x3AAB;texto;;;;;;;;;;;;;
H4;108;LA VIDA DE UN MUÑECO DEPENDE DE COMO FUE CONSTRUIDO. QUE SE REVELE EL SECRETO, QUE LOS MATERIALES SE DETERIOREN Y LOS RESORTES SE ROMPAN, QUE LOS MECANISMOS SE DESAJUSTEN...;3;13;0x3AAD;0x3B2B;texto;;;;;;;;;;;;;
H4;109;Y AUNQUE NO SE REVELE EL SECRETO, CON SOLO SOSPECHAR, LOS MECANISMOS SE DESAJUSTAN Y LA VIDA PUEDE ACORTARSE.;8;8;0x3B2D;0x3B69;texto;;;;;;;;;;;;;
H4;110;CRUJIA, CRUJIA. ESE SONIDO DEL ABUELO... YA DEBIA SER EL LIMITE DE SUS MECANISMOS. Y YO ENTONCES?;5;11;0x3B6B;0x3BBF;texto;;;;;;;;;;;;;
H4;111;2.@1.@@AUN@@@ MA@DES@NO@@@@ DO@AJU@HABIA@ KA@STE@LLEGAD SO@DE@@O@@@@@ SP@MEC@A@@@@@ EC@ANI@ESE@@@ HA@SMO@PUNTO. @@@S@@@PERO@@ @@@@@@@PENSE@ @@@@@@@EN@@@@ @@@@@@@LOS@@@ @@@@@@@MOTIVO @@@@@@@S.@@@@;3;13;0x3BC1;0x3C0A;pregunta;;2;1;3;1;6;0;1. DESAJUSTE DE MECANISMOS;2. MADOKA SOSPECHA;AUN NO HABIA LLEGADO A ESE PUNTO. PERO PENSE EN LOS MOTIVOS.;;;
H4;112;TIENE QUE SER FALTA DE AJUSTE. DESDE QUE ENTRE A LA UNIVERSIDAD PASE MUCHO TIEMPO LEJOS DEL ABUELO. VOLVIA DE VEZ EN CUANDO, PERO SI SOY UN MUÑECO, NO NECESITARIA AJUSTES A DIARIO?;2;14;0x3C14;0x3CA3;texto;;;;;;;;;;;;;
H4;113;NO QUIERO MORIR. Y TAMPOCO QUIERO MORIR DE ESA MANERA. EL ABUELO DEBE HABERME DADO EL TENROKI PRECISAMENTE PARA ESO. PASE LAS PAGINAS CON DESESPERACION.;2;14;0x3CA5;0x3D16;texto;;;;;;;;;;;;;
H4;114;HAY ALGUN METODO PARA AJUSTAR MI PROPIO CUERPO? POR CIERTO, CUANDO LLEGAMOS EL ABUELO ESTABA BEBIENDO ALGO PARECIDO A UNA MEDICINA. PERO YA SE LA HABIAMOS GUARDADO.;2;14;0x3D18;0x3D7A;texto;;;;;;;;;;;;;
H4;115;TENIA QUE ENCONTRAR COMO SEA LA FORMULA DE ESA MEDICINA. TOME MI DECISION... QUE PASA? MADOKA SE HABIA DESPERTADO.;5;11;0x3D7C;0x3DC5;texto;;;;;;;;;;;;;
H4;116;NO ES NADA. VOLVI A METERME EN EL FUTON CON CALMA. REZANDO PARA QUE EL SONIDO QUE VENIA DE MI PECHO NO SE ESCUCHARA.;3;13;0x3DC7;0x3E1D;texto;;;;;;;;;;;;;
H4;117;A LA MAÑANA SIGUIENTE EMPECE A INVESTIGAR PERO PASARON VARIOS DIAS SIN SABER NADA Y EL DETERIORO DE MI CUERPO HABIA EMPEZADO A VERSE EN LA SUPERFICIE.;5;11;0x3E1F;0x40DA;texto;;;;;;;;;;;;;
H4;118;LA VISTA NO SE ESTABILIZABA Y LOS DEDOS TEMBLABAN. AUN ASI NO DEJE DE BUSCAR EN EL LIBRO. ESO SIGNIFICABA LA MUERTE... O QUIZAS ROMPERSE.;3;13;0x40DC;0x4147;texto;;;;;;;;;;;;;
H4;119;PREOCUPADA, ELLA ME DIJO: NO ESTAS YENDO DEMASIADO LEJOS, VERDAD?;10;6;0x4149;0x4179;texto;;;;;;;;;;;;;
H4;120;PERO YO NO TENIA TIEMPO. SACUDI LA CABEZA. CADA VEZ QUE OIA ESE SONIDO EL PECHO ME DOLIA COMO SI ME LO APRETARAN.;3;13;0x417B;0x41D7;texto;;;;;;;;;;;;;
H4;121;NO... QUIZA YO NI SIQUIERA TENGO CORAZON.;8;8;0x41DF;0x4209;texto;;;;;;;;;;;;;
H4;122;OYE, HAY ALGO EN LO QUE PUEDA AYUDARTE? SUS PALABRAS ME ALEGRARON. PERO SI LEYERA EL TENROKI SE DARIA CUENTA DE QUE SOY UN MUÑECO.;2;14;0x420B;0x426E;texto;;;;;;;;;;;;;
H4;123;2.@@1.@@QUE ES@@INV@DEB IMP@EST@ERI OSI@IGA@A@@ BLE@R@@@HAC PAR@SOL@ER? A@@@O@@@@@@ TI@@@@@@@@@;5;11;0x4270;0x42A6;pregunta;;3;1;3;1;3;0;1. INVESTIGAR SOLO;2. ES IMPOSIBLE PARA TI;QUE DEBERIA HACER?;;;
H4;124;LO SIENTO, QUIERO QUE ME DEJES INVESTIGAR SOLO POR UN TIEMPO. TUVE QUE ALEJARLA A PROPOSITO. COMO NO SABIA LA VERDADERA CAUSA, TAMBIEN TENIA QUE CONSIDERAR QUE ELLA SOSPECHARA DE MI.;0;16;0x42B0;0x4325;texto;;;;;;;;;;;;;
H4;125;DISIPAR LAS SOSPECHAS DE ELLA... NO, A ESTAS ALTURAS ESO SERIA DIFICIL. LOS CAMBIOS EN MI CUERPO Y MI OBSESION CON EL TENROKI LA HAN PUESTO EN GUARDIA.;0;16;0x4327;0x4398;texto;;;;;;;;;;;;;
H4;126;ENTONCES, TENDRE QUE MATARLA? NO... ESO ES IMPOSIBLE. OJALA SE HARTARA DE MI Y SE FUERA.;3;13;0x439A;0x43EB;texto;;;;;;;;;;;;;
H4;127;PERO PERDER SU SONRISA SERIA PARA MI MAS CRUEL QUE LA MUERTE.;10;6;0x43ED;0x4418;texto;;;;;;;;;;;;;
H4;128;ESTORBO? PREGUNTO CON UNA SONRISA SERENA. MADOKA CONTENIA LAS LAGRIMAS CON TODAS SUS FUERZAS. NO PUEDO SER DE AYUDA?;7;9;0x441A;0x4464;texto;;;;;;;;;;;;;
H4;129;APRETE EL PUÑO. NI SIQUIERA PODIA HACER FUERZA.;10;6;0x4466;0x4488;texto;;;;;;;;;;;;;
H4;130;2.@@@1.@TEN CON@@SI@IA@ QUE@@YO.QUE TU@@@..@DEC EST@@@@@IR@ ES@@@@@@ALG AQU@@@@@O.@ I@@@@@@@@@@ ES@@@@@@@@@ SUF@@@@@@@@ ICI@@@@@@@@ ENT@@@@@@@@ E..@@@@@@@@ .@@@@@@@@@@;5;11;0x448A;0x44BD;pregunta;;3;2;3;0;3;0;1. SI YO...;2. CON QUE TU ESTES AQUI ES SUFICIENTE...;TENIA QUE DECIR ALGO.;;;
H4;131;...SI YO... INTENTE DECIRLO PERO NO PUDE TERMINAR LA FRASE.;8;8;0x44C7;0x46EC;texto;;;;;;;;;;;;;
H4;132;TE QUIERO, DE VERDAD, DE CORAZON, DIJO ELLA. CLARO, YO SIENTO LO MISMO.;9;7;0x46EE;0x4727;texto;;;;;;;;;;;;;
H4;133;PERO LA CONVERSACION SE CORTO. MADOKA ME MIRABA CON UNA EXPRESION TRISTE Y A LA VEZ TIERNA.;7;9;0x4729;0x4767;texto;;;;;;;;;;;;;
H4;134;UN MOMENTO DESPUES ELLA SALIO AFUERA. ME PREOCUPE, PERO CUANDO VOLVIO EMPEZO A PREPARAR LA CENA COMO SIEMPRE.;5;11;0x4769;0x47BC;texto;;;;;;;;;;;;;
H4;135;FUE CUANDO YA ME COSTABA INCLUSO LEVANTARME QUE SE ME OCURRIO QUE QUIZA EN EL DEPOSITO HABIA ALGUNA PISTA. LAMENTE NO HABERLO REVISADO ANTES, PERO YA NO HABIA TIEMPO.;2;14;0x47BE;0x50AC;texto;;;;;;;;;;;;;
H4;136;ABRI EL DEPOSITO Y CON GRAN ESFUERZO LLEGUE A LA ENTRADA. YA NO PODIA MANTENERME DE PIE SIN APOYARME EN LA PARED.;5;11;0x50AE;0x5102;texto;;;;;;;;;;;;;
H4;137;CAJAS GRANDES Y PEQUEÑAS APILADAS HASTA EL TECHO. EN ALGUNA DE ELLAS DORMIA MI VERSION DE SIETE AÑOS... O VARIAS. PERO NO HABIA TIEMPO PARA PENSAR EN ESO.;2;14;0x5104;0x5178;texto;;;;;;;;;;;;;
H4;138;FUI ABRIENDO LAS CAJAS MAS CERCANAS UNA A UNA. HABIA COSAS GUARDADAS CON CUIDADO. ESPERABA ENCONTRAR LA MEDICINA PERO NO APARECIA.;3;13;0x517A;0x51D5;texto;;;;;;;;;;;;;
H4;139;ME DI CUENTA DE QUE EN EL FONDO HABIA UNA CAJA ESPECIALMENTE GRANDE APOYADA EN LA PARED. ME ACERQUE Y LE PUSE LA MANO. ERA DEL TAMAÑO DE UNA PERSONA O MAS GRANDE.;3;13;0x51D7;0x5230;texto;;;;;;;;;;;;;
H4;140;LA CAJA TENIA UN SELLO. NO DEBERIA ABRIRLA?;10;6;0x5232;0x5259;texto;;;;;;;;;;;;;
H4;141;CON TODA LA ESPERANZA QUE ME QUEDABA ROMPI EL SELLO DE LA CAJA Y RETIRE LA TAPA.;10;6;0x5262;0x5297;texto;;;;;;;;;;;;;
H4;142;DENTRO HABIA UNA ARMADURA DE LA EPOCA SENGOKU, CON ESPADA Y TODO EN LA CINTURA. DECEPCIONADO, INTENTE DEJARLA COMO ESTABA.;5;11;0x529F;0x52EF;texto;;;;;;;;;;;;;
H4;143;PERO EN ESE MOMENTO SE OYO UN SONIDO. CRUJIA, CRUJIA. NO ERA MI SONIDO. VENIA DE LA ARMADURA, NO, DEL GUERRERO. APARTO MI MANO, QUE INTENTABA CERRAR LA TAPA, Y DIO UN PASO ADELANTE.;0;16;0x52F1;0x537D;texto;;;;;;;;;;;;;
H4;144;ESTA COSA ESTA VIVA. DEBE SER UN MUÑECO GUERRERO CREADO POR ALGUN KOKONOE DE OTRA EPOCA. RECHINANDO, EL GUERRERO SE GIRO HACIA MI.;3;13;0x537F;0x53F8;texto;;;;;;;;;;;;;
H4;145;LOS OJOS DENTRO DEL YELMO BRILLABAN COMO FUEGOS FATUOS. ME ESTABA MIRANDO. EL GUERRERO PUSO LA MANO EN LA ESPADA DE SU CADERA.;7;9;0x53FA;0x544E;texto;;;;;;;;;;;;;
H4;146;2.@@1.@ME@@ ESC@RE@VAN@ APA@SI@A@@@ R@@@GN@CORT DES@AR@AR.@ ESP@ME@YO.. ERA@@@@.@@@ DAM@@@@@@@@ ENT@@@@@@@@ E@@@@@@@@@@;5;11;0x5460;0x548E;pregunta;;3;1;2;1;4;0;1. RESIGNARME;2. ESCAPAR DESESPERADAMENTE;ME VAN A CORTAR. YO...;;;
H4;147;ME RESIGNE. CON EL CUERPO TAN DEBILITADO NO PODIA MOVERME.;2;14;0x5498;0x54C5;texto;;;;;;;;;;;;;
H4;148;POR CIERTO...;0;16;0x54C7;0x54C7;texto;;;;;;;;;;;;;
H4;149;LA VOZ DE MADOKA ME HIZO VOLVER EN MI. ELLA HABIA LLEGADO HASTA ALLI. EL GUERRERO ESTABA A PUNTO DE ALZAR SU ESPADA.;4;12;0x54DE;0x5526;texto;;;;;;;;;;;;;
H4;150;ESQUIVE LA ESPADA DEJANDOME CAER.;12;4;0x552B;0x554C;texto;;;;;;;;;;;;;
H4;151;LA ESPADA ATRAVESO UNA DE LAS CAJAS. EL MUÑECO QUE HABIA DENTRO SE DESGARRO, Y RESORTES Y ENGRANAJES SALIERON VOLANDO.;7;9;0x554E;0x5597;texto;;;;;;;;;;;;;
H4;152;DENTRO PUDE VER UNA CABEZA PARTIDA POR LA MITAD.;12;4;0x5599;0x55AF;texto;;;;;;;;;;;;;
H4;153;POR CIERTO...;0;16;0x55B1;0x55B1;texto;;;;;;;;;;;;;
H4;154;AHORA, MIENTRAS PUEDES! MADOKA ME SOSTUVO Y, TAMBALEANDONOS, DIMOS UN PASO. ESCAPAMOS DEL CUARTO INTERIOR Y, APOYADO EN SU HOMBRO, MIRE HACIA ATRAS.;2;14;0x55B9;0x5624;texto;;;;;;;;;;;;;
H4;155;ESTA BIEN. SI YO MUERO TODO SE RESUELVE. POR QUE DICES ESO? LAS PALABRAS QUE ME DIJISTE ERAN MENTIRA? MIS PALABRAS... LO QUE ME DIJISTE LA PRIMERA VEZ QUE NOS VIMOS...;0;16;0x5626;0x5697;texto;;;;;;;;;;;;;
H4;156;EL GUERRERO SE ACERCABA LENTAMENTE. DE TODAS FORMAS MIENTRAS YO ESTUVIERA AQUI ELLA NO PODIA ESCAPAR. MADOKA MURMURO: NO ME DEJES SOLA.;2;14;0x5699;0x56FE;texto;;;;;;;;;;;;;
H4;157;LA PUERTA DEL DEPOSITO ERA PESADA Y NO PODIA ABRIRSE FACILMENTE.;10;6;0x5703;0x5732;texto;;;;;;;;;;;;;
H4;158;2.@@1.@@ME@ ENF@JUN@DEC REN@TAR@IDI TAR@FUE@.@@ AL@@RZA@@@@ GUE@S@@@@@@ RRE@PAR@@@@ RO@@A@@@@@@ @@@@ABR@@@@ @@@@IR@@@@@;5;11;0x5734;0x576C;pregunta;;3;1;3;1;3;0;1. JUNTAR FUERZAS PARA ABRIR;2. ENFRENTAR AL GUERRERO;ME DECIDI.;;;
H4;159;JUNTAMOS FUERZAS PARA ABRIR LA PUERTA. SENTI LA ESPADA DESCENDER JUSTO SOBRE NOSOTROS.;7;9;0x5776;0x5AAF;texto;;;;;;;;;;;;;
H4;160;LA PUERTA SE ABRIO Y ENTRO LA LUZ DEL SOL. EL GUERRERO SE RETORCIO DE DOLOR AL RECIBIRLA. YO, CON MIS ULTIMAS FUERZAS, SALI DEL DEPOSITO JUNTO A ELLA.;5;11;0x5AB1;0x5B1C;texto;;;;;;;;;;;;;
H4;161;CONFIRME QUE EL GUERRERO YA NO SE MOVIA.;12;4;0x5B1E;0x5B34;texto;;;;;;;;;;;;;
H4;162;YA ESTA BIEN. GRACIAS, ME SALVASTE. LA ABRACE.;10;6;0x5B36;0x5B5F;texto;;;;;;;;;;;;;
H4;163;PERO SU CUERPO NO TENIA FUERZAS. SOLO SENTI UNA SENSACION HUMEDA. LA ESPADA LA HABIA CORTADO PROFUNDAMENTE EN EL HOMBRO.;3;13;0x5B61;0x5BB6;texto;;;;;;;;;;;;;
H4;164;...MENOS MAL. NOS SALVAMOS. VOY A LLAMAR UNA AMBULANCIA, AGUANTA... MMM... QUIZA ASI ESTE BIEN.;3;13;0x5BB8;0x5C0D;texto;;;;;;;;;;;;;
H4;165;EL COLOR IBA ABANDONANDO EL ROSTRO DE MADOKA. LA LLAMA DE SU VIDA SE ESTABA APAGANDO. POR QUE? NO, ASI NO. REACCIONA.;7;9;0x5C0F;0x5C4F;texto;;;;;;;;;;;;;
H4;166;MADOKA SONRIO. COMO SI LO ENTENDIERA TODO.;10;6;0x5C51;0x5C75;texto;;;;;;;;;;;;;
H4;167;YO TE QUISE DESDE EL PRINCIPIO, TATSUKI. YO TAMBIEN SOLO TENGO AL ABUELO, PERO SI TU Y YO NOS HACEMOS AMIGOS, YA SEREMOS DOS, ME DIJISTE. OJALA PUDIERAMOS SER DOS PARA SIEMPRE...;2;14;0x5C77;0x5CDC;texto;;;;;;;;;;;;;
H4;168;MADOKA, RESISTE! ...ESTOY BIEN. NOS VOLVEREMOS A VER, VERDAD? POR FAVOR, A MI TAMBIEN... ASI QUE LO SABIAS, DESPUES DE TODO.;4;12;0x5CDE;0x5D23;texto;;;;;;;;;;;;;
H4;169;SENTI QUE LAS FUERZAS ABANDONABAN SU CUERPO LENTAMENTE. SUPE QUE SU ALMA YA NO ESTABA AHI.;8;8;0x5D25;0x5D66;texto;;;;;;;;;;;;;
H4;170;MI PERSONA MAS QUERIDA. HABIA MUERTO POR MI CULPA.;9;7;0x5D68;0x5D97;texto;;;;;;;;;;;;;
H4;171;SI, ESTEMOS JUNTOS PARA SIEMPRE. LO JURE.;8;8;0x5D99;0x5DB7;texto;;;;;;;;;;;;;
H4;172;DESDE QUE MADOKA MURIO LOS PROBLEMAS DE MI CUERPO SE ESFUMARON COMO POR MAGIA.;10;6;0x5DBC;0x5DE8;texto;;;;;;;;;;;;;
H4;173;ADEMAS EL GUERRERO TAMPOCO SE MOVIA MAS. ERA TAN ANTIGUO QUE QUIZA AL RECIBIR LA LUZ DEL SOL SUS COMPONENTES SE HABIAN DETERIORADO.;3;13;0x5DEA;0x5E3E;texto;;;;;;;;;;;;;
H4;174;DURANTE MUCHO TIEMPO QUEDE COMO UN CASCARON VACIO. PERO PENSE EN LO QUE PODIA HACER POR MADOKA, QUE HABIA MUERTO, Y LLEGUE A UNA CONCLUSION.;5;11;0x5E40;0x6241;texto;;;;;;;;;;;;;
H4;175;CREAR UNA PERSONA...;7;9;0x6243;0x6261;texto;;;;;;;;;;;;;
H4;176;SI, AUNQUE FALLARA TENDRIA QUE LOGRARLO. PERO AUNQUE CREARA UN MUÑECO IDENTICO A ELLA, SI SU CORAZON NO VOLVIERA SOLO SERIA UN MONSTRUO.;3;13;0x6263;0x62C2;texto;;;;;;;;;;;;;
H4;177;EL TENROKI NO EXPLICABA COMO CREAR UN CORAZON.;10;6;0x62C4;0x62E9;texto;;;;;;;;;;;;;
H4;178;2.@@1.@@QUE NO@@INV@ES@ PEN@EST@EL@ SAR@IGA@COR EN@@R@@@AZO ESO@EL@@N@@ POR@COR@PAR AHO@AZO@A@@ RA@@N@@@UN@ @@@@@@@@CUE @@@@@@@@RPO @@@@@@@@?@@;5;11;0x62EB;0x6323;pregunta;;3;1;3;1;3;0;1. INVESTIGAR EL CORAZON;2. NO PENSAR EN ESO POR AHORA;QUE ES EL CORAZON PARA UN CUERPO?;;;
H4;179;DECIDI INVESTIGAR POR UN TIEMPO.;12;4;0x632D;0x637A;texto;;;;;;;;;;;;;
H4;180;EL TENROU DEL NOMBRE TENROKI ERA UN INMORTAL DE LA CHINA ANTIGUA QUE TAMBIEN CREABA PERSONAS. SE DICE QUE ESTAS SE VOLVIERON SABIOS QUE AYUDARON A GOBERNAR EL REINO.;5;11;0x637C;0x63DB;texto;;;;;;;;;;;;;
H4;181;MIENTRAS NO CAMBIARA EL METODO DEBERIA PODER CREAR UN CORAZON DE LA MISMA MANERA. PERO DE QUE MATERIAL SE HACE UN CORAZON?;5;11;0x63DD;0x6430;texto;;;;;;;;;;;;;
H4;182;COMO HABIA LLEGADO YO A TENER CORAZON? COMO LO HABRA HECHO EL ABUELO?;5;11;0x6432;0x645F;texto;;;;;;;;;;;;;
H4;183;LO QUE EL ABUELO ME HABIA DEJADO ERA ESTE LIBRO Y EL OJO DE CRISTAL. POR CIERTO, EL ABUELO TENIA UN SOLO OJO. AUNQUE ERA UN MUÑECO...;5;11;0x6461;0x64A5;texto;;;;;;;;;;;;;
H4;184;SENTI QUE CASI ENCONTRABA UNA RESPUESTA. PERO NO IBA A SER TAN FACIL, ASI QUE DECIDI COMENZAR EL TRABAJO DE CREAR LA MUÑECA.;5;11;0x64A7;0x64EE;texto;;;;;;;;;;;;;
H4;185;PRIMERO, LOS HUESOS. LOS SUYOS HABIAN SIDO CREMADOS. POR SUERTE, EL TENROKI TENIA LOS METODOS QUE HABIAN USADO PARA CREAR UN CUERPO A PARTIR DE HUESOS.;4;12;0x64F0;0x655D;texto;;;;;;;;;;;;;
H4;186;LOS HUESOS HUMANOS SON 206. SE AMASA POLVO DE HUESO DE DRAGON, SE LE DA FORMA DE HUESO HUMANO Y SE DEJA SECAR DIEZ DIAS. LUEGO SE COCE Y SE VUELVE A TALLAR.;4;12;0x655F;0x65CC;texto;;;;;;;;;;;;;
H4;187;LO ESCRITO ERA SIMPLE, PERO LOS DETALLES VENIAN MAS ADELANTE. CUANDO TERMINE DE COCERLOS EN EL HORNO DE ATRAS, YA ERA OTOÑO.;3;13;0x65CE;0x6615;texto;;;;;;;;;;;;;
H4;188;A LOS HUESOS COCIDOS HABIA QUE UNTARLES HISOU -ARSENICO- Y FROTARLOS CON HOJAS DE MUCHAS PLANTAS. CORRI POR LOS CAMPOS DE OTOÑO Y REUNI LAS NECESARIAS.;5;11;0x6617;0x666E;texto;;;;;;;;;;;;;
H4;189;ENSAMBLE LOS HUESOS, ENVOLVIENDOLOS CON FIBRA DE KUZU E HILO DE SEDA. EN DONDE IRIAN LOS MUSCULOS, COLOQUE BARBAS DE BALLENA PARA QUE PUDIERA MOVERSE.;5;11;0x6670;0x66E0;texto;;;;;;;;;;;;;
H4;190;EN LA GARGANTA COLOQUE UNA PLANTA JARRO PARA QUE PRODUJERA VOZ. PARA ENTONCES EL CIELO YA COMENZABA A DEJAR CAER COPOS BLANCOS. HABIA INFINIDAD DE COSAS POR HACER.;0;16;0x66E2;0x6742;texto;;;;;;;;;;;;;
H4;191;CUANDO EL AÑO NUEVO LLEGO EMPECE A TRABAJAR EN LOS OJOS. LOS OJOS DEL ABUELO ERAN DE CRISTAL TALLADO. EL GLOBO OCULAR ERA TRANSPARENTE Y SEMILIQUIDO. SEGUN EL TENROKI HAY QUE ABLANDAR EL CRISTAL CON UNA SOLUCION Y USARLO ASI.;0;16;0x6744;0x67CE;texto;;;;;;;;;;;;;
H4;192;AL SUMERGIRLO, SE VOLVIO BLANDO COMO CARNE VIVA. TALLE EL CRISTALINO, LA PUPILA Y EL IRIS CON SUMO CUIDADO.;7;9;0x67D0;0x681C;texto;;;;;;;;;;;;;
H4;193;UN OJO RODO TIBIO ENTRE MIS MANOS. POR ALGUNA RAZON EL FONDO DE MIS OJOS ME DOLIO UN POCO.;9;7;0x681E;0x6853;texto;;;;;;;;;;;;;
H4;194;LO TOME CON LOS DEDOS Y AUNQUE PARECIA FRAGIL NO SE APLASTABA. LO OBSERVE Y LO ACARICIE CON LA PALMA. LA PARTE DE ATRAS DE MIS OJOS ME DOLIA.;5;11;0x6855;0x689E;texto;;;;;;;;;;;;;
H4;195;SIN QUERER, TERMINE APRETANDO EL GLOBO OCULAR HASTA APLASTARLO. AUNQUE EL TRABAJO AVANZABA, NO HABIA PENSADO EN LO MAS IMPORTANTE: DONDE ENCONTRAR EL CORAZON.;2;14;0x68A0;0x6909;texto;;;;;;;;;;;;;
H4;196;QUERIA HABLAR CON MADOKA. QUE ME HABRIA RESPONDIDO ELLA? NOS VEREMOS DE NUEVO? SUS ULTIMAS PALABRAS ME LLEGABAN UNA VEZ MAS.;2;14;0x6911;0x696B;texto;;;;;;;;;;;;;
H4;197;NOS VEREMOS DE NUEVO. NO ME QUEDABA MAS QUE CREER EN ESO Y SEGUIR CONSTRUYENDO.;10;6;0x696D;0x6995;texto;;;;;;;;;;;;;
H4;198;EL CIELO DE INVIERNO DEBERIA HABER ESTADO DESPEJADO, PERO ESTOS ULTIMOS DIAS HABIA ESTADO NUBLADO, CON APENAS UN POCO DE SOL. QUIZA EL CIELO SABIA LO QUE ESTABA A PUNTO DE HACER.;3;13;0x6997;0x6A07;texto;;;;;;;;;;;;;
H4;199;ME ABRI CAMINO POR EL BOSQUE DE BAMBUES Y LLEGUE A LOS CAMPOS AL PIE DE LA MONTAÑA. SOLO HABIA PASTO SECO, CAIDO POR EL VIENTO Y UN POCO DE NIEVE RESTANTE.;4;12;0x6A09;0x6A5F;texto;;;;;;;;;;;;;
H4;200;EN MEDIO DEL CAMPO HABIA UNA MONTAÑA DE HIERBA SECA QUE YO HABIA APILADO. DENTRO DE ESA MONTAÑA YACIA EL MUÑECO QUE HABIA CREADO.;5;11;0x6A61;0x6AB3;texto;;;;;;;;;;;;;
H4;201;ADEMAS, LE PUSE EL OJO DEL ABUELO JUNTO CON EL QUE YO HABIA HECHO.;10;6;0x6AB5;0x6ADA;texto;;;;;;;;;;;;;
H4;202;EL FOSFORO NO PRENDIA FACILMENTE. MIS MANOS TEMBLABAN.;10;6;0x6ADC;0x6B07;texto;;;;;;;;;;;;;
H4;203;SI ENCENDIA ESTE FUEGO Y EL MUÑECO ARDIA LO UNICO QUE QUEDABA ERA APLICAR EL RITUAL DE RESURRECCION. POR QUE DUDABA? NO SABIA QUE CARA TENDRIA EL MUÑECO QUE HABIA CONSTRUIDO.;2;14;0x6B09;0x6B6F;texto;;;;;;;;;;;;;
H4;204;QUIZAS ESTABA CREANDO A UN MONSTRUO, PERO ASI QUIZAS PODRIA HACER QUE ELLA VOLVIERA A LA VIDA. EN MI MENTE ESOS PENSAMIENTOS SE SUCEDIAN UNO TRAS OTRO.;3;13;0x6B71;0x6BC4;texto;;;;;;;;;;;;;
H4;205;DE DONDE VIENE EL CORAZON Y ADONDE VA? SIN OBTENER RESPUESTA A ESO HABIA LLEGADO HASTA AQUI. EL CORAZON ES ALGO QUE LAS PERSONAS NO PUEDEN CREAR POR MAS QUE LO INTENTEN.;3;13;0x6BC6;0x6C1F;texto;;;;;;;;;;;;;
H4;206;SOLTE LA FUERZA DE LA MANO QUE SOSTENIA EL FOSFORO. ENTENDI POR QUE NO PODIA ENCENDER EL FUEGO. AUN ESTABA INCOMPLETO.;7;9;0x6C21;0x6C6C;texto;;;;;;;;;;;;;
H4;207;TENIA QUE HACER ALGO. PUSE EL DEDO SOBRE MI PARPADO Y, DE UN TIRON, LO HUNDI ADENTRO.;8;8;0x6C6E;0x6CAC;texto;;;;;;;;;;;;;
H4;208;POR CIERTO...;4;12;0x6CAE;0x6CAE;texto;;;;;;;;;;;;;
H4;209;NO HABIA DOLOR. EN LUGAR DEL OJO QUE YO HABIA HECHO, PUSE ESE. ESTE OJO HABIA VISTO NUESTROS RECUERDOS, LOS MIOS Y LOS DE ELLA.;3;13;0x6CBB;0x6D00;texto;;;;;;;;;;;;;
H4;210;SI SE ME PERMITIA DEVOLVERLE LA VIDA, NO SERIA NECESARIO ESTE OJO, QUE LO HABIA VISTO TODO CON NOSOTROS?;7;9;0x6D02;0x6D4E;texto;;;;;;;;;;;;;
H4;211;FROTE EL FOSFORO Y LO LANCE AL MONTON DE HIERBA SECA. EN UN INSTANTE EL FUEGO SE EXTENDIO Y LAS CHISPAS SUBIERON AL CIELO. SOLO ERA CUESTION DE TIEMPO PARA QUE LA LLAMA LLEGARA AL CENTRO.;2;14;0x6D50;0x6DB9;texto;;;;;;;;;;;;;
H4;212;SEGUI LAS CHISPAS Y MIRE AL CIELO. DICEN QUE ESTE FUEGO QUEMA LAS DESGRACIAS, PASIONES Y ODIOS DEL MUNDO Y CREA UNA NUEVA PERSONA. LO ALTO DEL CIELO YA ERA DE UN AZUL CASI NEGRO.;2;14;0x6DBB;0x6E2E;texto;;;;;;;;;;;;;
H4;213;LAS CHISPAS SE SUPERPONIAN A LAS ESTRELLAS. EL HORIZONTE SE DESPEJABA LENTAMENTE. MIRE EL FUEGO Y LAS LLAMAS HABIAN CRECIDO COMO INTENTANDO QUEMAR EL CIELO.;3;13;0x6E30;0x6E90;texto;;;;;;;;;;;;;
H4;214;YA HICE TODO LO QUE PUDE. AHORA SOLO QUEDA ESPERAR.;5;11;0x6E92;0x6EE3;texto;;;;;;;;;;;;;
H4;215;AUNQUE ESTO TERMINE, SIN IMPORTAR EL RESULTADO, SEGUIRE CREANDO MUÑECOS. SI LO HAGO, TAL VEZ PUEDA SEGUIR SIENDO HUMANO. PUSE LA MANO SOBRE MI PECHO IZQUIERDO, TRATANDO DE SENTIR ESE SONIDO.;2;14;0x6EE5;0x6F52;texto;;;;;;;;;;;;;
H4;216;DI LA ESPALDA A LAS LLAMAS.;13;3;0x6F54;0x6F61;texto;;;;;;;;;;;;;
H4;217;LLEGO LA PRIMAVERA. Y YO AGITO LA MANO. ABUELO, YA VEO BIEN.;9;7;0x6F63;0x6FAA;texto;;;;;;;;;;;;;
H4;5B;YO QUERIA QUE EL CONOCIERA A MADOKA. LO HABIA REPETIDO MUCHAS VECES. Y ESA ERA MI VERDADERA INTENCION.;5;11;0x0252;0x039E;texto;;;;;;;;;;;;;
H4;6B;CONOCIA A MADOKA DESDE QUE ENTRAMOS A LA UNIVERSIDAD. CUANDO LA CONOCI, SU PADRE ACABABA DE MORIR.;7;9;0x03A0;0x03E2;texto;;;;;;;;;;;;;
H4;7B;QUIZA POR CIRCUNSTANCIAS SIMILARES A LAS MIAS, SE HABIA CONVERTIDO EN LA PERSONA MAS IMPORTANTE. LE TOME LA MANO CON FUERZA.;7;9;0x03E4;0x042A;texto;;;;;;;;;;;;;
H4;14B;ELLA ES MADOKA. ES... MI PERSONA MAS IMPORTANTE. ME PUSE UN POCO COLORADO DE DECIRLO YO MISMO.;8;8;0x086A;0x089E;texto;;;;;;;;;;;;;
H4;14G;NO LE HABIA CONTADO NADA AL ABUELO SOBRE ELLA. ELLA ES MADOKA. ES... MI PERSONA MAS IMPORTANTE. ME PUSE UN POCO COLORADO DE DECIRLO YO MISMO.;3;13;0xF993;0x089E;texto;;;;;;;;;;;0x0764;;
H4;15B;ELLA TAMBIEN SE PUSO ROJA Y BAJO LA VISTA. UNA SONRISA SE FORMO EN LOS LABIOS DEL ABUELO.;8;8;0x08A0;0x08CE;texto;;;;;;;;;;;;;
H4;16B;MUCHO GUSTO, GRACIAS POR CUIDAR A MI NIETO. AL CONTRARIO. TATSUKI SIEMPRE ME CONTAGIA SU ENERGIA.;5;11;0x08D0;0x0919;texto;;;;;;;;;;;;;
H4;17B;ES ELLA LA QUE ME DA ENERGIA A MI, IBA A DECIR, PERO EL ABUELO SIGUIO HABLANDO.;9;7;0x091B;0x0946;texto;;;;;;;;;;;;;
H4;18B;DE AQUI EN ADELANTE, MI NIETO SE TOPARA CON UN GRAN OBSTACULO. CUANDO ESO PASE, POR FAVOR APOYELO. Y ENTONCES EL ABUELO CERRO LOS OJOS. MADOKA LE DEVOLVIO LA SONRISA.;3;13;0x0948;0x09A1;texto;;;;;;;;;;;;;
H4;25B;HASTA ESE PUNTO NO ESPERABA. BUENO, ME ALEGRARIA MUCHO VERLO. MADOKA ME MIRO FELIZ.;5;11;0x0B9B;0x0BD8;texto;;;;;;;;;;;;;
H4;26B;QUE BIEN. PENSE QUE ESTABAS MAL PORQUE EL ABUELO ESTABA TAN ENFERMO. PERO SI PUEDES DECIR ESO, ESTARA BIEN. GRACIAS. ASENTI CON LA CABEZA.;2;14;0x0BDA;0x0C37;texto;;;;;;;;;;;;;
H4;27B;NO, ENTIENDO QUE ES DIFICIL. NO TE FUERCES... SI. VOLVI A ASENTIR CON LA CABEZA.;7;9;0x0C39;0x0C70;texto;;;;;;;;;;;;;
H4;28B;CRUJIA, CRUJIA. ALGO RECHINO DESDE LA HABITACION DE AL LADO. UN TIPO DE SONIDO.;8;8;0x0C72;0x0CB6;texto;;;;;;;;;;;;;
H4;29B;QUE SONIDO SERA ESE? ENTONCES NO ERA MI IMAGINACION. YO TAMBIEN ME LO ESTABA PREGUNTANDO. ASI QUE MADOKA TAMBIEN LO HABIA OIDO.;5;11;0x0CB8;0x0D03;texto;;;;;;;;;;;;;
H4;33B;ESPERE UN RATO HASTA QUE SE CALMARA. LUEGO EL ABUELO ME LLAMO. TENGO ALGO QUE DARTE. VEN. CUANDO ABRI LAS PUERTAS CORREDERAS, TODO LO QUE VI FUE ROJO.;2;14;0x0DD4;0x109E;texto;;;;;;;;;;;;;
H4;34B;EL FUTON ESTABA CUBIERTO DE SANGRE.;12;4;0x10A3;0x10BD;texto;;;;;;;;;;;;;
H4;35B;ABUELO! SIN SIQUIERA LIMPIARSE LA BOCA DESPUES DE ESCUPIR SANGRE, EL ABUELO TENIA UN LIBRO EN LAS MANOS. TIENES QUE ESTAR EN CAMA! NO, ESTO...;2;14;0x10BF;0x111F;texto;;;;;;;;;;;;;
H4;36B;EL ABUELO EXTENDIO LA MANO Y ME ENTREGO EL LIBRO. EL TITULO ERA TENROKI.;7;9;0x1121;0x1164;texto;;;;;;;;;;;;;
H4;37B;CRUJIA, CRUJIA. ESE SONIDO PROVENIA DEL PECHO DEL ABUELO. POR ENCIMA DE TODO, TENIA QUE ENTREGARTE ESTO.;2;14;0x1166;0x11CB;texto;;;;;;;;;;;;;
H4;38B;ME QUEDE ABSORTO EN LAS PALABRAS DEL ABUELO. Y LUEGO, ESTO...;10;6;0x11CD;0x11EF;texto;;;;;;;;;;;;;
H4;39B;EL ABUELO INTRODUJO EL DEDO EN SU UNICO OJO Y LO EXTRAJO SIN UN SOLO GEMIDO DE DOLOR.;8;8;0x11F1;0x1232;texto;;;;;;;;;;;;;
H4;40B;EN SU PALMA HABIA UNA EXQUISITA OBRA DE CRISTAL. NO ESPERABA QUE EL MOMENTO LLEGARA TAN PRONTO.;9;7;0x1234;0x1265;texto;;;;;;;;;;;;;
H4;41B;SU VOZ CAMBIO. LA PUNTA DE SUS DEDOS SE VOLVIO JUGO DE CARNE Y COMENZO A GOTEAR. LA CARNE DE SU GARGANTA SE ESTABA DISOLVIENDO.;7;9;0x1267;0x12B0;texto;;;;;;;;;;;;;
H4;42B;DONDE DEBIA HABER MUSCULOS HABIA MECANISMOS DE BARBAS DE BALLENA ATADAS...;9;7;0x12B2;0x12DA;texto;;;;;;;;;;;;;
H4;43B;DONDE DEBIA HABER MUSCULOS HABIA MECANISMOS DE BARBAS DE BALLENA ATADAS. EN LA GARGANTA HABIA UN DISPOSITIVO QUE PERMITIA LA VOZ...;5;11;0x12DC;0x12FB;texto;;;;;;;;;;;;;
H4;44B;DONDE DEBIA HABER MUSCULOS HABIA MECANISMOS DE BARBAS DE BALLENA ATADAS. EN LA GARGANTA UN DISPOSITIVO PARA LA VOZ... TODO ESO SE FUE DERRITIENDO Y DESMORONANDO JUNTO CON LA CARNE.;2;14;0x12FD;0x1319;texto;;;;;;;;;;;;;
H4;45B;PARA QUE NO PIERDAS LO QUE ES IMPORTANTE... USALO. EL ABUELO YA IBA PERDIENDO SU FORMA.;7;9;0x131E;0x135E;texto;;;;;;;;;;;;;
H4;46B;TOME EL OJO CON MANOS TEMBLOROSAS. LOS RESORTES PERDIERON TODA FUERZA Y CAYERON AL SUELO.;2;14;0x1360;0x13C5;texto;;;;;;;;;;;;;
H4;47B;LO QUE QUEDO FUE SOLO UN MONTON DE HUESOS VACIOS. ABUELO. EXTENDI LA MANO. AL INTENTAR TOCARLOS, LOS HUESOS SE DESMORONARON.;0;16;0x13CA;0x141A;texto;;;;;;;;;;;;;
H4;48B;AH, AH... DETRAS DE MI SE OYO UNA VOZ QUE NO LLEGABA A SER VOZ.;10;6;0x141C;0x143F;texto;;;;;;;;;;;;;
H4;49B;2.@@@1.@@MAD CER@@ABR@OKA RAR@@AZA@EST LAS@@R@@@ABA PUE@@A@@@DE@ RTA@@MAD@PIE S@@@@OKA@,@@ PAR@@@@@@ATO A@@@@@@@@NIT QUE@@@@@@A.@ NO@@@@@@@@@@ VEA@@@@@@@@@;3;12;0x1441;0x148B;pregunta;;3;2;3;1;3;0;1. ABRAZAR A MADOKA;2. CERRAR LAS PUERTAS PARA QUE NO VEA;MADOKA ESTABA DE PIE, ATONITA.;;;
H4;50B;CERRE LAS PUERTAS CORREDERAS DE GOLPE.;12;4;0x1495;0x1848;texto;;;;;;;;;;;;;
H4;51B;QUE PASA, ABREME. NO. NO ENTRES. NO PUEDES VER ESTO. EMPUJE MI ESPALDA CONTRA LAS PUERTAS. DELANTE DE MIS OJOS HABIA UN MAR DE CARNE DERRETIDA.;3;13;0x184A;0x18A5;texto;;;;;;;;;;;;;
H4;52B;Y EN MEDIO DE TODO ESO, LO QUE HABIA SIDO EL ABUELO PERMANECIA INMOVIL. SIN ESCUCHAR LA VOZ DE MADOKA, SOLO LLORE CON UN SOLLOZO QUE NO ERA VOZ.;2;14;0x18AA;0x1910;texto;;;;;;;;;;;;;
H4;61B;ESO FUE... QUE ERA TODO ESO? SENTI QUE TENIA QUE DECIRLO Y ME ARME DE VALOR PARA HABLAR.;7;9;0x1B92;0x1CC6;texto;;;;;;;;;;;;;
H4;62B;MADOKA SACUDIO LA CABEZA SIN SABER QUE DECIR. NO SE, PERO CREO QUE NO HAY QUE PENSAR EN ESO. TATSUKI, TE ESTAS FORZANDO DEMASIADO.;3;13;0x1CCB;0x1D25;texto;;;;;;;;;;;;;
H4;63B;PUEDE QUE TENGAS RAZON. ME GOLPEO COMO UN PUÑETAZO SABER QUE LA VIDA DEL ABUELO SE ACABABA. ERA TAN AMABLE. Y AHORA EL ABUELO SE IBA. Y DE ESA MANERA.;3;13;0x1D27;0x1D7F;texto;;;;;;;;;;;;;
H4;64B;MADOKA SE LEVANTO Y SE ARRIMO SUAVEMENTE A MI LADO. ME VOY A QUEDAR AQUI UN TIEMPO. NO PUEDO DEJARTE SOLO, TATSUKI. Y LUEGO NOS ALEJAMOS DE LA TUMBA DEL ABUELO.;2;14;0x1D81;0x1DE2;texto;;;;;;;;;;;;;
H4;92B;CON LA CABEZA HECHA UN LIO, NO PUDE RESPONDER MAS QUE CON FRIALDAD. ME DUELE LA CABEZA... PODRIAS CALLARTE? MADOKA BAJO LA MIRADA, APENADA, Y ME MIRO DE REOJO. PERDON. NO TIENES NADA QUE DISCULPAR.;0;16;0x25F7;0x28F6;texto;;;;;;;;;;;;;
H4;93B;YO MISMO YA NO PODIA AGUANTAR Y DESAPARECI DE AHI COMO HUYENDO. LUEGO CON LA CABEZA CONFUNDIDA ABRI EL TENROKI.;5;11;0x28F8;0x294A;texto;;;;;;;;;;;;;
H4;94B;LA PERSONA QUE CREE ERA FEA Y SOLO EMITIA SONIDOS EXTRAÑOS. QUIEN NO LA CONOCIERA SOLO PODRIA VERLA COMO UN MONSTRUO.;5;11;0x294C;0x29A7;texto;;;;;;;;;;;;;
H4;95B;PERO LO QUE CREE ESTABA, SIN DUDA, VIVO. VIVIA, PERO NO ERA MAS QUE UN SER SIN CORAZON.;7;9;0x29A9;0x29E5;texto;;;;;;;;;;;;;
H4;96B;CORAZON... TENGO YO CORAZON? SI TENGO CORAZON, SOY HUMANO? Y YO, QUE SOY?;5;11;0x29E7;0x2A37;texto;;;;;;;;;;;;;
H4;97B;MIENTRAS PENSABA, MADOKA VINO A LLAMARME. COMO TE SIENTES? LE PREOCUPABA LA MENTIRA QUE LE HABIA DICHO ANTES. YA ESTOY BIEN. ME SENTE A LA MESA.;3;13;0x2A39;0x2A99;texto;;;;;;;;;;;;;
H4;98B;EN LA MESA HABIA PESCADO A LA PLANCHA Y SOPA CON VERDURAS. ME SENTE, TOME LOS PALILLOS Y MASTIQUE CADA BOCADO, SABOREANDO TODO LO QUE HABIA EN EL PLATO.;3;13;0x2A9B;0x2B01;texto;;;;;;;;;;;;;
H4;99B;QUE TAL, TE GUSTA? PREGUNTO MADOKA ASOMANDOSE A VER MI CARA CON PREOCUPACION.;10;6;0x2B03;0x2B27;texto;;;;;;;;;;;;;
H4;100B;ASENTI DE MANERA VAGA. MADOKA TOMO LOS PALILLOS, COMO RETRAYENDOSE.;9;7;0x2B29;0x3149;texto;;;;;;;;;;;;;
H4;101B;PERDON, MADOKA. TU ERES UNA PERSONA IRREMPLAZABLE PARA MI ...ES UNA PENA, PERO YO NO PUEDO SER LO QUE TU NECESITAS.;7;9;0x314B;0x3182;texto;;;;;;;;;;;;;
H4;102B;ME MORDI EL LABIO. REALMENTE ME HABIA ALEGRADO QUE VINIERA CONMIGO. PERO NO PODIA DECIRLE ESO.;5;11;0x318E;0x31CF;texto;;;;;;;;;;;;;
H4;103B;3.@@2.@@1.@@QUE YA@@SEG@SEG@DEB NO@@UIR@UIR@ERI PUE@DIS@CAL@A@@ DO@@TAN@LAD@HAC OCU@TE@@O@@@ER? LTA@@@@@@@@@@@@ RLO@@@@@@@@@@@@;1;15;0x31D1;0x3215;texto;;;;;;;;;;;;;
H4;104R;QUIZAS YA NO PUEDA OCULTARLO. ESTOY CONTENTO. DE VERDAD ME ALEGRO DE QUE HAYAS VENIDO CONMIGO. PERO SI NO HUBIERAS VENIDO, NO HABRIA TENIDO QUE GUARDAR UN SECRETO.;1;15;0x2C2E;0x2C88;texto;;;;;;;;;;;;;
H4;105R;PUDE HABERME IDO DE TU LADO SIN DECIR NADA. ...BUSCATE A ALGUIEN MEJOR. NO A ALGUIEN COMO YO.;6;10;0x2C8D;0x2CD6;texto;;;;;;;;;;;;;
H4;106R;POR QUE DICES ESAS COSAS? NO PUDE RESPONDER. ES PORQUE TU ABUELO YA NO ESTA? POR LO QUE PASO? NO SEAS ASI CONMIGO. TAN POCO VALE LO NUESTRO?;0;16;0x2CDB;0x2D3D;texto;;;;;;;;;;;;;
H4;107R;SI TU SUFRES, TATSUKI, YO TAMBIEN SUFRO. ASI QUE NO DIGAS ESAS COSAS. QUEDEMONOS JUNTOS. NO ES ESO. TE QUIERO MUCHO. TU ALEGRIA Y TU EMPEÑO SIEMPRE ME HAN DADO VALOR.;1;15;0x2D3F;0x2DAC;texto;;;;;;;;;;;;;
H4;108R;GRACIAS. LO DIJE DESDE EL FONDO DEL CORAZON.;10;6;0x2DAE;0x2DC5;texto;;;;;;;;;;;;;
H4;104B;LA TRATE CON FRIALDAD. AHORA MISMO NO PUEDO PENSAR EN NADA. MADOKA RECIBIO ESE GOLPE Y SE LEVANTO.;2;14;0x321F;0x3426;texto;;;;;;;;;;;;;
H4;105B;NO TENIAS QUE DECIR TANTO. YO TAMBIEN... YO TAMBIEN QUERIA ANIMARTE, TATSUKI, TODO LO QUE PUDIERA... MADOKA ME PROTESTO CON TODO SU SER ENTRE LAGRIMAS.;3;13;0x342B;0x3487;texto;;;;;;;;;;;;;
H4;106B;...YA SE QUE TIENES RAZON. PERO NO PUEDO ENCONTRAR LAS PALABRAS.;7;9;0x3493;0x34B6;texto;;;;;;;;;;;;;
H4;107B;...YO... NO SOY HUMANO.;7;9;0x34B8;0x34CE;texto;;;;;;;;;;;;;
H4;108B;AUN ASI, YO ME QUEDO AQUI. NO HE OLVIDADO TUS PALABRAS, TATSUKI. MIS PALABRAS?;9;7;0x34D0;0x34FE;texto;;;;;;;;;;;;;
H4;109B;NO PUDE SOSTENER LA PROTESTA DE MADOKA. PERO YO TAMBIEN ME LEVANTE Y LA ABRACE. PERDON. MADOKA SE DEJO ABRAZAR SIN OPONER RESISTENCIA.;2;14;0x3500;0x3565;texto;;;;;;;;;;;;;
H4;110B;...PUEDO QUEDARME? PUEDO ESTAR AQUI? NO PUDE RESPONDER. PERO QUISE QUE ABRAZARLA CON FUERZA FUERA MI RESPUESTA.;5;11;0x3567;0x35AF;texto;;;;;;;;;;;;;
H4;132B;ESTARIA MADOKA SOSPECHANDO DE MI? PERO YO RECIEN LO HABIA DESCUBIERTO, Y NO HABIA HECHO NADA PARA LEVANTAR SOSPECHAS. O TAL VEZ ELLA ENTENDIA LO INQUIETO QUE ESTABA.;2;14;0x3C14;0x3EA9;texto;;;;;;;;;;;;;
H4;133B;NO QUIERO MORIR. Y TAMPOCO QUIERO MORIR DE ESA MANERA. EL ABUELO DEBE HABERME DADO EL TENROKI PRECISAMENTE PARA ESO. PASE LAS PAGINAS CON DESESPERACION.;2;14;0x3EAB;0x3F16;texto;;;;;;;;;;;;;
H4;134B;HAY ALGUN METODO PARA AJUSTAR MI PROPIO CUERPO? POR CIERTO, CUANDO LLEGAMOS EL ABUELO ESTABA BEBIENDO ALGO PARECIDO A UNA MEDICINA. PERO YA SE LA HABIAMOS GUARDADO.;2;14;0x3F18;0x3F7D;texto;;;;;;;;;;;;;
H4;135B;TENIA QUE ENCONTRAR COMO SEA LA FORMULA DE ESA MEDICINA. TOME MI DECISION... QUE PASA? MADOKA SE HABIA DESPERTADO.;5;11;0x3F7F;0x3FD1;texto;;;;;;;;;;;;;
H4;136B;NO ES NADA. VOLVI A METERME EN EL FUTON CON CALMA. REZANDO PARA QUE EL SONIDO QUE VENIA DE MI PECHO NO SE ESCUCHARA.;5;11;0x3FD3;0x401F;texto;;;;;;;;;;;;;
H4;137B;QUIZA YA LO ESTABA ESCUCHANDO. PERO EN ESE CASO QUE DEBERIA HACER? AUNQUE CERRARA LOS OJOS, EL SUEÑO NO LLEGABA COMO SALVACION.;3;13;0x4021;0x407C;texto;;;;;;;;;;;;;
H4;145B;ES IMPOSIBLE SIENDO TU, NO TUVE MAS REMEDIO QUE DECIRLE ESO. PORQUE SI LLEGARAN A SABER QUE NO SOY HUMANO, MI VIDA DEJARIA DE EXISTIR.;5;11;0x42B0;0x451A;texto;;;;;;;;;;;;;
H4;146B;Y AUN SIN ESO, EL DETERIORO DE MI CUERPO Y MI OBSESION CON EL TENROKI LA HAN PUESTO EN GUARDIA.;7;9;0x451C;0x4568;texto;;;;;;;;;;;;;
H4;147B;ENTONCES, NO ME QUEDA MAS QUE MATARLA.;12;4;0x456A;0x4581;texto;;;;;;;;;;;;;
H4;148B;NO PODIA HACER ESO. OJALA SE HARTARA DE MI Y SE FUERA. PERO PERDER SU SONRISA SERIA PARA MI MAS CRUEL QUE LA MUERTE.;0;16;0x4583;0x45F6;texto;;;;;;;;;;;;;
H4;149B;ENTONCES, SOY UN ESTORBO PARA TI? MADOKA ME PREGUNTO CON VOZ TEMBLOROSA. ME DOLIO EL PECHO. HASTA ESTE CORAZON QUE NO PARECE CORAZON DUELE COMO EL DE UNA PERSONA.;3;13;0x45F8;0x465B;texto;;;;;;;;;;;;;
H4;150B;2.@@@1.@@PERO@ NO@@@SI,@YO@@@ ME@@@ERE@TENIA HAGA@S@@@QUE@@ S@@@@UN@@DECIR DECI@EST@LE@@@ R@@@@ORB@ALGO. MAS@@O@@@@@@@@;2;14;0x465D;0x46AB;pregunta;;4;1;3;1;5;0;1. SI, ERES UN ESTORBO;2. NO ME HAGAS DECIR MAS;PERO YO TENIA QUE DECIRLE ALGO.;;;
H4;151B;POR FAVOR NO ME HAGAS DECIR MAS. APARTE EL ROSTRO DE MADOKA. AUNQUE SE DIERA CUENTA DE LA MENTIRA NO HABIA NADA QUE HACER. ES MENTIRA, VERDAD? SOLO PUDE TEMBLAR.;2;14;0x46B5;0x4F07;texto;;;;;;;;;;;;;
H4;152B;NO QUERIA MORIRME DISOLVIENDO ANTE SUS OJOS. NO QUERIA MOSTRARLE ESA MUERTE. PERO TAMPOCO QUERIA PERDERLA.;3;13;0x4F09;0x4F73;texto;;;;;;;;;;;;;
H4;153B;YA NO SABIA QUE HACER. NO TE DEJARE SOLO, TATSUKI... AUNQUE ME ODIES ESTA BIEN. NO TE ABANDONARE. NUNCA.;3;13;0x4F75;0x4FCF;texto;;;;;;;;;;;;;
H4;154B;UN MOMENTO DESPUES ELLA SALIO AFUERA. ME PREOCUPE, PERO CUANDO VOLVIO EMPEZO A PREPARAR LA CENA COMO SIEMPRE.;5;11;0x4FD1;0x5024;texto;;;;;;;;;;;;;
H4;155B;UNOS DIAS DESPUES, MIENTRAS REVISABA EL LIBRO, ENCONTRE ALGO QUE PARECIA SER LA FORMULA DE UNA MEDICINA.;7;9;0x5026;0x722F;texto;;;;;;;;;;;;;
H4;156B;PARA ENTONCES YA ME COSTABA INCLUSO LEVANTARME TAL ERA LA PERDIDA DE FUERZAS.;10;6;0x7231;0x7259;texto;;;;;;;;;;;;;
H4;157B;LE PEDI A MADOKA QUE COMPRARA LOS INGREDIENTES DE LA MEDICINA. ENTONCES ELLA ME MOSTRO UNA SONRISA RADIANTE. IGUAL QUE YO, ELLA TAMBIEN DEBIA HABERLO PASADO MAL.;3;13;0x7262;0x72C6;texto;;;;;;;;;;;;;
H4;158B;CUANDO LE ENTREGUE LA LISTA, MADOKA SALIO MUY ALEGRE RUMBO AL PUEBLO.;10;6;0x72C8;0x72F0;texto;;;;;;;;;;;;;
H4;159B;AL QUEDARME SOLO EN LA ERMITA EN LA MONTAÑA, EL SONIDO DE MI PECHO ME PREOCUPO MAS QUE NUNCA. AUNQUE HICIERA LA MEDICINA, QUIZA YA NO PUDIERA VOLVER A UN CUERPO NORMAL. ESA SENSACION ME INVADIA.;2;14;0x72F2;0x7364;texto;;;;;;;;;;;;;
H4;160B;MADOKA PARECIA HABERSE DADO CUENTA VAGAMENTE DE MI CONDICION. PERO NO HABIA NADA QUE PUDIERA HACER Y SE VEIA QUE ESTABA SUFRIENDO. BASTARIA CON BEBER LA MEDICINA PARA PROLONGAR LA VIDA?;2;14;0x7366;0x73D5;texto;;;;;;;;;;;;;
H4;161B;PERO NO TENIA IDEA DE CUANTO TIEMPO AGUANTARIA MI CUERPO SIN DISOLVERSE. EN EL PEOR DE LOS CASOS, TENDRIA QUE MATAR A MADOKA.;3;13;0x73D7;0x7433;texto;;;;;;;;;;;;;
H4;162B;MATAR.;6;10;0x743E;0x7449;texto;;;;;;;;;;;;;
H4;163B;IBA A PERDERLA POR MI PROPIA MANO Y ADEMAS COMETER UN CRIMEN? PERO, EXTRAÑAMENTE, PERDERLA NO ME PARECIA REAL. ESO ES, YO NO PODIA PERDERLA. NO DEBIA PERDERLA.;0;16;0x7449;0x74C1;texto;;;;;;;;;;;;;
H4;164B;LA MATARE Y LUEGO LA REVIVIRE. COMO MUÑECA.;10;6;0x74C3;0x74E4;texto;;;;;;;;;;;;;
H4;165B;COMPARTIR EL SECRETO Y NUNCA SEPARARNOS. UNA RELACION MAS PROFUNDA QUE LA DE AMANTES. SENTI UNA TENTACION DULCE Y PELIGROSA EN ESA IDEA.;5;11;0x74E6;0x7539;texto;;;;;;;;;;;;;
H4;166B;MADOKA VOLVIO DEL PUEBLO CUANDO YA CASI SE HABIA PUESTO EL SOL.;7;9;0x753B;0x7587;texto;;;;;;;;;;;;;
H4;167B;COMPRE LO QUE ME PEDISTE. ESPERO QUE CON ESTO TE PONGAS BIEN. TE DEMORASTE MUCHO.;7;9;0x7589;0x75C5;texto;;;;;;;;;;;;;
H4;168B;ES QUE ME MANDASTE A BUSCAR COSAS TAN RARAS. ELLA ME ENTREGO LOS INGREDIENTES CON UNA SONRISA Y FUE A PREPARAR LA CENA.;3;13;0x75C7;0x761F;texto;;;;;;;;;;;;;
H4;169B;SI MI CUERPO FUERA NORMAL ESA SERIA UNA ESCENA REALMENTE FELIZ. QUERIA PRESERVAR ESA FELICIDAD. TOME LOS INGREDIENTES Y PREPARE LA MEDICINA.;3;13;0x7621;0x7681;texto;;;;;;;;;;;;;
H4;170B;MISTERIOSAMENTE LAS FUERZAS VOLVIERON Y EL SONIDO DEL RESORTE EN MI PECHO DESAPARECIO. ME ALEGRE TANTO QUE CASI ME PUSE A BAILAR. EN TODA LA CENA NO DEJE DE SONREIR. PERO MADOKA ME DIJO CON UNA SONRISA UN POCO TRISTE:;0;16;0x7683;0x76FA;texto;;;;;;;;;;;;;
H4;171B;CREO QUE VOY A VOLVER A CASA POR UN TIEMPO. MI MAMA DEBE ESTAR PREOCUPADA.;10;6;0x76FC;0x772A;texto;;;;;;;;;;;;;
H4;172B;ERA CIERTO QUE LLEVABAMOS MUCHO TIEMPO EN LA ERMITA. ERA COMPRENSIBLE QUE LO DIJERA. SOLO PUDE ASENTIR.;5;11;0x772F;0x7777;texto;;;;;;;;;;;;;
H4;173B;VOLVERE EN UN TIEMPO. MADOKA CONTINUO. QUERIA CREER EN ESAS PALABRAS.;7;9;0x7779;0x77A7;texto;;;;;;;;;;;;;
H4;174B;PASARON VARIOS DIAS Y MI CUERPO HABIA MEJORADO MUCHO. PENSABA QUE SI SEGUIA ASI PODRIA VIVIR AUN UN TIEMPO MAS.;5;11;0x77A9;0x7807;texto;;;;;;;;;;;;;
H4;175B;PERO LA REALIDAD NO ERA PARA DOS. SI ELLA HABLARA SOBRE LO QUE PASO AQUI QUE SUCEDERIA? INCLUSO CON ESTA MEDICINA QUIZA NO PUDIERA DETENER QUE MI CUERPO SE DISOLVIERA.;2;14;0x7809;0x7879;texto;;;;;;;;;;;;;
H4;176B;OBSERVE A MADOKA, QUE DORMIA A MI LADO. TENIA UNA CARA TRANQUILA. LUEGO PUSE LA MANO EN SU CUELLO. SENTI EL LATIDO DE SU CORAZON.;5;11;0x787B;0x78C9;texto;;;;;;;;;;;;;
H4;177B;ERA TAN CALIDO. LUEGO APRETE SU CUELLO DELGADO CON TODA MI FUERZA. LOS OJOS DE MADOKA SE ABRIERON DE GOLPE. Y SEGUI APRETANDO.;3;13;0x78CB;0x7D68;texto;;;;;;;;;;;;;
H4;178B;...Q, QUE... POR QUE... LA VIBRACION DE SU VOZ ME LLEGO DIRECTAMENTE A LAS MANOS. AUN ASI NO DEJE DE APRETAR.;7;9;0x7D6A;0x7DB6;texto;;;;;;;;;;;;;
H4;179B;TRANQUILIZATE Y MUERE. EN SEGUIDA TE HARE VOLVER A LA VIDA. JUNTOS PARA SIEMPRE, PARA SIEM...;9;7;0x7DB8;0x7DF8;texto;;;;;;;;;;;;;
H4;180B;MADOKA ME MIRO CON ANGUSTIA, LAGRIMAS RODANDO POR SUS MEJILLAS Y SALIVA CAYENDO DE SU BOCA MIENTRAS BUSCABA AIRE CON DESESPERO.;7;9;0x7DFA;0x7E3E;texto;;;;;;;;;;;;;
H4;181B;LAS MANOS DE MADOKA INTENTARON DESESPERADAMENTE APARTAR LAS MIAS, PERO MIS MANOS SE CERRABAN CON UNA FUERZA SOBRENATURAL Y VENCIERON SU ULTIMO ESFUERZO.;5;11;0x7E40;0x7E9A;texto;;;;;;;;;;;;;
H4;182B;UNOS MINUTOS DESPUES MADOKA DEJO DE MOVERSE. AUN ASI NO INTENTE SOLTAR.;8;8;0x7E9C;0x7ED6;texto;;;;;;;;;;;;;
H4;183B;ASI AHORA ERES MIA. SENTI EL CALOR ABANDONANDO GRADUALMENTE SU CUERPO A TRAVES DE MIS MANOS.;7;9;0x7ED8;0x7F0F;texto;;;;;;;;;;;;;
H4;184B;TRAS SOLTARLA, MIS MANOS QUEDARON RIGIDAS CON LA FORMA DE SU CUELLO. UN RATO NO PUDE CERRARLAS.;8;8;0x7F11;0x7F49;texto;;;;;;;;;;;;;
H4;185B;TENIA LA INTENCION DE COMENZAR DE INMEDIATO A RETIRAR LAS PARTES NECESARIAS DE ELLA PARA LA MUÑECA... NO, PARA EL RITUAL DE RESURRECCION. PERO SI EMPEZABA YA NO PODRIA VERLA NUNCA MAS.;2;14;0x7F4E;0x7FC5;texto;;;;;;;;;;;;;
H4;186B;ESO ERA TRISTE. ASI QUE DESPUES DE PENSARLO DECIDI HACER UNA MASCARA MORTUORIA.;9;7;0x7FC7;0x7FF3;texto;;;;;;;;;;;;;
H4;187B;USE YESO PARA PRESIONARLO CONTRA SU CARA MUERTA Y SACAR EL MOLDE. PERO LA EXPRESION DE AGONIA EN SU CARA AHORA NO ERA ADECUADA PARA MADOKA QUE SIEMPRE ME HABIA CUIDADO.;3;13;0x7FF5;0x805F;texto;;;;;;;;;;;;;
H4;188B;USE MI DEDO PARA TRATAR DE HACER UNA SONRISA EN SU CARA MUERTA, PERO SIMPLEMENTE NO PODIA RECREAR ESA SONRISA QUE SIEMPRE ME DABA VIDA. ASI QUE LA DEJE COMO ESTABA.;3;13;0x8061;0x80BC;texto;;;;;;;;;;;;;
H4;189B;DE TODAS FORMAS CUANDO VOLVIERA A LA VIDA PODRIA VER ESA SONRISA REAL. TOME SU MASCARA MORTUORIA Y COMENCE MI TRABAJO.;7;9;0x80BE;0x80FF;texto;;;;;;;;;;;;;
H4;190B;YA ERA INVIERNO. ERA UN TRABAJO DURO CREAR UNA MUÑECA. PERO ANIMADO POR LA MASCARA MORTUORIA DE MADOKA PUDE SEGUIR ADELANTE.;5;11;0x8104;0x8150;texto;;;;;;;;;;;;;
H4;191B;ME ABRI CAMINO POR EL BOSQUE DE BAMBUES Y LLEGUE A LOS CAMPOS AL PIE DE LA MONTAÑA. SOLO PASTO SECO AUN DE PIE, PASTO CAIDO POR EL VIENTO Y UN POCO DE NIEVE RESTANTE.;4;12;0x8152;0x81A7;texto;;;;;;;;;;;;;
H4;192B;EN MEDIO DEL CAMPO HABIA UNA MONTAÑA DE HIERBA SECA QUE YO HABIA APILADO. DENTRO YACIA LA MUÑECA QUE HABIA CREADO. CON PRENDERLE FUEGO Y DEJAR QUE SE CONSUMIERA SOLO QUEDARIA APLICAR EL RITUAL DE RESURRECCION.;0;16;0x81A9;0x8224;texto;;;;;;;;;;;;;
H4;193B;YA CASI PODIA TRAERLA DE VUELTA. FROTE EL FOSFORO Y LO LANCE AL MONTON DE HIERBA SECA. EN UN INSTANTE EL FUEGO SE EXTENDIO Y LAS CHISPAS SUBIERON AL CIELO.;2;14;0x8226;0x82A0;texto;;;;;;;;;;;;;
H4;194B;EL FUEGO SE CONVIRTIO EN LLAMAS Y ARDIO ENORME Y BRILLANTE. LUEGO LANCE LA MASCARA MORTUORIA QUE TRAJE CONMIGO AL FUEGO TAMBIEN. YA NO TENIA USO. DI LA ESPALDA A LAS LLAMAS.;2;14;0x82A2;0x830F;texto;;;;;;;;;;;;;
H4;195B;EL FUEGO SE APAGO SOLO AL CABO DE DOS HORAS. COLUMNAS DE HUMO BLANCO FLOTABAN SUAVEMENTE. MIENTRAS SEPARABA CON CUIDADO LAS CENIZAS, DESCUBRI LA HERMOSA CARA DE MADOKA SONRIENDO.;2;14;0x8318;0x8383;texto;;;;;;;;;;;;;
H4;196B;SONREI SIN PODER EVITARLO. SENTI QUE ESTOS ULTIMOS SEIS MESES SIN ELLA HABIAN SIDO REALMENTE SOLITARIOS. NUNCA MAS NOS SEPARARIAMOS. ESTARIAMOS JUNTOS HASTA QUE NUESTROS RESORTES LLEGARAN A SU LIMITE.;0;16;0x8385;0x8403;texto;;;;;;;;;;;;;
H4;197B;SI, LLORE. PERO EN ESE MOMENTO, DE REPENTE UN BRAZO SALIO DE LAS CENIZAS Y ME AGARRO EL CUELLO CON UNA FUERZA ENORME. CON ESE IMPULSO MADOKA SE LEVANTO Y ME ARROJO AL SUELO.;2;14;0x8405;0x8470;texto;;;;;;;;;;;;;
H4;198B;...POR... POR QUE... MADOKA SONRIO. SUS MANOS APRETARON Y APRETARON MI CUELLO. POR QUE ME MATASTE?;2;14;0x8472;0x84C5;texto;;;;;;;;;;;;;
H4;199B;LUEGO LA CARA DE MADOKA SE DIVIDIO. DETRAS ESTABA SU CARA REAL, RETORCIDA CON UN ODIO CONCENTRADO Y RESENTIMIENTO ACUMULADO. ESE ROSTRO APARECIO. CRUJIA, CRUJIA. EL SONIDO SE OIA ENTRE TODO ESO.;0;16;0x84C7;0x854C;texto;;;;;;;;;;;;;
H4;200B;UNO PROVENIA DE MI PECHO... EL OTRO DE ELLA. Y LUEGO FUI ENVUELTO EN LA OSCURIDAD.;8;8;0x854E;0x8581;texto;;;;;;;;;;;;;
H4;38C;TOME EL OJO DEL ABUELO. AUN ESTABA TIBIO. NUNCA PENSE QUE ESTE MOMENTO LLEGARIA TAN PRONTO...;7;9;0x1031;0x1526;texto;;;;;;;;;;;;;
H4;39C;SU VOZ CAMBIO. SU DEDO SE CONVIRTIO EN UN LIQUIDO CARNOSO Y COMENZO A GOTEAR.;10;6;0x1528;0x155E;texto;;;;;;;;;;;;;
H4;40C;LA CARNE DE SU GARGANTA SE ESTABA DERRITIENDO.;12;4;0x1563;0x157C;texto;;;;;;;;;;;;;
H4;41C;LA CARNE DE SU GARGANTA SE DERRETIA. DONDE HABIA MUSCULO, HABIA BARBAS DE BALLENA ATADAS, Y EN SU GARGANTA UN MECANISMO. TODO ESO SE DERRITIO JUNTO CON LA CARNE Y SE DESMORONO.;0;16;0x157E;0x15DB;texto;;;;;;;;;;;;;
H4;42C;PARA QUE NO PIERDAS DE VISTA LO IMPORTANTE... USA ESTO... EL ABUELO YA ESTABA PERDIENDO SU FORMA.;7;9;0x15E0;0x1631;texto;;;;;;;;;;;;;
H4;43C;CON UN SONIDO SUAVE, EL RESORTE PERDIO TODA SU FUERZA Y CAYO AL SUELO.;7;9;0x1633;0x166E;texto;;;;;;;;;;;;;
H4;44C;LO UNICO QUE QUEDO FUERON HUESOS VACIOS. EXTENDI LA MANO. ABUELO... AL INTENTAR TOCARLOS, LOS HUESOS SE DESMORONARON, Y DETRAS DE MI ESCUCHE UNA VOZ QUE NO ERA DEL TODO UNA VOZ.;2;14;0x1670;0x16D4;texto;;;;;;;;;;;;;
H4;45C;AH... AH... MADOKA SE QUEDO PARALIZADA DEL SHOCK. PERO MI CORAZON SENTIA QUE SE DESGARRABA. AAAAAH! YO TAMBIEN APRETE LOS PUÑOS Y SOLTE UN GRITO QUE NO ERA DEL TODO UN GRITO.;2;14;0x16D6;0x173D;texto;;;;;;;;;;;;;
H4;70C;ESE CHICO...;7;9;0x2200;0x2200;texto;;;;;;;;;;;;;
H4;151C;MATAR?!;6;10;0x743E;0x743E;texto;;;;;;;;;;;;;
H5;1;LA TENSION SE DISUELVE Y UN MURMULLO SE EXTIENDE POR EL AULA.;12;4;0x009C;0x00BE;texto;;;;;;;;;;;;;
H5;2;METO DEPRISA LOS LIBROS Y CUADERNOS EN LA MOCHILA, Y DIRIJO MI MIRADA ARDIENTE HACIA UN SOLO PUNTO. ALLI ESTA EL, LA PERSONA QUE QUIERO TANTO COMO PARA DEDICARLE TODA MI VIDA, QUIZAS.;2;14;0x00C0;0x0121;texto;;;;;;;;;;;;;
H5;3;CON UNA SONRISA SUAVE Y CALIDA, SE DA LA VUELTA COMO UNA BRISA FRESCA.;10;6;0x0123;0x0153;texto;;;;;;;;;;;;;
H5;4;KAORU... SI, SU NOMBRE ES IIZUKA KAORU. DECIDIDO Y EN QUIEN PUEDO CONFIAR, UNA PERSONA AMABLE. QUIZAS SEA MI NOVIO.;2;14;0x0155;0x01B8;texto;;;;;;;;;;;;;
H5;5;YA TE VAS A CASA? ENTONCES... DUDE UN INSTANTE ANTES DE DECIR ESAS PALABRAS TAN NATURALES ENTRE NOVIOS: VOLVAMOS JUNTOS.;3;13;0x01BD;0x0237;texto;;;;;;;;;;;;;
H5;6;PORQUE A TRAVES DE SU FLEQUILLO, LOS OJOS DE KAORU SE VEIAN ALGO NUBLADOS. PERDONA, YOKO. HAYASE ME PIDIO QUE SI O SI FUERA A LA BIBLIOTECA A INVESTIGAR ALGO.;0;16;0x0239;0x02B8;texto;;;;;;;;;;;;;
H5;7;2.@@1.@@KAORU@@ CAM@IR@@ME@@@@@ BIA@JUN@LO@@@@@ R@@@TOS@DIJO@@@ DE@@A@@@CON@@@@ TEM@LA@@VERDADE A@@@BIB@RA@@@@@ PAR@LIO@PENA.@@ A@@@TEC@COMO@@@ DIS@A@@@DEBIA@@ IMU@@@@@RESPOND LAR@@@@@ER?@@@@;1;15;0x02BD;0x031B;pregunta;;3;1;3;1;7;0;1. IR JUNTOS A LA BIBLIOTECA;2. CAMBIAR DE TEMA PARA DISIMULAR;KAORU ME LO DIJO CON VERDADERA PENA. COMO DEBIA RESPONDER?;;;
H5;8;YA, ENTONCES YO TAMBIEN VOY A LA BIBLIOTECA... AH, EN ESE CASO, VAMOS JUNTOS. KAORU RESPONDIO SONRIENDO CON NATURALIDAD Y SE ACERCO A MI CAMINANDO.;0;16;0x0325;0x40F3;texto;;;;;;;;;;;;;
H5;9;SENTI TODO MI CUERPO PONERSE RIGIDO, Y UNA CORRIENTE PULSANTE RECORRERME CON FUERZA.;7;9;0x40F5;0x42CB;texto;;;;;;;;;;;0x40F3;1;
H5;9A;SENTI TODO MI CUERPO PONERSE RIGIDO;10;6;0x039F;0x42CB;texto;;;;;;;;;;;0x0397;2;
H5;10;SENTI TODO MI CUERPO PONERSE RIGIDO, Y UNA CORRIENTE PULSANTE RECORRERME CON FUERZA. KAORU ME SUSURRO AL OIDO.;3;13;0x42CF;0x42DE;texto;;;;;;;;;;;;;1
H5;10A;SENTI TODO MI CUERPO PONERSE RIGIDO, Y UNA CORRIENTE PULSANTE RECORRERME CON FUERZA. KAORU ME SUSURRO AL OIDO.;6;10;0x42CF;0x42DE;texto;;;;;;;;;;;;;2
H5;11;YOKO, FELIZ CUMPLEAÑOS!;7;9;0x42E0;0x4309;texto;;;;;;;;;;;;;
H5;12;KAORU TOMO MI MANO Y DESLIZO SUAVEMENTE UN ANILLO EN EL DEDO DE MI MANO IZQUIERDA.;10;6;0x430E;0x4336;texto;;;;;;;;;;;;;
H5;13;KAORU TOMO MI MANO Y DESLIZO SUAVEMENTE UN ANILLO EN EL DEDO ANULAR DE MI MANO IZQUIERDA. ESE ERA EL ANILLO DE PLATA TRENZADO QUE YO QUERIA DESDE HACIA TIEMPO.;3;13;0x4338;0x4378;texto;;;;;;;;;;;;;
H5;14;ULTIMAMENTE, CASI NO NOS VIMOS LOS FINES DE SEMANA. ESTUVE TRABAJANDO A TIEMPO PARCIAL.;10;6;0x437A;0x43AE;texto;;;;;;;;;;;;;
H5;15;ULTIMAMENTE, CASI NO NOS VIMOS LOS FINES DE SEMANA. ES QUE HE ESTADO TRABAJANDO A TIEMPO PARCIAL. KAORU, ALGO AVERGONZADO, ME MIRO DE REOJO HACIA ARRIBA.;5;11;0x43B0;0x43D1;texto;;;;;;;;;;;;;
H5;16;SERA QUE KAORU ESTUVO TRABAJANDO LOS FINES DE SEMANA PARA COMPRARME MI REGALO DE CUMPLEAÑOS?;8;8;0x43D3;0x440F;texto;;;;;;;;;;;;;
H5;17;SERA QUE KAORU ESTUVO TRABAJANDO LOS FINES DE SEMANA PARA COMPRARME MI REGALO DE CUMPLEAÑOS? YO, CON TIMIDEZ, MIRE EL ANILLO QUE BRILLABA SUAVEMENTE EN MI DEDO ANULAR.;2;14;0x4411;0x4439;texto;;;;;;;;;;;;;
H5;18;GRACIAS. DEVOLVI ESAS PALABRAS QUE SALIAN DE MI CORAZON.;8;8;0x443B;0x4471;texto;;;;;;;;;;;;;
H5;19;GRACIAS. DEVOLVI ESAS PALABRAS QUE SALIAN DE MI CORAZON. HASTA AHORA, NO HABIA TENIDO UN CUMPLEAÑOS TAN FELIZ COMO ESTE.;2;14;0x4473;0x449C;texto;;;;;;;;;;;;;
H5;20;PERDI A MI MADRE POCO DESPUES DE NACER, Y UNOS DIAS ANTES DE CUMPLIR LOS CUATRO, TAMBIEN PERDI A MI PADRE POR EL CANCER, DESDE ENTONCES HE VIVIDO CON MI ABUELA.;5;11;0x449E;0x44F8;texto;;;;;;;;;;;;;
H5;21;PERDI A MI MADRE POCO DESPUES DE NACER, Y UNOS DIAS ANTES DE CUMPLIR CUATRO AÑOS, TAMBIEN PERDI A MI PADRE POR CANCER, DESDE ENTONCES HE VIVIDO CON MI ABUELA. ESA ABUELA TAMBIEN FALLECIO HACE UNOS AÑOS.;0;16;0x44FA;0x451C;texto;;;;;;;;;;;;;
H5;22;AHORA VIVO SOLA ALQUILANDO UN APARTAMENTO, SOBREVIVIENDO CON LA PEQUEÑA HERENCIA QUE ME DEJO MI PADRE.;9;7;0x451E;0x455B;texto;;;;;;;;;;;;;
H5;23;AHORA VIVO SOLA ALQUILANDO UN APARTAMENTO, SOBREVIVIENDO CON LA PEQUEÑA HERENCIA QUE ME DEJO MI PADRE. DESDE HACE VARIOS DIAS VENIA IMAGINANDO COMO SERIA ESTE DIA, PERO JAMAS ESPERE RECIBIR UN REGALO TAN MARAVILLOSO.;0;16;0x455D;0x4596;texto;;;;;;;;;;;;;
H5;24;LE TRANSMITI A KAORU, CON LOS OJOS HUMEDECIDOS, LA EMOCION Y ALEGRIA QUE CRECIA EN MI.;10;6;0x4598;0x45CD;texto;;;;;;;;;;;;;
H5;25;LE TRANSMITI A KAORU, CON LOS OJOS HUMEDECIDOS, LA EMOCION Y ALEGRIA QUE CRECIA EN MI. KAORU LEVANTO CON SU DEDO EL ANILLO QUE BRILLABA EN MI PECHO, Y CON VOZ MELOSA ME DIJO:;3;13;0x45CF;0x45FD;texto;;;;;;;;;;;;;
H5;26;YOKO, NO PODRIAS DARME A CAMBIO ESTE ANILLO CON CADENA?;10;6;0x45FF;0x4633;texto;;;;;;;;;;;;;
H5;27;YO DUDE UN POCO ANTE ESAS PALABRAS.;5;11;0x463B;0x4653;texto;;;;;;;;;;;;;
H5;28;2.@@1.@@ESTE@@@@ REC@ENT@ERA@@@@@ HAZ@REG@EL@@@@@@ AR@@ARL@ANILLO@@ @@@@O@@@DE@@@@@@ @@@@A@@@MIS@@@@@ @@@@CAM@PADRES@@ @@@@BIO@,@@@@@@@ @@@@@@@@EL@@@@@@ @@@@@@@@TESORO@@ @@@@@@@@QUE@@@@@ @@@@@@@@MI@@@@@@ @@@@@@@@PADRE@@@ @@@@@@@@ME@@@@@@ @@@@@@@@DEJO.@@@;0;16;0x4655;0x46CA;pregunta;;3;1;3;1;6;2;1. ENTREGARLO A CAMBIO;2. RECHAZAR;ESTE ERA EL ANILLO DE MIS PADRES, EL TESORO QUE MI PADRE ME DEJO.;;;
H5;29;AL VER LA DULCE EXPRESION SUPLICANTE DE KAORU, NO PUEDO RESISTIRME A NADA.;10;6;0x03A3;0x46D4;texto;;;;;;;;;;;;;
H5;30;AL VER LA DULCE EXPRESION SUPLICANTE DE KAORU, NO PUEDO RESISTIRME A NADA. MIS SENTIMIENTOS HACIA EL SON REALES. QUIERO COMPARTIR CON EL INCLUSO MI PASADO.;2;14;0x03C9;0x03F4;texto;;;;;;;;;;;;;
H5;31;ESE SENTIMIENTO LE DA IMPULSO A MIS PROPIOS DESEOS.;12;4;0x03F6;0x040E;texto;;;;;;;;;;;;;
H5;32;ESE SENTIMIENTO LE DA IMPULSO A MIS PROPIOS DESEOS. SI DE VERDAD LO QUIERES TANTO, ESTA BIEN. ME QUITE LA CADENA DEL CUELLO Y LA DEJE CAER EN LA MANO DE KAORU.;0;16;0x0410;0x0467;texto;;;;;;;;;;;;;
H5;33;CON ESTO, ES COMO SI HUBIERAMOS INTERCAMBIADO ANILLOS DE COMPROMISO, DIJO KAORU. EL, EMOCIONADO COMO UN NIÑO, SACO EL ANILLO DE LA CADENA Y SE LO PUSO EN EL DEDO ANULAR DE SU MANO IZQUIERDA.;2;14;0x0469;0x04D5;texto;;;;;;;;;;;;;
H5;34;VERLO TAN FELIZ A KAORU TAMBIEN ME ALEGRABA A MI. DESEE DE TODO CORAZON QUE DIAS COMO ESTE DURARAN PARA SIEMPRE.;5;11;0x04D7;0x0518;texto;;;;;;;;;;;;;
H5;35;YOKO, ULTIMAMENTE, SABES DEL RUMOR QUE ANDA DE MODA ENTRE LAS CHICAS?;10;6;0x051A;0x073C;texto;;;;;;;;;;;;;
H5;36;YOKO, ULTIMAMENTE, SABES DEL RUMOR QUE ANDA DE MODA ENTRE LAS CHICAS? UN RUMOR...?;7;9;0x073E;0x074C;texto;;;;;;;;;;;;;
H5;37;ME PREGUNTO DE QUE SERA. SERA EL RUMOR SOBRE LA NUEVA CREPERIA QUE ABRIO? O SERA... UN RUMOR SOBRE MI...!?;7;9;0x074E;0x078A;texto;;;;;;;;;;;;;
H5;38;ME PREGUNTO DE QUE SERA. SERA EL RUMOR SOBRE LA NUEVA CREPERIA QUE ABRIO? O SERA... UN RUMOR SOBRE MI...!? QUE TIPO DE RUMOR?;3;13;0x078C;0x0798;texto;;;;;;;;;;;;;
H5;39;KAORU, CON LA MIRADA ALGO BAJA, DEJO CAER AMBAS MANOS;12;4;0x079A;0x07BF;texto;;;;;;;;;;;;;
H5;40;KAORU, CON LA MIRADA ALGO BAJA, DEJO CAER AMBAS MANOS FRENTE A SU PECHO, Y DIJO: ESTO SE APARECE...;8;8;0x07C1;0x07E5;texto;;;;;;;;;;;;;
H5;41;KAORU, CON LA MIRADA ALGO BAJA, DEJO CAER AMBAS MANOS FRENTE A SU PECHO, Y DIJO: ESTO SE APARECE, SABES... SERA UN FANTASMA?;3;13;0x07EA;0x0810;texto;;;;;;;;;;;;;
H5;42;A KAORU LE ENCANTAN ESTE TIPO DE HISTORIAS.;7;9;0x0812;0x082D;texto;;;;;;;;;;;;;
H5;43;NO SOLO LOS FANTASMAS: RUINAS ANTIGUAS, LAS 7 MARAVILLAS DEL MUNDO, FENOMENOS PARANORMALES... TODO LO MISTERIOSO LO EMOCIONA, Y SUS OJOS BRILLAN.;3;13;0x082F;0x08AC;texto;;;;;;;;;;;;;
H5;44;ENCUENTRO ADORABLE ESA FACETA SUYA, Y TAMBIEN ME GUSTA LO SINCERO E INOCENTE QUE ES.;10;6;0x08AE;0x08DD;texto;;;;;;;;;;;;;
H5;45;HACE UN RATO OI DE UNAS CHICAS QUE EN LAS ESCALERAS DEL TERCER PISO APARECE EL FANTASMA DE UNA CHICA CON UNIFORME.;7;9;0x08DF;0x0928;texto;;;;;;;;;;;;;
H5;46;HACE UN RATO ESCUCHE DE UNAS CHICAS QUE EN LAS ESCALERAS DEL TERCER PISO APARECE EL FANTASMA DE UNA CHICA CON UNIFORME MARINERO. NO ME VAYAS A SALIR CON UN CHISTE DE ESCALERAS Y ESCALOFRIOS.;0;16;0x092A;0x0969;texto;;;;;;;;;;;;;
H5;47;COF COF COF.;7;9;0x096B;0x097C;texto;;;;;;;;;;;;;
H5;48;PARECIA QUE HABIA DADO EN EL CLAVO.;7;9;0x097E;0x099B;texto;;;;;;;;;;;;;
H5;49;BUENO, SI RESULTA QUE QUIEN LO VIO FUE HAYASE, EL PRESIDENTE DEL CONSEJO ESTUDIANTIL, QUE HARIAS?;9;7;0x099D;0x09D9;texto;;;;;;;;;;;;;
H5;50;PERO BUENO, SI RESULTA QUE QUIEN LO VIO FUE HAYASE, EL PRESIDENTE DEL CONSEJO ESTUDIANTIL, QUE HARIAS? EH, HAYASE-KUN...?;5;11;0x09DB;0x0A00;texto;;;;;;;;;;;;;
H5;51;EH, HAYASE-KUN...? YO NO PODIA CREER TAN FACILMENTE ESAS PALABRAS.;2;14;0x0A05;0x0A21;texto;;;;;;;;;;;;;
H5;52;HAYASE TAKASHI SE POSTULO A PRESIDENTE DEL CONSEJO SIENDO SOLO ESTUDIANTE DE SEGUNDO AÑO, Y GANO LAS ELECCIONES DE FORMA BRILLANTE, ALGO NUNCA VISTO EN LA HISTORIA DE LA ESCUELA. TODOS SABEN QUE ES UN GENIO CON NOTAS DE LAS MAS ALTAS DEL PAIS.;0;16;0x0A23;0x0AAD;texto;;;;;;;;;;;;;
H5;53;EL NO CREE EN OVNIS NI FENOMENOS PARANORMALES, ES ALGUIEN QUE LO RESUELVE TODO CON LA LOGICA. EL QUE SE TOMARA EN SERIO UN FANTASMA ERA ALGO DIFICIL DE CREER.;5;11;0x0AB2;0x0B18;texto;;;;;;;;;;;;;
H5;54;HAYASE ESTA DECIDIDO A DESCUBRIR LA VERDADERA IDENTIDAD DEL FANTASMA;7;9;0x0B1A;0x0B73;texto;;;;;;;;;;;;;
H5;55;HAYASE ESTA DECIDIDO A DESCUBRIR LA VERDADERA IDENTIDAD DEL FANTASMA, Y ME DIJO QUE LE AYUDARA A INVESTIGAR EN LA BIBLIOTECA. CRUZAMOS EL PASILLO, SUBIMOS LAS ESCALERAS, Y LLEGAMOS AL TERCER PISO DEL QUE SE HABLABA.;0;16;0x0B77;0x0DDF;texto;;;;;;;;;;;0x0B73;;
H5;55A;CRUZAMOS EL PASILLO, SUBIMOS LAS ESCALERAS, Y LLEGAMOS AL TERCER PISO DEL QUE SE HABLABA.;10;6;0x0D95;0x0DDF;texto;;;;;;;;;;;0x0D8C;;
H5;55K;CRUZAMOS EL PASILLO, SUBIMOS LAS ESCALERAS, Y LLEGAMOS AL TERCER PISO DEL QUE SE HABLABA.;10;6;0x0D95;0x0DDF;texto;;;;;;;;;;;0x0BF8;;
H5;56;DICEN QUE APARECIO AL SUBIR ESTAS ESCALERAS...;12;4;0x0DE1;0x0E0D;texto;;;;;;;;;;;;;
H5;57;DICEN QUE APARECIO AL SUBIR ESTAS ESCALERAS... ESCUCHANDO LAS PALABRAS UN TANTO FORZADAS DE KAORU, MIRE HACIA EL PATIO INTERIOR DESDE LA VENTANA DEL PASILLO.;4;12;0x0E12;0x0E52;texto;;;;;;;;;;;;;
H5;58;!;6;10;0x0E5B;0x0E5B;texto;;;;;;;;;;;;;
H5;59;NO HAY NADIE. Y SIN EMBARGO, EN LA SUPERFICIE DEL AGUA DE LA FUENTE DEL PATIO SE REFLEJA LA FIGURA DE UNA CHICA. ESA CHICA ALZO LA VISTA HACIA MI, Y CON UN ROSTRO PALIDO ESBOZO UNA LEVE SONRISA.;0;16;0x0E63;0x0ED4;texto;;;;;;;;;;;;;
H5;60;ME VOLTEE SORPRENDIDA POR ESE SONIDO Y VI QUE EN EL PASILLO HABIA TROZOS DE UN JARRON ROTO Y AGUA ESPARCIDA POR TODAS PARTES.;5;11;0x0ED6;0x0F4F;texto;;;;;;;;;;;;;
H5;61;QUE TE PASA?;2;14;0x0F51;0x0F5C;texto;;;;;;;;;;;;;
H5;62;QUE TE PASA? N-NO... NO LO SE... NI YO MISMO LO ENTIENDO.;2;14;0x0F5E;0x0F84;texto;;;;;;;;;;;;;
H5;63;KAORU, CON UNA EXPRESION DE MIEDO, SE QUEDO MIRANDO FIJAMENTE EL AGUA QUE SE DERRAMABA Y SE EXTENDIA POR EL PASILLO.;8;8;0x0F86;0x0FB9;texto;;;;;;;;;;;;;
H5;64;KAORU, CON UNA EXPRESION DE MIEDO, SE QUEDO MIRANDO FIJAMENTE EL AGUA QUE SE DERRAMABA Y SE EXTENDIA POR EL PASILLO. YO RECOGI LOS FRAGMENTOS, SAQUE UN PAÑUELO DE PAPEL DEL BOLSILLO, Y LIMPIE EL PASILLO MOJADO.;0;16;0x0FBB;0x1000;texto;;;;;;;;;;;;;
H5;65;ESTAS BIEN?;14;2;0x1002;0x1011;texto;;;;;;;;;;;;;
H5;66;ESTAS BIEN? A MI PREGUNTA, KAORU SOLO MOSTRO UNA EXPRESION HELADA, SIN DECIR NADA MAS.;7;9;0x1013;0x103B;texto;;;;;;;;;;;;;
H5;67;TRAS OBSERVAR UN MOMENTO EL ESTADO DE KAORU, EL NOTO MI MIRADA Y VOLVIO A PONER SU SONRISA DESPREOCUPADA DE SIEMPRE.;7;9;0x103D;0x107D;texto;;;;;;;;;;;;;
H5;68;2.@@1.@@POR ME@@IR@@AHO PRE@A@@@RA, OCU@LA@@VAY PA@@BIB@AMO LA@@LIO@S@@ CHI@TEC@JUN CA@@A@@@TOS @@@@@@@@A@@ @@@@@@@@LA@ @@@@@@@@BIB @@@@@@@@LIO @@@@@@@@TEC @@@@@@@@A@@;5;11;0x107F;0x10BB;pregunta;;3;1;3;1;3;0;1. IR A LA BIBLIOTECA;2. ME PREOCUPA LA CHICA;POR AHORA, VAYAMOS JUNTOS A LA BIBLIOTECA;;;
H5;69;RECUPERADA LA COMPOSTURA, NOS DIRIGIMOS A LA BIBLIOTECA AL FINAL DEL PASILLO.;10;6;0x10C5;0x10F8;texto;;;;;;;;;;;;;
H5;70;RECUPERANDO LA COMPOSTURA, NOS DIRIGIMOS A LA BIBLIOTECA QUE ESTABA AL FINAL DEL PASILLO. YO GIRE EL POMO DE LA PESADA PUERTA DE MADERA, Y ME PUSE FRENTE A ELLA.;4;12;0x10FA;0x1126;texto;;;;;;;;;;;;;
H5;71;NO SE VE A NADIE SENTADO DETRAS DE LA MESA DE RECEPCION.;12;4;0x112E;0x1161;texto;;;;;;;;;;;;;
H5;72;NO SE VE A NADIE SENTADO DETRAS DE LA MESA DE RECEPCION. YO, ASOMANDOME UN POCO, BUSQUE CON LA MIRADA A HAYASE.;8;8;0x1163;0x117E;texto;;;;;;;;;;;;;
H5;73;CON UN ESTRUENDO, LA PUERTA SE CERRO, COMO SI EL CRISTAL FUERA A ROMPERSE.;10;6;0x1180;0x11CB;texto;;;;;;;;;;;;;
H5;74;SOBRESALTADA, ME DI LA VUELTA Y GIRE EL POMO DE LA PUERTA.;12;4;0x11CD;0x11F3;texto;;;;;;;;;;;;;
H5;75;SOBRESALTADA, ME VOLTEE Y GIRE EL POMO, PERO LA PUERTA ESTABA FIRMEMENTE CERRADA, SIN ESPERANZA DE QUE FUERA A ABRIRSE.;8;8;0x11F5;0x1219;texto;;;;;;;;;;;;;
H5;76;AL ASOMARME POR EL CRISTAL DE LA PUERTA, VI QUE UN PESTILLO LA FIJABA POR FUERA.;10;6;0x121B;0x1249;texto;;;;;;;;;;;;;
H5;77;AL ASOMARME POR EL CRISTAL DE LA PUERTA, VI QUE ESTABA FIJADA DESDE AFUERA CON UN PESTILLO. Y ENTONCES...;7;9;0x124B;0x1253;texto;;;;;;;;;;;;;
H5;78;AL OTRO LADO, PUDE VER LA ESPALDA DE KAORU ALEJANDOSE POR EL PASILLO.;10;6;0x1255;0x1280;texto;;;;;;;;;;;;;
H5;79;KAORU! ESPERA, ABRE ESTO!;4;12;0x1282;0x12D7;texto;;;;;;;;;;;;;
H5;80;GOLPEE LA PUERTA LLAMANDO A KAORU, PERO COMO SI NO ME OYERA, AVANZO POR EL PASILLO Y DESAPARECIO EN LAS ESCALERAS DE LA DERECHA.;7;9;0x12E2;0x1326;texto;;;;;;;;;;;;;
H5;81;EN EL FONDO DE LA ESTANTERIA SE ESCUCHO UN RUIDO. CON MUCHO MIEDO, ME ASOME DESDE EL COSTADO DE LA ESTANTERIA Y MIRE HACIA EL FONDO DE LA BIBLIOTECA, PERO NO HABIA NADIE ENTRE LOS ESTANTES.;3;13;0x1328;0x13A9;texto;;;;;;;;;;;;;
H5;82;2.@@1.@@DE@@@@@ IGN@TOM@REPENTE ORA@AR@@,@@@@@@ RLO@EL@@MI@@@@@ @@@@LIB@VISTA@@ @@@@RO@@SE@@@@@ @@@@@@@@DETUVO@ @@@@@@@@EN@@@@@ @@@@@@@@UN@@@@@ @@@@@@@@LIBRO@@ @@@@@@@@DE@@@@@ @@@@@@@@LA@@@@@ @@@@@@@@ESTANTE @@@@@@@@RIA.@@@ @@@@@@@@YO...@@;1;15;0x13AB;0x9ABF;pregunta;;3;1;3;1;7;0;1. TOMAR EL LIBRO;2. IGNORARLO;DE REPENTE, MI VISTA SE DETUVO EN UN LIBRO DE LA ESTANTERIA. YO...;;;
H5;83;CON MUCHO MIEDO, TOME ESE LIBRO ENTRE MIS MANOS.;12;4;0x9AC9;0xA3C9;texto;;;;;;;;;;;;;
H5;84;NO SABIA QUE LIBRO ERA, PERO JUNTO CON UN OLOR EXTRAÑO SENTI UN ESCALOFRIO RECORRERME. NO ME SENTIA CAPAZ DE MIRAR SU INTERIOR.;5;11;0xA3CB;0xA416;texto;;;;;;;;;;;;;
H5;85;DEVOLVI EL LIBRO A SU LUGAR ORIGINAL.;7;9;0xA418;0xA43F;texto;;;;;;;;;;;;;
H5;86;VOLVI A MIRAR HACIA LOS ESCRITORIOS DE DONDE HABIA VENIDO EL RUIDO, PERO SOLO VI UN LIBRO GRUESO Y UN PERIODICO ABIERTO.;7;9;0x9AC9;0x9B1D;texto;;;;;;;;;;;;;
H5;87;SIN SABER MUY BIEN POR QUE, ME SENTI INTRIGADA Y ME ACERQUE A ESE ESCRITORIO.;10;6;0x9B1F;0x9B3B;texto;;;;;;;;;;;;;
H5;88;SIN SABER MUY BIEN POR QUE, ME SENTIA INTRIGADA, Y ME ACERQUE CAMINANDO HACIA ESE ESCRITORIO. PISE ALGO SIN QUERER.;7;9;0x9B3D;0x9B66;texto;;;;;;;;;;;;;
H5;89;AL MIRAR BIEN, VI UNOS LENTES CON MONTURA DE METAL DEFORMADA, CON UN CRISTAL ROTO, TIRADOS EN EL SUELO.;7;9;0x9B68;0x9BB4;texto;;;;;;;;;;;;;
H5;90;SENTI QUE DEBIA DISCULPARME, PERO MAS ALLA DE ESO, SENTIA UNA EXTRAÑA SENSACION DE DESASOSIEGO EN EL AIRE.;8;8;0x9BB6;0x9BF2;texto;;;;;;;;;;;;;
H5;91;EN EL ESTUCHE DE LENTES QUE ESTABA SOBRE EL ESCRITORIO ESTABA ESCRITO EL NOMBRE HAYASE.;10;6;0x9BF4;0x9C27;texto;;;;;;;;;;;;;
H5;91G;EN EL ESTUCHE DE LENTES QUE ESTABA SOBRE EL ESCRITORIO ESTABA ESCRITO EL NOMBRE HAYASE. CLAC!;8;8;0x9BF4;0x9C38;texto;;;;;;;;;;;;;
H5;92;EN EL ESTUCHE DE LENTES DEL ESCRITORIO ESTABA ESCRITO EL NOMBRE HAYASE. DE NUEVO SE ESCUCHO UN RUIDO AL FONDO DE LOS ESTANTES.;7;9;0x9C3C;0x9C4D;texto;;;;;;;;;;;;;
H5;93;HAY ALGUIEN AHI...?;13;3;0x9C4F;0x9C59;texto;;;;;;;;;;;;;
H5;94;HAY ALGUIEN AHI...? CON MIEDO, INTENTE LLAMAR EN VOZ ALTA, PERO NO OBTUVE NINGUNA RESPUESTA.;7;9;0x9C61;0x9C85;texto;;;;;;;;;;;;;
H5;95;DE REPENTE, ALGUIEN ME AGARRO LA MUÑECA Y SOLTE UN GRITO.;12;4;0x9C87;0x9CBC;texto;;;;;;;;;;;;;
H5;96;DE REPENTE, ALGUIEN ME AGARRO LA MUÑECA Y SOLTE UN GRITO. AL VOLTEARME, VI A UN HOMBRE DESCONOCIDO QUE, ESBOZANDO UNA SONRISA MACABRA, ME RETORCIA EL BRAZO IZQUIERDO.;3;13;0x9CBE;0x9D07;texto;;;;;;;;;;;;;
H5;97;INTENTE RESISTIRME, PERO EL HOMBRE ME RETORCIA EL BRAZO DESDE ATRAS, Y EL DOLOR ERA TAN FUERTE QUE NO PODIA MOVERME.;7;9;0x9D09;0x9D58;texto;;;;;;;;;;;;;
H5;98;INTENTE RESISTIRME, PERO EL HOMBRE ME RETORCIA EL BRAZO DESDE ATRAS, Y EL DOLOR ERA TAN FUERTE QUE NO PODIA MOVERME. EL HOMBRE ACERCO SU ROSTRO TANTO QUE CASI ROZABA MIS OJOS, Y ME SUSURRO AL OIDO:;0;16;0x9D5A;0x9D84;texto;;;;;;;;;;;;;
H5;99;TAL COMO DICEN LOS RUMORES, ERES MUY LINDA... YOKO-CHAN.;10;6;0x9D86;0x9DB2;texto;;;;;;;;;;;;;
H5;100;QUIEN ERES! SUELTA, BASTA!;7;9;0x9DB7;0x9DCF;texto;;;;;;;;;;;;;
H5;101;SACUDI MI CUERPO CON DESESPERACION Y ME RESISTI CON FUERZA.;12;4;0x9DD1;0x9DED;texto;;;;;;;;;;;;;
H5;102;SACUDI MI CUERPO CON DESESPERACION, RESISTIENDOME CON VIOLENCIA. OYE.;2;14;0x9DEF;0x9DFF;texto;;;;;;;;;;;;;
H5;103;OYE. AL HACER UNA SEÑAL EL HOMBRE, APARECIO OTRO HOMBRE DE COMPLEXION DELGADA DESDE EL COSTADO DE LA ESTANTERIA.;2;14;0x9E07;0x9E35;texto;;;;;;;;;;;;;
H5;104;VAYA QUE TE ATREVISTE A ROMPER MIS COSTOSOS LENTES... ESTO TE VA A SALIR MUY CARO. ESE ERA, SIN LUGAR A DUDAS, AQUEL HAYASE.;3;13;0x9E40;0x9E9D;texto;;;;;;;;;;;;;
H5;105;EL SE ACERCO A MI CAMINANDO CON UNA EXPRESION DE DESPRECIO.;10;6;0x9E9F;0x9EBD;texto;;;;;;;;;;;;;
H5;106;UGH!;5;11;0x9EBF;0x9EBF;texto;;;;;;;;;;;;;
H5;107;EN ESE INSTANTE, UN DOLOR AGUDO ME ATRAVESO EL VIENTRE, NO PODIA RESPIRAR BIEN, Y ENCOGIDA SOBRE EL FRIO SUELO, INTENTE DESESPERADAMENTE LLENAR MIS PULMONES DE AIRE.;2;14;0x9EC4;0x9F2B;texto;;;;;;;;;;;;;
H5;108;HAYASE, HAY QUE SER MAS AMABLE CON LAS CHICAS...;12;4;0x9F2D;0x9F4A;texto;;;;;;;;;;;;;
H5;109;PERDON, PERDON... MAS BIEN, SHIRAISHI, ATALE LOS BRAZOS RAPIDO! A MI, QUE ESTABA AGACHADA, ME EMPUJARON CON FUERZA, Y EL HOMBRE LLAMADO SHIRAISHI ME ATO LAS MANOS POR DETRAS.;0;16;0x9F4C;0x9FC8;texto;;;;;;;;;;;;;
H5;110;DENTRO DE MI SE EXTENDIA UNA NIEBLA COMPLETAMENTE BLANCA. EN MI MENTE SOLO FLOTABA UNA Y OTRA VEZ LA PALABRA POR QUE.;5;11;0x9FCA;0xA009;texto;;;;;;;;;;;;;
H5;111;SHIRAISHI SONRIO CON LASCIVIA Y, TOCANDOME EL PELO, HABLO COMO PARA CALMARME.;9;7;0xA00B;0xA04E;texto;;;;;;;;;;;;;
H5;112;QUE LASTIMA ME DAS, LA VERDAD... QUE TE VENDAN SOLO PARA PAGAR LA DEUDA DE UNA REPARACION DE MOTO...;0;16;0xA050;0xA090;texto;;;;;;;;;;;;;
H5;113;HAYASE SUJETO CON FUERZA MIS DOS PIERNAS. CIERTO, CIERTO... VENDER A SU PROPIA NOVIA, IIZUKA DE VERDAD HA PERDIDO LA CABEZA.;3;13;0xA092;0xA0EB;texto;;;;;;;;;;;;;
H5;114;MIRANDO FIJAMENTE EL TECHO QUE SE VEIA BORROSO, NO PUDE EVITAR IMAGINAR ALGO TERRIBLE. ERA UNA IDEA QUE DE NINGUNA MANERA QUERIA CREER.;5;11;0xA0F3;0xA142;texto;;;;;;;;;;;;;
H5;115;SHIRAISHI, VIENDO QUE YO NO OPONIA RESISTENCIA, EXTENDIO EL BRAZO Y POSO SU MANO SUCIA SOBRE LOS BOTONES DE MI BLAZER.;7;9;0xA144;0xA188;texto;;;;;;;;;;;;;
H5;116;NO! BASTA!;5;11;0xA18A;0xA18A;texto;;;;;;;;;;;;;
H5;117;SOLTE UN GRITO ENORME, COMO SI MI GARGANTA FUERA A DESGARRARSE.;8;8;0xA192;0xA1B8;texto;;;;;;;;;;;;;
H5;118;DESDE LA ENTRADA DE LA BIBLIOTECA SE ACERCABAN CORRIENDO UNOS PASOS APRESURADOS.;10;6;0xA1BA;0xA1F9;texto;;;;;;;;;;;;;
H5;119;DETRAS DE MI SE ESCUCHO UN SONIDO SORDO.;12;4;0xA1FB;0xA23F;texto;;;;;;;;;;;;;
H5;120;DETRAS DE MI SE ESCUCHO UN SONIDO SORDO. HAYASE ABRIO LOS OJOS COMO PLATOS, Y MIRO ATONITO HACIA DONDE VENIA ESE SONIDO.;5;11;0xA241;0xA26A;texto;;;;;;;;;;;;;
H5;121;QUITA ESAS MANOS SUCIAS! ESA VOZ ERA, SIN DUDA ALGUNA, LA DE KAORU.;2;14;0xA26C;0xA2E0;texto;;;;;;;;;;;;;
H5;122;EN ESE INSTANTE, LAS LAGRIMAS COMENZARON A CORRER POR MIS MEJILLAS SIN CONTROL.;10;6;0xA2E2;0xA304;texto;;;;;;;;;;;;;
H5;123;EN ESE INSTANTE, SIN PODER CONTENERLAS, LAS LAGRIMAS COMENZARON A CORRER POR MIS MEJILLAS SIN PARAR. HAYASE, SORPRENDIDO, APARTO LA MANO Y RETROCEDIO CON NERVIOSISMO.;3;13;0xA306;0xA335;texto;;;;;;;;;;;;;
H5;124;YO... NO HICE NADA... HAYASE, COMO UN CACHORRO ASUSTADO, SE ESCONDIO DETRAS DE LA ESTANTERIA MIRANDO HACIA ARRIBA CON TIMIDEZ.;5;11;0xA337;0xA37E;texto;;;;;;;;;;;;;
H5;125;KAORU DESATO LA CUERDA DE MIS BRAZOS, Y ME LEVANTO EN SUS BRAZOS.;10;6;0xA380;0xA3A2;texto;;;;;;;;;;;;;
H5;126;YOKO... YO APARTE LA MIRADA DE KAORU.;9;7;0xA3A4;0xABAF;texto;;;;;;;;;;;;;
H5;127;YOKO... YO APARTE LA MIRADA DE KAORU. ...PERDON.;5;11;0xABB1;0xABC2;texto;;;;;;;;;;;;;
H5;128;INCAPAZ DE SOPORTAR SEGUIR ALLI, SALI CORRIENDO DE LA BIBLIOTECA.;10;6;0xABC4;0xABEC;texto;;;;;;;;;;;;;
H5;129;SIN ALIENTO, APOYE LA MANO EN LA PARED DEL DEPOSITO DE MATERIAL DEPORTIVO, Y RESPIRE CON FUERZA.;8;8;0xABFD;0xAC43;texto;;;;;;;;;;;;;
H5;130;CADA VEZ QUE PARPADEABA, GRUESAS GOTAS CAIAN Y SE FILTRABAN EN LA TIERRA DE COLOR AMARILLO DORADO BAJO MIS PIES.;8;8;0xAC45;0xAC82;texto;;;;;;;;;;;;;
H5;131;AL ALZAR LA VISTA INTENTANDO CONTENER LAS LAGRIMAS, EL CIELO SE HABIA VUELTO DE UN COLOR AZUL VIOLACEO, Y LA ANGUSTIA Y TRISTEZA BROTABAN SIN CESAR.;5;11;0xAC84;0xACCF;texto;;;;;;;;;;;;;
H5;132;POR QUE...;7;9;0xACD8;0xACE9;texto;;;;;;;;;;;;;
H5;133;POR MAS QUE PENSARA, NO ENCONTRABA NINGUNA RESPUESTA... NADA. SOLO SENTIA COMO UN DESESPERO INDESCRIPTIBLE CORROIA MI CORAZON POCO A POCO.;3;13;0xACEB;0xAD3E;texto;;;;;;;;;;;;;
H5;134;VOY A OLVIDAR ESTE SENTIMIENTO DENTRO DEL AGUA. CUANDO ME HUNDIA, SIEMPRE LO HACIA ASI.;7;9;0xAD40;0xAD77;texto;;;;;;;;;;;;;
H5;135;ME UNI AL CLUB DE NATACION PORQUE AL SUMERGIRME EN EL AGUA ME SENTIA LIBERADA DE MIS EMOCIONES NEGATIVAS.;7;9;0xAD79;0xADC4;texto;;;;;;;;;;;;;
H5;136;SI NADABA HASTA AGOTARME Y LUEGO ME METIA DIRECTO EN LA CAMA, SIN DARME CUENTA YA HABIA AMANECIDO DE NUEVO. ASI LO HABIA HECHO HASTA AHORA.;5;11;0xADC6;0xAE0F;texto;;;;;;;;;;;;;
H5;137;PASE FRENTE AL DEPOSITO Y, DESDE EL PASILLO DEL GIMNASIO BAJE HACIA LA PISCINA CUBIERTA.;9;7;0xAE11;0xAE4A;texto;;;;;;;;;;;;;
H5;138;ABRI CON CUIDADO LA PUERTA DEL VESTUARIO.;7;9;0xAE4C;0xAE65;texto;;;;;;;;;;;;;
H5;139;POR SUERTE, NO HABIA NADIE ALLI. MIENTRAS ME DIRIGIA COMO SIEMPRE A MI CASILLERO, ME ASOME A VER MI REFLEJO EN EL ESPEJO DEL LAVABO.;2;14;0xAE67;0xAEE6;texto;;;;;;;;;;;;;
H5;140;MIS OJOS EN EL ESPEJO ESTABAN ROJOS E HINCHADOS, COMO CONTANDO LO QUE SENTIA POR DENTRO. ME LAVE LA CARA ECHANDOME AGUA FRIA, COMO PARA EMPAPARME CON ELLA.;3;13;0xAEE8;0xAF43;texto;;;;;;;;;;;;;
H5;141;DEBE SER DURO, VERDAD.;7;9;0xAF45;0xAF57;texto;;;;;;;;;;;;;
H5;142;SOBRESALTADA POR ESA VOZ, MIRE A MI ALREDEDOR CON CAUTELA.;12;4;0xAF59;0xAF7D;texto;;;;;;;;;;;;;
H5;143;SOBRESALTADA POR ESA VOZ REPENTINA, MIRE A MI ALREDEDOR CON CAUTELA. PERO EN EL VESTUARIO NO HABIA NADIE MAS QUE YO.;5;11;0xAF7F;0xAFB0;texto;;;;;;;;;;;;;
H5;144;QUIEN ERES?;13;3;0xAFB2;0xAFB7;texto;;;;;;;;;;;;;
H5;145;QUIEN ERES? PREGUNTE CASI EN UN SUSURRO, PERO LO UNICO QUE RESPONDIO FUE EL SONIDO REGULAR DE GOTAS CAYENDO.;5;11;0xAFB9;0xAFFB;texto;;;;;;;;;;;;;
H5;146;JI JI JI...;7;9;0xAFFD;0xB00F;texto;;;;;;;;;;;;;
H5;147;ROMPIENDO EL SILENCIO, SE ESCUCHO UNA RISA PROVENIENTE DEL OTRO LADO DEL CRISTAL.;10;6;0xB011;0xB03E;texto;;;;;;;;;;;;;
H5;148;ROMPIENDO EL SILENCIO, SE ESCUCHO UNA RISA PROVENIENTE DEL OTRO LADO DEL CRISTAL. ALLI, MI PROPIO REFLEJO EN UNIFORME MARINERO ESBOZABA UNA LEVE SONRISA.;3;13;0xB040;0xB075;texto;;;;;;;;;;;;;
H5;149;DE REPENTE, LA SUPERFICIE DEL ESPEJO ONDULO SUAVEMENTE COMO SI FUERA AGUA, Y EMERGIENDO DE ELLA APARECIO UNA CHICA.;7;9;0xB07D;0xB0CB;texto;;;;;;;;;;;;;
H5;150;ERA LA CHICA QUE HABIA VISTO ANTES EN EL PATIO INTERIOR. SU ROSTRO ESTABA PALIDO, COMO SI SE LE HUBIERA IDO TODA LA SANGRE Y SE PARECIA TANTO A MI QUE ERAMOS COMO DOS GOTAS DE AGUA.;2;14;0xB0CD;0xB140;texto;;;;;;;;;;;;;
H5;151;ES QUE NO SE PUEDE CONFIAR EN NADIE...;7;9;0xB148;0xB163;texto;;;;;;;;;;;;;
H5;152;ES QUE NO SE PUEDE CONFIAR EN NADIE... LA CHICA LEVANTO LA COMISURA DE SU BOCA PALIDA, ESBOZANDO UNA SONRISA CRUEL.;2;14;0xB165;0xB191;texto;;;;;;;;;;;;;
H5;153;NO PUDE OCULTAR MI SORPRESA ANTE LA SITUACION, PERO SUS PALABRAS ME INQUIETARON DE UNA FORMA EXTRAÑA.;8;8;0xB193;0xB1CC;texto;;;;;;;;;;;;;
H5;154;QUE ES EXACTAMENTE... LO QUE QUIERES DECIR?;3;13;0xB1CE;0xB1E5;texto;;;;;;;;;;;;;
H5;155;LA CHICA TOMO UN RESPIRO, Y COMENZO A HABLAR CON UN TONO FRIO.;10;6;0xB1E7;0xB20A;texto;;;;;;;;;;;;;
H5;156;POR MUCHO QUE CONFIES EN ALGUIEN, LOS SERES HUMANOS SON CRIATURAS DEBILES QUE SIEMPRE ACABAN TRAICIONANDO.;5;11;0xB20C;0xB235;texto;;;;;;;;;;;;;
H5;157;INCLUSO KAORU, TU PROPIO NOVIO, ES IGUAL. LAS PERSONAS SE QUIEREN MAS A SI MISMAS Y SIN IMPORTAR CUANTO HAYAN AMADO A ALGUIEN, PUEDEN TRAICIONARLO A CAMBIO DE PLACER, DINERO O PODER.;2;14;0xB237;0xB2AC;texto;;;;;;;;;;;;;
H5;158;ESO...;13;3;0xB2AE;0xB2B4;texto;;;;;;;;;;;;;
H5;159;ESO... ME QUEDE SIN PALABRAS ANTE LO QUE ELLA DECIA.;8;8;0xB2B6;0xB2D5;texto;;;;;;;;;;;;;
H5;160;REALMENTE CONFIAS EN KAORU?;10;6;0xB2D7;0xB2F7;texto;;;;;;;;;;;;;
H5;161;EH!? SENTI COMO SI ESAS PALABRAS HUBIERAN CALADO DIRECTO EN MI CORAZON, COMO SI LO HUBIERA VISTO POR DENTRO.;0;16;0xB2FF;0xB33D;texto;;;;;;;;;;;;;
H5;162;TENGO DE SOBRA EL DESEO DE QUERER CONFIAR. Y SIN EMBARGO, TAMBIEN HAY UNA PARTE DE MI QUE NO PUEDE OCULTAR LA INQUIETUD QUE SE EXTIENDE EN MI CORAZON.;5;11;0xB33F;0xB37C;texto;;;;;;;;;;;;;
H5;163;YO, DE VERDAD CONFIO EN KAORU?;3;13;0xB37E;0xB3A3;texto;;;;;;;;;;;;;
H5;164;CUANTO MAS LO PENSABA, MAS ME PERDIA, COMO EN UN LABERINTO SIN RESPUESTA, HASTA CASI PERDERME A MI MISMA.;7;9;0xB3A5;0xB3E8;texto;;;;;;;;;;;;;
H5;165;NO SE PUEDE ESPERAR NADA DE NADIE, NO CREES LO MISMO, YOKO?;5;11;0xB3EA;0xB40E;texto;;;;;;;;;;;;;
H5;166;COMO SABES MI NOMBRE... QUIEN ERES?;12;4;0xB410;0xB428;texto;;;;;;;;;;;;;
H5;167;COMO SABES MI NOMBRE... QUIEN ERES?;9;7;0xB42A;0xB432;texto;;;;;;;;;;;;;
H5;168;YO SOY MARIKO, TU...;3;13;0xB434;0xB450;texto;;;;;;;;;;;;;
H5;169;AL DECIR ESO, MOSTRO EL DORSO DE SU MANO IZQUIERDA, PALIDA Y DELGADA. EN SU DEDO BRILLABA UN ANILLO DE MANERA PARTICULAR.;7;9;0xB45B;0xB4B0;texto;;;;;;;;;;;;;
H5;170;AL DECIR ESO, MOSTRO EL DORSO DE SU MANO IZQUIERDA, PALIDA Y DELGADA. EN SU DEDO BRILLABA UN ANILLO DE MANERA PARTICULAR. POR UN MOMENTO ME QUEDE DESCONCERTADA;3;13;0xB4B2;0xB4C9;texto;;;;;;;;;;;;;
H5;171;EL ANILLO QUE BRILLABA EN SU DEDO ANULAR PARECIA EL PAR DEL ANILLO DE COMPROMISO DE MI PADRE.;9;7;0xB4CB;0xB506;texto;;;;;;;;;;;;;
H5;172;ESO NO PUEDE SER... SE SUPONE QUE MI MADRE FALLECIO POCO DESPUES DE QUE YO NACIERA...;9;7;0xB508;0xB539;texto;;;;;;;;;;;;;
H5;173;ESO NO PUEDE SER... SE SUPONE QUE MI MADRE FALLECIO POCO DESPUES DE QUE YO NACIERA... ESCUPI MI NEGACION, TRATANDO DE DESHACERME DE LA DUDA QUE BURBUJEABA DENTRO DE MI.;2;14;0xB541;0xB567;texto;;;;;;;;;;;;;
H5;174;NO SE PUEDE ESPERAR NADA DE NADIE.;13;3;0xB569;0xB586;texto;;;;;;;;;;;;;
H5;175;NO SE PUEDE ESPERAR NADA DE NADIE. AL DECIR ESO, ELLA EXTENDIO LA MANO SOBRE EL ESPEJO.;8;8;0xB588;0xB5A5;texto;;;;;;;;;;;;;
H5;176;EN ESE INSTANTE, LA SUPERFICIE DEL ESPEJO COMENZO A ONDULAR COMO AGUA;10;6;0xB5AE;0xB5D7;texto;;;;;;;;;;;;;
H5;177;EN ESE INSTANTE, LA SUPERFICIE DEL ESPEJO COMENZO A ONDULAR COMO AGUA, Y REFLEJO LA FIGURA DE KAORU, KAORU...;7;9;0xB5DF;0xB5EF;texto;;;;;;;;;;;;;
H5;178;UN GRUPO DE VARIOS CHICOS LO RODEABA, LANZANDOLE INSULTOS SIN PIEDAD. ALLI ESTABA KAORU, TENDIDO EN EL DEPOSITO DE MATERIAL, RODEADO POR VARIOS ESTUDIANTES.;0;16;0xB5F1;0xB657;texto;;;;;;;;;;;;;
H5;179;OYE, IIZUKA, TRAJISTE EL DINERO QUE PROMETISTE? POR TU CULPA, POR PULIR LA MOTO, TUVIMOS UN ACCIDENTE, Y LA REPARACION NO SALE NADA BARATA, SABES.;2;14;0xB659;0xB6C3;texto;;;;;;;;;;;;;
H5;180;PROBABLEMENTE ERAN ESTUDIANTES DE TERCER AÑO. ESTUDIANTES QUE NUNCA HABIA VISTO GOLPEABAN A KAORU COMO SI FUERA UN MUÑECO.;7;9;0xB6D9;0xB744;texto;;;;;;;;;;;;;
H5;181;ENTONCES, ENTRE LOS INSULTOS, ESCUCHE UNA VOZ QUE ME RESULTABA FAMILIAR.;10;6;0xB75D;0xB780;texto;;;;;;;;;;;;;
H5;182;ESTOY DICIENDO QUE ME CONFORMO CON TU MUJER, Y AUN ASI TE HACES EL INSOLENTE!;8;8;0x206D;0x20BB;texto;;;;;;;;;;;;;
H5;183;EL QUE PATEABA A KAORU ERA, SIN DUDA ALGUNA, AQUEL HOMBRE LLAMADO SHIRAISHI QUE ME HABIA ATACADO.;9;7;0x20BD;0x2101;texto;;;;;;;;;;;;;
H5;184;SHIRAISHI AGARRO EL CUELLO DE LA CAMISA DE KAORU, QUE TENIA LOS BRAZOS COLGANDO SIN FUERZA;8;8;0x2103;0x214A;texto;;;;;;;;;;;;;
H5;185;SHIRAISHI AGARRO EL CUELLO DE LA CAMISA DE KAORU, QUE TENIA LOS BRAZOS COLGANDO SIN FUERZA, Y LE METIO UN PUÑETAZO EN EL COSTADO. SU ROSTRO SE RETORCIO DE DOLOR, Y CAYO AL SUELO.;3;13;0x2167;0x218F;texto;;;;;;;;;;;;;
H5;186;NO, BASTA!;7;9;0x2191;0x21A6;texto;;;;;;;;;;;;;
H5;187;NO, BASTA! MI GRITO RESONABA EN VANO.;2;14;0x21A8;0x21CC;texto;;;;;;;;;;;;;
H5;188;SHIRAISHI LE PISO LA MANO IZQUIERDA A KAORU Y SE AGACHO CON CURIOSIDAD MORBOSA.;10;6;0x21CE;0x21FC;texto;;;;;;;;;;;;;
H5;189;AL DECIR ESO, LE ARRANCO EL ANILLO DEL DEDO ANULAR A KAORU. OYE, IIZUKA, TIENES ALGO BUENO AQUI, EH? ESTO PARECE QUE SE PUEDE VENDER CARO!;0;16;0x21FE;0x2261;texto;;;;;;;;;;;;;
H5;190;KAORU SE AFERRO A LA PIERNA DE SHIRAISHI. SHIRAISHI TRASTABILLO Y CAYO SENTADO CON UN GOLPE SECO.;0;16;0x2263;0x22BB;texto;;;;;;;;;;;;;
H5;191;DEVUELVEMELO!;7;9;0x22BD;0x22BD;texto;;;;;;;;;;;;;
H5;192;GRITANDO ESO, SE SUBIO ENCIMA DE EL A HORCAJADAS, Y KAORU GOLPEO EL ROSTRO DE SHIRAISHI SIN PIEDAD.;9;7;0x22C2;0x231A;texto;;;;;;;;;;;;;
H5;193;EL ROSTRO DE KAORU, QUE SIEMPRE SONREIA SIN PREOCUPACIONES, CRUZO POR MI MENTE.;10;6;0x231C;0x2352;texto;;;;;;;;;;;;;
H5;194;EL ROSTRO DE KAORU, QUE SIEMPRE SONREIA SIN PREOCUPACIONES, CRUZO POR MI MENTE. PERO AHORA, FRENTE A MIS OJOS, ESTABA UN KAORU CON UNA FACETA QUE JAMAS HUBIERA IMAGINADO.;3;13;0x2354;0x2386;texto;;;;;;;;;;;;;
H5;195;MI MADRE, MARIKO, MIRABA FIJAMENTE MIS OJOS PERDIDOS Y SIN RUMBO. YOKO, AHORA QUE HAS VISTO LA REALIDAD DE FRENTE, EN QUE VAS A CREER?;5;11;0x238F;0x23E7;texto;;;;;;;;;;;;;
H5;196;CERRE LOS OJOS LENTAMENTE, COMO TRATANDO DE RECUPERAR LA CALMA.;10;6;0x23E9;0x2412;texto;;;;;;;;;;;;;
H5;197;2.@@1.@@TRA NO@@CON@S@@ CON@FIA@UN@ FIA@R@@@MOM R@@@EN@@ENT EN@@MI@@O,@ NAD@MIS@TOM IE@@MA@@E@@ @@@@@@@@UNA @@@@@@@@DEC @@@@@@@@ISI @@@@@@@@ON.;5;11;0x2414;0x7EB9;pregunta;;3;1;3;1;3;0;1. CONFIAR EN MI MISMA;2. NO CONFIAR EN NADIE;TRAS UN MOMENTO, TOME UNA DECISION.;;;
H5;198;CONFIO EN MI MISMA!;7;9;0x277B;0x7EC3;texto;;;;;;;;;;;;;
H5;199;DENTRO DE MI CORAZON, UN GRAN NUDO DE SENTIMIENTOS ESTALLO COMO UNA BURBUJA DE JABON.;10;6;0x2793;0x27D4;texto;;;;;;;;;;;;;
H5;200;DENTRO DE MI CORAZON, UN GRAN NUDO DE SENTIMIENTOS ESTALLO COMO UNA BURBUJA DE JABON. EN ESE INSTANTE, MI MADRE, MARIKO, ESBOZO UNA SONRISA, Y DESAPARECIO DEJANDO TRAS DE SI UN AROMA NOSTALGICO.;2;14;0x27D6;0x2814;texto;;;;;;;;;;;;;
H5;201;SIN DARME CUENTA, YA HABIA EMPEZADO A CORRER.;12;4;0x2816;0x2833;texto;;;;;;;;;;;;;
H5;202;FRENTE AL DEPOSITO DE MATERIAL, PUSE LA MANO EN LA PUERTA CORREDIZA;10;6;0x2835;0x287E;texto;;;;;;;;;;;;;
H5;203;FRENTE AL DEPOSITO DE MATERIAL, PUSE LA MANO EN LA PUERTA CORREDIZA Y LA ABRI CON FUERZA. ALLI, ENTRE VARIOS ESTUDIANTES TENDIDOS EN EL SUELO, ESTABA KAORU, DE PIE, SOLO.;3;13;0x2880;0x28AD;texto;;;;;;;;;;;;;
H5;204;YOKO, YO... LO SIENTO. SOSTUVE A KAORU, QUE PARECIA A PUNTO DE DESPLOMARSE.;5;11;0x28AF;0x28EC;texto;;;;;;;;;;;;;
H5;205;AUNQUE SOY TAN DEBIL COMO VES, SI NO TE IMPORTA...;12;4;0x28EE;0x2908;texto;;;;;;;;;;;;;
H5;206;AUNQUE SOY TAN DEBIL COMO VES, SI NO TE IMPORTA... HUNDI MI MEJILLA EN EL PECHO DE KAORU, INTERRUMPIENDO EL RESTO DE SUS PALABRAS.;5;11;0x290A;0x2931;texto;;;;;;;;;;;;;
H5;207;Y ENTONCES... LEVANTE EL ROSTRO LENTAMENTE, Y MIRE FIJAMENTE LOS OJOS DE KAORU.;10;6;0x2933;0x295C;texto;;;;;;;;;;;;;
H5;8B;SI! YO TAMBIEN TENGO ACTIVIDADES DEL CLUB AHORA, ASI QUE NOS VEMOS A LA HORA DE SIEMPRE, EN EL LUGAR DE SIEMPRE, DESPUES. AH, IRE SIN FALTA, NOS VEMOS LUEGO.;2;14;0x0325;0x4174;texto;si;;;;;;;;;;;;
H5;9B;YO SOLO ME QUEDE MIRANDO LA ESPALDA DE KAORU MIENTRAS SE ALEJABA CORRIENDO... KAORU, TE OLVIDASTE QUE DIA ES HOY...?;3;13;0x4176;0x41D5;texto;si;;;;;;;;;;;;
H5;10B;HABIA PENSADO FALTAR A LA PRACTICA HOY. PERO AHORA QUE SOLO ME QUEDABA ESPERAR A KAORU, ME PUSE EL TRAJE DE BAÑO COMO SIEMPRE Y HUNDI MI CUERPO EN EL AGUA COMO SI QUISIERA DISOLVER TODO.;2;14;0x41DA;0x4241;texto;si;;;;;;;;;;;;
H5;11B;KAORU, TONTO...;7;9;0x4243;0x4259;texto;si;;;;;;;;;;;;
H5;12B;CADA PEQUEÑO FRAGMENTO DE SENTIMIENTO SE CONVERTIA EN BURBUJAS Y DESAPARECIA, UNO POR UNO.;5;11;0x425B;0x428A;texto;si;;;;;;;;;;;;
H5;13B;LA PRACTICA DE HOY TERMINA AQUI...;12;4;0x428C;0x46FE;texto;si;;;;;;;;;;;;
H5;14B;LA PRACTICA DE HOY TERMINA AQUI... DETRAS DE LA CHARLA ALEGRE, SALI DEL AGUA SIN ANIMOS Y ME DIRIGI SOLA A LAS DUCHAS.;3;13;0x4700;0x473E;texto;si;;;;;;;;;;;;
H5;15B;......... EN LOS VIDRIOS POR LOS QUE PASABA, MI REFLEJO SE VEIA COMO UN CADAVER SIN ALMA VAGANDO POR UN YERMO. ...QUE ES ESTO...;2;14;0x4740;0x47C5;texto;si;;;;;;;;;;;;
H5;16B;OJOS VACIOS ASOMAN AL ESPEJO DE LA DUCHA. ALLI, SOLO UNA HEROINA TRAGICA CUYOS PLANES SE ATRASARON POR UNA O DOS HORAS ME DEVOLVIA LA MIRADA.;2;14;0x47C7;0x4849;texto;si;;;;;;;;;;;;
H5;17B;SOLTE UN PEQUEÑO SUSPIRO, Y A PROPOSITO AVANCE HASTA EL FONDO, GIRANDO LENTAMENTE LA LLAVE.;5;11;0x484B;0x4898;texto;si;;;;;;;;;;;;
H5;18B;UN VAPOR SUAVE Y CALIDO ME ENVOLVIO, MI PIEL BLANCA SE TINO SUAVEMENTE DE ROSA. EL AGUA CALIENTE CAIA CON FUERZA SOBRE TODO MI CUERPO.;5;11;0x489D;0x48FB;texto;si;;;;;;;;;;;;
H5;19B;UNA CALIDEZ QUE PARECIA LLEGAR HASTA EL FONDO DE MI CORAZON SE SENTIA, MAS QUE COMO TERNURA, COMO UN DOLOR.;8;8;0x48FD;0x4933;texto;si;;;;;;;;;;;;
H5;20B;...NO LO HABRAS OLVIDADO, VERDAD...;3;13;0x4935;0x4960;texto;si;;;;;;;;;;;;
H5;21B;PERDI A MIS PADRES SIENDO PEQUEÑA, Y SE MEJOR QUE NADIE LO DURO QUE ES VOLVER A UN CUARTO VACIO.;8;8;0x4962;0x499F;texto;si;;;;;;;;;;;;
H5;22B;YA HABIA PERDIDO LA NOCION DEL TIEMPO, Y AQUI SOLO PODIA OIR EL SONIDO DEL AGUA CORRIENDO SOBRE MI.;8;8;0x49A1;0x49D5;texto;si;;;;;;;;;;;;
H5;23B;CERRE LA LLAVE, TOME LA TOALLA, Y ME ASOME AL ESPEJO DEL LAVAMANOS.;5;11;0x49D7;0x4A2B;texto;si;;;;;;;;;;;;
H5;24B;VAMOS, ANIMATE. TRATE DE IMITAR LA SONRISA DESPREOCUPADA DE KAORU.;8;8;0x4A33;0x4A72;texto;si;;;;;;;;;;;;
H5;25B;UN SUSPIRO SECO SE ME ESCAPO DE LA BOCA.;3;13;0x4A7A;0x4AA7;texto;si;;;;;;;;;;;;
H5;26B;EN EL FONDO DEL ESPEJO, EL ANILLO COLGADO DE LA CADENA EN MI CUELLO BRILLABA SUAVEMENTE, COMO SI QUISIERA CONSOLARME. ERA LA UNICA PRUEBA CONCRETA DE MI EXISTENCIA.;2;14;0x4AAF;0x4B33;texto;si;;;;;;;;;;;;
H5;27B;ERA EL UNICO RECUERDO QUE ME DEJO MI PADRE, DE QUIEN APENAS RECUERDO EL ROSTRO: UN ANILLO DE COMPROMISO.;7;9;0x4B35;0x4B83;texto;si;;;;;;;;;;;;
H5;28B;ERA EL UNICO RECUERDO QUE ME DEJO MI PADRE, DE QUIEN APENAS RECUERDO EL ROSTRO: UN ANILLO DE COMPROMISO. Y EN ESE INSTANTE, SENTI LA PRESENCIA DE ALGUIEN...;2;14;0x4B85;0x4BAE;texto;si;;;;;;;;;;;;
H5;29B;...;7;9;0x4BB3;0x4BC2;texto;si;;;;;;;;;;;;
H5;30B;2.@@1.@@EN@@@@@ VOL@CER@EL@@@@@ TEA@RAR@ESPEJO@ RME@LOS@TRAS@@@ @@@@OJO@MI@@@@@ @@@@S@@@REFLEJO @@@@DE@@HABIA@@ @@@@MIE@UN@@@@@ @@@@DO@@ANCIANO @@@@@@@@A@@@@@@ @@@@@@@@PUNTO@@ @@@@@@@@DE@@@@@ @@@@@@@@ATACARM @@@@@@@@E.@@@@@;1;15;0x4BCA;0x4C2A;pregunta;si;3;1;3;1;7;0;1. CERRAR LOS OJOS DE MIEDO;2. VOLTEARME;EN EL ESPEJO TRAS MI REFLEJO HABIA UN ANCIANO A PUNTO DE ATACARME.;;;
H5;31B;SOBRESALTADA, ME DI VUELTA RAPIDAMENTE A MIRAR ATRAS.;12;4;0x4C34;0x4D07;texto;si;;;;;;;;;;;;
H5;32B;SOBRESALTADA, ME DI VUELTA RAPIDAMENTE A MIRAR ATRAS. PERO ALLI NO HABIA NADIE.;7;9;0x4D09;0x4D1E;texto;si;;;;;;;;;;;;
H5;33B;TE ENCONTRE. JUSTO CUANDO CREI OIR UNA VOZ RONCA, UNA MANO BLANCA COMO YESO SALIO DEL ESPEJO Y SE ENROSCO EN MI MUÑECA.;3;13;0x4D20;0x4D85;texto;si;;;;;;;;;;;;
H5;34B;KYAAAAAA! EN ESE INSTANTE, UN ESCALOFRIO QUE PARECIA DRENARME LA SANGRE Y UNA SACUDIDA RECORRIERON TODO MI CUERPO.;0;16;0x4D87;0x4DE0;texto;si;;;;;;;;;;;;
H5;35B;ESA MANO ERA FRIA COMO EL HIELO, LO SUFICIENTE COMO PARA EVOCAR A ALGUIEN DE OTRO MUNDO.;9;7;0x4DE2;0x4E15;texto;si;;;;;;;;;;;;
H5;36B;LEVANTE EL ROSTRO Y, SIN QUERER, CONTUVE LA RESPIRACION.;3;13;0x4E17;0x4E31;texto;si;;;;;;;;;;;;
H5;37B;ALLI, EL ROSTRO QUEMADO Y LLAGADO DE UN ANCIANO ESTABA PEGADO AL ESPEJO.;10;6;0x4E39;0x4E74;texto;si;;;;;;;;;;;;
H5;38B;EN EL OJO DERECHO DEL ANCIANO FALTABA LA PARTE NEGRA QUE DEBERIA HABER, Y EN SU LUGAR UN GLOBO OCULAR COMO UNA BOLA DE PLATA BRILLABA DE FORMA SINIESTRA.;2;14;0x4E76;0x4EB6;texto;si;;;;;;;;;;;;
H5;39B;AHORA, MARIKO, VEN AQUI.;12;4;0x4EB8;0x4EDA;texto;si;;;;;;;;;;;;
H5;40B;LA MANO PALIDA, CON LAS VENAS HINCHADAS, EMPEZO A APRETAR, TRATANDO DE ARRASTRARME HACIA EL FONDO DEL VIDRIO.;3;13;0x4EDC;0x4F29;texto;si;;;;;;;;;;;;
H5;41B;MI MANO IZQUIERDA POCO A POCO PERDIA COLOR Y LA PUNTA DE MIS DEDOS SE ADORMECIO HASTA QUE PERDI TODA SENSACION.;8;8;0x4F31;0x4F66;texto;si;;;;;;;;;;;;
H5;42B;SENTIA LOS LATIDOS DE MI CORAZON TAN FUERTE QUE PARECIA HACERME TEMBLAR LA CABEZA.;2;14;0x4F68;0x4F93;texto;si;;;;;;;;;;;;
H5;43B;DETENTE! TRATE DE SACUDIRMELA DE ENCIMA, PERO CON UNA FUERZA INCREIBLE ME SEGUIA ARRASTRANDO CADA VEZ MAS ADENTRO DEL ESPEJO.;5;11;0x4F98;0x4FE9;texto;si;;;;;;;;;;;;
H5;44B;MI MANO ATRAPADA, DESDE LA PUNTA DE LOS DEDOS, EMPEZO A SER TRAGADA POR EL ESPEJO.;10;6;0x4FEB;0xBAB6;texto;si;;;;;;;;;;;;
H5;45B;MI MANO ATRAPADA, DESDE LA PUNTA DE LOS DEDOS, EMPEZO A SER TRAGADA POR EL ESPEJO. ERA FRIO Y DOLIA MUCHISIMO, COMO SI ME PRESIONARAN LOS DEDOS CON HIELO.;3;13;0xBAB8;0xBAE2;texto;si;;;;;;;;;;;;
H5;46B;LA FUERZA QUE ME ARRASTRABA SE HIZO AUN MAS FUERTE, Y MI BRAZO HASTA EL CODO FUE TRAGADO POR EL ESPEJO. YA NO SENTIA NADA EN LA PUNTA DE LOS DEDOS. A ESTE PASO...;2;14;0xBAE4;0xBB4A;texto;si;;;;;;;;;;;;
H5;47B;2.@@1.@@YO GRI@RES@.. TAR@IST@.@ FUE@IR@@@@ RTE@CON@@@ @@@@TOD@@@ @@@@AS@@@@ @@@@MIS@@@ @@@@FUE@@@ @@@@RZA@@@ @@@@S@@@@@;6;10;0xBB4F;0xBB78;pregunta;si;3;1;3;1;2;0;1. RESISTIR CON TODAS MIS FUERZAS;2. GRITAR FUERTE;YO...;;;
H5;48B;NO! DETENTE! GRITE CON UNA VOZ QUE PARECIA DESGARRARSE.;8;8;0xBB82;0xBEF4;texto;si;;;;;;;;;;;;
H5;49B;NO! DETENTE! GRITE CON UNA VOZ QUE PARECIA DESGARRARSE. ......... A MI ALREDEDOR TODO QUEDO EN SILENCIO COMO SI NADA HUBIERA PASADO.;0;16;0xBEF6;0xBF35;texto;si;;;;;;;;;;;;
H5;50B;SACUDIENDO MI CABELLO MOJADO, HUI DESESPERADA HACIA EL VESTIDOR. ME ESCONDI TRAS LOS CASILLEROS, APRETANDO CON AMBAS MANOS MI CORAZON DESBOCADO, Y CONTUVE EL ALIENTO.;0;16;0xBF3D;0xBFDC;texto;si;;;;;;;;;;;;
H5;51B;A MI ALREDEDOR TODO ESTABA EN SILENCIO COMO SI NADA HUBIERA PASADO. NO PODIA SENTIR LA PRESENCIA DE NADIE MAS EN EL VESTIDOR.;5;11;0xBFDE;0xC027;texto;si;;;;;;;;;;;;
H5;52B;ESPERE A QUE MIS NERVIOS SE CALMARAN Y ME VESTI DEPRISA. ME ATE RAPIDO EL LAZO DE LA BLUSA Y ME PUSE BIEN LOS ZAPATOS CAFES.;3;13;0xC029;0xC088;texto;si;;;;;;;;;;;;
H5;53B;ABRI LA PUERTA DEL VESTIDOR CON CUIDADO Y ME ASOME AL PASILLO CON MIEDO. EL PASILLO MANTENIA UN SILENCIO AUN MAS PESADO QUE ANTES.;4;12;0xC08A;0xC10B;texto;si;;;;;;;;;;;;
H5;54B;2.@@1.@@NO@@ QUE@APU@HAY@ DAR@RAR@RAST ME@@ME@@RO@@ A@@@AL@@DEL@ VER@LUG@ANCI QUE@AR@@ANO@ PAS@DON@DE@@ A@@@DE@@ANTE @@@@ME@@S... @@@@ESP@QUE@ @@@@ERA@HAGO @@@@KAO@.@@@ @@@@RU@@@@@@;3;12;0xC10D;0xC15E;pregunta;si;3;1;3;1;4;0;1. APURARME AL LUGAR DONDE ME ESPERA KAORU;2. QUEDARME A VER QUE PASA;NO HAY RASTRO DEL ANCIANO DE ANTES... QUE HAGO.;;;
H5;48T;ME AFIRME Y RESISTI DESESPERADA, TRATANDO DE HUIR HACIA EL PASILLO.;10;6;0xBB82;0xBBB5;texto;;;;;;;;;;;;;
H5;49T;LA MANO DEL ANCIANO APRETO AUN MAS, Y SUS UÑAS SE ME CLAVARON EN LA MUÑECA. CUANDO YA ESTABA A PUNTO DE RENDIRME, DE PRONTO EL ANILLO COMENZO A BRILLAR.;3;13;0xBBB7;0xBC1E;texto;;;;;;;;;;;;;
H5;50T;EN ESE INSTANTE, EL FRIO QUE ME APRISIONABA, E INCLUSO EL ANCIANO, DESAPARECIERON COMO EL HUMO.;5;11;0xBC20;0xBC7C;texto;;;;;;;;;;;;;
H5;51T;SACUDIENDO MI CABELLO MOJADO, HUI DESESPERADA HACIA EL VESTIDOR. ME ESCONDI TRAS LOS CASILLEROS, APRETANDO CON AMBAS MANOS MI CORAZON DESBOCADO, Y CONTUVE EL ALIENTO.;0;16;0xBC7E;0xBD1D;texto;;;;;;;;;;;;;
H5;52T;A MI ALREDEDOR TODO ESTABA EN SILENCIO COMO SI NADA HUBIERA PASADO. LO UNICO QUE QUEDABA ERA UNA TENUE TIBIEZA EN EL ANILLO.;3;13;0xBD1F;0xBD68;texto;;;;;;;;;;;;;
H5;53T;ESPERE A QUE MIS NERVIOS SE CALMARAN Y ME VESTI DEPRISA. ME ATE RAPIDO EL LAZO DE LA BLUSA Y ME PUSE BIEN LOS ZAPATOS CAFES...;3;13;0xBD6A;0xBDC9;texto;;;;;;;;;;;;;
H5;54T;ABRI LA PUERTA DEL VESTIDOR CON CUIDADO Y ME ASOME AL PASILLO CON MIEDO. EL PASILLO MANTENIA UN SILENCIO AUN MAS PESADO QUE ANTES.;4;12;0xBDCB;0xBE4C;texto;;;;;;;;;;;;;
H5;55T;2.@@@1.@@@NO@@@ IR@@@ESPE@HAY@@ AL@@@RAR@@RASTR LUGA@UN@@@O@@@@ R@@@@POCO@DEL@@ DOND@MAS@@ANCIA E@@@@A@@@@NO@@@ ME@@@VER@@DE@@@ ESPE@QUE@@ANTES RA@@@PASA@...@@ KAOR@@@@@@QUE@@ U@@@@@@@@@HAGO.;1;15;0xBE4E;0xBEA5;pregunta;;4;1;4;1;5;0;1. ESPERAR UN POCO MAS A VER QUE PASA;2. IR AL LUGAR DONDE ME ESPERA KAORU;NO HAY RASTRO DEL ANCIANO DE ANTES... QUE HAGO.;;;
H5;55B;CONTUVE LA RESPIRACION Y DECIDI OBSERVAR UN POCO MAS LA SITUACION.;10;6;0x4FF1;0x500E;texto;si;;;;;;;;;;;;
H5;56B;CONTUVE LA RESPIRACION Y DECIDI OBSERVAR UN POCO MAS LA SITUACION. QUIEN SERA REALMENTE ESE ANCIANO... ESE MARIKO QUE MENCIONO EL ANCIANO...;1;15;0x5010;0x5053;texto;si;;;;;;;;;;;;
H5;57B;AL PENSARLO CON CALMA, EMPECE A SENTIR QUE HABIA SIDO UN SUEÑO O UNA ALUCINACION. AL FIN Y AL CABO, EL ANCIANO HABIA APARECIDO DESDE DENTRO DEL ESPEJO.;5;11;0x5055;0x5099;texto;si;;;;;;;;;;;;
H5;58B;3.@@2.@@1.@@ESE@ MAR@NO,@SEG@ANC@ IKO@ESO@URO@IAN@ ...@FUE@FUE@O@@@ ESE@REA@UNA@FUE@ NOM@L@@@ALU@UNA@ BRE@@@@@CIN@ALU@ ME@@@@@@ACI@CIN@ SUE@@@@@ON@@ACI@ NA@@@@@@@@@@ON?@;0;16;0x509B;0x50F9;texto;si;;;;;;;;;;;;
H5;59B;ESO HABIA SIDO REAL, SIN DUDA ALGUNA. MIRE EL BRAZO DONDE EL ANCIANO ME HABIA AGARRADO.;8;8;0x5103;0x5847;texto;si;;;;;;;;;;;;
H5;60B;ALLI QUEDABA, CLARA, LA PRUEBA DE QUE LO OCURRIDO HABIA SIDO REAL. ESTAR AQUI EMPEZABA A DARME CADA VEZ MAS MIEDO.;5;11;0x5849;0x589B;texto;si;;;;;;;;;;;;
H5;61B;SIN HACER RUIDO CON MIS PASOS, APURE EL PASO HACIA EL LUGAR DONDE ME ESPERABA KAORU.;5;11;0x5103;0x5134;texto;si;;;;;;;;;;;;
H5;61V;TAMPOCO HABIA RASTRO DEL ANCIANO. SIN HACER RUIDO CON MIS PASOS, APURE EL PASO HACIA EL LUGAR DONDE ME ESPERABA KAORU.;5;11;0xBA7A;0x5134;texto;;;;;;;;;;;0xBA78;;
H5;62B;EN LA PENUMBRA, EL PASILLO ELEVADO DEL SEGUNDO PISO SE EXTENDIA HACIENDOME SENTIR ALGO DISTINTO A LO DE SIEMPRE. SIN PODER SACARME DE LA CABEZA AQUEL EXTRAÑO SUCESO, APURE AUN MAS EL PASO HACIA KAORU.;0;16;0x5136;0x51B2;texto;si;;;;;;;;;;;;
H5;63B;ESE LUGAR ESTABA A LA VUELTA DEL PASILLO, PRACTICAMENTE AL ALCANCE DE LA MANO. CONTENIENDO MI IMPACIENCIA Y MI ANSIEDAD, SEGUI POR EL PASILLO FINGIENDO CALMA.;3;13;0x51B4;0x5210;texto;si;;;;;;;;;;;;
H5;64B;LUEGO, PUSE LA MANO EN LA PUERTA DE VIDRIO QUE DABA A LA TERRAZA CON VISTA AL PATIO, Y LA ABRI SUAVEMENTE.;8;8;0x5212;0x524D;texto;si;;;;;;;;;;;;
H5;65B;EN ESE INSTANTE, EL MAL PRESENTIMIENTO DENTRO DE MI CRECIO DE GOLPE, Y SENTI COMO SI ALGO HUBIERA ESTALLADO.;5;11;0x524F;0x529A;texto;si;;;;;;;;;;;;
H5;66B;EL NO ESTABA ALLI. EL PAISAJE QUE SE EXTENDIA ANTE MIS OJOS QUEDO INMOVIL EN UN GRIS PLOMIZO, Y EL DIA EN QUE NOS DIMOS EL PRIMER BESO AQUI SE SINTIO INFINITAMENTE LEJANO Y BORROSO.;3;13;0x52A5;0x5318;texto;si;;;;;;;;;;;;
H5;67B;CUANTO MAS ESPERABA, MAS SABIA QUE LA DESESPERACION DE SER TRAICIONADA SERIA ENORME, Y AUN ASI, LO VOLVI A SENTIR CON DOLOR.;7;9;0x5324;0x5368;texto;si;;;;;;;;;;;;
H5;68B;EL RELOJ ATADO A MI MUÑECA ME DECIA CON TRISTEZA QUE HABIAN PASADO TREINTA MINUTOS DESDE LA HORA ACORDADA. 7:30;5;11;0x536A;0x53B6;texto;si;;;;;;;;;;;;
H5;69B;TAL VEZ YA SE FUE A CASA...;2;14;0x53B8;0x53E4;texto;si;;;;;;;;;;;;
H5;70B;TAL VEZ YA SE FUE A CASA... EL VACIO SE FUE CONVIRTIENDO POCO A POCO EN SOLEDAD, Y CUANTO MAS LO PENSABA, MAS RABIA Y MIEDO SENTIA A LA VEZ.;2;14;0x53E9;0x5424;texto;si;;;;;;;;;;;;
H5;71B;...SEGURO ME SIGUE ESPERANDO. VOLVI A LEVANTAR EL ANIMO QUE CASI SE ME HABIA IDO, Y TRATANDO DE ACALLAR LA ANSIEDAD QUE BURBUJEABA DENTRO DE MI, CORRI HACIA LA BIBLIOTECA DEL TERCER PISO.;2;14;0x5426;0x54AB;texto;si;;;;;;;;;;;;
H5;72B;PASE LA MANO POR EL PASAMANOS FRIO Y OXIDADO, Y SUBI AL PASILLO SILENCIOSO DEL TERCER PISO.;5;11;0x54AD;0x54DE;texto;si;;;;;;;;;;;;
H5;73B;LA PUERTA DE LA BIBLIOTECA ESTABA A OSCURAS, Y NO SE SENTIA NI RASTRO DE PRESENCIA HUMANA.;8;8;0x54ED;0x5524;texto;si;;;;;;;;;;;;
H5;74B;......... TRATE DE GIRAR EL PICAPORTE, PERO SOLO HIZO UN RUIDO METALICO SECO Y LA PUERTA NO SE MOVIO.;0;16;0x5526;0x5578;texto;si;;;;;;;;;;;;
H5;75B;MIRE ADENTRO A TRAVES DEL VIDRIO, PERO SOLO HABIA OSCURIDAD Y UN SILENCIO ABSOLUTO.;8;8;0x557A;0x55B6;texto;si;;;;;;;;;;;;
H5;76B;JAMAS IMAGINE QUE PASARIA ESTE DIA SOLA. NO, NO QUERIA IMAGINARLO.;7;9;0x55BB;0x55F5;texto;si;;;;;;;;;;;;
H5;77B;HASTA AHORA, SIEMPRE HABIA CREIDO QUE CUANDO LLEGARA ESTE DIA, ALGUIEN ESTARIA A MI LADO.;10;6;0x55F7;0x5620;texto;si;;;;;;;;;;;;
H5;78B;EN ESTE MUNDO EN EL QUE NACI, HOY, NADIE ME RECONOCE...;3;13;0x5622;0x564B;texto;si;;;;;;;;;;;;
H5;79B;EN EL INSTANTE EN QUE PENSE ESO, EL NUDO QUE ATABA MI CORAZON SE DESHIZO, Y MIS SENTIMIENTOS SE DESBORDARON. MIRANDO EL PASILLO BORROSO, ME MORDI EL LABIO, FRUSTRADA DE SENTIRME TAN PATETICA.;0;16;0x564D;0x56C0;texto;si;;;;;;;;;;;;
H5;80B;UN RUIDO AL FONDO DEL PASILLO ME SOBRESALTO.;7;9;0x56C2;0x570A;texto;si;;;;;;;;;;;;
H5;81B;KAORU...?;7;9;0x570C;0x5718;texto;si;;;;;;;;;;;;
H5;82B;LO LLAME CON LA VOZ QUEBRADA, PERO NO RECIBI LA RESPUESTA QUE ESPERABA: SOLO EL AIRE FRIO Y PESADO DEL SILENCIO.;7;9;0x571A;0x5760;texto;si;;;;;;;;;;;;
H5;83B;2.@1.@SE@@@ NO@SE@OYE@@ ES@GU@UN@@@ KA@RO@SONID OR@ES@O@@@@ U@@KA@DE@@@ @@@OR@PASOS @@@U@@FIRME @@@@@@S@@@@ @@@@@@VINIE @@@@@@NDO@@ @@@@@@DESDE @@@@@@LAS@@ @@@@@@ESCAL @@@@@@ERAS.;5;11;0x5762;0x57B6;pregunta;si;2;1;2;1;5;0;1. SEGURO ES KAORU;2. NO ES KAORU;SE OYE UN SONIDO DE PASOS FIRMES VINIENDO DESDE LAS ESCALERAS.;;;
H5;84B;NO ES KAORU... SENTI UNA PRESENCIA SINIESTRA QUE NO PARECIA PERTENECER A ESTE MUNDO.;7;9;0x57C0;0x5A57;texto;si;;;;;;;;;;;;
H5;85B;QUIEN RAYOS ES... LLAME HACIA LA ESCALERA EN PENUMBRAS.;5;11;0x5A59;0x5A8F;texto;si;;;;;;;;;;;;
H5;86B;EN ESE INSTANTE, LOS PASOS SE DETUVIERON. DESPUES DE ESO, NO SE VOLVIO A OIR NINGUN SONIDO.;7;9;0x5A91;0x5ACD;texto;si;;;;;;;;;;;;
H5;87B;EL SILENCIO ERA TAN PROFUNDO QUE SE PODRIA HABER OIDO CAER UN ALFILER, Y SOLO LA ESCALERA OSCURA BRILLABA CON UNA LUZ AZUL PALIDA Y FRIA.;5;11;0x5ACF;0x5B23;texto;si;;;;;;;;;;;;
H5;88B;!?;2;14;0x5B25;0x5B36;texto;si;;;;;;;;;;;;
H5;89B;EN ESE MOMENTO, VI UNA SILUETA HUMANA DESAPARECER DETRAS DE LA PARED DEL DESCANSO DE LA ESCALERA.;5;11;0x5B38;0x5B5D;texto;si;;;;;;;;;;;;
H5;90B;CONTUVE LA RESPIRACION Y BAJE LAS ESCALERAS PASO A PASO, COMO UN GATO.;5;11;0x5B66;0x5BA2;texto;si;;;;;;;;;;;;
H5;91B;UN SONIDO REPENTINO DETRAS DE MI ME HIZO CONTENER EL ALIENTO.;7;9;0x5BA4;0x5C01;texto;si;;;;;;;;;;;;
H5;92B;LA PESADA ANSIEDAD QUE ME OPRIMIA SE FUE TRANSFORMANDO POCO A POCO EN MIEDO. PERO UN PEQUEÑO SENTIMIENTO DE TAL VEZ QUE AUN QUEDABA DENTRO DE MI ME EMPUJO SUAVEMENTE HACIA ADELANTE.;0;16;0x5C03;0x5C71;texto;si;;;;;;;;;;;;
H5;93B;ME DI VUELTA LENTAMENTE Y VOLVI A DIRIGIRME HACIA EL TERCER PISO, DE DONDE HABIA VENIDO EL SONIDO DE ANTES.;5;11;0x5C73;0x5CA9;texto;si;;;;;;;;;;;;
H5;94B;!;12;4;0x5CB2;0x5CD5;texto;si;;;;;;;;;;;;
H5;95B;DESDE EL TECHO DEL TERCER PISO SE OIA UN SONIDO CHIRRIANTE, COMO ALGO ARAÑANDO.;5;11;0x5CD7;0x5D09;texto;si;;;;;;;;;;;;
H5;96B;SEGUI EL SONIDO SOLO CON LA MIRADA Y ALCE LOS OJOS HACIA EL TECHO.;10;6;0x5D0B;0x5D45;texto;si;;;;;;;;;;;;
H5;97B;ALLI, MANCHAS ROJAS Y NEGRAS SE EXTENDIAN COMO SI HUBIERAN DERRAMADO PINTURA.;5;11;0x5D4E;0x5DA0;texto;si;;;;;;;;;;;;
H5;98B;GOTAS NEGRAS CAIAN DEL TECHO AL PASILLO, Y UN CHARCO SE EXTENDIA COMO SI SE HUBIERA ABIERTO UN AGUJERO EN EL SUELO.;7;9;0x5DAC;0x5E09;texto;si;;;;;;;;;;;;
H5;99B;ESTA VEZ, UN SONIDO ATERRADOR COMO SI ARRANCARAN LAS TABLAS DEL TECHO A LA FUERZA RESONO POR EL PASILLO.;8;8;0x5E0B;0x5E8D;texto;si;;;;;;;;;;;;
H5;100B;AJAJAJAJA...... DE REPENTE, LA CABEZA CORTADA DE UNA MUJER, PALIDA, SINIESTRA Y CUBIERTA DE SANGRE, CAYO DEL TECHO RIENDO.;5;11;0x5E8F;0x5EF9;texto;si;;;;;;;;;;;;
H5;101B;MI CUERPO SE QUEDO CONGELADO, ME QUITARON HASTA LA VOZ, Y NO PODIA MOVERME. DESESPERADA, LE DI LA ESPALDA Y, ARRASTRANDO LAS PIERNAS PESADAS COMO PIEDRA, LOGRE HUIR HACIA LAS ESCALERAS.;2;14;0x5EFE;0x5F62;texto;si;;;;;;;;;;;;
H5;102B;FUE ESO UNA ALUCINACION CREADA POR MI PROPIO MIEDO...?;5;11;0x5F64;0x5F8A;texto;si;;;;;;;;;;;;
H5;103B;TEMEROSA, ME DI VUELTA Y MIRE HACIA ARRIBA, AL TECHO. ...... ALLI NO HABIA NINGUN CAMBIO, SOLO FLOTABA UN SILENCIO Y UN AIRE EXTRAÑO.;2;14;0x5F8C;0x5FED;texto;si;;;;;;;;;;;;
H5;104B;UNA MIRADA.........;3;13;0x5FEF;0x6009;texto;si;;;;;;;;;;;;
H5;105B;EN MEDIO DE ESE SILENCIO SEPULCRAL, SENTI COMO SI UNA MIRADA AFILADA E INTENSA SE CLAVARA EN MI. UNA MIRADA.........;3;13;0x600B;0x604E;texto;si;;;;;;;;;;;;
H5;106B;ENTORNE LOS OJOS HACIA EL PASILLO QUE SE EXTENDIA A LA DERECHA.;7;9;0x6056;0x607D;texto;si;;;;;;;;;;;;
H5;107B;AL FONDO DE LA PARED HABIA UN ESPEJO GRANDE Y ANTIGUO QUE NUNCA HABIA VISTO, FIRMEMENTE SUJETO EN UN MARCO DE MADERA, REFLEJANDO EL PASILLO EN PENUMBRAS.;5;11;0x6082;0x60DF;texto;si;;;;;;;;;;;;
H5;108B;Y ENTONCES, EN ESE ESPEJO ESTABA EL DUEÑO DE AQUELLA MIRADA. ERA, SIN LUGAR A DUDAS, YO MISMA.;7;9;0x60E1;0x611F;texto;si;;;;;;;;;;;;
H5;109B;Y ENTONCES, EN ESE ESPEJO ESTABA EL DUEÑO DE AQUELLA MIRADA. ERA, SIN LUGAR A DUDAS, YO MISMA. SUS OJOS ME TENIAN ATRAPADA Y NO ME SOLTABAN.;2;14;0x612A;0x6148;texto;si;;;;;;;;;;;;
H5;110B;LA YO DEL ESPEJO EXTENDIO SUS BRAZOS PALIDOS AL FRENTE Y EMPEZO A HACERME SEÑAS LENTAMENTE PARA QUE ME ACERQUE.;8;8;0x614A;0x619D;texto;si;;;;;;;;;;;;
H5;111B;TRATE DESESPERADAMENTE DE PEDIR AYUDA, PERO SOLO UN SUSURRO RONCO FLOTO EN EL AIRE, SIN LLEGAR A CONVERTIRSE EN VOZ.;0;16;0x619F;0x61DB;texto;si;;;;;;;;;;;;
H5;112B;LA OTRA YO SUSURRABA INVITANDOME DESDE EL FONDO DEL VIDRIO: NO QUIERO QUEDARME SOLA.;0;16;0x61DD;0x622B;texto;si;;;;;;;;;;;;
H5;113B;EN MEDIO DE MI CONCIENCIA QUE SE DESVANECIA, SENTI, POR ALGUNA RAZON, JUNTO CON EL MIEDO, ALGO EXTRAÑO.;8;8;0x622D;0x6267;texto;si;;;;;;;;;;;;
H5;114B;LA OTRA YO SE DESLIZO POR EL PASILLO QUE CONTINUABA DENTRO DEL ESPEJO, Y SE DESVANECIO SUAVEMENTE DETRAS DE UN JOVEN QUE ESTABA SENTADO ALLI.;0;16;0x6269;0x62B4;texto;si;;;;;;;;;;;;
H5;115B;EL ROSTRO DE ESE JOVEN, CON LA MIRADA BAJA, ERA SIN DUDA EL DE KAORU.;5;11;0x62B6;0x62D9;texto;si;;;;;;;;;;;;
H5;116B;YOKO, VAMONOS JUNTOS.;7;9;0x62E1;0x6301;texto;si;;;;;;;;;;;;
H5;117B;EL KAORU DENTRO DEL ESPEJO LEVANTO EL ROSTRO Y ESBOZO UNA SONRISA TAN SUAVE COMO UNA FLOR DE DURAZNO ABRIENDOSE. MAS ALLA SE EXTENDIA UN HERMOSO CAMPO DE FLORES CON MONTAÑAS AL FONDO.;2;14;0x6306;0x6371;texto;si;;;;;;;;;;;;
H5;118B;2.@@1.@@MIS@@@@ DEJ@RES@PIES@@@ ARM@IST@AVANZAB E@@@IR@@AN@@@@@ LLE@CON@POR@@@@ VAR@TER@SU@@@@@ POR@QUE@CUENTA, LA@@DAD@EN@@@@@ COR@@@@@CONTRA@ RIE@@@@@DE@@@@@ NTE@@@@@LO@@@@@ @@@@@@@@QUE@@@@ @@@@@@@@SENTIA@ @@@@@@@@MI@@@@@ @@@@@@@@CORAZON @@@@@@@@.@@@@@@;1;15;0x637A;0x63C6;pregunta;si;3;1;3;1;7;0;1. RESISTIR CON TERQUEDAD;2. DEJARME LLEVAR POR LA CORRIENTE;MIS PIES AVANZABAN POR SU CUENTA, EN CONTRA DE LO QUE SENTIA MI CORAZON.;;;
H5;119B;ME DEJE LLEVAR POR LA CORRIENTE NATURAL Y ME ACERQUE AL ESPEJO.;5;11;0x63D0;0x6517;texto;si;;;;;;;;;;;;
H5;120B;EN ALGUN MOMENTO, EL PASILLO FAMILIAR QUE SE EXTENDIA AL OTRO LADO DEL VIDRIO SE HABIA TRANSFORMADO EN UN CORREDOR DE MADERA SUCIO Y DESGASTADO.;5;11;0x6519;0x6565;texto;si;;;;;;;;;;;;
H5;121B;A LO LEJOS RESONABA EL SONIDO DE UNA CAMPANA.;3;13;0x6567;0x65A6;texto;si;;;;;;;;;;;;
H5;122B;SI DAS UN PASO MAS, PODRAS OLVIDAR TODO LO QUE TE DUELE.;5;11;0x65AB;0x65D3;texto;si;;;;;;;;;;;;
H5;123B;ESAS PALABRAS SE REPETIAN UNA Y OTRA VEZ DENTRO DE MI CABEZA.;0;16;0x65DF;0x660D;texto;si;;;;;;;;;;;;
H5;124B;PUSE LAS MANOS EN EL MARCO DEL ESPEJO Y ME INCLINE HACIA ADELANTE.;0;16;0x660F;0x662F;texto;si;;;;;;;;;;;;
H5;125B;UNA VOZ TAN FUERTE QUE PARECIA QUE IBA A ROMPER EL VIDRIO DETUVO MI TREMULO CORAZON.;8;8;0x6631;0x667F;texto;si;;;;;;;;;;;;
H5;126B;AL VOLTEARME, VI A KAORU CORRIENDO HACIA MI CON DESESPERACION.;2;14;0x6681;0x66B2;texto;si;;;;;;;;;;;;
H5;127B;EN ESE MOMENTO, EN CONTRA DE MI VOLUNTAD, UNA EMOCION INTENSA SUBIO DESDE EL FONDO DE MI VIENTRE.;9;7;0x66B4;0x66EB;texto;si;;;;;;;;;;;;
H5;128B;NO VENGAS.........;5;11;0x66ED;0x66FD;texto;si;;;;;;;;;;;;
H5;129B;CONFUNDIDO POR MIS PALABRAS, KAORU SIGUIO CON SU SONRISA CARACTERISTICA Y SE ACERCO A MI LENTAMENTE.;8;8;0x6702;0x6737;texto;si;;;;;;;;;;;;
H5;130B;YA ESTOY HARTA, ODIO SER ASI!;3;13;0x6739;0x6772;texto;si;;;;;;;;;;;;
H5;131B;YOKO, LO ENTIENDO.;7;9;0x6774;0x678C;texto;si;;;;;;;;;;;;
H5;132B;NO ENTIENDES NADA!;0;16;0x679A;0x67C2;texto;si;;;;;;;;;;;;
H5;133B;ESCUPI MIS PALABRAS COMO SI QUISIERA BORRAR LAS SUYAS.;0;16;0x67C4;0x67ED;texto;si;;;;;;;;;;;;
H5;134B;ERA PORQUE, EN ESE MOMENTO, NO TENIA EL VALOR DE CREER SUS PALABRAS TAL COMO ERAN.;5;11;0x67EF;0x6815;texto;si;;;;;;;;;;;;
H5;135B;NO SOY FUERTE EN ABSOLUTO... NO SOY UNA ADULTA!;5;11;0x6817;0x6845;texto;si;;;;;;;;;;;;
H5;136B;SIN DARME CUENTA, GRUESAS LAGRIMAS CORRIAN POR MIS MEJILLAS Y CAIAN. NO PUEDO VIVIR SOLA!;0;16;0x6847;0x6894;texto;si;;;;;;;;;;;;
H5;137B;LOS GRITOS DE MI CORAZON QUE SALIAN UNO TRAS OTRO DE MI BOCA ME IBAN LIBERANDO DE LO QUE ME ATABA.;4;12;0x6896;0x68CD;texto;si;;;;;;;;;;;;
H5;138B;LOS GRITOS SIN VOZ DE MI CORAZON RESONABAN CONTRA EL VIDRIO FRIO.;10;6;0x68CF;0x6902;texto;si;;;;;;;;;;;;
H5;139B;SOLA... PERO ODIO ESTAR SOLA.;5;11;0x6904;0x692A;texto;si;;;;;;;;;;;;
H5;140B;TU LO ENTIENDES?;2;14;0x692F;0x6942;texto;si;;;;;;;;;;;;
H5;141B;YO, DEBIL Y A PUNTO DE SER APLASTADA POR LA ANSIEDAD, PARECIA UNA ADULTA... PERO ERA UNA NIÑA. TU PARECES UN NIÑO... PERO ERES UN ADULTO.;0;16;0x6944;0x69A1;texto;si;;;;;;;;;;;;
H5;142B;UN ESTILO DE VIDA FIEL A MI MISMA, ESO ES LO QUE ME HABIA REPETIDO A MI MISMA HASTA AHORA.;5;11;0x69A6;0x69CE;texto;si;;;;;;;;;;;;
H5;143B;DE VERDAD PODRAS ABRAZAR A ALGUIEN COMO YO?;3;13;0x69D0;0x69FC;texto;si;;;;;;;;;;;;
H5;144B;QUIERO SABERLO, PERO ME DA MIEDO PREGUNTAR... ME DA MIEDO DE VERDAD TERMINAR SOLA.;3;13;0x6A01;0x6A40;texto;si;;;;;;;;;;;;
H5;145B;DEJE QUE LOS SENTIMIENTOS QUE PARECIAN DESGARRARME CRECIERAN DENTRO DE MI CORAZON.;10;6;0x6A42;0x6A69;texto;si;;;;;;;;;;;;
H5;146B;POCO A POCO, UNA TRISTEZA DULCE SUBIA JUNTO CON LAS LAGRIMAS, Y MIS LABIOS TEMBLARON LEVEMENTE.;3;13;0x6A6B;0x6A95;texto;si;;;;;;;;;;;;
H5;147B;UNA VEZ MAS, MIRE AL FONDO DE LOS OJOS DE KAORU. PERO, TAL COMO ESTABA AHORA, NO HABIA FORMA DE QUE PUDIERA CONOCER SUS VERDADEROS SENTIMIENTOS.;3;13;0x6A97;0x6AF8;texto;si;;;;;;;;;;;;
H5;148B;VEN AQUI.;7;9;0x6AFA;0x6B0A;texto;si;;;;;;;;;;;;
H5;149B;EL OTRO KAORU DENTRO DEL ESPEJO MURMURO CON SUAVIDAD, COMO TRATANDO DE CALMARME.;10;6;0x6B0C;0x6B30;texto;si;;;;;;;;;;;;
H5;150B;ATRAIDA POR ESAS PALABRAS, PUSE UN PIE SOBRE EL MARCO DEL ESPEJO.;3;13;0x6B32;0x6B5C;texto;si;;;;;;;;;;;;
H5;151B;POR ALGUNA RAZON, COMO SI ALGO ME JALARA, ME DI VUELTA HACIA KAORU, QUE ME HABIA DETENIDO.;8;8;0x6B5E;0x6B98;texto;si;;;;;;;;;;;;
H5;152B;.........;6;10;0x6B9D;0x6BAE;texto;si;;;;;;;;;;;;
H5;153B;KAORU ME MOSTRO UNA EXPRESION SERIA. UNA MIRADA GRAVE QUE EL NUNCA SOLIA MOSTRAR.;7;9;0x6BB3;0x6BEA;texto;si;;;;;;;;;;;;
H5;154B;NO ES ALGO CARO, PERO...;2;14;0x6BEC;0x6C07;texto;si;;;;;;;;;;;;
H5;155B;KAORU METIO LA MANO EN EL BOLSILLO Y EXTENDIO SU PUÑO CERRADO FRENTE A MI. AL ABRIRLO POCO A POCO, UN ANILLO DE PLATA DESNUDO BRILLABA CON UNA LUZ TENUE.;2;14;0x6C09;0x6C72;texto;si;;;;;;;;;;;;
H5;156B;FELIZ CUMPLEAÑOS.;5;11;0x6C74;0x6C96;texto;si;;;;;;;;;;;;
H5;157B;MI TEMBLOR NO SE DETENIA... KAORU TOMO MI MANO Y LA CUBRIO SUAVEMENTE CON LA SUYA. LUEGO, CON DELICADEZA, ME PUSO EL ANILLO EN EL DEDO ANULAR DE LA MANO IZQUIERDA.;2;14;0x6C98;0x6D07;texto;si;;;;;;;;;;;;
H5;158B;QUE CALIDO.........;7;9;0x6D09;0x6D1E;texto;si;;;;;;;;;;;;
H5;159B;EL TIEMPO OSCURO Y LARGO QUE HABIA SENTIDO TAN DOLOROSO SE VOLVIO UN RECUERDO LEJANO. AHORA, RECORDANDO LA CALIDEZ EN LA QUE HABIA ESTADO DORMIDA, LA SENTIA LLENARME.;3;13;0x6D20;0x6D7A;texto;si;;;;;;;;;;;;
H5;160B;TU SI TE DISTE CUENTA DE COMO SOY REALMENTE.;10;6;0x6D7C;0x6DA2;texto;si;;;;;;;;;;;;
H5;161B;YA NO ESTOY SOLA, VERDAD...;3;13;0x6DA4;0x6DC8;texto;si;;;;;;;;;;;;
H5;162B;MIRE A KAORU CON OJOS TRANSPARENTES Y, CON UN SENTIMIENTO PURO COMO EL DE UNA NIÑA, DEJE MI CUERPO CAER EN SU PECHO.;7;9;0x6DCA;0x6E0D;texto;si;;;;;;;;;;;;
H5;163B;EN EL SIGUIENTE INSTANTE......... UNA GRAN GRIETA ATRAVESO EL ESPEJO.;3;13;0x6E0F;0x6E58;texto;si;;;;;;;;;;;;
H5;164B;SENTI UN DESTELLO CEGADOR COMO SI HUBIERAN DISPARADO UN FLASH, Y ANTE MIS OJOS SE EXTENDIA UN PASILLO Y UN TECHO DE MADERA QUE NO RECONOCIA.;0;16;0x6E5D;0x6F06;texto;si;;;;;;;;;;;;
H5;165B;AL VOLTEARME, EN EL ESPEJO DE MARCO DE MADERA, SE REFLEJABA EL EDIFICIO CONOCIDO DE NUESTRA ESCUELA.;8;8;0x6F08;0x6F3F;texto;si;;;;;;;;;;;;
H5;166B;DEL OTRO LADO DE ESE ESPEJO, LA OTRA YO ME MIRABA Y SE REIA.;2;14;0x6F41;0x6F6B;texto;si;;;;;;;;;;;;
H5;167B;AJAJAJAJA... POR FIN SOY LIBRE! QUEDATE EN MI LUGAR Y QUEMATE HASTA QUEDAR TODA NEGRA!;2;14;0x6F6D;0x6FD1;texto;si;;;;;;;;;;;;
H5;168B;LA YO DEL ESPEJO, POR UN INSTANTE, PARECIO UNA MOMIA, PERO LUEGO SE DERRITIO Y DESAPARECIO. EL ESPEJO QUE QUEDO SE CONVIRTIO EN UN ESPEJO CUALQUIERA QUE SOLO NOS REFLEJABA A NOSOTROS.;2;14;0x6FD3;0x7047;texto;si;;;;;;;;;;;;
H5;169B;KAORU LO TOCO PARA EXAMINARLO, PERO SEGUIA SIENDO UN ESPEJO COMUN Y FRIO, CON UNA GRIETA Y NADA MAS.;8;8;0x7049;0x7081;texto;si;;;;;;;;;;;;
H5;170B;YA NO PODEMOS VOLVER? MIRE A KAORU CON EXPRESION DE ANGUSTIA.;4;12;0x7090;0x70C8;texto;si;;;;;;;;;;;;
H5;171B;TENGO UN MAL PRESENTIMIENTO... DE TODAS FORMAS, TENEMOS QUE SALIR DE AQUI YA.;10;6;0x70CA;0x70F2;texto;si;;;;;;;;;;;;
H5;172B;AL DECIR ESO... KAORU ME TOMO DE LA MANO Y EMPEZO A CORRER POR EL PASILLO QUE CRUJIA.;2;14;0x70F4;0x7126;texto;si;;;;;;;;;;;;
H5;173B;UNA MANO GRANDE.........;7;9;0x712E;0x7143;texto;si;;;;;;;;;;;;
H5;174B;2.@@@1.@@@MIRA PENS@PENS@BA@@ E@@@@E@@@@HACI QUE@@QUE@@A@@@ QUER@ME@@@ARRI IA@@@ALEG@BA@@ QUED@RABA@EL@@ ARME@HABE@ROST PARA@RME@@RO@@ SIEM@ENCO@DE@@ PRE@@NTRA@KAOR A@@@@DO@@@U... SU@@@CON@@@@@@ LADO@KAOR@@@@@ @@@@@U@@@@@@@@;2;14;0x7145;0x7192;pregunta;si;4;1;4;1;4;0;1. PENSE QUE ME ALEGRABA HABERME ENCONTRADO CON KAORU;2. PENSE QUE QUERIA QUEDARME PARA SIEMPRE A SU LADO;MIRABA HACIA ARRIBA EL ROSTRO DE KAORU...;;;
H5;175B;QUIERO QUEDARME A SU LADO PARA SIEMPRE...;7;9;0x719C;0x7241;texto;si;;;;;;;;;;;;
H5;176B;LO PENSE DE TODO CORAZON. UNA MANO GRANDE. Y UNA ESPALDA ANCHA...;3;13;0x7243;0x727E;texto;si;;;;;;;;;;;;
H5;177B;ME DI CUENTA UNA VEZ MAS DE LA PRESENCIA DE KAORU.;12;4;0x7283;0x8135;texto;si;;;;;;;;;;;;
H5;178B;MURMURE EN UNA VOZ TAN BAJA QUE KAORU NO PUDIERA OIRLA. LO SIENTO... LA QUE NUNCA SE DIO CUENTA FUI YO...;0;16;0x8137;0x818E;texto;si;;;;;;;;;;;;
H5;179B;NO SE SI MI VOZ LLEGO A EL, PERO POR UN INSTANTE, ME PARECIO SENTIR UNA SONRISA EN LA COMISURA DE LOS LABIOS DE KAORU.;5;11;0x8190;0x81CF;texto;si;;;;;;;;;;;;
H5;180B;BAJAMOS CORRIENDO LAS ESCALERAS HASTA EL AMPLIO DESCANSO.;2;14;0x81D1;0x81F9;texto;si;;;;;;;;;;;;
H5;181B;DE REPENTE, UN CALOR INTENSO ME HIZO PERDER EL SENTIDO DE DIRECCION Y ME CUBRIO EL ROSTRO! ALLI, LLAMAS MAS ALTAS QUE UNA PERSONA, CREPITANDO Y ESPARCIENDO CHISPAS, BLOQUEABAN NUESTRO CAMINO.;2;14;0x81FB;0x8282;texto;si;;;;;;;;;;;;
H5;182B;EL FUEGO CORRIA POR EL TECHO Y EL SUELO DE MADERA TORNANDO EL LUGAR EN UN MAR DE FUEGO.;10;6;0x8284;0x82B8;texto;si;;;;;;;;;;;;
H5;183B;KAORU ME EMPUJO A UN LADO EN UN INSTANTE.;0;16;0x82BA;0x830F;texto;si;;;;;;;;;;;;
H5;184B;ENTRE LLAMAS Y HUMO QUE SE ELEVABAN, UNA TABLA DEL TECHO, CHAMUSCADA Y NEGRA, CAYO SOBRE MI CABEZA.;9;7;0x8317;0x836A;texto;si;;;;;;;;;;;;
H5;185B;LA TABLA QUE CAYO ME ROZO LA MEJILLA, Y POR UN PELO LOGRE ESCAPAR DEL DESASTRE.;5;11;0x836C;0x8393;texto;si;;;;;;;;;;;;
H5;186B;LAS LLAMAS GANARON AUN MAS FUERZA EXTENDIENDOSE HASTA LAS ESCALERAS Y UN PILAR DE FUEGO GIRABA COMO UN CICLON.;8;8;0x8395;0x83D6;texto;si;;;;;;;;;;;;
H5;187B;YOKO! NO ESTAS HERIDA? NO, ESTOY BIEN. Y TU, KAORU? EL SONRIO Y ASINTIO, Y SIGUIO HABLANDO.;0;16;0x83D8;0x8437;texto;si;;;;;;;;;;;;
H5;188B;CREO QUE SE DONDE ESTAMOS... PROBABLEMENTE... ES EL EDIFICIO VIEJO DE LA ESCUELA.;3;13;0x8439;0x848A;texto;si;;;;;;;;;;;;
H5;189B;EL EDIFICIO VIEJO?;7;9;0x84A4;0x84B0;texto;si;;;;;;;;;;;;
H5;190B;LO DESCUBRI HACE UN RATO INVESTIGANDO EN LA BIBLIOTECA... HACE MUCHO TIEMPO HUBO UN EDIFICIO VIEJO QUE SE QUEMO EN UN GRAN INCENDIO Y FUE DEMOLIDO.;2;14;0x84B2;0x8509;texto;si;;;;;;;;;;;;
H5;191B;AL OIR ESAS PALABRAS, RECORDE VAGAMENTE UNA HISTORIA QUE ME HABIA CONTADO MI DIFUNTA ABUELA.;9;7;0x850B;0x8543;texto;si;;;;;;;;;;;;
H5;192B;ERA LA HISTORIA DEL EDIFICIO DE MADERA DONDE MI PADRE ERA PROFESOR, QUE SE QUEMO EN UN INCENDIO SOSPECHOSO. AL PARECER, MI ABUELO, QUE ERA BOMBERO VOLUNTARIO, MURIO EN ESE INCENDIO.;2;14;0x8545;0x85AF;texto;si;;;;;;;;;;;;
H5;193B;QUE HACEMOS?;7;9;0x85B1;0x85C2;texto;si;;;;;;;;;;;;
H5;194B;KAORU SE QUEDO PENSANDO CON EL ROSTRO TENSO, PERO AL INSTANTE SIGUIENTE...;8;8;0x85C4;0x85EC;texto;si;;;;;;;;;;;;
H5;195B;POR AQUI. KAORU ME TOMO DE LA MANO Y VOLVIO A CORRER.;7;9;0x85F1;0x862B;texto;si;;;;;;;;;;;;
H5;196B;AL RATO, AL FONDO DEL PASILLO APARECIO UNA GRAN PUERTA CORREDIZA DE MADERA. AHI ESTA EL GIMNASIO DE ARTES MARCIALES. DESDE AHI PODREMOS SALIR.;2;14;0x862D;0x8691;texto;si;;;;;;;;;;;;
H5;197B;KAORU PUSO TODA SU FUERZA PARA ABRIR LA PUERTA, PERO, QUIZAS CERRADA CON LLAVE, NO SE MOVIA NI UN MILIMETRO.;5;11;0x8696;0x86E1;texto;si;;;;;;;;;;;;
H5;198B;YO TAMBIEN TOME LA MANILLA Y EMPUJE CON KAORU CON TODAS MIS FUERZAS.;10;6;0x86E3;0x8711;texto;si;;;;;;;;;;;;
H5;199B;PERO LAS LLAMAS, COMO BURLANDOSE DE NOSOTROS, LANZABAN CHISPAS A NUESTRA ESPALDA Y AMENAZABAN CON TRAGARNOS.;7;9;0x8713;0x876A;texto;si;;;;;;;;;;;;
H5;200B;MALDICION, NO ABRE!;7;9;0x876C;0x8787;texto;si;;;;;;;;;;;;
H5;201B;EL HUMO SUBIA POR LAS RENDIJAS DEL PISO COMO SI FUERA LA TAPA DEL INFIERNO.;10;6;0x8789;0x87BD;texto;si;;;;;;;;;;;;
H5;202B;EL FUEGO SE EXTENDIA HASTA EL PASILLO DETRAS DE NOSOTROS, Y LAS VENTANAS DEL AULA SE IBAN QUEBRANDO UNA TRAS OTRA POR EL CALOR.;2;14;0x87BF;0x881F;texto;si;;;;;;;;;;;;
H5;203B;LAS LLAMAS SE EXTENDIAN COMO UNA CORTINA ROJA VIVA, DEVORANDO COLUMNAS Y PAREDES, TRAGANDO AIRE Y GANANDO AUN MAS FUERZA.;7;9;0x8821;0x886F;texto;si;;;;;;;;;;;;
H5;204B;EL PASILLO QUEDO ENVUELTO EN UN CALOR FEROZ, COMO EL DE UN ALTO HORNO.;5;11;0x8871;0x88AC;texto;si;;;;;;;;;;;;
H5;205B;MIRE EL ANILLO QUE BRILLABA EN EL DEDO DE MI MANO IZQUIERDA. AL LEVANTAR LA VISTA, VI A KAORU LANZANDOSE DESESPERADAMENTE CONTRA LA PUERTA.;5;11;0x88AE;0x88FC;texto;si;;;;;;;;;;;;
H5;206B;EN LO MAS PROFUNDO DE MI PECHO, UNA PEQUEÑA LUZ DE ESPERANZA CRECIO CON FUERZA.;10;6;0x88FE;0x8923;texto;si;;;;;;;;;;;;
H5;207B;YO NO ME VOY A RENDIR JAMAS... JAMAS. PORQUE POR FIN EMPECE A ENCONTRAR MIS VERDADEROS SENTIMIENTOS.........;2;14;0x8925;0x8976;texto;si;;;;;;;;;;;;
H5;208B;ME UNI A KAORU Y EMPEZAMOS A EMBESTIR LA PUERTA DEL GIMNASIO DE ARTES MARCIALES.;10;6;0x897B;0x89B3;texto;si;;;;;;;;;;;;
H5;209B;POR FIN LOGRAMOS ROMPER LA PUERTA, Y CAIMOS RODANDO SOBRE EL PISO DEL GIMNASIO.;3;13;0x89B5;0x8A0C;texto;si;;;;;;;;;;;;
H5;210B;KAORU SE LEVANTO Y CORRIO DE INMEDIATO HACIA LA PUERTA DE SALIDA DE EMERGENCIA.;10;6;0x7287;0x72BF;texto;si;;;;;;;;;;;;
H5;211B;VAMOS POR AQUI. KAORU GIRO EL PICAPORTE.;2;14;0x72C1;0x72ED;texto;si;;;;;;;;;;;;
H5;212B;PERO LA PUERTA NO SE ABRIA. AL ASOMARNOS POR LA RENDIJA, VIMOS QUE HABIA UN CANDADO PUESTO DESDE AFUERA.;5;11;0x72EF;0x733B;texto;si;;;;;;;;;;;;
H5;213B;AGH!;7;9;0x733D;0x734E;texto;si;;;;;;;;;;;;
H5;214B;KAORU LE DIO UNA PATADA A LA PUERTA, PERO LA PLANCHA DE HIERRO SOLIDA NI SIQUIERA SE MOVIO.;10;6;0x7353;0x7380;texto;si;;;;;;;;;;;;
H5;215B;EL FUEGO YA HABIA LLEGADO HASTA LA ENTRADA DEL GIMNASIO, Y EL OLOR A TATAMI QUEMADO Y EL HUMO LLENABAN LA HABITACION.;2;14;0x7382;0x73D6;texto;si;;;;;;;;;;;;
H5;216B;COF. COF. COF.;1;15;0x73DF;0x73DF;texto;si;;;;;;;;;;;;
H5;217B;KAORU TOSIA MIENTRAS APOYABA AMBAS MANOS EN EL SUELO.;12;4;0x73EA;0x740B;texto;si;;;;;;;;;;;;
H5;218B;ALGUIEN! QUE ALGUIEN ME AYUDE, AYUDEEEE!;3;13;0x740D;0x740D;texto;si;;;;;;;;;;;;
H5;219B;EL SONIDO DE MIS GRITOS Y LOS GOLPES DESESPERADOS EN LA PUERTA RESONARON EN TODO EL EDIFICIO.;10;6;0x7412;0x7451;texto;si;;;;;;;;;;;;
H5;220B;ERES TU, MARIKO?;7;9;0x7459;0x746B;texto;si;;;;;;;;;;;;
H5;221B;UNA VOZ SE OYO DESDE AFUERA DE LA PUERTA.;12;4;0x7470;0x7484;texto;si;;;;;;;;;;;;
H5;222B;ESPERA! AHORA MISMO ROMPO EL CANDADO...;5;11;0x7486;0x74A9;texto;si;;;;;;;;;;;;
H5;223B;SE OYO UN SONIDO METALICO SORDO, Y LA PUERTA SE ABRIO.;12;4;0x74AB;0x74E1;texto;si;;;;;;;;;;;;
H5;224B;AFUERA HABIA UN ANCIANO DE PELO BLANCO QUE RECONOCIA, CON MEDIO ROSTRO CUBIERTO DE SANGRE.;9;7;0x74E3;0x752D;texto;si;;;;;;;;;;;;
H5;225B;MARIKO! TE ENCONTRE! DICIENDO ESO, EL ANCIANO CORRIO HACIA MI. YO ME PUSE RIGIDA Y LO EMPUJE CON AMBAS MANOS.;2;14;0x752F;0x7583;texto;si;;;;;;;;;;;;
H5;226B;EL ANCIANO PUSO UNA CARA COMO SI HUBIERA MORDIDO ALGO AMARGO, FRUNCIO EL ENTRECEJO Y ME MIRO FIJAMENTE.;8;8;0x7585;0x75BF;texto;si;;;;;;;;;;;;
H5;227B;NO ERES... MARIKO...?;3;13;0x75C1;0x75E5;texto;si;;;;;;;;;;;;
H5;228B;NO...... SOY YOKO.;5;11;0x75E7;0x7606;texto;si;;;;;;;;;;;;
H5;229B;CUANDO DIJE ESO, LOS HOMBROS DEL VIEJO SE HUNDIERON DE DECEPCION, Y SE ME AFERRO LLORANDO Y GIMIENDO COMO UN NIÑO.;7;9;0x7608;0x7649;texto;si;;;;;;;;;;;;
H5;230B;NO HAS VISTO... A MARIKO? MARIKO ESTA DENTRO DEL EDIFICIO DE LA ESCUELA!;7;9;0x764B;0x7680;texto;si;;;;;;;;;;;;
H5;231B;PUSE MI MANO SOBRE EL HOMBRO DEL ANCIANO QUE ESTABA AGACHADO. A LO LEJOS SE OIA EL SONIDO DE UNA CAMPANA DE ALARMA.;0;16;0x7682;0x76C7;texto;si;;;;;;;;;;;;
H5;232B;AL VER EL ANILLO QUE COLGABA DE MI CUELLO, EL ANCIANO ME APRETO LA MANO CON FUERZA Y, CON LAGRIMAS, EMPEZO A SUPLICAR.;7;9;0x76C9;0x7712;texto;si;;;;;;;;;;;;
H5;233B;PERDONAME, MARIKO..., PERDONAME. NO PUDE DECIRTE LA VERDAD...;7;9;0x7714;0x776E;texto;si;;;;;;;;;;;;
H5;234B;CUANDO HIROYUKI DIJO QUE SE LLEVARIA AL NIÑO Y TE DEJARIA... NO FUE PORQUE TUVIERA OTRA MUJER!;5;11;0x7770;0x77B6;texto;si;;;;;;;;;;;;
H5;235B;AL OIR ESE NOMBRE, NO PUDE OCULTAR MI SORPRESA.;2;14;0x77B8;0x77D8;texto;si;;;;;;;;;;;;
H5;236B;PORQUE HIROYUKI ERA, SIN LUGAR A DUDAS, EL NOMBRE DE MI PADRE.;10;6;0x77DA;0x77FD;texto;si;;;;;;;;;;;;
H5;237B;HIROYUKI TENIA CANCER. LE QUEDABAN SOLO DOS O TRES AÑOS DE VIDA, ASI QUE PREOCUPADO POR TU FUTURO...;2;14;0x77FF;0x7850;texto;si;;;;;;;;;;;;
H5;238B;EL ANCIANO REPITIO PERDONAME UNA Y OTRA VEZ, Y ROMPIO EN LLANTO.;10;6;0x7852;0x7879;texto;si;;;;;;;;;;;;
H5;239B;LA VERDAD SOBRE MI PROPIA VIDA, QUE HASTA AHORA HABIA QUERIDO SABER PERO NUNCA PUDE, POR FIN SE ACLARO.;2;14;0x787B;0x78BD;texto;si;;;;;;;;;;;;
H5;240B;SENTI UN SENTIMIENTO QUE CRECIA DESDE LO MAS PROFUNDO DE MI CORAZON. COMO AGUA DERRAMANDOSE SOBRE TIERRA SECA, LAS GRIETAS DENTRO DE MI SE IBAN CERRANDO.;4;12;0x78BF;0x7913;texto;si;;;;;;;;;;;;
H5;241B;JUSTO CUANDO CREI OIR UN GRAN TRUENO, EL ANILLO DE MI PADRE EMPEZO A BRILLAR, Y EL GRAN ESPEJO COMENZO A ONDULAR COMO EL AGUA.;7;9;0x7915;0x7973;texto;si;;;;;;;;;;;;
H5;242B;CUIDADO!;2;14;0x7975;0x7980;texto;si;;;;;;;;;;;;
H5;243B;GRITANDO ESO, EL ANCIANO NOS EMPUJO A KAORU Y A MI DENTRO DEL ESPEJO.;2;14;0x7982;0x79AC;texto;si;;;;;;;;;;;;
H5;244B;SIN TIEMPO PARA PENSAR, CAIMOS RODANDO HACIA LA OSCURIDAD DEL ESPEJO.;10;6;0x79B7;0xA494;texto;si;;;;;;;;;;;;
H5;245B;LAS LLAMAS QUEMARON EL TECHO DEL GIMNASIO, Y UNA MASA ROJINEGRA SE DESPLOMO SOBRE EL ANCIANO. EL ESPEJO, ENVUELTO EN LLAMAS, SE HIZO PEDAZOS... Y SE VOLVIO UNA OSCURIDAD SIN FIN.;2;14;0xA496;0xA539;texto;si;;;;;;;;;;;;
H5;246B;ABUELITO...;7;9;0xA53B;0xA54C;texto;si;;;;;;;;;;;;
H5;247B;EN MI CORAZON, LA TRISTEZA Y LA ALEGRIA SE ENTRELAZABAN, Y NACIA CON MAS FUERZA LA DECISION DE CREER EN MI MISMA Y VOLVER AL MUNDO ORIGINAL.;5;11;0xA54E;0xA5A8;texto;si;;;;;;;;;;;;
H5;248B;KAORU...;2;14;0xA5AA;0xA5B3;texto;si;;;;;;;;;;;;
H5;249B;EN LA OSCURIDAD TOTAL, KAORU YACIA BOCA ABAJO. LEVANTE SUS HOMBROS, PERO SU CABEZA COLGABA FLOJA COMO UN MUÑECO SIN HILOS.;3;13;0xA5B5;0xA618;texto;si;;;;;;;;;;;;
H5;250B;RAPIDAMENTE PEGUE EL OIDO A SU PECHO. ...... DEBIL, PERO PUDE SENTIR CLARAMENTE UN LATIDO.;3;13;0xA61A;0xA666;texto;si;;;;;;;;;;;;
H5;251B;.........;7;9;0xA66E;0xA67D;texto;si;;;;;;;;;;;;
H5;252B;AQUELLA ATRAPADA POR EL PASADO, AUN AHORA, NO PUEDE SER SALVADA.;3;13;0xA67F;0xA6BD;texto;si;;;;;;;;;;;;
H5;253B;AL VOLTEARME POR ESA VOZ SINIESTRA, HABIA UNA CHICA CON UNIFORME MARINERO PARADA FRENTE A UN MARCO CUADRADO.;5;11;0xA6BF;0xA6FD;texto;si;;;;;;;;;;;;
H5;254B;TE QUITARE LO QUE MAS TE IMPORTA.;7;9;0xA6FF;0xA726;texto;si;;;;;;;;;;;;
H5;255B;ME PUSE EN GUARDIA Y LE DEVOLVI LA MIRADA FRIA Y BRILLANTE DE LA CHICA.;5;11;0xA72B;0xA756;texto;si;;;;;;;;;;;;
H5;256B;TU ERES MARIKO, VERDAD.;5;11;0xA758;0xA76F;texto;si;;;;;;;;;;;;
H5;257B;AUNQUE ASI SEA, NO HAY NADA QUE TU PUEDAS HACER AL RESPECTO.;5;11;0xA771;0xA796;texto;si;;;;;;;;;;;;
H5;258B;ME CONTO EL ABUELO, SOBRE TI Y HIROYUKI...;5;11;0xA798;0xA7C3;texto;si;;;;;;;;;;;;
H5;259B;NO QUIERO OIR NADA SOBRE EL HOMBRE QUE ME ABANDONO!;3;13;0xA7C5;0xA816;texto;si;;;;;;;;;;;;
H5;260B;MARIKO SACUDIO SU CABELLO Y SU ROSTRO SE TRANSFORMO EN UNA EXPRESION DEMONIACA. TE HARE SENTIR LO MISMO QUE SENTI YO!;5;11;0xA818;0xA877;texto;si;;;;;;;;;;;;
H5;261B;MARIKO SE ABALANZO SOBRE KAORU COMO UNA BESTIA Y DE INMEDIATO EMPEZO A ESTRANGULARLO. POR REFLEJO, LEVANTE LA MANO Y LA DEJE CAER SIN PIEDAD SOBRE LA MEJILLA DE MARIKO.;3;13;0xA87C;0xA8EA;texto;si;;;;;;;;;;;;
H5;262B;MARIKO DIO UNA VUELTA Y CAYO CON FUERZA AL SUELO.;12;4;0xA8EC;0xA92C;texto;si;;;;;;;;;;;;
H5;263B;YO HE VIVIDO ARRASTRANDO TU PROPIO PASADO HASTA EL DIA DE HOY!;9;7;0xA934;0xA971;texto;si;;;;;;;;;;;;
H5;264B;APRENDI QUE CUANDO EL SUFRIMIENTO SE DUPLICA, SU PESO SE MULTIPLICA MUCHAS VECES MAS!;0;16;0xA973;0xA9A9;texto;si;;;;;;;;;;;;
H5;265B;CUANDO LE LANCE ESAS PALABRAS FIRMES, MARIKO SE LLEVO LA MANO A LA MEJILLA GOLPEADA Y LEVANTO LENTAMENTE EL ROSTRO.;8;8;0xA9AB;0xA9EB;texto;si;;;;;;;;;;;;
H5;266B;PERO, KAORU HIZO MAS LIGERO ESE PESO. INCLUSO AHORA, ASI ES... Y TAMBIEN DE AQUI EN ADELANTE.;7;9;0xA9ED;0xAA30;texto;si;;;;;;;;;;;;
H5;267B;POR ESO CREO.;5;11;0xAA32;0xAA4F;texto;si;;;;;;;;;;;;
H5;268B;MARIKO BAJO LA CABEZA Y RIO SACUDIENDO LOS HOMBROS. JEJEJE, EN QUE CREES, DICES... AL FINAL, A MI ME TRAICIONARON.;3;13;0xAA51;0xAAB2;texto;si;;;;;;;;;;;;
H5;269B;RESPONDI CON UNA ACTITUD FIRME Y DECIDIDA.;12;4;0x79BB;0x79D0;texto;si;;;;;;;;;;;;
H5;270B;RESPONDI CON UNA ACTITUD FIRME Y DECIDIDA. CREO EN TI MAMA...;5;11;0xAAD0;0xAAEE;texto;;;;;;;;;;;;;
H5;275E;LA EXPRESION DESAPARECIO DEL ROSTRO DE MARIKO. Y ENTONCES, LENTAMENTE, EXTENDIO AMBAS MANOS HACIA MI CUELLO.;2;14;0xAAFC;0xAB46;texto;;;;;;;;;;;;;
H5;29C;CUANDO VEO LA DULCE EXPRESION SUPLICANTE DE KAORU, NO PUEDO RESISTIRME A NADA.;10;6;0x051E;0x0542;texto;;;;;;;;;;;;;
H5;30C;CUANDO VEO LA DULCE EXPRESION SUPLICANTE DE KAORU, NO PUEDO RESISTIRME A NADA. MIS SENTIMIENTOS POR EL SON REALES. QUIERO COMPARTIR CON EL TAMBIEN MI PASADO.;4;12;0x0544;0x056D;texto;;;;;;;;;;;;;
H5;31C;PERO, ESTO ERA DIFERENTE.;7;9;0x056F;0x0583;texto;;;;;;;;;;;;;
H5;32C;MIS SENTIMIENTOS POR KAORU SON MUY IMPORTANTES PARA MI, PERO ESTE ANILLO, APARTE DE ESO, GUARDABA LOS SENTIMIENTOS DE MIS PADRES Y LOS MIOS HACIA ELLOS. ERA MUY PRECIADO.;3;13;0x0585;0x05EC;texto;;;;;;;;;;;;;
H5;33C;LO SIENTO... ESTO, SOLO ESTO, NO PUEDO. SE ME QUEBRO LA VOZ.;7;9;0x05EE;0x062D;texto;;;;;;;;;;;;;
H5;34C;AUNQUE NO ERA MI INTENCION, SENTI QUE LOS OJOS SE ME LLENABAN DE LAGRIMAS.;10;6;0x062F;0x0651;texto;;;;;;;;;;;;;
H5;35C;AH, CIERTO, ESTO ERA UN RECUERDO DE FAMILIA, VERDAD?... PERDON, YOKO. AH, NO TE PREOCUPES.;7;9;0x0653;0x06A2;texto;;;;;;;;;;;;;
H5;36C;AH, CIERTO, ESTO ERA UN RECUERDO DE FAMILIA, VERDAD?... PERDON, YOKO. AH, NO TE PREOCUPES. KAORU BAJO LA CABEZA, APENADO.;2;14;0x06A4;0x06BC;texto;;;;;;;;;;;;;
H5;37C;MIENTRAS LO MIRABA, REALMENTE DESEE QUE LLEGARA EL DIA EN QUE PUDIERA INTERCAMBIAR ESTE ANILLO SIN DUDAR.;7;9;0x06BE;0x06FF;texto;;;;;;;;;;;;;
H5;72C;ME INQUIETABA LA SONRISA DE LA CHICA REFLEJADA EN EL AGUA DE LA FUENTE.;10;6;0x10C5;0x13D8;texto;;;;;;;;;;;;;
H5;73C;ME INQUIETABA LA SONRISA DE LA CHICA REFLEJADA EN EL AGUA DE LA FUENTE. SENTIA QUE LA HABIA VISTO EN ALGUNA PARTE.;5;11;0x13DA;0x13EE;texto;;;;;;;;;;;;;
H5;74C;AY......;13;3;0x13F0;0x1406;texto;;;;;;;;;;;;;
H5;75C;AY...... UN LEVE DOLOR EN EL DEDO. AL MIRAR, VI SANGRE GOTEANDO DE LA PUNTA DE MI DEDO. PARECE QUE ME CORTE CON UN TROZO DEL JARRON DE ANTES.;2;14;0x1408;0x1458;texto;;;;;;;;;;;;;
H5;76C;EL ROSTRO DE KAORU CAMBIO. ME PIDIO QUE LE MOSTRARA Y CHUPO LA HERIDA CON SU BOCA.;10;6;0x145A;0x1484;texto;;;;;;;;;;;;;
H5;77C;KAORU CAMBIO DE EXPRESION Y ME EXIGIO QUE SE LO MOSTRARA, Y CHUPO LA HERIDA CON SUS PROPIOS LABIOS. SENTI UNA SENSACION DE EXTASIS INDESCRIPTIBLE.;5;11;0x1486;0x14A2;texto;;;;;;;;;;;;;
H5;78C;YA, YA ESTA BIEN. VOLVI EN MI, Y A DURAS PENAS PUDE DECIR SOLO ESO.;7;9;0x14A4;0x14D3;texto;;;;;;;;;;;;;
H5;79C;VE A LA ENFERMERIA A QUE TE ATIENDAN. YO ESPERARE EN LA BIBLIOTECA... KAORU DIJO ESO CON UNA SONRISA Y ENTRO A LA BIBLIOTECA.;2;14;0x14D5;0x153A;texto;;;;;;;;;;;;;
H5;80C;ME QUEDE PARADA UN RATO EN ESE LUGAR, Y LUEGO ME DIRIGI A LA ENFERMERIA.;5;11;0x153C;0x1562;texto;;;;;;;;;;;;;
H5;81C;MIENTRAS BAJABA LAS ESCALERAS, NO PODIA DEJAR DE PENSAR EN AQUELLA CHICA.;10;6;0x156A;0x159F;texto;;;;;;;;;;;;;
H5;82C;MIENTRAS BAJABA LAS ESCALERAS, NO PODIA DEJAR DE PENSAR EN AQUELLA CHICA. ME PREGUNTABA SI SOLO ESTABA CANSADA... PERO, PODIA VER CLARAMENTE LA FIGURA DE LA CHICA REFLEJADA EN EL AGUA.;2;14;0x15A1;0x15DA;texto;;;;;;;;;;;;;
H5;83C;SAQUE UNA CURITA DE MI BOLSO Y ME LA PUSE EN EL DEDO, Y SIN DARME CUENTA, TERMINE FRENTE A LA FUENTE.;7;9;0x15E9;0x1630;texto;;;;;;;;;;;;;
H5;84C;EN LA PENUMBRA DE LA TARDE, YA NO HABIA NADIE FRENTE A LA FUENTE.;10;6;0x1632;0x1657;texto;;;;;;;;;;;;;
H5;85C;EN LA PENUMBRA DE LA TARDE, YA NO HABIA NADIE FRENTE A LA FUENTE. ME ASOME SUAVEMENTE A MIRAR EL AGUA.;5;11;0x1659;0x1672;texto;;;;;;;;;;;;;
H5;86C;MIENTRAS OBSERVABA LA SUPERFICIE ONDULANTE DEL AGUA, SENTIA QUE ALGO CRECIA EN LO PROFUNDO DE MI CORAZON.;5;11;0x1674;0x16AD;texto;;;;;;;;;;;;;
H5;87C;AHORA, MI PROPIA FIGURA SE REFLEJABA EN EL AGUA.;12;4;0x16AF;0x16DA;texto;;;;;;;;;;;;;
H5;88C;AHORA, MI PROPIA FIGURA SE REFLEJABA EN EL AGUA. AUNQUE HABIA QUERIDO ESTAR CON KAORU AUNQUE FUERA UN RATO, AHORA ESTABA AQUI, COMPLETAMENTE SOLA.;4;12;0x16DC;0x1714;texto;;;;;;;;;;;;;
H5;89C;PERO, EXTRAÑAMENTE, NO SENTIA NINGUNA EMOCION ESPECIAL SURGIR. UNA CALMA, MAS TRANQUILA INCLUSO QUE LA SUPERFICIE DE ESTA FUENTE, SE EXTENDIA DENTRO DE MI.;2;14;0x1716;0x176F;texto;;;;;;;;;;;;;
H5;90C;DE VERDAD ESTA BIEN ASI?;7;9;0x1771;0x1791;texto;;;;;;;;;;;;;
H5;91C;ME SOBRESALTE POR UNA VOZ REPENTINA Y MIRE A MI ALREDEDOR CON CAUTELA. DE VERDAD ESTA BIEN ASI?;7;9;0x1793;0x17B3;texto;;;;;;;;;;;;;
H5;92C;ME SOBRESALTE POR UNA VOZ REPENTINA Y MIRE A MI ALREDEDOR CON CAUTELA. DE VERDAD ESTA BIEN ASI? PERO, AQUI NO HABIA NADIE MAS QUE YO.;0;16;0x17B5;0x17D7;texto;;;;;;;;;;;;;
H5;93C;QUIEN?;13;3;0x17D9;0x17DE;texto;;;;;;;;;;;;;
H5;94C;QUIEN? -PREGUNTE EN UN SUSURRO, PERO LO UNICO QUE OBTUVE COMO RESPUESTA FUE EL SONIDO DEL AGUA BROTANDO DE LA FUENTE. FUFUFU......;2;14;0x17E0;0x1834;texto;;;;;;;;;;;;;
H5;95C;COMO ROMPIENDO EL SILENCIO, SE ESCUCHABA UNA RISA DESDE ALGUN LUGAR.;10;6;0x1836;0x185D;texto;;;;;;;;;;;;;
H5;96C;COMO ROMPIENDO EL SILENCIO, SE ESCUCHABA UNA RISA DESDE ALGUN LUGAR. AL DARME CUENTA, LA DUEÑA DE ESA VOZ ERA MI PROPIO REFLEJO EN EL AGUA.;3;13;0x185F;0x188A;texto;;;;;;;;;;;;;
H5;97C;NO, TAL VEZ NO ERA YO. LA CHICA, VESTIDA CON UNIFORME MARINERO EN VEZ DE BLAZER, TENIA UNA SONRISA TENUE.;3;13;0x188C;0x18E7;texto;;;;;;;;;;;;;
H5;98C;Y LUEGO, SE QUEDO DE PIE COMO FLOTANDO SOBRE EL AGUA.;7;9;0x18E9;0x190F;texto;;;;;;;;;;;;;
H5;99C;SU ROSTRO ESTABA PALIDO COMO SI HUBIERA PERDIDO EL COLOR, IDENTICO AL MIO EN EL ESPEJO.;8;8;0x1911;0x1946;texto;;;;;;;;;;;;;
H5;100C;SU ROSTRO ESTABA PALIDO COMO SI HUBIERA PERDIDO EL COLOR, IDENTICO AL MIO EN EL ESPEJO. PORQUE NO SE PUEDE CONFIAR EN NADIE.;3;13;0x1948;0x1973;texto;;;;;;;;;;;;;
H5;101C;LA CHICA LEVANTO LA COMISURA DE SUS LABIOS PALIDOS, MOSTRANDO UNA SONRISA FRIA. NO PUDE OCULTAR MI SORPRESA, PERO SUS PALABRAS CON DOBLE SENTIDO ME INQUIETARON EXTRAÑAMENTE.;3;13;0x1975;0x19EA;texto;;;;;;;;;;;;;
H5;102C;QUE ES LO QUE QUIERES DECIR?;13;3;0x19EC;0x19FE;texto;;;;;;;;;;;;;
H5;103C;QUE ES LO QUE QUIERES DECIR? LA CHICA TOMO UN RESPIRO Y COMENZO A HABLAR CON UN TONO FRIO.;7;9;0x1A00;0x1A27;texto;;;;;;;;;;;;;
H5;104C;POR MUCHO QUE CONFIES EN LA GENTE, LOS HUMANOS SON CRIATURAS DEBILES QUE SIEMPRE TERMINAN TRAICIONANDO. INCLUSO KAORU, TU NOVIO, ES ASI.;5;11;0x1A29;0x1A6F;texto;;;;;;;;;;;;;
H5;105C;EN EL FONDO, LA GENTE SE QUIERE SOLO A SI MISMA, ASI QUE POR MUCHO QUE HAYAN AMADO A ALGUIEN, PUEDEN TRAICIONARLO POR PLACER, DINERO O PODER.;5;11;0x1A71;0x1AC6;texto;;;;;;;;;;;;;
H5;106C;EN EL FONDO, LA GENTE SE QUIERE MAS A SI MISMA QUE A NADIE, ASI QUE POR MUCHO QUE HAYAN AMADO A ALGUIEN, PUEDEN TRAICIONARLO SIN PROBLEMA POR PLACER, DINERO, ESTATUS O PODER. QUE QUIERES DECIR?;2;14;0x1AC8;0x1AD5;texto;;;;;;;;;;;;;
H5;107C;ME MOSTRE INUSUALMENTE ALTERADA POR SUS PALABRAS.;10;6;0x1AD7;0x1AF7;texto;;;;;;;;;;;;;
H5;108C;ME MOSTRE INUSUALMENTE ALTERADA POR SUS PALABRAS. DE VERDAD CONFIAS EN KAORU DE TODO CORAZON? EH!?;0;16;0x1AF9;0x1B2E;texto;;;;;;;;;;;;;
H5;109C;LA VERDAD SIEMPRE ESTA EN OTRO LUGAR, NO CREES?... YOKO.;10;6;0x1B39;0x1B67;texto;;;;;;;;;;;;;
H5;110C;LA VERDAD SIEMPRE ESTA EN OTRO LUGAR, NO CREES?... YOKO. COMO SABES MI NOMBRE... QUIEN ERES?;5;11;0x1B69;0x1B8F;texto;;;;;;;;;;;;;
H5;111C;SOY MARIKO, TU...;7;9;0x1B94;0x1BB0;texto;;;;;;;;;;;;;
H5;112C;AL DECIR ESO, MOSTRO EL DORSO DE SU MANO IZQUIERDA, DELGADA Y BLANCA.;7;9;0x1BB5;0x1C0E;texto;;;;;;;;;;;;;
H5;113C;AL DECIR ESO, MOSTRO EL DORSO DE SU MANO IZQUIERDA, DELGADA Y BLANCA. EN SU DEDO UN ANILLO BRILLABA CON UNA LUZ PARTICULAR. POR UN MOMENTO QUEDE ANONADADA.;3;13;0x1C10;0x1C27;texto;;;;;;;;;;;;;
H5;114C;EL ANILLO QUE BRILLABA EN SU DEDO SE VEIA COMO EL PAR DEL ANILLO DE COMPROMISO, EL RECUERDO DE MI PADRE.;9;7;0x1C29;0x1C6A;texto;;;;;;;;;;;;;
H5;115C;EL ANILLO QUE BRILLABA EN SU DEDO SE VEIA COMO EL PAR DEL ANILLO DE COMPROMISO, EL RECUERDO DE MI PADRE. NO PUEDE SER... TU ERES MI MADRE?;3;13;0x1C6C;0x1C8C;texto;;;;;;;;;;;;;
H5;116C;NEGUE, ESCUPIENDO LA DUDA QUE SURGIA EN MI.;10;6;0x1C91;0x1CB3;texto;;;;;;;;;;;;;
H5;117C;NEGUE, ESCUPIENDO LA DUDA QUE SURGIA EN MI. SI HUBIERAS SEGUIDO CAMINO A LA BIBLIOTECA... LA VERDAD SIEMPRE ESTA EN OTRO LUGAR...;0;16;0x1CB5;0x1CF3;texto;;;;;;;;;;;;;
H5;118C;AL DECIR ESO, ELLA SEÑALO EL AGUA. ENTONCES, OTRA ESCENA APARECIO REFLEJADA EN LA SUPERFICIE.;7;9;0x1CF5;0x1D39;texto;;;;;;;;;;;;;
H5;119C;PARECIA SER EL INTERIOR DE LA BIBLIOTECA. HAYASE Y OTRO HOMBRE QUE NO CONOCIA ESTABAN DE PIE. PARECIA QUE ESTABAN MIRANDO HACIA ABAJO A ALGUIEN.;0;16;0x1D41;0x1D9B;texto;;;;;;;;;;;;;
H5;120C;QUIEN...? UNA CHICA CON BLAZER, PARECIA ATADA. Y EL HOMBRE DESCONOCIDO LE DESABROCHABA LOS BOTONES DEL BLAZER, UNO POR UNO, CON BRUSQUEDAD.;3;13;0x1D9D;0x1E06;texto;;;;;;;;;;;;;
H5;121C;QUIEN...? UNA CHICA CON BLAZER, PARECIA ATADA. Y EL HOMBRE DESCONOCIDO LE DESABROCHABA LOS BOTONES DEL BLAZER, UNO POR UNO, CON BRUSQUEDAD. QUE ES ESTO...;0;16;0x1E08;0x1E20;texto;;;;;;;;;;;;;
H5;122C;Y ENTONCES ME DOY CUENTA...;13;3;0x1E22;0x1E2C;texto;;;;;;;;;;;;;
H5;123C;Y ENTONCES ME DOY CUENTA... QUE LA QUE ESTA ATADA SOY YO MISMA.;9;7;0x1E2E;0x1E4B;texto;;;;;;;;;;;;;
H5;124C;Y ENTONCES ME DOY CUENTA... QUE LA QUE ESTA ATADA SOY YO MISMA. SI, ESTA ES LA REALIDAD.;5;11;0x1E59;0x1E6A;texto;;;;;;;;;;;;;
H5;125C;AL DECIR ESO, VOLVIO A SEÑALAR EL AGUA, Y LA IMAGEN DESAPARECIO. CREES QUE PUEDO CREERME ALGO ASI DE REPENTE?;3;13;0x1E6C;0x1EC7;texto;;;;;;;;;;;;;
H5;126C;AL DECIR ESO, VOLVIO A SEÑALAR EL AGUA, Y LA IMAGEN DESAPARECIO. CREES QUE PUEDO CREERME ALGO ASI DE REPENTE? DIJE CON DUREZA.;2;14;0x1EC9;0x1ED7;texto;;;;;;;;;;;;;
H5;127C;ES DEMASIADO IRREAL. ESO QUERRIA DECIR QUE KAORU LOS AYUDO...;10;6;0x1ED9;0x1F02;texto;;;;;;;;;;;;;
H5;128C;ES DEMASIADO IRREAL. ESO QUERRIA DECIR QUE KAORU LOS AYUDO... ASI ES.;7;9;0x1F0D;0x1F18;texto;;;;;;;;;;;;;
H5;129C;ES DEMASIADO IRREAL. ESO QUERRIA DECIR QUE KAORU LOS AYUDO... ASI ES. ELLA ASINTIO COMO SI HUBIERA LEIDO MI CORAZON.;2;14;0x1F1D;0x1F3D;texto;;;;;;;;;;;;;
H5;130C;ESO NO PUEDE SER.;13;3;0x1F3F;0x1F4A;texto;;;;;;;;;;;;;
H5;131C;ESO NO PUEDE SER. EN SERIO? ME PREGUNTO SI DE VERDAD NECESITABA TRABAJAR TANTO, AL PUNTO DE NO PODER VERTE, SOLO PARA COMPRARTE ESE ANILLO DE REGALO.;2;14;0x1F4C;0x1FA5;texto;;;;;;;;;;;;;
H5;132C;DIVERSOS SENTIMIENTOS SE ARREMOLINABAN Y CHOCABAN DENTRO DE MI...... Y SI EL NO TE HA CONTADO TODO? ELLA DEJO LA FRASE FLOTANDO CON UN TONO SIGNIFICATIVO.;0;16;0x1FA7;0x2016;texto;;;;;;;;;;;;;
H5;133C;NO PODIA QUEDARME QUIETA. PERO, TAMBIEN SENTIA QUE QUERIA SEGUIR ESCUCHANDO SU HISTORIA TAL COMO ESTABA. ELLA SIGUIO HABLANDO.;3;13;0x2018;0x3819;texto;;;;;;;;;;;;;
H5;134C;EN EL FONDO, LAS PERSONAS ESTAN SOLAS...... PUEDES CONFIAR, E INCLUSO CONFIAR MUTUAMENTE... PERO AL FINAL, ESTAS SOLA.;7;9;0x381B;0xB7D2;texto;;;;;;;;;;;;;
H5;135C;EN EL FONDO, LAS PERSONAS ESTAN SOLAS...... PUEDES CONFIAR, E INCLUSO CONFIAR MUTUAMENTE... PERO AL FINAL, ESTAS SOLA. DECIDIR Y ACTUAR, AL FINAL, SOLO PUEDES HACERLO TU MISMA.;0;16;0xB7D4;0xB800;texto;;;;;;;;;;;;;
H5;136C;NO OLVIDES ESO...;13;3;0xB802;0xB80E;texto;;;;;;;;;;;;;
H5;137C;NO OLVIDES ESO... MI MADRE, MARIKO, DIJO ESO Y VOLVIO A HUNDIRSE EN EL AGUA.;7;9;0xB810;0xB83C;texto;;;;;;;;;;;;;
H5;138C;NO OLVIDES ESO... MI MADRE, MARIKO, DIJO ESO Y VOLVIO A HUNDIRSE EN EL AGUA. Y MI PROPIO REFLEJO EN EL AGUA TAMBIEN VOLVIO A VESTIR EL BLAZER.;0;16;0xB83E;0xB86D;texto;;;;;;;;;;;;;
H5;139C;QUE ES LO QUE MI MADRE QUERIA DECIRME? QUE PUEDO HACER YO AHORA? MIRE HACIA ATRAS A QUIEN HABIA SIDO HASTA AHORA, Y LLEGUE A UNA CONCLUSION.;0;16;0xB86F;0xCA12;texto;;;;;;;;;;;;;
H5;140C;LO UNICO QUE PUEDO HACER AHORA ES ENFRENTAR Y DISCERNIR LA REALIDAD.;10;6;0xCA14;0xCA36;texto;;;;;;;;;;;;;
H5;141C;LO UNICO QUE PUEDO HACER AHORA ES ENFRENTAR Y DISCERNIR LA REALIDAD. LO UNICO QUE PUEDO HACER AHORA ES ESTO...;5;11;0xCA38;0xCA51;texto;;;;;;;;;;;;;
H5;142C;ESPERARE... ESTOY ESPERANDO A KAORU.;5;11;0x304A;0x306C;texto;;;;;;;;;;;;;
H5;143C;ESPERARE... ESTOY ESPERANDO A KAORU. RESPONDI COMO SI MURMURARA.;0;16;0x306E;0x3083;texto;;;;;;;;;;;;;
H5;144C;LO UNICO QUE PODIA HACER ERA CREER EN KAORU Y ESPERAR.;5;11;0x3085;0x30A6;texto;;;;;;;;;;;;;
H5;145C;YA VEO...;10;6;0x30A8;0x30B3;texto;;;;;;;;;;;;;
H5;146C;YA VEO... MI MADRE, MARIKO, LO DIJO CON TRISTEZA, Y CERRE LOS OJOS.;4;12;0x30B5;0x30E2;texto;;;;;;;;;;;;;
H5;147C;ADIOS, MAMA.;13;3;0x30E4;0x30F6;texto;;;;;;;;;;;;;
H5;148C;Y CUANDO ABRI LOS OJOS DE NUEVO, SU FIGURA YA NO ESTABA.;10;6;0x30F8;0x311C;texto;;;;;;;;;;;;;
H5;149C;Y CUANDO ABRI LOS OJOS DE NUEVO, SU FIGURA YA NO ESTABA. EMPECE A CAMINAR, Y ESPERE A KAORU FRENTE A LA PUERTA DE LA ESCUELA.;5;11;0x311E;0x3146;texto;;;;;;;;;;;;;
H5;150C;CUANTO TIEMPO HABRA PASADO, ME PREGUNTO. KAORU APARECIO CON LA CARA LLENA DE HERIDAS.;7;9;0x3148;0x318F;texto;;;;;;;;;;;;;
H5;151C;ANTE MI HABIA ALGUIEN TAN QUERIDO QUE SENTIA QUE PODRIA DEDICARLE TODA MI VIDA.;5;11;0x3191;0x31C2;texto;;;;;;;;;;;;;
H5;152C;......KAORU. UNA PERSONA PROACTIVA, CONFIABLE Y AMABLE.;2;14;0x31C4;0x31ED;texto;;;;;;;;;;;;;
H5;153C;KAORU SE ACERCO CON PASOS INESTABLES. SUS OJOS FRIOS ME MIRARON FIJAMENTE. ESTO TAMBIEN ERA REALIDAD, PENSE, Y ME MORDI EL LABIO.;2;14;0x31F2;0x3250;texto;;;;;;;;;;;;;
H5;154C;LAS PALABRAS DE KAORU, ALGO QUE NI SIQUIERA HABIA IMAGINADO: NO ME HABLES MAS.;0;16;0x3252;0x328B;texto;;;;;;;;;;;;;
H5;155C;NO PUDE NI SIQUIERA LEVANTAR LA VOZ, Y SOLO PUDE QUEDARME PARADA AHI.;5;11;0x328D;0x32B6;texto;;;;;;;;;;;;;
H5;156C;ANTE LA VOZ ANGUSTIADA DE KAORU, SE ME LLENARON LOS OJOS DE LAGRIMAS. SI TE QUEDAS CONMIGO, NO ESTA BIEN.;0;16;0x32BE;0x32F7;texto;;;;;;;;;;;;;
H5;157C;PERO, KAORU SE FUE SIN VER ESAS LAGRIMAS, CRUZANDO LA PUERTA DE LA ESCUELA.;2;14;0x32F9;0x3324;texto;;;;;;;;;;;;;
H5;158C;PERO, KAORU SE FUE SIN VER ESAS LAGRIMAS, CRUZANDO LA PUERTA DE LA ESCUELA. AUN ASI... LO VI ALEJARSE.;2;14;0x3326;0x3341;texto;;;;;;;;;;;;;
H5;159C;NO SE QUE PASO. PERO, PERO CREO EN TI.;7;9;0x3343;0x3376;texto;;;;;;;;;;;;;
H5;160C;NO SE QUE PASO, PERO CREO EN TI. PENSE QUE OJALA HUBIERA PODIDO DECIRLO ASI, PERO ALGUN DIA PODRE DECIRSELO. ESO ES LO QUE CREI.;7;9;0x3378;0x33AE;texto;;;;;;;;;;;;;
H5;5X;YA TE VAS A CASA? SI ES ASI... VAMOS JUNTOS.;7;9;0x01BD;0x0334;texto;;;;;;;;;;;;;
H5;6X;YA TE VAS A CASA? SI ES ASI... VAMOS JUNTOS. ARMANDOME DE VALOR, PUSE MIS SENTIMIENTOS EN PALABRAS.;2;14;0x0336;0x0357;texto;;;;;;;;;;;;;
H5;7X;A TRAVES DEL FLEQUILLO QUE LE CAIA SOBRE LOS OJOS, KAORU SE ACERCO LENTAMENTE A MI Y ACERCO SU ROSTRO AL MIO.;8;8;0x0360;0x0397;texto;;;;;;;;;;;;;
H5;28X;AL VER LA DULCE EXPRESION SUPLICANTE DE KAORU, NO PUEDO RESISTIRME A NADA.;10;6;0x03A5;0x03C7;texto;;;;;;;;;;;;;
H5;54X;HAYASE ESTA DECIDIDO A DESCUBRIR LA VERDADERA IDENTIDAD DEL FANTASMA, Y ME DIJO QUE LE AYUDARA A INVESTIGAR EN LA BIBLIOTECA. NO PUEDE SER?;4;12;0x0B77;0x7C21;texto;;;;;;;;;;;;;
H5;55X;SI NO TE MOLESTA, ECHAMOS UN VISTAZO A LA BIBLIOTECA JUNTOS?;8;8;0x7C23;0x7C4D;texto;;;;;;;;;;;;;
H5;56X;SI NO TE MOLESTA, ECHAMOS UN VISTAZO A LA BIBLIOTECA JUNTOS? U-UN... SI.;2;14;0x7C4F;0x7C63;texto;;;;;;;;;;;;;
H5;57X;NO PUDE RESPONDER CON SINCERIDAD.;7;9;0x7C65;0x7C7F;texto;;;;;;;;;;;;;
H5;58X;HASTA AHORA, HABIA ESTADO CONTANDO LOS DIAS UNO A UNO.;12;4;0x7C81;0x7CA5;texto;;;;;;;;;;;;;
H5;59X;HASTA AHORA, HABIA ESTADO CONTANDO LOS DIAS UNO A UNO. MI CORAZON ESTABA LLENO DEL DESEO DE PASAR AUNQUE SEA UN POCO MAS DE TIEMPO A SOLAS CON EL.;4;12;0x7CA7;0x7CDA;texto;;;;;;;;;;;;;
H5;60X;ESE SENTIMIENTO SE ARREMOLINABA DENTRO DE MI, Y ENSOMBRECIA MI EXPRESION.;10;6;0x7CDC;0x7CFE;texto;;;;;;;;;;;;;
H5;61X;SI NO QUIERES, NO TE FUERCES...;12;4;0x7D00;0x7D19;texto;;;;;;;;;;;;;
H5;62X;SI NO QUIERES, NO TE FUERCES... N-NO, NO ES QUE ME DISGUSTE, PERO...;2;14;0x7D1B;0x7D3F;texto;;;;;;;;;;;;;
H5;63X;2.@@1.@@@ANTE SI.@HOY@@SUS@ ..@@QUIE@PALA NO@@RO@@@BRAS ES@@PASA@SIEM QUE@RLO@@PRE@ ME@@SOLO@TAN@ DIS@S@@@@DIRE GUS@LOS@@CTAS TE@@DOS@@,@@@ @@@@@@@@@YO.. @@@@@@@@@.@@@;3;13;0x7D44;0x7D99;pregunta;;3;1;4;1;4;0;1. HOY QUIERO PASARLO SOLOS LOS DOS;2. SI... NO ES QUE ME DISGUSTE;ANTE SUS PALABRAS SIEMPRE TAN DIRECTAS, YO...;;;
H5;64X;ABRI MI CORAZON Y LE CONTE LO QUE SENTIA.;12;4;0x0C04;0x0C19;texto;;;;;;;;;;;;;
H5;65X;ABRI MI CORAZON Y LE CONTE LO QUE SENTIA. ULTIMAMENTE NO HEMOS TENIDO LA OPORTUNIDAD DE ESTAR A SOLAS LOS DOS. POR ESO...;5;11;0x0C1B;0x0C54;texto;;;;;;;;;;;;;
H5;66X;PERO, POR QUE ME QUEDABA SIN PALABRAS? ME SENTI UN POCO TRISTE.;7;9;0x0C59;0x0C8E;texto;;;;;;;;;;;;;
H5;67X;EL TAMPOCO SE ESPERABA QUE YO DIJERA ALGO ASI, Y ME MOSTRO UNA RARA EXPRESION DE DESCONCIERTO.;7;9;0x0C90;0x0CC8;texto;;;;;;;;;;;;;
H5;68X;ENTIENDO... TIENES RAZON. PERO LE DIJE A HAYASE QUE IRIA A VERLO, ASI QUE SOLO UN RATO, SI?;5;11;0x0CCA;0x0D1D;texto;;;;;;;;;;;;;
H5;69X;SI ME LO DICE ASI, NO PUEDO NEGARME...;12;4;0x0D1F;0x0D31;texto;;;;;;;;;;;;;
H5;70X;SI ME LO DICE ASI, NO PUEDO NEGARME... NO ME QUEDO MAS REMEDIO QUE ASENTIR A SUS PALABRAS.;7;9;0x0D33;0x0D50;texto;;;;;;;;;;;;;
H5;71X;AL FIN Y AL CABO, EL MISMO ESTABA INTERESADO EN LAS HISTORIAS DE FANTASMAS, ASI QUE ERA NATURAL.;9;7;0x0D5A;0x0D8C;texto;;;;;;;;;;;;;
H5;215X;CONFIO EN MI MISMA!!;7;9;0x2781;0x2791;texto;;;;;;;;;;;;;
H5;225X;...CONFIO EN TI.;0;16;0x295E;0x2987;texto;;;;;;;;;;;;;
H6;1;EL DUEÑO DE LA MANSION FINALMENTE SUPO QUE LA PERSONA QUE ESPERABA HABIA LLEGADO.;10;6;0x013E;0x015C;texto;;;;;;;;;;;;;
H6;2;EL DUEÑO DE LA MANSION FINALMENTE SUPO QUE A QUIEN ESPERABA YA HABIA LLEGADO. CUANTO TIEMPO HABRA PASADO DESDE ENTONCES.;7;9;0x015E;0x0175;texto;;;;;;;;;;;;;
H6;3;EL DUEÑO SE ACERCO AL ESTANTE DE CAOBA Y SACO UN LIBRO.;10;6;0x0177;0x01AB;texto;;;;;;;;;;;;;
H6;4;LA PORTADA ERA DE CUERO, CON CARACTERES DESCONOCIDOS ESCRITOS EN ELLA. NI SIQUIERA EL DUEÑO SABIA SU SIGNIFICADO. LO PUSO SOBRE EL ATRIL.;5;11;0x01B3;0x0201;texto;;;;;;;;;;;;;
H6;5;JUSTO CUANDO ESTABA POR ABRIR LA PORTADA...., EL DUEÑO DUDO. TENIA DERECHO A HACER ESTO? PERO ESE PENSAMIENTO SOLO CRUZO SU MENTE POR UN INSTANTE.;2;14;0x0203;0x026A;texto;;;;;;;;;;;;;
H6;6;EL DUEÑO ABRIO EL LIBRO.;7;9;0x026C;0x0282;texto;;;;;;;;;;;;;
H6;7;BAJABA POR EL SENDERO, PERO SIN DARME CUENTA ME ENCONTRE VAGANDO POR UN CAMINO DE MONTAÑA DESCONOCIDO. PRONTO IBA A ANOCHECER.;5;11;0x028A;0x02DC;texto;;;;;;;;;;;;;
H6;8;AL MIRAR ARRIBA, LOS ARBOLES FRONDOSOS TAPABAN EL CIELO, QUE YA DEBIA ESTAR ROJIZO. PRONTO BAJARIA LA TEMPERATURA.;5;11;0x02DE;0x0323;texto;;;;;;;;;;;;;
H6;9;DETRAS DE MI NO HABIA NADA MAS QUE ARBOLES. APRESURE EL PASO SIN RUMBO.;7;9;0x0325;0x0359;texto;;;;;;;;;;;;;
H6;10;PERO, EN ESTA OSCURIDAD, VOLVER AL CAMINO PRINCIPAL SERIA DIFICIL. NO TENDRIA MAS OPCION QUE PASAR AQUI LA NOCHE... PENSANDO EN ESO, ESCUCHE UN GRUÑIDO A LO LEJOS.;3;13;0x0361;0x03BB;texto;;;;;;;;;;;;;
H6;11;UN PERRO SALVAJE O ALGO ASI. SI IBA A HUIR, DEBIA HACERLO CUANTO ANTES. PERO, HACIA DONDE? AL FORZAR LA VISTA, DIVISE A LO LEJOS LO QUE PARECIA SER UNA LUZ ARTIFICIAL.;4;12;0x03C3;0x041F;texto;;;;;;;;;;;;;
H6;12;ECHE A CORRER SIN PARAR HACIA AQUELLA LUZ.;10;6;0x0427;0x0446;texto;;;;;;;;;;;;;
H6;13;TRAS UN RATO, LLEGUE A AQUELLA MANSION. ERA UNA MAGNIFICA CASA ANTIGUA ESTILO OCCIDENTAL, LA HIEDRA TREPABA POR SUS MUROS.;8;8;0x044E;0x04A4;texto;;;;;;;;;;;;;
H6;14;NO SE SENTIA PRESENCIA HUMANA, PERO LA ENTRADA TENIA LA LUZ ENCENDIDA. ABRI LA PESADA PUERTA DE LA MANSION.;7;9;0x04AC;0x04E4;texto;;;;;;;;;;;;;
H6;15;AL ABRIR LA PUERTA, UN PASILLO SE EXTENDIA. COMO NO PARECIA HABER NADA MAS QUE VER, DECIDI AVANZAR POR EL PASILLO. AL POCO RATO, VI UNA PUERTA AL FONDO.;3;13;0x04F9;0x05A6;texto;;;;;;;;;;;;;
H6;16;ERA UNA PUERTA DE ACERO DE ASPECTO MUY PESADO. ME DIRIGI HACIA ELLA, PERO A MITAD DE CAMINO DETUVE MIS PASOS.;7;9;0x05A8;0x05E6;texto;;;;;;;;;;;;;
H6;17;A MIS PIES, UNA PEQUEÑA FIGURA ME BLOQUEABA EL PASO. AL MIRAR BIEN, VI QUE ERA UNA MUÑECA.;8;8;0x05EE;0x0632;texto;;;;;;;;;;;;;
H6;18;LA MUÑECA SE PARABA ANTE MI COMO DICIENDO QUE NO ME DEJARIA AVANZAR MAS. NO, EN REALIDAD ESTA MUÑECA REALMENTE ME IMPEDIA EL PASO.;5;11;0x0634;0x0687;texto;;;;;;;;;;;;;
H6;19;CUANDO INTENTABA IR POR LA IZQUIERDA, LA MUÑECA TAMBIEN SE MOVIA A LA IZQUIERDA. SI ME MOVIA A LA DERECHA, ELLA TAMBIEN LO HACIA. NO SABIA COMO LO HACIA.;5;11;0x068F;0x06E6;texto;;;;;;;;;;;;;
H6;20;ESQUIVE A LA MUÑECA Y, EN EL INSTANTE EN QUE DI UN PASO AL FRENTE, ELLA MOSTRO SUS COLMILLOS...;9;7;0x06E8;0x0739;texto;;;;;;;;;;;;;
H6;21;2.@@1.@CON@@ DET@AB@ESOS@ ENE@RI@OJOS@ RME@R@@QUE@@ @@@@LA@NO@@@ @@@@PU@PAREC @@@@ER@EN@@@ @@@@TA@FALSO @@@@@@@S,@@@ @@@@@@@ME@@@ @@@@@@@MIRA@ @@@@@@@FIJAM @@@@@@@ENTE@;3;12;0x073B;0x0781;pregunta;;3;1;2;1;5;0;1. ABRIR LA PUERTA;2. DETENERME;CON ESOS OJOS QUE NO PARECEN FALSOS, ME MIRA FIJAMENTE;;;
H6;22;SIN IMPORTARME, TOQUE EL PICAPORTE DE LA PUERTA. POR UN INSTANTE, UN RAYO ILUMINO LA HABITACION DE BLANCO.;8;8;0x078B;0x0BF1;texto;;;;;;;;;;;;;
H6;23;EL VELLO DE MI CUERPO SE ERIZO. AL VOLVER EN MI, LA MUÑECA ESTABA TIRADA, CHAMUSCADA.;10;6;0x0BF3;0x0C1D;texto;;;;;;;;;;;;;
H6;24;DEBIO RECIBIR EL IMPACTO DIRECTO DEL RAYO. QUIZAS... SE SACRIFICO EN MI LUGAR......;7;9;0x0C1F;0x0C5A;texto;;;;;;;;;;;;;
H6;25;SOLTE LA MANO DEL PICAPORTE. PENSE EN HUIR, PERO LA PUERTA SE ABRIO LENTAMENTE, COMO DANDOME LA BIENVENIDA. NO SE POR QUE, PERO ME SENTI ATRAIDO Y CRUCE LA PUERTA.;0;16;0x0C5C;0x0CD1;texto;;;;;;;;;;;;;
H6;26;AL ABRIR LA PUERTA, VARIOS CUERVOS ALZARON EL VUELO JUSTO FRENTE A MIS OJOS.;10;6;0x0CD9;0x111C;texto;;;;;;;;;;;;;
H6;27;SERIA UN PATIO INTERIOR? NO PARECIA HABER NADA QUE SE PARECIERA A UN TECHO.;10;6;0x1124;0x1151;texto;;;;;;;;;;;;;
H6;28;CERCA DEL CENTRO DE LA SALA SE ALZABAN VARIAS COLUMNAS DE MADERA, APENAS ILUMINADAS POR LA LUZ QUE CAIA DEL CIELO GRIS.;7;9;0x1153;0x119E;texto;;;;;;;;;;;;;
H6;29;OYE. DE REPENTE, ALGUIEN ME LLAMO Y DI UN SALTO.;7;9;0x11A0;0x11DD;texto;;;;;;;;;;;;;
H6;30;AL MIRAR HACIA DONDE VENIA LA VOZ, VI A UN HOMBRE ATADO DE LOS PIES, COLGADO BOCA ABAJO DESDE UNA COLUMNA.;8;8;0x11DF;0x1217;texto;;;;;;;;;;;;;
H6;31;ESE ROSTRO SE PARECIA MUCHISIMO AL DE UN AMIGO MIO. NO, NO ERA SOLO UN PARECIDO EN EL ROSTRO. HASTA EL TONO DE VOZ Y LOS GESTOS ERAN IDENTICOS A LOS DE MI AMIGO.;5;11;0x1219;0x1263;texto;;;;;;;;;;;;;
H6;32;OYE, ERES TU, NO? AYUDAME! ASI ME VOY A MORIR. FUE SOLO UN MOMENTO DE DEBILIDAD. POR FAVOR, DESATA ESTA CUERDA. SOMOS AMIGOS, NO?;2;14;0x1265;0x12C5;texto;;;;;;;;;;;;;
H6;33;PARECE QUE EL HOMBRE COMETIO ALGUN CRIMEN Y POR ESO LO TENIAN ASI.;9;7;0x12C7;0x12F2;texto;;;;;;;;;;;;;
H6;34;2.@@1.@@SERA@@@ NO@@AYU@REALMEN AYU@DAR@TE@@@@@ DAR@LO@@MI@@@@@ LO@@@@@@AMIGO?@ @@@@@@@@POR@@@@ @@@@@@@@QUE@@@@ @@@@@@@@ESTARIA @@@@@@@@EN@@@@@ @@@@@@@@UN@@@@@ @@@@@@@@LUGAR@@ @@@@@@@@ASI@@@@;1;15;0x12F4;0x159F;pregunta;;3;1;3;1;7;0;1. AYUDARLO;2. NO AYUDARLO;SERA REALMENTE MI AMIGO? POR QUE ESTARIA EN UN LUGAR ASI;;;
H6;35;DESATE LA CUERDA DE ESE HOMBRE Y LO BAJE CON CUIDADO AL SUELO. MI AMIGO, MIENTRAS SE FROTABA LOS PIES, ME AGRADECIO.;7;9;0x15A9;0x46C8;texto;;;;;;;;;;;;;
H6;36;LE PREGUNTE QUE DEMONIOS HABIA PASADO PARA QUE TERMINARA ASI.;8;8;0x46D0;0x4705;texto;;;;;;;;;;;;;
H6;37;BUENO, NO TE ALTERES TANTO... JEJEJE;12;4;0x4707;0x471C;texto;;;;;;;;;;;;;
H6;38;MI AMIGO ESBOZO UNA SONRISA. EN ESE MISMO INSTANTE, MI VISTA SE OSCURECIO Y, AL DARME CUENTA, ESTABA TIRADO EN EL SUELO.;7;9;0x471E;0x4784;texto;;;;;;;;;;;;;
H6;39;LA CABEZA ME PALPITABA DE DOLOR. AL ALZAR LA VISTA, VI A MI AMIGO CON UN PALO DE MADERA EN LA MANO. QUE IDIOTA ERES, DIJO MIENTRAS SEGUIA BLANDIENDO EL PALO.;5;11;0x478C;0x47ED;texto;;;;;;;;;;;;;
H6;40;EN ESE MOMENTO, EL SONIDO DE ALAS BATIENDO SE ESCUCHO Y LOS CUERVOS DE ANTES SE ABALANZARON SOBRE MI AMIGO. EL HOMBRE SOLTO UN GRITO DE DOLOR.;3;13;0x47EF;0x484F;texto;;;;;;;;;;;;;
H6;41;HUI DE ESE LUGAR COMO PUDE, DESESPERADO. ENCONTRE UNA PUERTA ENSEGUIDA.;10;6;0x4851;0x487A;texto;;;;;;;;;;;;;
H6;42;EN LA ESQUINA DE LA HABITACION HABIA UNA CAMA LUJOSA. LAS SABANAS ESTABAN PERFECTAMENTE TENDIDAS, COMO UNA CAMA QUE USARIA UNA DAMA NOBLE O ALGUIEN DE UN RANGO SIMILAR.;2;14;0x178E;0x181E;texto;;;;;;;;;;;;;
H6;43;AL ACERCARME, VI JUNTO A LA ALMOHADA UN SUERO COLGANDO, ALGO QUE NO ENCAJABA PARA NADA CON EL AMBIENTE DE ESTE LUGAR.;7;9;0x1820;0x185D;texto;;;;;;;;;;;;;
H6;44;ADEMAS, EN LA PEQUEÑA MESA A UN LADO HABIA UNA BANDEJA CON MI COMIDA FAVORITA.;8;8;0x185F;0x18A0;texto;;;;;;;;;;;;;
H6;45;2.@@1.@PAREC EST@ME@E@@@@ A@@@ES@QUE@@ ESP@TA@ALGUI ERA@ES@EN@@@ NDO@PE@HIZO@ A@@@RA@LOS@@ ALG@ND@PREPA UIE@O@@RATIV N@@@A@@OS,@@ @@@@MI@COMO@ @@@@@@@ESPER @@@@@@@ANDO@ @@@@@@@A@@@@ @@@@@@@ALGUI @@@@@@@EN@@@;3;12;0x18A2;0x4AD7;pregunta;;3;1;2;1;5;0;1. ME ESTA ESPERANDO A MI;2. ESTA ESPERANDO A ALGUIEN;PARECE QUE ALGUIEN HIZO LOS PREPARATIVOS, COMO ESPERANDO A ALGUIEN;;;
H6;46;SERA QUE ME ESTA ESPERANDO A MI? SI SE HA PREPARADO TODO ESTO, LO ACEPTARE SIN MAS.;7;9;0x4AE1;0x4EAA;texto;;;;;;;;;;;;;
H6;47;CASI RESIGNADO, ME SENTE EN LA CAMA Y ESTIRE LA MANO HACIA LOS PALILLOS DE LA BANDEJA.;9;7;0x4EAC;0x4EEE;texto;;;;;;;;;;;;;
H6;48;...! LAS PUNTAS DE LOS PALILLOS ESTABAN MOJADAS. LA COMIDA TAMBIEN TENIA MARCAS DE HABER SIDO TOCADA CON LOS PALILLOS. AHORA QUE LO PIENSO, EL SUERO TAMBIEN HABIA BAJADO A LA MITAD. ME PUSE DE PIE.;2;14;0x4EF0;0x4F6E;texto;;;;;;;;;;;;;
H6;49;EN ESE INSTANTE, SENTI UNA TENUE TIBIEZA EN LA MANO. ESTA CAMA NO HABIA SIDO PREPARADA PARA MI. ESTA CAMA HABIA SIDO USADA POR ALGUIEN MAS.;3;13;0x4F70;0x4FDA;texto;;;;;;;;;;;;;
H6;50;INTENTE SALIR DE LA HABITACION Y DEJE LOS PALILLOS DE VUELTA COMO SI LOS ARROJARA. CON UN CLIC, LOS PALILLOS DE MADERA HICIERON UN SONIDO COMO DE PLASTICO.;5;11;0x4FE8;0x503A;texto;;;;;;;;;;;;;
H6;51;DESDE DONDE ESTABA SENTADO NO SE VEIA, PERO JUNTO A LA BANDEJA HABIA ESCONDIDA UNA JERINGA USADA. ESTA VEZ SI SALI HUYENDO DE LA HABITACION.;5;11;0x503C;0x50A0;texto;;;;;;;;;;;;;
H6;52;NO QUIERO TERMINAR ASI. ESE PENSAMIENTO CRUZO MI MENTE POR UN INSTANTE.;10;6;0x50AE;0x50CB;texto;;;;;;;;;;;;;
H6;53;AL CRUZAR LA PUERTA, ME ENCONTRE CON UN YERMO QUE SE EXTENDIA ANTE MI. NO, ERA DEMASIADO DESOLADO PARA LLAMARLO SIQUIERA UN YERMO. ERA UNA TIERRA DE MUERTE QUE SE EXTENDIA SIN FIN.;2;14;0x1D8A;0x239D;texto;;;;;;;;;;;;;
H6;54;HABIA UNA LUNA EN EL CIELO. PERO LA LUNA QUE SE ALZABA DESDE EL HORIZONTE ERA DISTINTA A LA QUE YO CONOCIA. EN SU CENTRO HABIA UN ENORME CRATER.;3;13;0x239F;0x23F8;texto;;;;;;;;;;;;;
H6;55;AL VOLTEAR, VI UN SOL GIGANTESCO HUNDIENDOSE, LLENANDO TODO EL HORIZONTE.;10;6;0x23FA;0x2431;texto;;;;;;;;;;;;;
H6;56;2.@@@1.@@ESTO@@@ MEJ@@BUS@ES...@@ OR@@@CAR@UN@@@@@ NO@@@ALG@FUTURO@ MOV@@O@@@LEJANO@ ERM@@@@@@DONDE@@ E@@@@@@@@LA@@@@@ MUC@@@@@@TIERRA@ HO@@@@@@@HA@@@@@ @@@@@@@@@MUERTO. @@@@@@@@@DONDE@@ @@@@@@@@@NO@@@@@ @@@@@@@@@EXISTE@ @@@@@@@@@NADA@@@;0;16;0x2433;0x24A7;pregunta;;3;2;3;1;7;0;1. BUSCAR ALGO;2. MEJOR NO MOVERME MUCHO;ESTO ES... UN FUTURO LEJANO DONDE LA TIERRA HA MUERTO. DONDE NO EXISTE NADA;;;
H6;57;NO GANABA NADA QUEDANDOME AQUI...... SI HUBIERA ALGUN RASTRO DE PERSONAS. EMPECE A CAMINAR HACIA EL ENORME ATARDECER.;5;11;0x24B1;0x2766;texto;;;;;;;;;;;;;
H6;58;AUNQUE ME DOLIAN LOS PIES, SEGUI CAMINANDO. A PESAR DEL CANSANCIO, POCO A POCO LA TEMPERATURA IBA BAJANDO. PORQUE EL SOL SE ESTABA PONIENDO.;5;11;0x276E;0x27B0;texto;;;;;;;;;;;;;
H6;59;NO ME CONGELARIA SI SEGUIA ASI? AUN ASI, CAMINE CON DESESPERACION. PERSIGUIENDO AL SOL, PUES NO HABIA NINGUN LUGAR DONDE ESCONDERSE.;3;13;0x27B2;0x2802;texto;;;;;;;;;;;;;
H6;60;......................................................................;2;14;0x2804;0x282D;texto;;;;;;;;;;;;;
H6;61;POCO A POCO...... EL SOL SE OCULTO POR COMPLETO. EL VIENTO ERA FRIO, COMO HIELO. ME DEJE CAER AL SUELO. IBA A MORIR AQUI MISMO, ASI?;3;13;0x282F;0x2890;texto;;;;;;;;;;;;;
H6;62;......................................................................;2;14;0x2892;0x28B4;texto;;;;;;;;;;;;;
H6;63;EN EL HORIZONTE, POR PRIMERA VEZ APARECIO UNA SOMBRA. ERA UNA PUERTA HACIA LO SIGUIENTE. AL PARECER, PODRIA SEGUIR ADELANTE.;5;11;0x28B6;0x28F6;texto;;;;;;;;;;;;;
H6;64;DENTRO DE LA HABITACION, UN ANCIANO DEMACRADO ESTABA SENTADO EN UNA SILLA, DORMITANDO. EN EL MOMENTO EN QUE INTENTE HABLARLE, EL DIO UN SALTO DE SORPRESA.;3;13;0x28FF;0x8644;texto;;;;;;;;;;;;;
H6;65;UN INVITADO!? P-POR AQUI, EL AMO LO ESTA ESPERANDO. SALIO DE LA HABITACION, ME TOMO DE LA MANO Y AVANZO POR EL PASILLO. SU FUERZA ERA SORPRENDENTE PARA SU ASPECTO DEMACRADO.;0;16;0x8646;0x86D0;texto;;;;;;;;;;;;;
H6;66;ESTA ES LA HABITACION. ME LLEVARON A UNA HABITACION DE BUEN GUSTO. ESPERE AQUI, EL AMO VENDRA ENSEGUIDA.;5;11;0x86D2;0x8739;texto;;;;;;;;;;;;;
H6;67;EL ME HIZO SENTAR EN EL SOFA, SIRVIO TE NEGRO EN UNA TAZA, HIZO UNA REVERENCIA Y SALIO DE LA HABITACION.;8;8;0x873B;0x8776;texto;;;;;;;;;;;;;
H6;68;AL QUEDARME SOLO, TOME UN SORBO DE TE Y OBSERVE EL INTERIOR DE LA HABITACION.;10;6;0x8778;0x87A7;texto;;;;;;;;;;;;;
H6;69;ERA UN POCO SENCILLA, PERO ACOGEDORA. ME HIZO PENSAR QUE ME GUSTARIA TENER MI PROPIA HABITACION ASI. TENIA ESE TIPO DE AMBIENTE.;5;11;0x87A9;0x87F9;texto;;;;;;;;;;;;;
H6;70;AL POCO RATO SE ESCUCHO UN TOQUE EN LA PUERTA. ADELANTE... RESPONDI POR REFLEJO. LA PUERTA SE ABRIO.;7;9;0x87FB;0x883F;texto;;;;;;;;;;;;;
H6;71;LA QUE ENTRO FUE UNA MUJER JOVEN CON TODO EL ASPECTO DE UNA DAMA DISTINGUIDA. VAYA, ASI QUE EL AMO ERA UNA MUJER......;7;9;0x8847;0x8893;texto;;;;;;;;;;;;;
H6;72;2.@@1.@@LA@@@@@ NO@@YO@@MUJER@@ SOY@SOY@ME@@@@@ EL@@EL@@MIRO@@@ AMO@AMO@FIJAMEN @@@@@@@@TE@@@@@ @@@@@@@@Y@@@@@@ @@@@@@@@DIJO:@@ @@@@@@@@USTED@@ @@@@@@@@ES@@@@@ @@@@@@@@EL@@@@@ @@@@@@@@AMO@@@@ @@@@@@@@DE@@@@@ @@@@@@@@ESTA@@@ @@@@@@@@MANSION @@@@@@@@?@@@@@@;1;15;0x8895;0x88EB;pregunta;;3;1;3;1;7;0;1. YO SOY EL AMO;2. NO SOY EL AMO;LA MUJER ME MIRO FIJAMENTE Y DIJO: USTED ES EL AMO DE ESTA MANSION?;;;
H6;73;SOY YO EL AMO, RESPONDI. LA MUJER FRENTE A MI AUN ASI SIGUIO HACIENDOME PREGUNTAS.;7;9;0x88F5;0x8937;texto;;;;;;;;;;;;;
H6;74;2.@@1.@@DIGA EL@@UNA@ME,@ INT@MAN@POR@ ERI@SIO@FAVO OR@@N@@@R.@@ DEL@MIS@QUE@ COR@TER@ES@@ AZO@IOS@EXAC N@@@A@@@TAME @@@@@@@@NTE@ @@@@@@@@ESTA @@@@@@@@MANS @@@@@@@@ION?;3;12;0x8939;0x8983;pregunta;;3;1;3;1;4;0;1. UNA MANSION MISTERIOSA;2. EL INTERIOR DEL CORAZON;DIGAME, POR FAVOR. QUE ES EXACTAMENTE ESTA MANSION?;;;
H6;75;ELLA NO SE QUEDO CONFORME CON ESA RESPUESTA. ESTA MANSION DEBE TENER ALGUN SIGNIFICADO. DIGAMELO, POR FAVOR. A ESA PREGUNTA, NO PUDE RESPONDER.;2;14;0x898D;0x8C6C;texto;;;;;;;;;;;;;
H6;88I;TAL COMO PENSABA... PARECIA QUE MI RESPUESTA LA HABIA CONVENCIDO.;10;6;0x8D97;0x8DBA;texto;;;;;;;;;;;;;
H6;89I;ENTONCES USTED TAMBIEN ES PARTE DE MI, NO ES ASI? TAL VEZ SEA CIERTO. SI ESTA MANSION FUERA ELLA MISMA, SERIA YO TAMBIEN PARTE DE SU IMAGINACION?;2;14;0x8DC4;0x8E29;texto;;;;;;;;;;;;;
H6;90I;VOY A SALIR DE DENTRO DE MI MISMA. NO ME SIGA JAMAS. FUERON PALABRAS FIRMES. Y ASI, ABRIO LA PUERTA Y SE FUE.;4;12;0x8E3B;0x8E94;texto;;;;;;;;;;;;;
H6;91I;PASO UN POCO DE TIEMPO. CUANDO SALI DE LA HABITACION, YA NO HABIA RASTRO DE ELLA.;8;8;0x8EA5;0x8EDE;texto;;;;;;;;;;;;;
H6;76;LA MUJER EMPEZO A HABLAR EN VOZ BAJA. ESTE LUGAR ES IGUAL AL MUNDO QUE IMAGINABA DE NIÑA. POR QUE EXISTE UNA MANSION ASI? POR QUE ESTOY AQUI?;2;14;0x8C6E;0x8CD9;texto;;;;;;;;;;;;;
H6;77;SILENCIO. ESO FUE TODO LO QUE SE ME PERMITIO. AL POCO RATO, ELLA SALIO DE LA HABITACION CON AIRE ABATIDO.;7;9;0x8CDB;0x8D2B;texto;;;;;;;;;;;;;
H6;78;NO HABIA FORMA DE QUE YO PUDIERA RESPONDER. ESTOY EN LA MISMA POSICION QUE ELLA, DESPUES DE TODO. ABRI LA PUERTA Y ENTRE A LA SIGUIENTE HABITACION.;5;11;0x8D33;0x8D89;texto;;;;;;;;;;;;;
H6;79;AVANZABA POR EL PASILLO. BANG! DE REPENTE, UN SONIDO COMO DE ALGO GOLPEANDO RESONO EN EL PASILLO.;7;9;0x2A9E;0x2DE5;texto;;;;;;;;;;;;;
H6;80;BANG! ES ESA PUERTA. PARECE QUE ALGUIEN LA ESTA GOLPEANDO DESDE ADENTRO.;8;8;0x2DE7;0x2E22;texto;;;;;;;;;;;;;
H6;81;BANG! CUANDO INTENTE ACERCARME A LA PUERTA, SE ESCUCHO UNA VOZ DEBIL DESDE ALGUN LUGAR. AGUCE EL OIDO PARA ESCUCHAR.;5;11;0x2E24;0x2E68;texto;;;;;;;;;;;;;
H6;82;ALGUIEN...... ERA LA VOZ DE UNA MUJER PIDIENDO AYUDA. ERA UNA VOZ TAN DEBIL QUE NO SABIA DE DONDE VENIA.;5;11;0x2E6A;0x2EBE;texto;;;;;;;;;;;;;
H6;83;2.@@1.@@SERA@@@ BUS@ABR@QUE@@@@ CAR@IR@@VIENE@@ MAS@LA@@DE@@@@@ ALL@PUE@DENTRO@ A@@@RTA@DE@@@@@ DEL@@@@@ESTA@@@ PAS@@@@@HABITAC ILL@@@@@ION,@@@ O@@@@@@@O@@@@@@ @@@@@@@@DE@@@@@ @@@@@@@@ALGUN@@ @@@@@@@@LUGAR@@ @@@@@@@@LEJANO@;1;15;0x2EC0;0x316E;pregunta;;3;1;3;1;7;0;1. ABRIR LA PUERTA;2. BUSCAR MAS ALLA DEL PASILLO;SERA QUE VIENE DE DENTRO DE ESTA HABITACION, O DE ALGUN LUGAR LEJANO;;;
H6;84;PUSE LA MANO EN EL PICAPORTE PARA INTENTAR ABRIR LA PUERTA. ......NO SE ABRE. POR MAS QUE EMPUJARA O TIRARA, LA PUERTA NO SE ABRIA.;5;11;0x3178;0x74D5;texto;;;;;;;;;;;;;
H6;85;ESTARA CERRADA CON LLAVE? QUIZAS POR ESO NO SE ABRE DESDE ADENTRO Y POR ESO ESTAN GOLPEANDO LA PUERTA.;9;7;0x74DD;0x750D;texto;;;;;;;;;;;;;
H6;86;ESTO ES TODO LO QUE PUEDO HACER...... BANG! BANG! BANG! BANG!;9;7;0x750F;0x754E;texto;;;;;;;;;;;;;
H6;87;LA PUERTA FUE GOLPEADA CON MAS FUERZA. DE REPENTE, EL SONIDO SE DETUVO. ME DI LA VUELTA. BANG! BANG! BANG! BANG!;5;11;0x7559;0x75B0;texto;;;;;;;;;;;;;
H6;88;EL SONIDO DE ALGUIEN GOLPEANDO LA PUERTA RESONO DE NUEVO. NO HABIA NADA QUE YO PUDIERA HACER. SALI CORRIENDO COMO HUYENDO.;7;9;0x75BB;0x7609;texto;;;;;;;;;;;;;
H6;89;CRUCE LA PUERTA Y APARECI EN EL SIGUIENTE LUGAR. ESTABA AFUERA DE LA MANSION.;10;6;0x760B;0x772F;texto;;;;;;;;;;;;;
H6;90;YA HABIA CAIDO LA NOCHE POR COMPLETO, PERO ERA MUCHO MEJOR QUE ESTAR ADENTRO. NO HABIA RASTRO DE PERROS SALVAJES. A CORRER. NO ME QUEDABA MAS QUE CORRER. ECHE A CORRER EN LA OSCURIDAD.;2;14;0x7737;0x7796;texto;;;;;;;;;;;;;
H6;91;DEBERIA PODER SALIR DE ESTO. AL MIRAR EL CIELO, ENTRE LAS RAMAS FRONDOSAS DE LOS ARBOLES, VI UNA ESTRELLA Y ME SENTI ALIVIADO.;7;9;0x779E;0x77DD;texto;;;;;;;;;;;;;
H6;92;TROPECE CON LAS RAICES DE UN ARBOL, ME ENGANCHE CON UNA RAMA, MI PIEL SE DESGARRO Y SANGRE. PERO AUN ASI SEGUI CORRIENDO.;7;9;0x77DF;0x7826;texto;;;;;;;;;;;;;
H6;93;MIENTRAS CORRIA, DIVISE UNA LUZ ARTIFICIAL MAS ALLA DE LOS ARBOLES Y SONREI, PERO ESA SONRISA PRONTO SE CONVIRTIO EN DESESPERACION.;5;11;0x782E;0x7884;texto;;;;;;;;;;;;;
H6;94;2.@@1.@@HAB VOL@COR@IA@ VER@RER@VUE A@@@UNA@LTO ENT@VEZ@FRE RAR@MAS@NTE A@@@@@@@A@@ LA@@@@@@LA@ MAN@@@@@MAN SIO@@@@@SIO N@@@@@@@N@@;5;11;0x788C;0x78DA;pregunta;;3;1;3;1;3;0;1. CORRER UNA VEZ MAS;2. VOLVER A ENTRAR A LA MANSION;HABIA VUELTO FRENTE A LA MANSION;;;
H6;95;ESO NO PUEDE SER, DEBERIA PODER ESCAPAR. VOLVI A CORRER HACIA LA OSCURIDAD.;7;9;0x78E4;0x792F;texto;;;;;;;;;;;;;
H6;96;QUIZAS LA MAÑANA NUNCA LLEGUE, PENSE MIENTRAS CORRIA.;10;6;0x7931;0x795B;texto;;;;;;;;;;;;;
H6;106;OBSERVANDO LA FIGURA DEL INVITADO, EL AMO DE LA MANSION DEJO ESCAPAR UN SUSPIRO.;10;6;0x99EC;0x9A11;texto;;;;;;;;;;;;;
H6;107;LE HABRA DISGUSTADO ESE INVITADO A EL, O LE HABRA AGRADADO......;8;8;0x9A13;0x9A41;texto;;;;;;;;;;;;;
H6;108;DE CUALQUIER FORMA, EL AMO PASARIA UNA VEZ MAS MUCHOS AÑOS EN ESTA MANSION. HASTA QUE APARECIERA UN NUEVO INVITADO. Y HABIA ALGO QUE EL DEBIA HACER.;2;14;0x9A43;0x9AA0;texto;;;;;;;;;;;;;
H6;109;EL AMO TOMO LA PLUMA Y ESCRIBIO UNA NUEVA Y ESPECIAL LINEA EN AQUEL LIBRO. ESE ERA EL TRABAJO DEL AMO.;7;9;0x9AA2;0x9AE5;texto;;;;;;;;;;;;;
H6;110;Y ENTONCES, EL AMO DEVOLVIO LENTAMENTE EL LIBRO AL ESTANTE.;7;9;0x9AE7;0x9B0E;texto;;;;;;;;;;;;;
H6;22B;ME DI POR VENCIDO Y DI UN PASO ATRAS. EN ESE INSTANTE, LA EXPRESION DE LA MUÑECA VOLVIO A LA NORMALIDAD.;8;8;0x078B;0x0D13;texto;;;;;;;;;;;;;
H6;23B;INCLUSO ESTA MUÑECA, CON SU PEQUEÑO CUERPO, DEBE TENER ALGO QUE QUIERE PROTEGER. ME DI POR VENCIDO CON LA PUERTA Y TRATE DE BUSCAR OTRA SALIDA.;5;11;0x0D1B;0x0D62;texto;;;;;;;;;;;;;
H6;24B;ENTONCES, LA PUERTA SE ABRIO, INVITANDOME A ENTRAR.;12;4;0x0D64;0x0D84;texto;;;;;;;;;;;;;
H6;25B;LA MUÑECA SE DIO VUELTA Y LEVANTO LA MANO COMO SI NO PUDIERA CREERLO.;10;6;0x0D92;0x0DBE;texto;;;;;;;;;;;;;
H6;26B;COMPARE LA PUERTA ABIERTA Y POR LA QUE HABIA ENTRADO. DESDE LA PUERTA POR LA QUE HABIA ENTRADO SE FILTRABA UNA LUZ INQUIETANTE.;7;9;0x0DC0;0x0E04;texto;;;;;;;;;;;;;
H6;27B;ENTONCES LA MUÑECA, COMO SI NO TUVIERA MAS OPCION, MOVIO LA MANO Y ME GUIO A LA SIGUIENTE SALA.;9;7;0x0E0C;0x0E42;texto;;;;;;;;;;;;;
H6;37B;ABANDONE A ESE HOMBRE Y ME ALEJE DE ALLI. NO HAY FORMA DE QUE MI AMIGO ESTE EN UN LUGAR ASI.;7;9;0x15A9;0x48C0;texto;;;;;;;;;;;;;
H6;38B;ESPERA! NO TE VAYAS! EL HOMBRE SUPLICABA DESESPERADAMENTE, PERO NO LE HICE CASO.;7;9;0x48C2;0x48FE;texto;;;;;;;;;;;;;
H6;39B;ESPERA! NO HACE FALTA QUE ME AYUDES. ANTES QUE SEGUIR SUFRIENDO ASI, PREFIERO... PALABRAS ATERRADORAS CAYERON SOBRE MI ESPALDA.;5;11;0x4900;0x4953;texto;;;;;;;;;;;;;
H6;40B;EL HOMBRE ME MIRO FIJAMENTE Y DIJO EN VOZ BAJA: ASI ES, SI VOY A MORIR EN MANOS DE TI, MI AMIGO, ESO ES LO QUE DE VERDAD QUIERO, Y DIRIGIO LA MIRADA HACIA MIS PIES.;4;12;0x4955;0x49BC;texto;;;;;;;;;;;;;
H6;41B;SEGUI SU MIRADA Y VI QUE ALLI HABIA UNA HOJA AFILADA TIRADA EN EL SUELO.;10;6;0x49BE;0x49F1;texto;;;;;;;;;;;;;
H6;42B;2.@1.@@TAL@@ NO@TER@VEZ@@ HA@MIN@DARLE RE@AR@@EL@@@ ES@CON@GOLPE O@@EL@@DE@@@ @@@@@@@GRACI @@@@@@@A@@@@ @@@@@@@SEA@@ @@@@@@@LO@@@ @@@@@@@MAS@@ @@@@@@@MISER @@@@@@@ICORD @@@@@@@IOSO. @@@@@@@..@@@;3;12;0x49F9;0x4A3F;pregunta;;2;1;3;1;5;0;1. TERMINAR CON EL;2. NO HARE ESO;TAL VEZ DARLE EL GOLPE DE GRACIA SEA LO MAS MISERICORDIOSO...;;;
H6;43B;IGNORE AL HOMBRE Y SEGUI ADELANTE TAL COMO ESTABA.;10;6;0x4A49;0xA2BB;texto;;;;;;;;;;;;;
H6;44B;TRAIDOR! ACUERDATE DE ESTO, CUANDO SALGA DE AQUI IRE A BUSCARTE! BAJO LOS INSULTOS DEL HOMBRE, EXPLORE EL PATIO Y ENCONTRE LA SALIDA ENSEGUIDA.;3;13;0xA2C3;0xA327;texto;;;;;;;;;;;;;
H6;49B;NO TENGO MAYORES PREOCUPACIONES DE SALUD. AGRADECIDO POR ESO, ME ACERQUE A LA CAMA.;8;8;0x4AE1;0x5114;texto;;;;;;;;;;;;;
H6;50B;A PRIMERA VISTA... LA COMIDA QUE PARECIA LUJOSA ESTABA RESECA POR COMPLETO. SOBRE LA CAMA SE HABIA ACUMULADO POLVO. EN ESTAS ULTIMAS SEMANAS, NO, MESES, NO HABIA RASTRO DE QUE SE HUBIERA USADO.;2;14;0x511C;0x5194;texto;;;;;;;;;;;;;
H6;51B;A DONDE HABRA IDO LA PERSONA QUE SE SUPONE ESTABA RECUPERANDOSE AQUI? Y LA PERSONA QUE SE SUPONE LA CUIDABA......;7;9;0x519C;0x51D5;texto;;;;;;;;;;;;;
H6;52B;SALI DE LA HABITACION APRESURADAMENTE.;13;3;0x51DE;0x51F9;texto;;;;;;;;;;;;;
H6;57B;ME SENTE ALLI MISMO. LUEGO, PUSE EL OIDO CONTRA LA TIERRA, ESPERANDO ESCUCHAR ALGO.;7;9;0x24B1;0x2952;texto;;;;;;;;;;;;;
H6;58B;...........................................................;4;12;0x2954;0x2974;texto;;;;;;;;;;;;;
H6;59B;GOGOGOGO... EL SONIDO DE ALGO QUE SUBIA. QUE ES ESTO... EN EL INSTANTE EN QUE PENSE ESO, LA TIERRA SE PARTIO, BROTO AGUA Y SE FUE EXTENDIENDO.;5;11;0x297C;0x29E0;texto;;;;;;;;;;;;;
H6;60B;SIN DARME CUENTA, ESTABA CONTEMPLANDO LA ESCENA DESDE LO ALTO DEL CIELO. EL AGUA SE TORNO EN OCEANO, EL YERMO EN CORDILLERAS, EL MAR SE LLENO DE VIDA Y EL VERDE SE EXTENDIO POR LA TIERRA.;3;13;0x29E8;0x2A51;texto;;;;;;;;;;;;;
H6;61B;LA MUERTE NO ES SOLO UN CESE.;12;4;0x2A53;0x2A65;texto;;;;;;;;;;;;;
H6;62B;UNA PUERTA APARECIO ANTE MI, Y SIN DARME CUENTA LA CRUCE.;10;6;0x2A67;0x2A92;texto;;;;;;;;;;;;;
H6;72B;CUANDO LE EXPLIQUE LO QUE HABIA PASADO HASTA AHORA, ELLA PARECIO ACEPTARLO TAMBIEN. YA VEO...... ENTONCES, ESPEREMOS UN RATO. LE SERVI TE NEGRO EN UNA TAZA QUE NO SE ESTABA USANDO.;0;16;0x88F5;0x89F8;texto;;;;;;;;;;;;;
H6;73B;...... YO, AL VENIR A ESTA MANSION, RECORDE COSAS DE CUANDO ERA NIÑA. DESPUES DE UN RATO, ELLA EMPEZO A HABLAR ASI DE SU PASADO.;5;11;0x89FA;0x8A4A;texto;;;;;;;;;;;;;
H6;74B;CUANDO ERA NIÑA, TENIA UN AMIGO. NADIE MAS PODIA VERLO, PERO YO SI. HICIMOS MUCHAS TRAVESURAS. ME ENCANTABA JUGAR CON EL..., SIGUIO ELLA.;3;13;0x8A52;0x8ACB;texto;;;;;;;;;;;;;
H6;75B;PERO, UN DIA ME DI CUENTA. UN AMIGO ASI NO EXISTE EN NINGUNA PARTE. TODO ERA PRODUCTO DE MI IMAGINACION.;7;9;0x8ACD;0x8B0C;texto;;;;;;;;;;;;;
H6;76B;NUNCA TUVE AMIGOS DE VERDAD. ERA SOLO UNA ILUSION CREADA POR UNA NIÑA SOLITARIA......;7;9;0x8B0E;0x8B59;texto;;;;;;;;;;;;;
H6;77B;DICHO ESO, ELLA SE BEBIO EL TE DE UN SOLO TRAGO. GRACIAS POR ESCUCHAR MI HISTORIA.;8;8;0x8B5B;0x8BA2;texto;;;;;;;;;;;;;
H6;78B;Y DESPUES DE TERMINAR DE BEBER, DEJO LA TAZA.;12;4;0x8BA4;0x8BBB;texto;;;;;;;;;;;;;
H6;79B;2.@@1.@ELLA EN@@US@SE@@ REA@TE@QUED LID@D@@O@@@ AD@@ES@PENS YO@@EL@ATIV SOY@AM@A,@@ EL@@O@@EN@@ AMO@@@@SILE @@@@@@@NCIO @@@@@@@.@@@;5;11;0x8BBD;0x8BFE;pregunta;;3;1;2;1;4;0;1. USTED ES EL AMO;2. EN REALIDAD YO SOY EL AMO;ELLA SE QUEDO PENSATIVA, EN SILENCIO.;;;
H6;80B;CUANDO LE RESPONDI ASI, ELLA SONRIO CON DULZURA Y DIJO: GRACIAS.;7;9;0x8C08;0x902B;texto;;;;;;;;;;;;;
H6;81B;DEJANDO ESAS PALABRAS, ELLA SALIO DE LA HABITACION.;12;4;0x902D;0x904A;texto;;;;;;;;;;;;;
H6;82B;AL POCO RATO, YO TAMBIEN SALI DE LA HABITACION.;12;4;0x9052;0x9071;texto;;;;;;;;;;;;;
H6;88B;EN ESO, ME VOLTEE PARA BUSCAR AL DUEÑO DE LA VOZ Y ESCUCHE EL SONIDO DE UNA PUERTA ABRIENDOSE TRAS DE MI.;8;8;0x3178;0x7657;texto;;;;;;;;;;;;;
H6;89B;AL VOLTEARME, LA PUERTA SE HABIA ABIERTO UN POCO, Y POR ESA RENDIJA SE ASOMABAN INNUMERABLES BRAZOS HUMANOS. SE RETORCIAN COMO SI ESTUVIERAN BUSCANDO ALGO.;4;12;0x7659;0x76CA;texto;;;;;;;;;;;;;
H6;90B;ESTO SE ESTA PONIENDO ESPELUZNANTE. SALI CORRIENDO.;12;4;0x76CC;0x76ED;texto;;;;;;;;;;;;;
H6;97B;VOLVI A PONER LA MANO SOBRE LA PUERTA DE LA MANSION. TODAVIA NO HA TERMINADO.;9;7;0x78E4;0x798F;texto;;;;;;;;;;;;;
H6;98B;MIENTRAS SIGA CON VIDA, TAL VEZ LA PERSONA DEBA SEGUIR CRUZANDO PUERTAS.;8;8;0x7991;0x79C3;texto;;;;;;;;;;;;;
H6;99B;Y ESA ERA, DE VERDAD, LA SALIDA.;12;4;0x79C5;0x79E7;texto;;;;;;;;;;;;;
H6;41C;RECOGI LA HOJA DEL SUELO Y ME DI VUELTA HACIA EL HOMBRE.;10;6;0x4A49;0xA149;texto;;;;;;;;;;;;;
H6;42C;ASI ES, QUEDATE ASI...... EL HOMBRE CERRO LOS OJOS EN SILENCIO. ME ACERQUE LENTAMENTE AL HOMBRE.;7;9;0xA14B;0xA186;texto;;;;;;;;;;;;;
H6;43C;EN ESE MOMENTO, UNA SOMBRA NEGRA SE ABALANZO SOBRE MI. CON UN ALETEO, LA HOJA QUE TENIA EN LA MANO CAYO AL SUELO. DE REPENTE CAI EN LA CUENTA. QUE COSA TAN HORRIBLE HABIA ESTADO A PUNTO DE HACER......;2;14;0xA188;0xA202;texto;;;;;;;;;;;;;
H6;44C;LA SOMBRA NEGRA SEGUIA ATACANDO. AL MIRAR BIEN, PARECIA SER EL CUERVO DE ANTES. HUI DE ESE LUGAR COMO PUDE, DESESPERADO.;7;9;0xA204;0xA258;texto;;;;;;;;;;;;;
H6;45C;SIN NECESIDAD SIQUIERA DE BUSCAR, LA SALIDA APARECIO ENSEGUIDA.;10;6;0xA260;0xA282;texto;;;;;;;;;;;;;
H6;15X;AL ABRIR LA PUERTA, UN OLOR A MOHO ME GOLPEO LA NARIZ.;12;4;0x04F9;0x088B;texto;;;;;;;;;;;;;
H6;16X;PARECIA QUE NO SE HABIA USADO EN MUCHO TIEMPO. CERRE LA PUERTA CON FIRMEZA.;9;7;0x088F;0x08BD;texto;;;;;;;;;;;;;
H6;17X;ADENTRO ESTABA OSCURO, PERO A MEDIDA QUE MIS OJOS SE ACOSTUMBRABAN, EMPECE A VER BASTANTE BIEN.;9;7;0x08C1;0x08E9;texto;;;;;;;;;;;;;
H6;18X;ERA UN AMPLIO SALON Y AL FONDO SE VEIA OTRA PUERTA. PARECIA HABER SIDO MUY LUJOSO ALGUNA VEZ, PERO AHORA EL PAPEL DE LAS PAREDES COLGABA Y LA ALFOMBRA ESTABA GASTADA.;3;13;0x08F2;0x094E;texto;;;;;;;;;;;;;
H6;19X;EN LA OSCURIDAD, ENTRECERRE LOS OJOS PARA VER MEJOR.;12;4;0x0951;0x0967;texto;;;;;;;;;;;;;
H6;20X;JUNTO A LA PUERTA HABIA UNA ARMADURA CON UNA ESPADA. EL DUEÑO DE ESTE LUGAR PARECIA TENER GUSTOS MUY VARIADOS.;7;9;0x0970;0x09BC;texto;;;;;;;;;;;;;
H6;21X;UUUUUUU. UN GRUÑIDO GRAVE, Y MUY CERCA.;8;7;0x09C5;0x09FF;texto;;;;;;;;;;;;;
H6;22X;EN UN RINCON DEL CUARTO VI ALGO OSCURO Y COMPACTO. PARECIA SER ALGUN TIPO DE PERRO SALVAJE.;8;7;0x0A01;0x0A30;texto;;;;;;;;;;;;;
H6;23X;2.@@1.@CREI TOM@ES@HABE AR@@CA@R@@@ LA@@PA@ESCA ESP@R@@PADO ADA@AF@...@ DE@@UE@PERO LA@@RA@ESTO ARM@@@@ERA@ ADU@@@@SU@@ RA@@@@@NIDO @@@@@@@?@@@;5;11;0x0A38;0x0B3B;pregunta;;3;1;2;1;4;0;1. ESCAPAR AFUERA;2. TOMAR LA ESPADA DE LA ARMADURA;CREI HABER ESCAPADO... PERO ESTO ERA SU NIDO?;;;
H6;24X;NUNCA IMAGINE QUE HABRIA UN PERRO SALVAJE ADENTRO. CORRI ASUSTADO HACIA LA PUERTA DE ENTRADA, PERO ESTABA TRABADA Y NO CEDIA POR MAS QUE ME LANZARA CONTRA ELLA... A PESAR DE QUE RECIEN SE HABIA ABIERTO TAN FACIL.;0;16;0x0B45;0x373F;texto;;;;;;;;;;;;;
H6;25X;LA SOMBRA DEL PERRO SE ARRASTRABA CADA VEZ MAS CERCA DE MI.;12;4;0x374E;0x3774;texto;;;;;;;;;;;;;
H6;26X;PERO NO ERA UN PERRO. AQUELLA COSA ERA UN PERRO CON...;12;4;0x3779;0x379B;texto;;;;;;;;;;;;;
H6;27X;ERA UN PERRO CON ROSTRO HUMANO. SOLTE UN GRITO QUE APENAS SALIO DE MI GARGANTA.;9;7;0x379F;0x37DC;texto;;;;;;;;;;;;;
H6;28X;EL PERRO DE CARA HUMANA ME MOSTRO LOS COLMILLOS. SALI CORRIENDO SIN PENSAR EN NADA MAS. Y SIN DARME CUENTA, YA HABIA CRUZADO OTRA PUERTA.;5;11;0x37DE;0x3833;texto;;;;;;;;;;;;;
H6;37X;2.@@1.@@SERA@@@ NO@@AYU@REALMEN AYU@DAR@TE@@@@@ DAR@LO@@MI@@@@@ LO@@@@@@AMIGO?@ @@@@@@@@POR@@@@ @@@@@@@@QUE@@@@ @@@@@@@@ESTA@@@ @@@@@@@@EN@@@@@ @@@@@@@@UN@@@@@ @@@@@@@@LUGAR@@ @@@@@@@@COMO@@@ @@@@@@@@ESTE?@@;1;15;0x12F4;0x1551;pregunta;;3;1;3;1;7;0;1. AYUDARLO;2. NO AYUDARLO;SERA REALMENTE MI AMIGO? POR QUE ESTA EN UN LUGAR COMO ESTE?;;;
H6;38X;DESATE LAS CUERDAS DEL HOMBRE Y LO BAJE. SI ERA MI AMIGO, NO PODIA SIMPLEMENTE IGNORARLO, Y MUCHO MENOS DEJARLO ABANDONADO EN UN LUGAR TAN SINIESTRO...;2;14;0x42FC;0x436F;texto;;;;;;;;;;;;;
H6;39X;YA EN EL SUELO, MI AMIGO SE SOBABA LAS PIERNAS Y ME DIO LAS GRACIAS. LE PREGUNTE DE TODO UN POCO, EMPEZANDO POR QUE DIABLOS ESTAS EN UN LUGAR ASI.;3;13;0x4377;0x43D4;texto;;;;;;;;;;;;;
H6;40X;BUENO, NO TE APURES TANTO... JE JE JE JE. MI AMIGO ESBOZO UNA SONRISA DISIMULADA.;9;7;0x43DD;0x4407;texto;;;;;;;;;;;;;
H6;41X;EN ESE INSTANTE, TODO SE OSCURECIO DE REPENTE ANTE MI, Y CUANDO RECOBRE EL SENTIDO, ESTABA TIRADO EN EL SUELO.;8;8;0x4409;0x4462;texto;;;;;;;;;;;;;
H6;42X;ME DOLIA LA CABEZA. AL ALZAR LA VISTA, VI A MI AMIGO ALEJANDOSE, TRAS ARROJAR EL PALO DE MADERA QUE TENIA EN LA MANO. VAYA BUEN AMIGO QUE TENGO. SU COMENTARIO BURLON ME RESONABA.;2;14;0x446C;0x44DC;texto;;;;;;;;;;;;;
H6;43X;......;2;11;0x44E0;0x4506;texto;;;;;;;;;;;;;
H6;44X;AL RATO, CUANDO SE ME CALMO EL DOLOR DE CABEZA, EXPLORE EL PATIO INTERIOR. ENCONTRE UNA PUERTA ENSEGUIDA.;8;8;0x450B;0x4542;texto;;;;;;;;;;;;;
H6;48X;2.@@1.@@ERA@@ EST@ME@@COMO@ A@@@EST@SI@@@ ESP@A@@@TODO@ ERA@ESP@ESTUV NDO@ERA@IERA@ A@@@NDO@PREPA ALG@A@@@RADO, UIE@MI@@ESPER N@@@@@@@ANDO@ @@@@@@@@A@@@@ @@@@@@@@ALGUI @@@@@@@@EN.@@;3;13;0x18A2;0x4A8B;pregunta;;3;1;3;1;5;0;1. ME ESTA ESPERANDO A MI;2. ESTA ESPERANDO A ALGUIEN;ERA COMO SI TODO ESTUVIERA PREPARADO, ESPERANDO A ALGUIEN.;;;
H6;49X;ACASO ME ESTARIA ESPERANDO A MI? SI TODO ESTABA TAN PREPARADO, ACEPTARIA LA HOSPITALIDAD SIN DUDARLO.;7;9;0x4AE2;0x4B1E;texto;;;;;;;;;;;;;
H6;50X;CASI POR RESIGNACION, ME SENTE EN LA CAMA Y ESTIRE LA MANO HACIA LOS PALILLOS DE LA BANDEJA, Y AHI ME DI CUENTA.;8;8;0x4B27;0x4B67;texto;;;;;;;;;;;;;
H6;51X;LAS PUNTAS DE LOS PALILLOS ESTABAN HUMEDAS. LA COMIDA TAMBIEN TENIA MARCAS DE HABER SIDO PROBADA. AHORA QUE LO PENSABA, EL SUERO TAMBIEN HABIA BAJADO A LA MITAD. ME PUSE DE PIE.;3;13;0x4B6B;0x4BDC;texto;;;;;;;;;;;;;
H6;52X;EN ESE INSTANTE, SENTI UNA TIBIEZA TENUE EN LA MANO. ESTA CAMA NO HABIA SIDO PREPARADA PARA MI, SINO QUE ERA UNA CAMA QUE ALGUIEN MAS HABIA ESTADO USANDO.;3;13;0x4C30;0x4C48;texto;;;;;;;;;;;;;
H6;53X;TRATE DE DEVOLVER LOS PALILLOS COMO SI LOS ARROJARA. CON UN CLIC, LOS PALILLOS DE MADERA HICIERON UN SONIDO COMO DE PLASTICO.;5;11;0x4C5D;0x4CA8;texto;;;;;;;;;;;;;
H6;54X;NO PODIA VERLO DESDE DONDE ESTABA SENTADO, PERO JUNTO A LA BANDEJA HABIA UNA JERINGA USADA ESCONDIDA. ESTA VEZ SI SALI DE LA HABITACION HUYENDO EN SERIO.;3;13;0x4CAA;0x4D0B;texto;;;;;;;;;;;;;
H6;55X;NO PUDE MAS QUE AGRADECER POR MI PROPIA SALUD.;12;4;0x4D22;0x4D3C;texto;;;;;;;;;;;;;
H6;56X;MAS ALLA DE LA PUERTA HABIA UN PASILLO CON VENTANAS EN FILA. AFUERA TODAVIA ESTABA OSCURO, Y PENSANDO QUE TAMBIEN PODIA HABER PERROS SALVAJES AL ACECHO, DECIDI QUE ERA MEJOR ESPERAR A QUE AMANECIERA.;2;14;0x4D44;0x1E14;texto;;;;;;;;;;;;;
H6;57X;MIENTRAS AVANZABA POR EL PASILLO, UNA MASA NEGRA ATRAVESO LA VENTANA Y SE LANZO ADENTRO COMO UNA BALA.;8;8;0x1E17;0x1E72;texto;;;;;;;;;;;;;
H6;58X;MIRANDO BIEN, ERAN VARIOS CUERVOS. CON SUS GARRAS Y PICOS AFILADOS BRILLANDO EN NEGRO, SE LANZARON A ATACARME!;5;11;0x1E75;0x1ED3;texto;;;;;;;;;;;;;
H6;59X;ESQUIVE EL ATAQUE Y RODE POR EL SUELO. UNA GARRA ME ROZO EL BRAZO. AL TOCARME LA HERIDA, TENIA UN POCO DE SANGRE EN LA PALMA.;5;11;0x1ED6;0x1F2F;texto;;;;;;;;;;;;;
H6;60X;AUNQUE ME QUEDE PARALIZADO POR UN INSTANTE, ME LEVANTE ENSEGUIDA.;10;6;0x1F32;0x1F51;texto;;;;;;;;;;;;;
H6;61X;AUNQUE ERAN CUERVOS PEQUEÑOS, ERAN FEROCES Y MUCHOS. SI ME ATACABAN TODOS A LA VEZ, NO IBA A SER FACIL ESQUIVARLOS.;7;9;0x1F54;0x1F96;texto;;;;;;;;;;;;;
H6;62X;USTEDES, DETENGANSE. SORPRENDIDO POR LA VOZ REPENTINA, VI QUE POR LA VENTANA ROTA ENTRABA VOLANDO UN CUERVO GRANDE.;5;11;0x1F9F;0x1FEA;texto;;;;;;;;;;;;;
H6;63X;AL OIR ESA VOZ, LOS CUERVOS PEQUEÑOS DEJARON DE MOVERSE. EL CUERVO GRANDE INCLINO LA CABEZA HACIA MI.;7;9;0x1FED;0x2040;texto;;;;;;;;;;;;;
H6;64X;DISCULPE, LAMENTO LAS MOLESTIAS. SIEMPRE LES DIGO A LOS PEQUEÑOS QUE NO LO HAGAN, PERO...;7;9;0x2043;0x207A;texto;;;;;;;;;;;;;
H6;65X;COMO HABLABA DE LOS PEQUEÑOS, ESTE CUERVO GRANDE DEBIA SER EL PADRE O LA MADRE.;9;7;0x207D;0x20AA;texto;;;;;;;;;;;;;
H6;66X;2.@@@1.@@SUPONG HAY@@PUE@O@@@@@ COSA@DE@@QUE@@@ S@@@@QUE@NO@@@@ QUE@@SEA@ME@@@@ SE@@@ASI@QUEDA@ ENTI@@@@@MAS@@@ ENDE@@@@@QUE@@@ N@@@@@@@@DARLES CON@@@@@@EL@@@@ PALA@@@@@EJEMPL BRAS@@@@@O@@@@@ @@@@@@@@@A@@@@@ @@@@@@@@@LOS@@@ @@@@@@@@@NIÑOS@;1;15;0x20AC;0x6265;pregunta;;4;1;3;1;6;0;1. PUEDE QUE SEA ASI;2. HAY COSAS QUE SE ENTIENDEN CON PALABRAS;SUPONGO QUE NO ME QUEDA MAS QUE DARLES EL EJEMPLO A LOS NIÑOS;;;
H6;67X;PUEDE QUE SEA ASI. ASENTI CON LA CABEZA.;10;6;0x62C3;0x62D9;texto;;;;;;;;;;;;;
H6;68X;EN ESE INSTANTE, EL CUERVO GRANDE SE LANZO VOLANDO HACIA MI.;10;6;0x62DB;0x630F;texto;;;;;;;;;;;;;
H6;69X;USTEDES, ASI SE HACE: PRIMERO QUE BAJE LA GUARDIA Y DESPUES ATACAN!;10;6;0x6318;0x6339;texto;;;;;;;;;;;;;
H6;70X;SU TONO CAMBIO EN UN INSTANTE. LOS CUERVOS PEQUEÑOS TAMBIEN SE LANZARON TODOS JUNTOS CONTRA MI!;8;7;0x6342;0x6389;texto;;;;;;;;;;;;;
H6;71X;LOGRE ESPANTAR A LOS CUERVOS COMO PUDE CON LAS MANOS Y ME METI RODANDO POR LA PUERTA MAS CERCANA.;8;7;0x638B;0x63C7;texto;;;;;;;;;;;;;
H6;87X;UNA LUZ TENUE ENVOLVIA TODO. CUANDO MIS OJOS SE ACOSTUMBRARON, PUDE VER ESTRELLAS EN EL TECHO Y, EN EL SUELO, UN GRAN ARBOL DIBUJADO JUNTO A UN CIRCULO MAGICO.;4;12;0x8D91;0x2B1F;texto;;;;;;;;;;;;;
H6;88X;LA LUZ TENUE PROVENIA DE LAS ESTRELLAS DEL TECHO Y DEL DIBUJO DEL ARBOL BAJO MIS PIES. ERA COMO LA HABITACION DE UN ASTRONOMO O DE UN HECHICERO.;5;11;0x2B23;0x2B70;texto;;;;;;;;;;;;;
H6;89X;AVANCE CON CUIDADO, PASO A PASO. AL RITMO DE MIS PASOS, LA LUZ PARPADEABA. VI LA SIGUIENTE PUERTA AL FONDO E INTENTE CRUZAR SOBRE EL DIBUJO DEL ARBOL.;4;12;0x2B78;0x2BCC;texto;;;;;;;;;;;;;
H6;90X;Y AL LLEGAR A LAS RAMAS DEL ARBOL, SOLTE UN GRITO SIN QUERER.;10;6;0x2BCE;0x2BF5;texto;;;;;;;;;;;;;
H6;91X;EL DIBUJO BAJO MIS PIES ERA UN DINOSAURIO. EN LA RAMA DE ABAJO, GRANDES ANFIBIOS. EN LAS RAMAS DE ARRIBA, AVES Y MAMIFEROS. ERA UN ARBOL DE LA EVOLUCION.;2;14;0x2C04;0x2C67;texto;;;;;;;;;;;;;
H6;92X;2.@@1.@@AVANZAR RET@AVA@Y@@@@@@ ROC@NZA@VER@@@@ EDE@R@@@HASTA@@ R@@@@@@@DONDE@@ @@@@@@@@LLEGA@@ @@@@@@@@LA@@@@@ @@@@@@@@EVOLUCI @@@@@@@@ON@@@@@ @@@@@@@@O@@@@@@ @@@@@@@@RETROCE @@@@@@@@DER@@@@ @@@@@@@@Y@@@@@@ @@@@@@@@VER@@@@ @@@@@@@@EL@@@@@ @@@@@@@@ORIGEN?;1;15;0x2C69;0x2FA4;pregunta;;3;1;3;1;7;0;1. AVANZAR;2. RETROCEDER;AVANZAR Y VER HASTA DONDE LLEGA LA EVOLUCION O RETROCEDER Y VER EL ORIGEN?;;;
H6;93X;AL AVANZAR, LA RAMA DE LOS MAMIFEROS SE DIVIDIO MAS, Y APARECIO LA FIGURA DE UN ANIMAL BIPEDO. ACASO ESTO, AL EVOLUCIONAR, SE VOLVERIA UN SER HUMANO?;5;11;0x6BFC;0x6C55;texto;;;;;;;;;;;;;
H6;94X;SENTI COMO SI ESTUVIERA VISLUMBRANDO LA VERDAD, Y EMPECE A VER CON DETENIMIENTO EL ARBOL GENEALOGICO DE AHI.;8;8;0x6C5D;0x6C92;texto;;;;;;;;;;;;;
H6;95X;ES UN AUSTRALOPITECO... SE EXTINGUE, Y LA LINEA SIGUE HACIA EL HOMBRE PRIMITIVO... DE AHI SURGEN LAS DISTINTAS RAZAS. MAS ALLA... HABRA ALGUNA RAMA MAS?;5;11;0x6C9B;0x6CE1;texto;;;;;;;;;;;;;
H6;96X;SEGURO QUE AVANZABA CON EL SEMBLANTE TENSO. Y ENTONCES APARECIO EL SER HUMANO. LA RAMA HUMANA ERA GRANDE, CON HOJAS ESPLENDIDAS, PERO MAS ALLA DE ESO NO HABIA NADA.;2;14;0x6CE3;0x6D47;texto;;;;;;;;;;;;;
H6;97X;ACASO LOS HUMANOS TAMBIEN SE EXTINGUIRIAN? NO, EL FUTURO NO ESTA DETERMINADO DE ANTEMANO. ABRI LA SIGUIENTE PUERTA.;5;11;0x6D55;0x6D9E;texto;;;;;;;;;;;;;
H6;98X;ATRAVESE LA PUERTA Y APARECI EN OTRO LUGAR. ERA EL EXTERIOR DE LA MANSION.;10;6;0x6DAC;0x7A2D;texto;;;;;;;;;;;;;
H6;99X;ACASO TODAVIA NO HABIA ENTRADO A LA MANSION? TODO LO VIVIDO HASTA AHORA HABIA SIDO UNA ILUSION?;7;9;0x7A36;0x7A63;texto;;;;;;;;;;;;;
H6;100X;PERO AQUELLAS SENSACIONES SEGUIAN MUY VIVIDAS EN MI. UNA VEZ MAS... ESTIRE LA MANO PARA TRATAR DE GIRAR EL PICAPORTE DE LA PUERTA.;5;11;0x7A66;0x7AAA;texto;;;;;;;;;;;;;
H6;101X;EN EL BOSQUE YA COMPLETAMENTE OSCURO, SE EXTENDIO EL HAZ DE UNA LINTERNA. ALGUIEN HABIA LLEGADO.;7;9;0x7AB3;0x7AEA;texto;;;;;;;;;;;;;
H6;102X;CORRI HACIA QUIEN SOSTENIA LA LINTERNA. AL VERME, ESA PERSONA ME RECIBIO CON UNA EXPRESION DE SORPRESA.;5;11;0x7AED;0x7B46;texto;;;;;;;;;;;;;
H6;103X;ERA UN CAZADOR DE LA ZONA QUE, SEGUN DIJO, NO HABIA CAZADO NADA ESE DIA Y SE HABIA QUEDADO EN LA MONTAÑA HASTA ESA HORA.;7;9;0x7B4E;0x7B92;texto;;;;;;;;;;;;;
H6;104X;LE CONTE AL CAZADOR, QUE ME PREGUNTO QUE HABIA PASADO, QUE ME HABIA PERDIDO.;8;7;0x7B95;0x7BC4;texto;;;;;;;;;;;;;
H6;105X;EL CAZADOR SE RIO Y DIJO QUE HABIA TENIDO SUERTE, QUE UN PASO EN FALSO Y HUBIERA QUEDADO VARADO, PERO LUEGO ME PREGUNTO: QUE DEMONIOS HACIAS EN UN LUGAR ASI?;3;13;0x7BC8;0x7C1E;texto;;;;;;;;;;;;;
H6;106X;2.@@@1.@@RESP ME@@@BUS@ONDI HABI@CAB@SIN@ A@@@@A@@@VOLV PERD@ALG@ERME IDO@@O@@@.@@@;3;13;0x7C20;0x7C73;pregunta;;4;1;3;1;4;0;1. BUSCABA ALGO;2. ME HABIA PERDIDO;RESPONDI SIN VOLVERME.;;;
H6;107X;BUSCABA ALGO... RESPONDI ASI, Y DEJE EL BOSQUE ATRAS SIN VOLVER LA MIRADA.;8;7;0x7CC1;0x7CEF;texto;;;;;;;;;;;;;
H6;108X;DESPUES DE ESO, NUNCA VOLVI A OIR QUE ALGUIEN HUBIERA VISTO AQUELLA MANSION EN ESE BOSQUE.;8;7;0x7CF8;0x7D24;texto;;;;;;;;;;;;;
H6;24D;TOME LA ESPADA QUE SOSTENIA LA ARMADURA, Y ME ENFRENTE AL PERRO SALVAJE. EL PERRO SE AGAZAPABA LISTO PARA SALTAR SOBRE MI. SENTI ALGO VISCOSO.;2;14;0x385A;0x38CE;texto;;;;;;;;;;;;;
H6;25D;LA ESPADA SE RETORCIO EN MI MANO. SOBRESALTADO, LA MIRE, Y SIN QUE ME DIERA CUENTA SE HABIA CONVERTIDO EN UNA SERPIENTE.;5;11;0x38E2;0x3937;texto;;;;;;;;;;;;;
H6;26D;ARROJE LA SERPIENTE Y SALI CORRIENDO A TODA PRISA. SIN DARME CUENTA, HABIA CRUZADO OTRA PUERTA.;8;8;0x3942;0x397D;texto;;;;;;;;;;;;;
H6;36D;DEJE AL HOMBRE ATRAS Y ME ALEJE DE ESE LUGAR. NO HAY FORMA DE QUE UN AMIGO MIO ESTE EN UN LUGAR ASI...;7;9;0x4551;0x4588;texto;;;;;;;;;;;;;
H6;37D;ESPERA, NO TE VAYAS! EL HOMBRE ME SUPLICO DESESPERADO, PERO ME MANTUVE FIRME Y NO LE PRESTE OIDOS. AUNQUE REALMENTE FUERA MI AMIGO, SI COMETIO UN CRIMEN, DEBIA PAGAR POR ELLO.;0;16;0x458C;0x45F4;texto;;;;;;;;;;;;;
H6;38D;TRAIDOR! ACUERDATE DE ESTO, SI LOGRO ESCAPAR DE AQUI, IRE POR TI SIN FALTA. LOS INSULTOS DEL HOMBRE CAYERON SOBRE MI ESPALDA.;3;13;0x45F9;0x4650;texto;;;;;;;;;;;;;
H6;39D;AL REGISTRAR EL PATIO INTERIOR ENCONTRE LA SALIDA ENSEGUIDA.;12;4;0x4656;0x466F;texto;;;;;;;;;;;;;
H6;44D;ME ACERQUE CAMINANDO HACIA LA CAMA.;12;4;0x4D53;0x4D64;texto;;;;;;;;;;;;;
H6;45D;A PRIMERA VISTA PARECIA LUJOSO, PERO LA COMIDA ESTABA RESECA, Y HASTA EN LA CAMA SE HABIA ACUMULADO POLVO. NO HABIA RASTRO DE QUE ALGUIEN HUBIERA ESTADO AQUI EN LAS ULTIMAS SEMANAS, O MAS BIEN MESES.;2;14;0x4D7B;0x4DE6;texto;;;;;;;;;;;;;
H6;46D;LA PERSONA QUE SE SUPONIA DESCANSABA AQUI, A DONDE HABRA IDO? Y LA PERSONA QUE SE SUPONIA LA CUIDABA...;7;9;0x4DF0;0x4E27;texto;;;;;;;;;;;;;
H6;47D;NO HABIA FORMA DE QUE APARECIERA UNA RESPUESTA. SALI LENTAMENTE DE LA HABITACION.;10;6;0x4E2C;0x4E58;texto;;;;;;;;;;;;;
H6;59D;ESO NO ES CIERTO. HAY COSAS QUE SE PUEDEN ENTENDER CON SOLO DECIRLAS. ASI SE LO DIJE AL CUERVO GRANDE. AL OIR MIS PALABRAS, EL CUERVO GRANDE GRITO CON UNA VOZ AGUDA.;3;13;0x63DF;0x643E;texto;;;;;;;;;;;;;
H6;60D;ENTIENDO, PROBEMOSLO ENTONCES. USTEDES!;11;5;0x6442;0x645F;texto;;;;;;;;;;;;;
H6;61D;ESA PALABRA FUE LA SEÑAL, Y LOS CUERVOS BEBE SE ABALANZARON SOBRE MI.;10;6;0x646A;0x64AA;texto;;;;;;;;;;;;;
H6;62D;NO ES ASI, ATAQUEN CON MAS INTERVALO ENTRE USTEDES. LOS CUERVOS BEBE, SIGUIENDO EL CONSEJO, EMPEZARON A ATACAR CON LOS TIEMPOS ESCALONADOS. NO PODIA CREERLO.;5;11;0x64AE;0x6502;texto;;;;;;;;;;;;;
H6;63D;APARTE A LOS CUERVOS CON DESESPERACION, Y LOGRE LANZARME POR LA PUERTA.;10;6;0x650D;0x6537;texto;;;;;;;;;;;;;
H6;70D;SENTI GANAS DE OBSERVAR ESTE ARBOL DE LA EVOLUCION DESDE EL PRINCIPIO.;10;6;0x6DB9;0x6DD0;texto;;;;;;;;;;;;;
H6;71D;LA EVOLUCION ES UNA SUCESION CONTINUA DE APARICION Y EXTINCION. DENTRO DE ELLA, POR ALGUNA RAZON, ALGUNAS COSAS PROSPERAN Y OTRAS SON ELIMINADAS.;5;11;0x6DD5;0x6E22;texto;;;;;;;;;;;;;
H6;72D;AL PASADO, AL PASADO. QUE SERA LO QUE QUIERO VER? SUPONGO QUE QUIERO SABER POR QUE SURGIO LA VIDA. Y AL LLEGAR A LAS RAICES DEL GRAN ARBOL, ALLI SOLO HABIA AGUA.;2;14;0x6E2F;0x6E95;texto;;;;;;;;;;;;;
H6;73D;PLIC... EL SONIDO DE UNA GOTA CAYENDO RESONO POR TODA LA HABITACION.;8;8;0x6EA4;0x6EE0;texto;;;;;;;;;;;;;
H6;74D;ABRI LA SIGUIENTE PUERTA.;12;4;0x6EE4;0x6EF3;texto;;;;;;;;;;;;;
H6;84D;ME PERDI EN EL CAMINO, RESPONDI. EL CAZADOR ME DIJO ENTONCES:;10;6;0x7D2C;0x7D56;texto;;;;;;;;;;;;;
H6;85D;QUE SUERTE QUE NO QUEDASTE HECHIZADO. EXTRAÑADO, LE PREGUNTE: HECHIZADO POR QUE? PERO NO QUISO RESPONDER.;5;11;0x7D5B;0x7DA2;texto;;;;;;;;;;;;;
H6;86D;ESO LO SABES MEJOR QUE NADIE, DIJO.;10;6;0x7DA5;0x7DCE;texto;;;;;;;;;;;;;
H2;51D;MIKA? SALI DEL FUTON Y, TEMEROSA, CORRI LA CORTINA DE LA PUERTA DE VIDRIO.;8;8;0x29B7;0x29ED;texto;;;;;;;;;;;;;
H2;52D;...NO HAY NADIE. EN EL BALCON SOLO SE EXTIENDE EL PAISAJE NOCTURNO DE SIEMPRE DEL BARRIO. HABRA SIDO MI IMAGINACION. SIN QUEDAR DEL TODO CONVENCIDA, ME METI DE NUEVO EN EL FUTON.;0;16;0x29F4;0x2A68;texto;;;;;;;;;;;;;
H2;53D;LA LUZ SE COLABA POR LA RENDIJA DE LA CORTINA. CON LA CABEZA TODAVIA COMO ENVUELTA EN NIEBLA, ME LEVANTE DEL FUTON Y VOLVI A ABRIR LA CORTINA.;3;13;0x2A7E;0x2ADC;texto;;;;;;;;;;;;;
H2;54D;DEL OTRO LADO DE LA PUERTA DE VIDRIO SE EXTIENDE EL MISMO PAISAJE FRESCO DE LA MAÑANA DE SIEMPRE. DESPUES DE TODO HABRA SIDO UNA CONFUSION MIA. FUI A LA COCINA A PREPARAR EL DESAYUNO.;0;16;0x2AE2;0x2B4D;texto;;;;;;;;;;;;;
H2;55D;CUANDO EL RICO OLOR DE LA TOSTADORA EMPEZABA A FLOTAR EN EL AIRE, MIKA ASOMO LA CARA DESDE SU CUARTO, MUERTA DE SUEÑO. ENSEGUIDA LE CONTE LO DE ANOCHE.;5;11;0x2B63;0x2BB2;texto;;;;;;;;;;;;;
H2;56D;DE VERDAD? NO SERA QUE LO VISTE MAL? ESTAMOS EN UN TERCER PISO. NO LO SE BIEN, ESTABA OSCURO. QUE FEO. EN FIN, DE AHORA EN ADELANTE TENGAMOS CUIDADO. SI. BUENO, YO YA ME TENGO QUE IR.;0;16;0x2BBD;0x2C1F;texto;;;;;;;;;;;;;
H2;82D;EL TELEFONO SIGUIO SONANDO SIN PARAR. CADA TIMBRAZO ME OPRIMIA EL PECHO. NO PODIA EVITAR REZAR PARA QUE PARARA DE UNA VEZ.;3;13;0x3D4B;0x3D8D;texto;;;;;;;;;;;;;
H2;83D;AL RATO EL TIMBRE SE DETUVO. SOLTE UN SUSPIRO DE ALIVIO.;12;4;0x3D9A;0x3DB4;texto;;;;;;;;;;;;;
H2;84D;2.@@1.@@PERO@@ NO@@YA@@EL@@@@ PUE@BAS@ALIVIO DO@@TA@@DURO@@ SEG@@@@@POCO.@ UIR@@@@@EL@@@@ ASI@@@@@TELEFO @@@@@@@@NO@@@@ @@@@@@@@VOLVIO @@@@@@@@A@@@@@ @@@@@@@@SONAR@ @@@@@@@@CON@@@ @@@@@@@@ESTRID @@@@@@@@ENCIA@;2;14;0x3DB8;0x3E12;pregunta;;3;1;3;1;6;0;1. YA BASTA;2. NO PUEDO SEGUIR ASI;PERO EL ALIVIO DURO POCO. EL TELEFONO VOLVIO A SONAR CON ESTRIDENCIA;;;
H2;91D;SALI DE LA DUCHA Y MIKA AUN NO HABIA VUELTO. EL LUGAR SE SIENTE ENORME. EN MOMENTOS ASI OJALA VINIERA AUNQUE SEA UN GATO...;7;9;0x145F;0x14A1;texto;;;;;;;;;;;;;
H2;149D;YA NO PODIA SEGUIR DUDANDO. ME ARME DE VALOR Y SALI DE UN SALTO POR LA PUERTA DE VIDRIO HACIA EL BALCON.;8;8;0x8AD8;0x8B0D;texto;;;;;;;;;;;;;
H2;150D;EL BALCON ESTA DIVIDIDO POR UN MURO CORTAFUEGO, ASI QUE AVANCE POR FUERA DE LA BARANDA. A MAS DE DIEZ METROS DEL SUELO, SE ME AFLOJABAN LAS PIERNAS. AVANCE LENTAMENTE.;4;12;0x8B20;0x8B7E;texto;;;;;;;;;;;;;
H2;151D;...QUIEN DIRIA QUE UNOS POCOS CENTIMETROS PODIAN SENTIRSE TAN LARGOS.;11;5;0x8B83;0x8BA2;texto;;;;;;;;;;;;;
H2;152D;DESPUES DE UN RATO QUE A MI SE ME HIZO ETERNO, POR FIN LOGRE BAJAR AL BALCON DE AL LADO. TRATE DE ESPIAR POR LA PUERTA DE VIDRIO, PERO LA CORTINA ESTABA CORRIDA Y NO SE VEIA NADA ADENTRO.;3;13;0x8BB4;0x8C1A;texto;;;;;;;;;;;;;
H2;153D;CON MUCHO MIEDO POSE LA MANO EN LA PUERTA DE VIDRIO.;12;4;0x8C2B;0x8C45;texto;;;;;;;;;;;;;
H2;154D;CON MUCHO MIEDO POSE LA MANO EN LA PUERTA DE VIDRIO. CLAC, LA PUERTA DE VIDRIO SE ABRIO.;8;7;0x8C4D;0x8C5F;texto;;;;;;;;;;;;;
H2;155D;CON MUCHO MIEDO POSE LA MANO EN LA PUERTA DE VIDRIO. CLAC, LA PUERTA DE VIDRIO SE ABRIO. ME DESLICE ADENTRO CON CUIDADO.;5;11;0x8C65;0x8C7B;texto;;;;;;;;;;;;;
H2;171D;TO... TOSHIRO?! TOSHIRO? ...JE JE JE. ASI ES, YO SOY KUBO TOSHIRO.;8;8;0x99F8;0x9A27;texto;;;;;;;;;;;;;
H2;172D;QU... QUE SIGNIFICA ESTO? SECUESTRAR A MIKA... SECUESTRARLA? NO DIGAS COSAS QUE SUENAN TAN FEAS. ELLA VINO AQUI POR SU PROPIA VOLUNTAD, PARA TRATAR DE CONVENCERME.;2;14;0x9A2B;0x9A8D;texto;;;;;;;;;;;;;
H2;173D;CONMOVEDOR, NO? PARECE QUE ESTUVO VIGILANDO TODO EL DIA. MIKA? SERA QUE... LO HIZO POR MI...;5;11;0x9A93;0x9AD3;texto;;;;;;;;;;;;;
H2;174D;PERO QUE LE HABRA PASADO A TOSHIRO PARA CAMBIAR ASI? Y SU COMPAÑERO DE PISO?;10;6;0x9AD7;0x9B00;texto;;;;;;;;;;;;;
H2;175D;TU AMIGO, EL QUE VIVIA CONTIGO... MI AMIGO, EH... JA JA JA. ESE YA NO ESTA. NO PARABA DE QUEJARSE Y QUEJARSE. Y ENCIMA SE HACIA EL AMIGO.;3;13;0x9BF5;0x9C53;texto;;;;;;;;;;;;;
H2;176D;SOLO ESTABAMOS JUGANDO A SER AMIGOS DEL ALMA.;12;4;0x9C59;0x9C6C;texto;;;;;;;;;;;;;
H2;177D;NO ERA MAS QUE ALGUIEN A QUIEN USAR. USTEDES HACEN LO MISMO, NO? JA JA JA JA JA.;10;6;0x9C72;0x9C99;texto;;;;;;;;;;;;;
H2;178D;2.@@1.@@ME@@@@@ QUI@NO,@MIRABA@ ZAS@TE@@DESDE@@ TEN@EQU@ARRIBA, GAS@IVO@SIN@@@@ RAZ@CAS@PODER@@ ON@@@@@@MOVERME @@@@@@@@,@@@@@@ @@@@@@@@Y@@@@@@ @@@@@@@@SE@@@@@ @@@@@@@@RIO@@@@ @@@@@@@@SIN@@@@ @@@@@@@@NINGUNA @@@@@@@@GRACIA@;1;15;0x9C9E;0x9CEA;pregunta;;3;1;3;1;7;0;1. NO, TE EQUIVOCAS;2. QUIZAS TENGAS RAZON;ME MIRABA DESDE ARRIBA, SIN PODER MOVERME, Y SE RIO SIN NINGUNA GRACIA;;;
H2;179D;NO ES CIERTO... AUNQUE NO PODIA MOVERME, LEVANTE LA CARA CON FIRMEZA Y SE LO DIJE.;8;8;0x9CFC;0x9D22;texto;;;;;;;;;;;;;
H2;180D;UNA PELEA O DOS NO SIGNIFICAN QUE TODO SE HAYA TERMINADO. TODAVIA PUEDEN VOLVER A ENTENDERSE.;7;9;0x9D2C;0x9D64;texto;;;;;;;;;;;;;
H2;181D;MIKA ME ENTENDIO, AUNQUE YO LE DIJE COSAS HORRIBLES... CALLATE! EL HOMBRE GRITO ESO Y SE ABALANZO SOBRE MI.;2;14;0x9D69;0x9DCC;texto;;;;;;;;;;;;;
H2;187D;APROVECHE ESE DESCUIDO, ME SOLTE DE LA MANO DEL HOMBRE Y CORRI A TODA VELOCIDAD HACIA LA PUERTA.;8;8;0xA252;0xA289;texto;;;;;;;;;;;;;
H2;187DX;LA PRESION DE SUS MANOS EN MI GARGANTA SE AFLOJO. APROVECHE ESE DESCUIDO, ME SOLTE Y CORRI A TODA VELOCIDAD HACIA LA PUERTA.;4;12;0xA0A1;0xA289;texto;;;;;;;;;;;0xA09F;;
H2;188D;E... ESPERA, UWAA! APENAS EL HOMBRE ALZO LA VOZ PARA DETENERME, UN GOLPE SECO HIZO TEMBLAR EL PISO.;7;9;0xA28D;0xA2CF;texto;;;;;;;;;;;;;
H2;189D;POR MALA SUERTE, PARECE QUE EL HOMBRE TROPEZO CON ALGO Y SE CAYO. MALA SUERTE? NO, NADA DE ESO. MALDITA SEA!! QUEDATE QUIETA! SE OIAN LAS MALDICIONES DEL HOMBRE.;4;12;0xA2D5;0xA326;texto;;;;;;;;;;;;;
H2;190D;LLEGUE HASTA LA PUERTA DE ENTRADA Y TRATE DE ABRIR EL CERROJO CON LAS MANOS ATADAS. NO LOGRABA AGARRAR LA LLAVE. SOLO LA ANSIEDAD ME APURABA. CALMA, CALMA... ME REPETIA A MI MISMA.;2;14;0xA337;0xA3A3;texto;;;;;;;;;;;;;
H2;191D;CLIC, RESONO EL SONIDO. POR FIN PUDE ABRIR LA PUERTA HACIA LA LIBERTAD. PERO EN ESE MOMENTO...;8;7;0xA3AF;0xA3EB;texto;;;;;;;;;;;;;
H2;192H;AAAAAH...! DESDE EL CUARTO DEL FONDO, DONDE YO ESTABA HASTA RECIEN, LLEGO UN ALARIDO SIN PALABRAS. ME QUEDE HELADA. POR UN INSTANTE, PERDI LA NOCION DE TODO.;3;13;0xA443;0xA4A4;texto;;;;;;;;;;;;;
H2;193H;TENIA QUE ACEPTAR UNA REALIDAD INCREIBLE. SACUDI LA CABEZA PARA SACARME LA DUDA Y SALI AFUERA CASI RODANDO.;5;11;0xA4AE;0xA4F5;texto;;;;;;;;;;;;;
H2;192D;LOS GOZNES CHIRRIARON Y, DESDE EL CUARTO EN EL QUE YO HABIA ESTADO HASTA RECIEN, EL HOMBRE ASOMO LA CARA. SU GESTO DE FURIA ME HIZO TEMBLAR. SI ME ATRAPA, ESTA VEZ ME MATA. SALI CORRIENDO AL PASILLO.;2;14;0xA514;0xA577;texto;;;;;;;;;;;;;
H2;194H;YA EN EL PASILLO, CORRI DIRECTO AL ASCENSOR POR EL PASILLO ILUMINADO CON LUZ FRIA. APRETE EL BOTON CON PRISA.;5;11;0xA82F;0xA882;texto;;;;;;;;;;;;;
H2;195H;SE ENCENDIO LA LUZ QUE MARCA LOS PISOS. PRIMERO... SEGUNDO... EL ASCENSOR SUBIA LENTAMENTE.;5;11;0xA88D;0xA8D5;texto;;;;;;;;;;;;;
H2;196H;CLIC, SONO ALGO A MIS ESPALDAS. SUDOR FRIO. AL DARME VUELTA, SE ABRIA LA PUERTA DE AL LADO Y SALIA UN HOMBRE CON UN CUCHILLO.;5;11;0xA8DF;0xA945;texto;;;;;;;;;;;;;
H2;197H;AL VERME, EL HOMBRE LEVANTO EL CUCHILLO Y VINO CORRIENDO POR EL PASILLO.;10;6;0xA949;0xA96D;texto;;;;;;;;;;;;;
H2;198H;EL ASCENSOR TODAVIA NO LLEGABA. CERRE LOS OJOS Y ME QUEDE RIGIDA.;8;8;0xA971;0xA999;texto;;;;;;;;;;;;;
H2;199H;EN ESE MOMENTO SE ABRIO EL ASCENSOR Y, COMO ESTABA DE ESPALDAS, CAI ADENTRO. FUE TAN REPENTINO QUE NO ENTENDIA QUE PASABA;5;11;0xA9A9;0xA9FC;texto;;;;;;;;;;;;;
H2;200H;QUIETO! RESONO UN GRITO. AL LEVANTARME, VI A DOS POLICIAS REDUCIENDO AL HOMBRE. MALDICION! SU GRITO RESONABA EN EL CIELO NOCTURNO SILENCIOSO.;1;15;0xA9FF;0xAA65;texto;;;;;;;;;;;;;
H2;193D;AL SALIR AL PASILLO CORRI A TODA VELOCIDAD HACIA EL ASCENSOR. NO ES QUE HUBIERA DECIDIDO ADONDE IR. SOLO ME MOVIA LA IDEA DE ALEJARME DE AHI.;2;14;0xAA76;0xAADD;texto;;;;;;;;;;;;;
H2;194D;LA ANGUSTIA ME GANABA, LA MENTE IBA MAS RAPIDO QUE EL CUERPO, SE ME ENREDARON LOS PIES Y CAI DE BRUCES EN EL PASILLO. TRATE DESESPERADAMENTE DE LEVANTARME, PERO CON LAS MANOS ATADAS NO PODIA.;3;13;0xAAE1;0xAB39;texto;;;;;;;;;;;;;
H2;195D;MIENTRAS ME RETORCIA EN EL SUELO, DEL CUARTO SALIO EL HOMBRE CON UNA CARA ATERRADORA. AL VERME, SE ACERCO A MI A GRANDES ZANCADAS CON ESE ROSTRO ATERRADOR.;5;11;0xAB51;0xABA2;texto;;;;;;;;;;;;;
H2;196D;INTENTE HUIR ARRASTRANDOME POR EL SUELO CON TODAS MIS FUERZAS, PERO EN UN INSTANTE ME ALCANZO. EL BRAZO DEL HOMBRE ME AGARRO DE LA ROPA A LA ALTURA DEL PECHO. CUANDO YA ME HABIA RESIGNADO...;3;13;0xABAD;0xAC08;texto;;;;;;;;;;;;;
H2;197D;USTEDES DOS, QUE ESTAN HACIENDO! SIN QUE ME DIERA CUENTA, UNA VECINA DEL EDIFICIO SE HABIA ASOMADO POR SU PUERTA.;7;9;0xAC12;0xAC4E;texto;;;;;;;;;;;;;
H2;198D;VI UN RAYO DE ESPERANZA Y GRITE CON TODAS MIS FUERZAS. AYUDENME, POR FAVOR!;8;7;0xAC52;0xAC81;texto;;;;;;;;;;;;;
H2;199D;MI GRITO FUE LA SEÑAL. ESA MUJER EMPEZO A GRITAR CON UNA VOZ QUE RESONO POR TODO EL EDIFICIO. AL... ALGUIEN! LA... LA POLICIA! AL OIR EL ALBOROTO, LAS PUERTAS DE ESE PISO SE FUERON ABRIENDO UNA TRAS OTRA.;2;14;0xAC8B;0xACF4;texto;;;;;;;;;;;;;
H2;200D;AL VER QUE LA SITUACION SE LE PONIA EN CONTRA, EL HOMBRE ME EMPUJO Y SALIO CORRIENDO.;10;6;0xACF9;0xAD1B;texto;;;;;;;;;;;;;
H2;201D;PERO LOS VECINOS QUE IBAN SALIENDO UNO TRAS OTRO REDUJERON AL HOMBRE CUANDO INTENTABA HUIR.;9;7;0xAD25;0xAD53;texto;;;;;;;;;;;;;
H2;202D;LLAMEN A LA POLICIA! GRITO ALGUNO DE LOS HOMBRES.;12;4;0xAD5E;0xAD76;texto;;;;;;;;;;;;;
H2;203D;ESTAS BIEN?! LA VECINA QUE SE HABIA ASOMADO PRIMERO ME DESPEGA LA CINTA QUE ME MANTENIA ATADA.;7;9;0xAD7A;0xADB7;texto;;;;;;;;;;;;;
H2;204D;ME DESPLOME EN EL PASILLO Y NO PUDE DECIR NADA.;10;6;0xADBB;0xADDA;texto;;;;;;;;;;;;;
H2;205D;BUENOS DIAS. EN LA SALA INUNDADA POR EL SOL DE LA MAÑANA APARECIO MIKA, FROTANDOSE LOS OJOS DE SUEÑO. BUENOS DIAS. LE RESPONDI CON UNA SONRISA.;2;14;0xB15A;0xB1B8;texto;;;;;;;;;;;;;
H2;206D;LO COTIDIANO Y SIN NADA DE ESPECIAL AHORA ME PARECE ALGO ALEGRE.;10;6;0xB1BC;0xB1D7;texto;;;;;;;;;;;;;
H2;207D;PASARON LOS DIAS. ENTRE LOS INTERROGATORIOS Y LO DEMAS SE FUERON LOS DIAS SIN CALMA, Y POR FIN VOLVIO LA MODESTA RUTINA DE SIEMPRE. LAS DOS VOLVIMOS A DISFRUTAR EL DESAYUNO JUNTAS.;3;13;0xB1E8;0xB24A;texto;;;;;;;;;;;;;
H2;208D;DE PRONTO ME QUEDE MIRANDO A MIKA, QUE MORDIA SU TOSTADA. ELLA SE DIO CUENTA Y PUSO CARA DE EXTRAÑEZA. QUE PASA? NADA, NADA. BUENO, YA ME VOY.;2;14;0xB24F;0xB2AB;texto;;;;;;;;;;;;;
H2;209D;ME DIO ALGO DE VERGUENZA Y ME DIRIGI CON PASO RAPIDO HACIA LA PUERTA.;10;6;0xB2B6;0xB2D7;texto;;;;;;;;;;;;;
H2;210D;ME ESPERABA UN CIELO AZUL QUE HACE MUCHO NO VEIA. EN EL PASILLO SALUDE A LA GENTE.;9;7;0xB2E5;0xB31C;texto;;;;;;;;;;;;;
H2;211D;BUENOS DIAS. EL HOMBRE ME DEVOLVIO UNA LEVE REVERENCIA.;10;6;0xB320;0xB34B;texto;;;;;;;;;;;;;
H2;212D;ME SUBI AL ASCENSOR Y APRETE EL BOTON DE CERRAR. LAS PUERTAS SE FUERON CERRANDO DESPACIO. DE PRONTO, POR ESA RENDIJA ALCANCE A VER LA FIGURA DEL HOMBRE.;4;12;0xB34F;0xB3AF;texto;;;;;;;;;;;;;
H2;213D;ESE HOMBRE ENTRABA CON PASO LENTO EN UNO DE LOS DEPARTAMENTOS.;10;6;0xB3B3;0xB3D8;texto;;;;;;;;;;;;;
H2;214D;HACIA EL DEPARTAMENTO VECINO AL NUESTRO......;6;10;0xB3E3;0xB3F3;texto;no;;;;;;;;;;;;
H3;106D;MIRE A MI ALREDEDOR. DONDE ESTARIA EMIKO?;9;7;0xC1C1;0xC1E0;texto;;;;;;;;;;;;;
H3;107D;PARECIA QUE ME HABIA SEPARADO DE EMIKO, ASI COMO DE MAMI... -EMIKOOO!- POR MAS QUE GRITARA FUERTE, NO HABIA RESPUESTA. SUPONGO QUE NO TENIA MAS OPCION QUE SEGUIR SOLA.;2;14;0xC1E5;0xC23F;texto;;;;;;;;;;;;;
H3;108D;TENIA QUE SEGUIR ADELANTE, PERO NO SABIA HACIA DONDE IR. AL MIRAR OTRA VEZ LOS INNUMERABLES ESPEJOS, VI REFLEJADAS VARIAS IMAGENES DE MI PROPIA FIGURA ASUSTADA.;3;13;0x445F;0x44B3;texto;;;;;;;;;;;;;
H3;109D;AL VERLO CON OBJETIVIDAD, PUDE CALMARME UN POCO. SI MIRABA BIEN DONDE PISABA, MAS O MENOS PODIA SABER HACIA DONDE IR.;5;11;0x44C0;0x4509;texto;;;;;;;;;;;;;
H3;110D;PERO ESO SOLO DURO HASTA QUE RESONO ESTA VOZ. -YA ESTAS LISTA?- SE OYO DESDE EL TUNEL A MIS ESPALDAS UNA VOZ LENTA Y ARRASTRADA.;5;11;0x450D;0x455E;texto;;;;;;;;;;;;;
H3;111D;-SIII, YA ESTAAA!- ESTA VEZ LA VOZ FUERTE SE OYO JUSTO A MI LADO.;10;6;0x456B;0x4591;texto;;;;;;;;;;;;;
H3;112D;CORRI CONTENIENDO UN GRITO. ENTONCES, EL ESPEJO DE ENFRENTE SE ABRIO DE REPENTE. PARECIA SER LA SALIDA DE LA HABITACION. ME LANCE POR AHI.;5;11;0x4595;0x45E2;texto;;;;;;;;;;;;;
H3;113D;LA SIGUIENTE HABITACION ERA, OTRA VEZ, UN CUARTO DE MUÑECAS. AL OTRO LADO DE UNA MESA LARGA, UNAS FIGURAS DE CERA COMIAN.;7;9;0x45ED;0x4633;texto;;;;;;;;;;;;;
H3;114D;CRAC CRAC. APENAS ENTRE, SE MOVIERON DE NUEVO Y EMPEZARON A COMER HACIENDO RUIDO. A DIFERENCIA DEL CUARTO DEL BAILE, AQUI NO HABIA NADA DE BRILLO. FIGURAS DELGADAS SUBIAN Y BAJABAN PAN Y PLATOS EN SILENCIO.;0;16;0x463E;0x46B6;texto;;;;;;;;;;;;;
H3;115D;LA LUZ DE LA VELA A PUNTO DE APAGARSE HACIA EL LUGAR AUN MAS SINIESTRO. EN LA HABITACION SOLO RESONABA EL SONIDO DE LOS MECANISMOS.;5;11;0x46BB;0x46FE;texto;;;;;;;;;;;;;
H3;116D;CRAC CRAC CRAC. SENTI QUE NO DEBIA HACER NINGUN RUIDO, ASI QUE EMPECE A CAMINAR CON CUIDADO.;8;7;0x4703;0x4736;texto;;;;;;;;;;;;;
H3;117D;CLAC CLAC CLAC CLAC... DESDE EL PUNTO CIEGO DETRAS DE LA MESA, AVANZO UNA MUÑECA QUE PARECIA UN NIÑO.;7;9;0x473C;0x477B;texto;;;;;;;;;;;;;
H3;118D;Y LUEGO, ME EXTENDIO UNA MANZANA ROJA.;10;6;0x4782;0x479F;texto;;;;;;;;;;;;;
H3;119D;AL ALZAR LA MIRADA, LA MUÑECA SONRIO CON UNA EXPRESION HORRIBLE. SUS OJOS REFLEJABAN DE FORMA SINIESTRA LA LUZ AZUL DEL PISO.;7;9;0x47B4;0x47FB;texto;;;;;;;;;;;;;
H3;120D;2.@@1.@@CLAC@@@ NO@@GRA@CLAC@@@ GRA@CIA@CLAC... CIA@S@@@LA@@@@@ S@@@@@@@MUÑECA@ @@@@@@@@DE@@@@@ @@@@@@@@NIÑA@@@ @@@@@@@@AUN@@@@ @@@@@@@@ME@@@@@ @@@@@@@@EXTENDI @@@@@@@@A@@@@@@ @@@@@@@@LA@@@@@ @@@@@@@@MANZANA @@@@@@@@.@@@@@@;1;15;0x4801;0x484C;pregunta;;3;1;3;1;7;0;1. GRACIAS;2. NO GRACIAS;CLAC CLAC CLAC... LA MUÑECA DE NIÑA AUN ME EXTENDIA LA MANZANA.;;;
H3;121D;-AH, GRACIAS...- ACEPTE LA MANZANA TAL COMO ME LA OFRECIAN. LA MANZANA ERA REAL, Y TENIA UNA MARCA DE UN MORDISCO.;5;11;0x4CB1;0x4CF9;texto;;;;;;;;;;;;;
H3;122D;LA MUÑECA DE NIÑA ASINTIO CON SATISFACCION Y SIGUIO MIRANDOME FIJAMENTE COMO INSTANDOME A COMERLA.;9;7;0x4CFF;0x4D2B;texto;;;;;;;;;;;;;
H3;123D;COMO EVITANDO ESA MIRADA, ME DIRIGI HACIA LA SIGUIENTE PUERTA. ENTONCES LA MUÑECA DE NIÑA TAMBIEN VINO CONMIGO. OBSERVABA FIJAMENTE SI YO COMIA LA MANZANA O NO.;2;14;0x4D2F;0x4D8D;texto;;;;;;;;;;;;;
H3;124D;A ESTE PASO, PODRIA SEGUIRME HASTA FUERA DE LA PUERTA. LANCE LA MANZANA CON TODAS MIS FUERZAS. LAS MIRADAS DE LAS MUÑECAS SE CONCENTRARON EN EL OBJETO ROJO QUE TRAZABA UN ARCO EN EL AIRE.;2;14;0x4D91;0x4DED;texto;;;;;;;;;;;;;
H3;125D;CRIIIC. APROVECHE ESE MOMENTO Y SALI POR LA PUERTA.;10;6;0x4DF9;0x4E18;texto;;;;;;;;;;;;;
H3;126D;AVANCE POR EL PASILLO SIN DECIR NADA. DONDE ESTARIAN MAMI Y EMIKO? Y QUE ME ESPERARIA DESPUES? PENSAR EN ESO ME OPRIMIA EL PECHO.;2;14;0x56F5;0x574B;texto;;;;;;;;;;;;;
H3;127D;YA NO AGUANTO MAS... QUIERO SALIR. PERO NO VEO UNA SALIDA, NI SIQUIERA UNA DE EMERGENCIA, AUNQUE NORMALMENTE DEBERIA HABER UNA...;4;12;0x574F;0x579D;texto;;;;;;;;;;;;;
H3;128D;ENTONCES ALGO EXTRAÑO SE METIO EN MI CAMPO DE VISION. UN CUBO HECHO DE PAREDES DE VIDRIO. AL PRINCIPIO NO SUPE QUE ERA.;5;11;0x57A1;0x57E8;texto;;;;;;;;;;;;;
H3;129D;ERA UNA CABINA TELEFONICA. QUE HUBIERA UNA EN UN LUGAR ASI ERA, CLARAMENTE, SOSPECHOSO.;7;9;0x57FA;0x5828;texto;;;;;;;;;;;;;
H3;130D;ME ACERQUE CON CUIDADO. SI ESTE TELEFONO ERA DE VERDAD, PODRIA COMUNICARME CON ALGUIEN DE AFUERA O CON ALGUN EMPLEADO.;7;9;0x582C;0x5866;texto;;;;;;;;;;;;;
H3;131D;TRRRRIN! EL TELEFONO EMPEZO A SONAR DE REPENTE. ME QUEDE PARALIZADA. AL FINAL, ESTO SI ERA UNA CASA EMBRUJADA. SIN OTRA OPCION, LEVANTE EL AURICULAR. -HOLA...?-;2;14;0x5877;0x58DD;texto;;;;;;;;;;;;;
H3;132D;-BUENAS TARDES, SEÑORITA!- ESA VOZ ERA LA DE LA ESTATUA DE BRONCE QUE ESTABA EN LA ENTRADA DE LA CASA EMBRUJADA.;7;9;0x58E9;0x5925;texto;;;;;;;;;;;;;
H3;133D;-AL FIN SE HA QUEDADO USTED SOLA, VERDAD?- -...SAQUEME DE AQUI, POR FAVOR...- YO ESTABA AGOTADA.;5;11;0x592A;0x5966;texto;;;;;;;;;;;;;
H3;134D;-ESO NO PUEDE SER! MAS BIEN, SI QUIERE UNIRSE A NOSOTROS, LA RECIBIRE CON GUSTO EN MI MANSION!- -DEJENOS SALIR. DONDE ESTAN MAMI Y EMIKO?-;0;16;0x596B;0x59D7;texto;;;;;;;;;;;;;
H3;135D;SI SE NIEGA, NO HAY REMEDIO. TENGO UN SUBORDINADO EXCELENTE. SE LO DEJARE A EL. EL TELEFONO SE CORTO DE GOLPE. COLGUE EL AURICULAR. POR MAS MIEDO QUE TUVIERA, NO TENIA MAS OPCION QUE SEGUIR.;2;14;0x59DF;0x5A4C;texto;;;;;;;;;;;;;
H3;136D;AL CAMINAR UN RATO, LLEGUE A OTRA HABITACION SOSPECHOSA. UNA LUZ ROJA ILUMINABA TENUEMENTE TODO EL CUARTO. MIRE ALREDEDOR DURANTE UN MOMENTO.;2;14;0x639E;0x63FF;texto;;;;;;;;;;;;;
H3;137D;ESE LUGAR ERA MUCHO MAS ESTRECHO QUE LOS ANTERIORES, Y NO HABIA NINGUN TIPO DE MUÑECAS. EN SU LUGAR, DIVERSAS FORMAS ALINEADAS CONTRA LA PARED ME HICIERON TEMBLAR.;3;13;0x6403;0x645D;texto;;;;;;;;;;;;;
H3;138D;ERAN INSTRUMENTOS DE TORTURA OCCIDENTALES QUE HABIA VISTO ANTES ALGUNAS VECES EN TELEVISION O EN LIBROS. TODA ESTA HABITACION CILINDRICA HABIA SIDO RECREADA COMO UNA CAMARA DE TORTURA.;3;13;0x646B;0x64CC;texto;;;;;;;;;;;;;
H3;139D;POR LO QUE PUDE VER, NO HABIA PUERTA MAS ALLA DE ESTE PUNTO. LOS INSTRUMENTOS DE TORTURA ALINEADOS EN LA PARED TENIAN UN COLOR ANTIGUO Y PESADO, Y PARECIAN HABER SIDO USADOS DE VERDAD.;2;14;0x64D0;0x6532;texto;;;;;;;;;;;;;
H3;140D;ATAUDES CON FORMA HUMANA CUBIERTOS DE PUAS, JUNTO A CUCHILLAS GRANDES Y PEQUEÑAS. VARIAS CUERDAS VIEJAS CAIAN DEL TECHO, Y AL FONDO UNA GUILLOTINA.;5;11;0x6536;0x6594;texto;;;;;;;;;;;;;
H3;141D;TODOS ERAN ESCALOFRIANTES, CON ALGO PARECIDO A MANCHAS DE SANGRE PEGADAS. SIN SABER HACIA DONDE IR, ME ACERQUE AL CENTRO DE LA HABITACION.;5;11;0x6598;0x65E0;texto;;;;;;;;;;;;;
H3;142D;NO HABIA SALIDA POR NINGUNA PARTE. AUNQUE ESPERE, NO HUBO NINGUNA SEÑAL DE QUE FUERA A APARECER UNA PUERTA.;7;9;0x65E4;0x6612;texto;;;;;;;;;;;;;
H3;143D;GOGOGOGO... DE REPENTE, LA PARED DEL COSTADO EMPEZO A MOVERSE, Y DE ALLI SALIO UN HOMBRE MUSCULOSO CON EL ROSTRO CUBIERTO. PROBABLEMENTE... ERA EL ENCARGADO DE ESTA HABITACION.;3;13;0x661E;0x6687;texto;;;;;;;;;;;;;
H3;144D;PUDE ADIVINAR ENSEGUIDA CUAL ERA SU ESPECIALIDAD. EL SE ACERCO A MI PASO A PASO.;8;7;0x668B;0x66BC;texto;;;;;;;;;;;;;
H3;145D;-ELIGE UNA DE LAS DOS.- DIJO EL HOMBRE CON VOZ GRAVE Y TEMBLOROSA.;10;6;0x66C0;0x66DF;texto;;;;;;;;;;;;;
H3;146D;LO QUE SE METIO EN MI CAMPO DE VISION FUERON DOS INSTRUMENTOS DE TORTURA. UNO ERA UNA GUILLOTINA, FACIL DE ADIVINAR PARA QUE SERVIA.;5;11;0x66E3;0x672A;texto;;;;;;;;;;;;;
H3;147D;EL OTRO ERA UNA DONCELLA DE HIERRO. POR DENTRO TENIA VARIAS PUAS DE METAL. ESTABA DISEÑADO PARA QUE, AL ENTRAR Y CERRAR LA PUERTA, TODO EL CUERPO QUEDARA ATRAVESADO POR ELLAS...;3;13;0x672E;0x6786;texto;;;;;;;;;;;;;
H3;148D;2.@@1.@ELIG ATA@GU@E@@@ UD@@IL@UNA@ @@@@LO@DE@@ @@@@TI@LAS@ @@@@NA@DOS. @@@@@@@EL@@ @@@@@@@HOMB @@@@@@@RE@@ @@@@@@@LO@@ @@@@@@@REPI @@@@@@@TIO@ @@@@@@@DE@@ @@@@@@@NUEV @@@@@@@O.@@;5;11;0x678A;0x67C0;pregunta;;3;1;2;1;4;0;1. GUILLOTINA;2. ATAUD;ELIGE UNA DE LAS DOS. EL HOMBRE LO REPITIO DE NUEVO.;;;
H3;149D;CUANDO MIRE HACIA EL ATAUD, EL HOMBRE, SIN DECIR NADA, ME AGARRO DEL HOMBRO. CON UNA FUERZA TREMENDA, NO PUDE RESISTIRME EN ABSOLUTO. -SUELTAME!- LO UNICO QUE PUDE HACER FUE GRITAR.;2;14;0x730B;0x736C;texto;;;;;;;;;;;;;
H3;150D;EL HOMBRE ME EMPUJO DENTRO DE ESE ATAUD. NO TUVE NI UN INSTANTE PARA MOVERME.;9;7;0x7378;0x73A5;texto;;;;;;;;;;;;;
H3;151D;PUM. LA PUERTA SE CERRO. PERO... NADA SE CLAVO EN MI CUERPO.;7;9;0x73BB;0x73E7;texto;;;;;;;;;;;;;
H3;152D;NO SE QUE TIPO DE MECANISMO ERA, PERO CUANDO LO NOTE, ESTABA DE PIE EN UN PASILLO. DE ALGUN MODO, EL ATAUD DEBIA ESTAR CONECTADO A EL.;6;10;0x73EB;0x7435;texto;;;;;;;;;;;;;
H3;153D;AL FINAL, ESTO SI ES UNA CASA EMBRUJADA. NO HAY UN PELIGRO REAL PARA MI VIDA. AUNQUE TENGA MIEDO, SIGAMOS ADELANTE.;7;9;0x7439;0x7476;texto;;;;;;;;;;;;;
H3;157D;CON ESPERANZA, ME DI VUELTA UNA VEZ MAS. PERO, COMO ERA DE ESPERAR, NO PUDE VER NINGUNA FIGURA.;8;8;0xA3A9;0xA3CF;texto;;;;;;;;;;;;;
H3;158D;TAP TAP TAP, SE OYE UN SONIDO. SUENA COMO PASOS DE PIES DESCALZOS. APRESURE EL PASO Y EMPECE A CAMINAR.;7;9;0xA3DB;0xA41A;texto;;;;;;;;;;;;;
H3;159D;PERO ESE SONIDO TAMBIEN AUMENTO DE VELOCIDAD Y ME SEGUIA. DEL PURO MIEDO, TERMINE ECHANDOME A CORRER, PERO ME ALCANZO ENSEGUIDA.;5;11;0xA41E;0xA465;texto;;;;;;;;;;;;;
H3;160D;TAP TAP TAP TAP... TAP TAP TAP TAP... TAP TAP TAP TAP...;5;9;0xA473;0xA4EC;texto;;;;;;;;;;;;;
H3;161D;-AAAAAAAH!- GRITE Y ME AGACHE, ABRAZANDO MIS RODILLAS. ENTONCES ESE SONIDO PASO A MI LADO Y DESAPARECIO, COMO SI FUERA ABSORBIDO HACIA EL OTRO LADO DE LA PARED.;2;14;0xA4F6;0xA555;texto;;;;;;;;;;;;;
H3;162D;AVANCE HACIA ADELANTE MANTENIENDOME ALERTA A MI ALREDEDOR.;12;4;0xA559;0xA56E;texto;;;;;;;;;;;;;
H4;38D;EL ABUELO INTRODUJO EL DEDO EN SU UNICO OJO Y LO EXTRAJO SIN UN SOLO GEMIDO DE DOLOR.;8;8;0x11F3;0x1226;texto;;;;;;;;;;;;;
H4;49D;ABRACE A MADOKA. EL COLOR CRUDO DE LA CARNE DERRETIDA Y EL HEDOR QUE ME PUNZABA LA NARIZ ME CONFIRMABAN, SIN REMEDIO, QUE ESTO ERA LA REALIDAD. QUE PASO? NO NECESITAS SABERLO... NO LO NECESITAS.;1;15;0x175F;0x17DE;texto;;;;;;;;;;;;;
H4;50D;YO QUERIA PROTEGERLA. UUN, PERO... CERRE LA BOCA, Y ASI LA NOCHE FUE PASANDO.;5;11;0x17E2;0x181C;texto;;;;;;;;;;;;;
H4;101D;TENGO QUE DISIMULARLO COMO SEA. SI FUERAMOS RECIEN CASADOS, VIVIRIAMOS EN UNA CASA MEJOR, NO CREES? EN SERIO? A MI ESTE LUGAR ME GUSTA BASTANTE. MADOKA MIRO HACIA AFUERA, ENCANTADA.;0;16;0x2EFD;0x2F63;texto;;;;;;;;;;;;;
H4;102D;UN SAHUMERIO EN EL PORCHE, Y MAS ALLA EL BOSQUE Y EL CANTO DE LAS CIGARRAS. PUDIERON HABER SIDO UNAS LINDAS VACACIONES.;7;9;0x2F69;0x2FB0;texto;;;;;;;;;;;;;
H4;103D;...BUSCATE A ALGUIEN MEJOR. NO A ALGUIEN COMO YO.;10;6;0x2FBA;0x2FE1;texto;;;;;;;;;;;;;
H4;104D;LOS OJOS DE MADOKA SE ABRIERON BIEN GRANDES, COMO SI NO PUDIERA CREERLO.;10;6;0x2FE9;0x3009;texto;;;;;;;;;;;;;
H4;105D;POR QUE DICES ESO? NO SUPE QUE RESPONDER. HASTA YO MISMO ME SORPRENDI DE HABERLO DICHO. PORQUE EL ABUELO YA NO ESTA?;2;14;0x300D;0x306B;texto;;;;;;;;;;;;;
H4;106D;QUE FRIO DE TU PARTE. ERA ESO TODO LO QUE ERAMOS? SI TATSUKI SUFRE, YO TAMBIEN SUFRO. ASI QUE NO DIGAS ESO, QUEDEMONOS JUNTOS.;3;13;0x3071;0x30C1;texto;;;;;;;;;;;;;
H4;107D;NO ES ESO. TE QUIERO MUCHO. TU ALEGRIA Y TU EMPEÑO SIEMPRE ME DIERON VALOR. GRACIAS, LE DIJE DE TODO CORAZON.;4;12;0x30CC;0x3115;texto;;;;;;;;;;;;;
H4;147D;...ESTORBAS. LA APARTE CON FRIALDAD. NO SE ME OCURRIA OTRA COSA. LA UNICA MANERA DE SALVARME ERA QUE ELLA ME OLVIDARA. PERO CON SOLO PENSARLO, ME DOLIA.;0;16;0x4A81;0x4AF4;texto;;;;;;;;;;;;;
H4;148D;ES MENTIRA, VERDAD? MADOKA ME MIRABA CON UNA EXPRESION DE INCREDULIDAD. DIME QUE ES MENTIRA.;7;9;0x4B01;0x4B36;texto;;;;;;;;;;;;;
H4;149D;VETE, POR FAVOR... RESPONDI SACUDIENDO LA CABEZA. Y ME REPETI UNA Y OTRA VEZ, EN MI INTERIOR, QUE ESTO ERA LO CORRECTO.;7;9;0x4B44;0x4B87;texto;;;;;;;;;;;;;
H4;150D;ME VAS A DEJAR SOLA, VERDAD. MADOKA ME LO DIJO ENTRE LAGRIMAS.;9;7;0x4B91;0x4BBE;texto;;;;;;;;;;;;;
H4;151D;ADIOS, PERO... SE QUEDO CON LOS LABIOS APRETADOS, Y NO DIJO NADA MAS.;8;8;0x4BC2;0x4BEC;texto;;;;;;;;;;;;;
H4;152D;AL RATO, MADOKA JUNTO SUS COSAS Y, SIN DECIR NADA, EMPEZO A CAMINAR HACIA EL PUEBLO. ESTO ESTA BIEN. LO MURMURE MIENTRAS LA VEIA ALEJARSE.;3;13;0x4BFD;0x4C50;texto;;;;;;;;;;;;;
H4;153D;MIRANDO EL ATARDECER, RECORDE MI CORTA VIDA HASTA AHORA. PENSANDOLO BIEN, NO HUBO MUCHAS COSAS BUENAS.;5;11;0x4C62;0x4C94;texto;;;;;;;;;;;;;
H4;154D;PAPA Y MAMA MURIERON EN UN ACCIDENTE, Y EL ABUELO ME CRIO. SUPONGO QUE ESO ESTUVO BIEN, DE ALGUNA FORMA.;7;9;0x4C99;0x4CD2;texto;;;;;;;;;;;;;
H4;155D;SEGURAMENTE MORI EN AQUEL ACCIDENTE. Y EL ABUELO ME CREO DE NUEVO. NO SALIO MUY BIEN QUE DIGAMOS. QUIZA HUBIERA SIDO MEJOR QUEDARME MUERTO.;2;14;0x4CD6;0x4D3D;texto;;;;;;;;;;;;;
H4;156D;EL SOL SE PONIA Y EL CIELO TENIA UN COLOR HERMOSO. PERO ME ALEGRE DE VERDAD DE HABER CONOCIDO A MADOKA, A UNA CHICA TAN LINDA. FUI YO QUIEN LA DEJO IR.;3;13;0x4D42;0x4D9E;texto;;;;;;;;;;;;;
H4;157D;YA NO PUEDO MOVER EL CUERPO COMO QUISIERA. MENOS MAL QUE MADOKA NO LLEGO A VERME ASI.;7;9;0x4DA2;0x4DD3;texto;;;;;;;;;;;;;
H4;158D;CRUJE, CRUJE, CRUJE, CRUJE...;7;9;0x4DE1;0x4E0A;texto;;;;;;;;;;;;;
H4;159D;EL SONIDO SE HACIA CADA VEZ MAS FUERTE. ASI QUE YA SE ACABA. ME MIRE LAS MANOS. LA CARNE SE HABIA DERRETIDO Y SOLO QUEDABAN LOS HUESOS. QUE RARO, NO ME DUELE.;2;14;0x4E14;0x4E7D;texto;;;;;;;;;;;;;
H5;85D;ME DIO CURIOSIDAD, PERO PREFERI NO TOMARLO.;10;6;0xA44A;0xA461;texto;;;;;;;;;;;;;
H5;180D;TE DIGO QUE ME VOY A CONFORMAR CON TU MUJER, NO TE HAGAS EL VIVO!;8;8;0x241D;0x2452;texto;;;;;;;;;;;;;
H5;181D;LA ESPALDA DEL QUE PATEABA A KAORU ERA, SIN DUDA, LA DE SHIRAISHI, EL QUE ME ATACO EN LA BIBLIOTECA.;9;7;0x2465;0x2498;texto;;;;;;;;;;;;;
H5;182D;AGARRO A KAORU POR EL CUELLO DE LA CAMISA, Y LE DIO UN FUERTE PUÑETAZO AL COSTADO. EL ROSTRO DE KAORU SE CONTRAJO DE DOLOR, Y CAYO DE BRUCES AL SUELO.;5;11;0x24A8;0x250D;texto;;;;;;;;;;;;;
H5;183D;Y-YA, DETENTE!;10;2;0x2514;0x251F;texto;;;;;;;;;;;;;
H5;184D;Y-YA, DETENTE! MI GRITO RESONO EN VANO CONTRA EL VIDRIO.;5;7;0x2527;0x2540;texto;;;;;;;;;;;;;
H5;185D;SHIRAISHI PISOTEO EL DORSO DE LA MANO IZQUIERDA DE KAORU. EL ROSTRO DE KAORU SE CONTRAJO DE DOLOR.;5;11;0x2550;0x258B;texto;;;;;;;;;;;;;
H5;186D;LOS HOMBRES SEGUIAN PATEANDO A KAORU UNO TRAS OTRO, PERO EL NO MOSTRABA NI EL MAS MINIMO GESTO DE RESISTENCIA. POR QUE... QUE ERA LO QUE ESTABA PASANDO?;3;13;0x25B2;0x2632;texto;;;;;;;;;;;;;
H5;187D;KAORU SE HIZO UN OVILLO Y SE CUBRIO LA ESPALDA, TRATANDO DE ESCAPAR TODO LO QUE PUDO.;10;6;0x2636;0x2687;texto;;;;;;;;;;;;;
H5;188D;KAORU SE HIZO UN OVILLO Y SE CUBRIO LA ESPALDA, TRATANDO DE ESCAPAR TODO LO QUE PUDO. HABIA OIDO EN ALGUNA PARTE QUE, CUANDO LOS HUMANOS SUFREN, SE ENCOGEN COMO CUANDO ESTABAN EN EL VIENTRE DE SU MADRE.;2;14;0x2697;0x26CF;texto;;;;;;;;;;;;;
H5;189D;SEGURO QUE KAORU TAMBIEN ESTABA HACIENDO LO MISMO EN ESE MOMENTO.;7;9;0x26D7;0x26E7;texto;;;;;;;;;;;;;
H5;190D;MI MADRE, MARIKO, MIRO FIJAMENTE MIS OJOS INQUIETOS Y ME DIJO: YOKO, AHORA QUE VISTE ESTA REALIDAD CON TUS PROPIOS OJOS, QUE VAS A HACER?;5;11;0x26EF;0x2732;texto;;;;;;;;;;;;;
H5;191D;CERRE LOS OJOS LENTAMENTE, COMO TRATANDO DE RECUPERAR LA CALMA.;10;6;0x2736;0x275D;texto;;;;;;;;;;;;;
H5;192D;2.@@1.@@Y@@@@ ESP@IR@@ASI,@ ERA@A@@@DESPU R@@@AYU@ES@@@ A@@@DAR@DE@@@ KAO@A@@@UN@@@ RU@@KAO@RATO, @@@@RU@@TOME@ @@@@@@@@UNA@@ @@@@@@@@DECIS @@@@@@@@ION.@;3;13;0x7E17;0x7E52;pregunta;;3;1;3;1;5;0;1. IR A AYUDAR A KAORU;2. ESPERAR A KAORU;Y ASI, DESPUES DE UN RATO, TOME UNA DECISION.;;;
H5;193D;IRE A AYUDARLO.;7;3;0x33C4;0x33CB;texto;;;;;;;;;;;;;
H5;194D;PALABRAS QUE NI YO MISMA HABIA PENSADO SALIERON VOLANDO DE MI BOCA.;5;6;0x33D4;0x33F3;texto;;;;;;;;;;;;;
H5;195D;MARIKO PARECIO ALGO SORPRENDIDA, PERO ENSEGUIDA ASINTIO LEVEMENTE, COMO SI LO ENTENDIERA. VE CON CUIDADO.;5;11;0x33F8;0x343B;texto;;;;;;;;;;;;;
H5;196D;EN MI PECHO, UN GRAN NUDO DE ANGUSTIA SE HIZO PEDAZOS COMO UNA BURBUJA DE JABON, Y SIN DARME CUENTA EMPECE A CORRER.;7;9;0x3446;0x3481;texto;;;;;;;;;;;;;
H5;197D;FRENTE AL DEPOSITO DE MATERIALES, PUSE LA MANO EN LA PUERTA Y LA ABRI CON FUERZA.;10;6;0x349A;0x34C6;texto;;;;;;;;;;;;;
H5;198D;ALLI, ENTRE VARIOS ESTUDIANTES TENDIDOS EN EL SUELO, ESTABA KAORU, DE PIE, SOLO.;10;6;0x34D6;0x34FD;texto;;;;;;;;;;;;;
H5;199D;A DIFERENCIA DE LA VISION QUE ELLA ME HABIA MOSTRADO, KAORU SI HABIA ESTADO RESISTIENDO.;3;13;0x3506;0x3528;texto;;;;;;;;;;;;;
H5;200D;OIGAN, USTEDES! QUE ESTAN HACIENDO! TODOS SE DIERON VUELTA AL ESCUCHAR ESA VOZ ENSORDECEDORA.;2;9;0x3530;0x3574;texto;;;;;;;;;;;;;
H5;201D;MIERDA, ES TAMAI, EL DE ORIENTACION! CORRAN! AL OIR EL GRITO DE UNO DE ELLOS, LOS DEMAS SE DISPERSARON CORRIENDO EN DESBANDADA.;4;12;0x3578;0x35D0;texto;;;;;;;;;;;;;
H5;202D;ESPEREN!;12;2;0x35D6;0x35DC;texto;;;;;;;;;;;;;
H5;203D;ESPEREN! EL PROFESOR TAMAI CORRIA CON TODAS SUS FUERZAS DETRAS DE LOS ESTUDIANTES QUE HUIAN.;5;9;0x35E6;0x3609;texto;;;;;;;;;;;;;
H5;204D;EN EL DEPOSITO DE MATERIALES SOLO QUEDAMOS NOSOTROS DOS, MIRANDONOS FRENTE A FRENTE.;7;9;0x3612;0x3628;texto;;;;;;;;;;;;;
H5;205D;YOKO, YO... LO SIENTO. SOSTUVE SUAVEMENTE A KAORU, QUE PARECIA A PUNTO DE DERRUMBARSE EN CUALQUIER MOMENTO.;7;9;0x3639;0x3672;texto;;;;;;;;;;;;;
H5;206D;AUNQUE SOY ASI DE DEBIL, SI TE PARECE BIEN...;12;4;0x3679;0x3694;texto;;;;;;;;;;;;;
H5;207D;AUNQUE SOY ASI DE DEBIL, SI TE PARECE BIEN... APOYE MI MEJILLA EN EL PECHO DE KAORU, Y ASI DETUVE EL RESTO DE SUS PALABRAS.;5;11;0x369F;0x36C7;texto;;;;;;;;;;;;;
H5;208D;LUEGO, LENTAMENTE LEVANTE EL ROSTRO Y MIRE FIJAMENTE A LOS OJOS DE KAORU.;10;6;0x36CB;0x36E8;texto;;;;;;;;;;;;;
H5;209D;LUEGO, LENTAMENTE LEVANTE EL ROSTRO Y MIRE FIJAMENTE A LOS OJOS DE KAORU. OYE, ACEPTARIAS EL ANILLO?;5;11;0x36F0;0x3708;texto;;;;;;;;;;;;;
H5;210D;AL OIR ESO, KAORU ASINTIO DEBILMENTE. ME SENTIA SOLA.;8;7;0x3713;0x373C;texto;;;;;;;;;;;;;
H5;211D;AL OIR ESO, KAORU ASINTIO DEBILMENTE. ME SENTIA SOLA. PERO EL APARECIO, Y ESO ME RECONFORTO.;3;13;0x3745;0x3755;texto;;;;;;;;;;;;;
H5;212D;PERO... ESO ERA UN CONSUELO FALSO. NO ERA MAS QUE EL RESULTADO DE DEPENDER POR COMPLETO DE KAORU, ALGO PURAMENTE SUPERFICIAL...;4;12;0x375F;0x3792;texto;;;;;;;;;;;;;
H5;213D;PERO AHORA ES DIFERENTE. QUIERO PROTEGER A KAORU. Y, COMO HASTA AHORA, QUIERO QUE EL TAMBIEN ME PROTEJA A MI.;3;11;0x3798;0x37CE;texto;;;;;;;;;;;;;
H5;214D;QUIERO QUE VIVAMOS JUNTOS, LOS DOS.;7;9;0x37D6;0x37E0;texto;;;;;;;;;;;;;
H5;215D;...CONFIO EN TI.;6;10;0x37F3;0x37FA;texto;;;;;;;;;;;;;
H6;15F;PUSE UN PIE DENTRO DE LA MANSION.;12;4;0x0793;0x07A3;texto;;;;;;;;;;;;;
H6;16F;EL INTERIOR DE LA MANSION ESTABA CALIDO. PERO ANTES DE PODER SENTIRLO, ALGO EXTRAÑO APARECIO ANTE MIS OJOS.;7;9;0x07AD;0x07EC;texto;;;;;;;;;;;;;
H6;17F;EN EL SUELO SE HABIA ABIERTO UN GRAN AGUJERO, DE UNOS CUATRO METROS DE DIAMETRO. ADEMAS, LOS BORDES DE ESE AGUJERO SE DOBLABAN HACIA EL TECHO.;3;13;0x07FB;0x0847;texto;;;;;;;;;;;;;
H6;18F;PARECIA COMO SI ALGO GIGANTESCO HUBIERA BROTADO DESDE EL FONDO DE LA TIERRA.;10;6;0x084D;0x086C;texto;;;;;;;;;;;;;
H6;19F;2.@@1.@UNA@ NO@@MI@LUZ@ MIR@RA@EXTR AR@@R@@AÑA@ DEN@DE@SE@@ TRO@NT@FILT DEL@RO@RABA AGU@DE@DESD JER@L@@E@@@ O@@@AG@EL@@ @@@@UJ@FOND @@@@ER@O@@@ @@@@O@@DEL@ @@@@@@@AGUJ @@@@@@@ERO@;5;11;0x0A6C;0x0AA9;pregunta;si;3;1;2;1;4;0;1. MIRAR DENTRO DEL AGUJERO;2. NO MIRAR DENTRO DEL AGUJERO;UNA LUZ EXTRAÑA SE FILTRABA DESDE EL FONDO DEL AGUJERO;;;
H6;20F;EN EL AGUJERO, UNA GIGANTESCA SERPIENTE ENROSCADA EMITIA UN RESPLANDOR FLUORESCENTE. ABRIA Y CERRABA LENTAMENTE LOS PARPADOS UNA Y OTRA VEZ.;5;11;0x3192;0x31EE;texto;;;;;;;;;;;;;
H6;21F;CADA UNA DE SUS ESCAMAS BRILLABA CON LOS COLORES DEL ARCOIRIS, COMO LA SUPERFICIE DE UNA POMPA DE JABON. NO IMAGINABA LO LARGA QUE ERA.;7;9;0x31FF;0x324C;texto;;;;;;;;;;;;;
H6;22F;CAMINE BORDEANDO EL AGUJERO, PROCURANDO NO PROVOCAR A LA SERPIENTE, Y ME DETUVE FRENTE A LA PUERTA PRINCIPAL.;8;8;0x3250;0x3287;texto;;;;;;;;;;;;;
H6;23F;AL ENTRAR, ME ENCONTRE EN UNA HABITACION ESTRECHA EN FORMA CILINDRICA.;10;6;0x0E78;0x0EA2;texto;;;;;;;;;;;;;
H6;24F;A LO LARGO DE LAS PAREDES CONSTRUIDAS CON PIEDRAS APILADAS, HABIA UNA ESCALERA DE CARACOL QUE ASCENDIA. ERA BASTANTE LARGA Y MIRANDO HACIA ARRIBA NO SE PODIA VER DONDE TERMINABA.;3;13;0x0EA7;0x0F10;texto;;;;;;;;;;;;;
H6;25F;CUANDO LO VI DESDE FUERA, NO HABIA NADA PARECIDO A ESTA TORRE......;10;6;0x0F1B;0x0F37;texto;;;;;;;;;;;;;
H6;26F;APARTE DE LA ENTRADA POR LA QUE HABIA LLEGADO, NO SE VEIA OTRA SALIDA. DECIDI SUBIR POR LA ESCALERA.;9;7;0x0F3C;0x0F6E;texto;;;;;;;;;;;;;
H6;27F;......;2;11;0x0F81;0x0F9F;texto;;;;;;;;;;;;;
H6;28F;NO SE CUANTO TIEMPO LLEVABA SUBIENDO. POR MUCHO QUE PASARA, EL FINAL NO PARECIA ACERCARSE.;9;7;0x0FAA;0x0FD0;texto;;;;;;;;;;;;;
H6;29F;LAS FRIAS PAREDES NO TENIAN VENTANAS. EL MISMO PAISAJE CONTINUABA UNA Y OTRA VEZ.;10;6;0x0FD5;0x0FF7;texto;;;;;;;;;;;;;
H6;30F;2.@@1.@@ACASO,@ VOL@SEG@POR@@@@ VER@UIR@ALGUN@@ ATR@SUB@TIPO@@@ AS@@IEN@DE@@@@@ @@@@DO@@TRUCO,@ @@@@@@@@ESTABA@ @@@@@@@@DANDO@@ @@@@@@@@VUELTAS @@@@@@@@EN@@@@@ @@@@@@@@EL@@@@@ @@@@@@@@MISMO@@ @@@@@@@@LUGAR?@;1;15;0x108E;0x10DE;pregunta;si;3;1;3;1;7;0;1. SEGUIR SUBIENDO;2. VOLVER ATRAS;ACASO, POR ALGUN TIPO DE TRUCO, ESTABA DANDO VUELTAS EN EL MISMO LUGAR?;;;
H6;31F;ESTO TENIA QUE SER ALGUN TIPO DE TRUCO. AL PARECER, HABIA CAIDO DE LLENO EN UNA BROMA DEL DISEÑADOR DE ESTA MANSION.;7;9;0x412F;0x4171;texto;;;;;;;;;;;;;
H6;32F;EMPECE A BAJAR POR LA ESCALERA QUE ACABABA DE SUBIR, PERO LA ESCALERA BAJABA SIN FIN, POR MAS TIEMPO QUE PASARA.;7;9;0x4175;0x41BE;texto;;;;;;;;;;;;;
H6;33F;LA IRRITACION FUE CRECIENDO, Y EMPECE A CORRER. ME PREGUNTE SI ACASO JAMAS LOGRARIA SALIR DE ESA ESCALERA.;7;9;0x41C2;0x41FC;texto;;;;;;;;;;;;;
H6;34F;QUE ESTARIA PENSANDO EL DUEÑO DE ESTA MANSION? SE ESTARIA BURLANDO DE ESTE POBRE INTRUSO?;9;7;0x4200;0x422D;texto;;;;;;;;;;;;;
H6;35F;......!? EN ESE INSTANTE, RESBALE Y CAI RODANDO POR LA ESCALERA.;9;7;0x4231;0x426C;texto;;;;;;;;;;;;;
H6;36F;ESTABA TAN CONCENTRADO EN PENSAR QUE DESCUIDE DONDE PISABA.;10;6;0x427E;0x42A0;texto;;;;;;;;;;;;;
H6;37F;MIENTRAS SOPORTABA EL DOLOR QUE RECORRIA MI CUERPO, DESEABA QUE TODO TERMINARA PRONTO. ENTONCES, CON UN GOLPE SECO, FUI ARROJADO AL SUELO.;5;11;0x42A6;0x42F6;texto;;;;;;;;;;;;;
H6;49F;EN UN RINCON DE LA HABITACION, HABIA ALGO PARECIDO A UNA ROCA GIGANTESCA Y ESCARPADA.;9;7;0x20CB;0x20F7;texto;;;;;;;;;;;;;
H6;50F;ERA MUCHO MAS GRANDE QUE LA PUERTA POR LA QUE HABIA ENTRADO. NO HABIA FORMA DE QUE ALGO ASI CUPIERA EN LA HABITACION. ME ACERQUE A LA ROCA Y LA TOQUE SUAVEMENTE.;4;12;0x2101;0x214C;texto;;;;;;;;;;;;;
H6;51F;SERA MI IMAGINACION? ME PARECIO QUE LA ROCA SE HABIA MOVIDO. VOLVI A TOCARLA.;7;9;0x2150;0x2180;texto;;;;;;;;;;;;;
H6;52F;CRA! UNA PARTE DE LA ROCA SE DESLIZO, Y APARECIO UN OJO GIGANTESCO, HUMEDO Y BRILLANTE.;8;8;0x2193;0x21CA;texto;;;;;;;;;;;;;
H6;53F;EL OJO MIRO POR LOS ALREDEDORES DURANTE UN MOMENTO, Y AL FINAL ME LOCALIZO, CLAVANDOME UNA MIRADA PENETRANTE.;7;9;0x21CE;0x2208;texto;;;;;;;;;;;;;
H6;54F;RETROCEDI SIN PODER EVITARLO. VENISTE A BURLARTE DE MI?, UNA VOZ COMO UNA CAMPANA ROTA RETUMBO POR TODA LA HABITACION.;2;14;0x2219;0x2262;texto;;;;;;;;;;;;;
H6;55F;AL RETROCEDER UNOS PASOS, POR FIN PUDE VER LA FIGURA COMPLETA DE ESO.;7;9;0x2267;0x2298;texto;;;;;;;;;;;;;
H6;56F;NO ERA NINGUNA ROCA. ERA UN SER VIVO. ALLI ESTABA LA CABEZA DE UN DRAGON GIGANTESCO. VOLVIO A RUGIR.;8;8;0x22A3;0x22D3;texto;;;;;;;;;;;;;
H6;57F;2.@@1.@@PIENSAS EST@EST@POR@@@@ A@@@A@@@QUE@@@@ DES@ESC@ESTOY@@ CAN@OND@EN@@@@@ SAN@IDO@UN@@@@@ DO@@@@@@LUGAR@@ @@@@@@@@ASI,@@@ @@@@@@@@VERDAD? @@@@@@@@DILO.@@;1;15;0x22DE;0x2329;pregunta;si;3;1;3;1;7;0;1. ESTA ESCONDIDO;2. ESTA DESCANSANDO;PIENSAS POR QUE ESTOY EN UN LUGAR ASI, VERDAD? DILO.;;;
H6;58F;LE PREGUNTE SI ESTABA DESCANSANDO, Y EL ASINTIO LEVEMENTE, Y COMENZO A CONTARME LO QUE SUCEDIA.;8;8;0x2628;0x2653;texto;;;;;;;;;;;;;
H6;59F;SEGUN CONTO, POCO ANTES HABIA CAIDO ALLI. NO FUE QUE ALGUIEN LE HUBIERA HECHO ALGO. SIMPLEMENTE, DE REPENTE, PERDIO TODA LA FUERZA DE SU CUERPO. Y ASI, CAYO DESDE MUY ALTO EN EL CIELO HASTA ESE LUGAR.;0;16;0x2665;0x26CC;texto;;;;;;;;;;;;;
H6;60F;2.@@1.@@HE@@@@@ DEJ@ANI@VIVIDO@ ARL@MAR@MAS@@@@ O@@@LO@@DE@@@@@ TRA@@@@@MIL@@@@ NQU@@@@@AÑOS.@@ ILO@@@@@PARECE@ @@@@@@@@QUE@@@@ @@@@@@@@SE@@@@@ @@@@@@@@ACERCA@ @@@@@@@@MI@@@@@ @@@@@@@@HORA@@@ @@@@@@@@DE@@@@@ @@@@@@@@MORIR@@;1;15;0x26D7;0x271D;pregunta;si;3;1;3;1;7;0;1. ANIMARLO;2. DEJARLO TRANQUILO;HE VIVIDO MAS DE MIL AÑOS. PARECE QUE SE ACERCA MI HORA DE MORIR;;;
H6;61F;ESO NO ES ASI, VOLVERAS A PODER VOLAR. LE RESPONDI.;10;6;0x9B7A;0x9B98;texto;;;;;;;;;;;;;
H6;62F;SE NOTABA CON SOLO MIRAR SUS OJOS. AUNQUE SU CUERPO ESTUVIERA CAMINO A LA MUERTE... SERA CIERTO? EL DRAGON MOVIO SUS ALAS.;7;9;0x9B9D;0x9BDE;texto;;;;;;;;;;;;;
H6;63F;AL INTERIOR DE LA SALA, SE LEVANTO UN REMOLINO DE VIENTO.;12;4;0x9BEA;0x9BFB;texto;;;;;;;;;;;;;
H6;64F;NO SE CUANTO TIEMPO PASO. CERRO LOS OJOS CON CALMA. NO PODIA SABER LO QUE PENSABA, PERO SENTI QUE SU ROSTRO REFLEJABA SATISFACCION.;5;11;0x9C02;0x9C4C;texto;;;;;;;;;;;;;
H6;65F;SALI DE LA HABITACION.;14;2;0x9C50;0x9C5A;texto;;;;;;;;;;;;;
H6;83F;MI PREGUNTA PARECIO DESCONCERTARLA UN POCO, PERO AL MOMENTO ESBOZO UNA SONRISA EN LOS LABIOS Y RESPONDIO: SE EQUIVOCA.;5;11;0x8EF9;0x8F45;texto;;;;;;;;;;;;;
H6;84F;EN REALIDAD USTED ES EL AMO DE ESTA CASA, NO ES ASI? VOLVIO A PREGUNTARME ELLA.;7;9;0x8F4A;0x8F7F;texto;;;;;;;;;;;;;
H6;85F;AL NO PODER RESPONDER A ESO, ELLA SALIO DE LA HABITACION DEJANDO SU SONRISA ATRAS.;8;7;0x8F83;0x8FB6;texto;;;;;;;;;;;;;
H6;86F;POCO DESPUES, YO TAMBIEN SALI DE LA HABITACION.;12;4;0x8FD0;0x8FE3;texto;;;;;;;;;;;;;
H6;92F;2.@@1.@@AVANZO@ RET@AVA@Y@@@@@@ ROC@NZA@VEO@@@@ EDE@R@@@DONDE@@ R@@@@@@@CONDUC@ @@@@@@@@E@@@@@@ @@@@@@@@LA@@@@@ @@@@@@@@EVOLUC@ @@@@@@@@ION.@@@ @@@@@@@@RETROC@ @@@@@@@@EDO@@@@ @@@@@@@@Y@@@@@@ @@@@@@@@VEO@@@@ @@@@@@@@EL@@@@@ @@@@@@@@ORIGEN@;1;15;0x2EF5;0x2F46;pregunta;si;3;1;3;1;6;1;1. AVANZAR;2. RETROCEDER;AVANZO Y VEO DONDE CONDUCE LA EVOLUCION. RETROCEDO Y VEO EL ORIGEN;;;
H6;93F;QUE SERA EL ORIGEN DE LA VIDA? SENTI COMO SI QUISIERA VER ESTE ARBOL GENEALOGICO DESDE EL PRINCIPIO.;7;9;0x6A68;0x6A9B;texto;;;;;;;;;;;;;
H6;94F;LA EVOLUCION ES UNA SUCESION CONTINUA DE APARICION Y EXTINCION. DENTRO DE ELLA, POR ALGUNA RAZON, ALGUNAS COSAS PROSPERAN Y OTRAS SON ELIMINADAS.;5;11;0x6AA0;0x6AED;texto;;;;;;;;;;;;;
H6;95F;AL PASADO. ME PREGUNTE SI ACASO DESEABA QUE ESTE GRAN ARBOL ME REVELARA LA LUZ DE LA VERDAD.;8;8;0x6AFA;0x6B25;texto;;;;;;;;;;;;;
H6;96F;POR QUE APARECIO LA VIDA, Y HACIA DONDE SE DIRIGE? SERA DIOS LO QUE HAY EN LA RAIZ DE ESTE ARBOL? PRONTO OBTENDRIA LA RESPUESTA......;4;12;0x6B2B;0x6B78;texto;;;;;;;;;;;;;
H6;97F;LOS TEMBLORES DE MI CUERPO NO DEJABAN DE AUMENTAR.;12;4;0x6B80;0x6B90;texto;;;;;;;;;;;;;
H6;98F;NO MIRES, ME ORDENABA MI CUERPO. QUIZAS FUERA LO MEJOR. ADEMAS, NO DEBERIA QUEDARME MUCHO TIEMPO EN UN LUGAR COMO ESTE.;3;13;0x6B9A;0x6BDB;texto;;;;;;;;;;;;;
H6;99F;SALI CORRIENDO HACIA LA SIGUIENTE PUERTA.;12;4;0x6BDF;0x6BF0;texto;;;;;;;;;;;;;
H1;118E;QUISE CONTARLE ALGO DIVERTIDO PARA QUE SE RELAJARA UN POCO, PERO NO SE ME OCURRIA NINGUN TEMA INTERESANTE. MIENTRAS TANTO, ELLA ME ESTABA MIRANDO.;5;11;0x2E75;0x2EC7;texto;si;;;;;;;;;;;;
H1;119E;SENTI UN POCO DE CURIOSIDAD Y LE PREGUNTE: QUE PASA? REI-CHAN BAJO LA MIRADA, PENSO ALGO UN MOMENTO Y LUEGO,;5;11;0x2ECB;0x2F08;texto;si;;;;;;;;;;;;
H1;120E;PUEDES ESCUCHAR UN POCO LO QUE TENGO QUE DECIRTE? ME PREGUNTO CON EXPRESION SERIA. NO PODIA NEGARME A SU PEDIDO. CLARO, RESPONDI.;2;14;0x2F0D;0x2F68;texto;si;;;;;;;;;;;;
H1;121E;REI-CHAN HABLO SOBRE SU PROPIA PREOCUPACION. SU HISTORIA ERA MAS O MENOS ASI:;8;8;0x2F73;0x2FA5;texto;si;;;;;;;;;;;;
H1;122E;SU FAMILIA ERA DE RENOMBRE DESDE HACIA GENERACIONES, Y ELLA, LA UNICA HIJA, SE HABIA ENTRENADO EN EL ARTE FLORAL.;7;9;0x2FAA;0x2FEC;texto;si;;;;;;;;;;;;
H1;123E;SU MADRE QUERIA QUE ELLA HEREDARA LA CASA, Y DECIDIA TODO SOBRE LA VIDA DE REI-CHAN. HASTA LE HABIAN DECIDIDO UN PROMETIDO. ESO LE DISGUSTABA MUCHISIMO, PERO NO PODIA DESOBEDECER A SU MADRE;2;14;0x2FF2;0x3060;texto;si;;;;;;;;;;;;
H1;124E;AL FINAL, MAÑANA TENIA QUE ENCONTRARSE CON ESE PROMETIDO, Y SIN PODER SOPORTARLO MAS, HABIA HUIDO.;7;9;0x3064;0x309E;texto;si;;;;;;;;;;;;
H1;125E;NO SE ME OCURRIA UNA BUENA RESPUESTA, ASI QUE SOLO ESCUCHABA ASINTIENDO. POR AHORA PENSEMOS SOLO EN SALIR DE AQUI, ESO FUE LO UNICO QUE PUDE DECIRLE.;3;13;0x30A8;0x30FC;texto;si;;;;;;;;;;;;
H1;126E;REI-CHAN ASINTIO SUAVEMENTE Y DIJO: TIENES RAZON. NOS LEVANTAMOS, SALIMOS DEL CUARTO Y SUBIMOS AL SEGUNDO PISO POR LA ESCALERA QUE HABIAMOS ENCONTRADO ANTES.;2;14;0x3101;0x3158;texto;si;;;;;;;;;;;;
H1;127E;PARECIA QUE HABERLE DICHO LO QUE TENIA GANAS DE DECIR LE HIZO BIEN, PORQUE HABIA RECUPERADO UN POCO DE ANIMO.;8;8;0x316A;0x3198;texto;si;;;;;;;;;;;;
H1;147E;PERO... Y QUE IMPORTA, ES UNA COMPLETA DESCONOCIDA.;9;7;0x51F6;0x521B;texto;si;;;;;;;;;;;;
H1;148E;UNA COMPLETA DESCONOCIDA? SI! UNA COMPLETA DESCONOCIDA! NO IMPORTA LO QUE LE PASE A ESA, VERDAD? DIME!;7;9;0x5220;0x525D;texto;si;;;;;;;;;;;;
H1;149E;...QUIZAS SEA ASI...;12;4;0x5261;0x526F;texto;si;;;;;;;;;;;;
H1;150E;2.@@1.@EL@@@@ POR@AU@CORAZO AHO@N@@N@@@@@ RA.@AS@EMPEZO ..@@I.@A@@@@@ @@@@..@HUNDIR @@@@!@@SE@@@@ @@@@@@@EN@@@@ @@@@@@@LA@@@@ @@@@@@@OSCURI @@@@@@@DAD@@@ @@@@@@@Y@@@@@ @@@@@@@EL@@@@ @@@@@@@CUERPO @@@@@@@QUERIA @@@@@@@HUIR.@;3;13;0x5274;0x52B9;pregunta;si;3;1;2;1;6;0;1. AUN ASI...!;2. POR AHORA...;EL CORAZON EMPEZO A HUNDIRSE EN LA OSCURIDAD Y EL CUERPO QUERIA HUIR.;;;
H2;143E;NO TERMINE DE LEER BIEN LA CARTA, ME APURE Y FUI HACIA EL CUARTO. SUBI LAS ESCALERAS Y CRUCE EL PASILLO DE UN TIRON.;8;8;0x5A27;0x5A64;texto;si;;;;;;;;;;;;
H2;172E;AL OIR EL ALBOROTO, LOS VECINOS SE ASOMARON. UNA MUJER DE MEDIANA EDAD ME HABLO: QUE PASO AQUI?!;5;11;0x7522;0x7566;texto;si;;;;;;;;;;;;
H2;173E;NERVIOSA Y TENSA, HABLANDO ENTRECORTADAMENTE, LE EXPLIQUE LA SITUACION.;10;6;0x756A;0x7591;texto;si;;;;;;;;;;;;
H2;174E;AL ESCUCHARME, LA MUJER CORRIO A SU DEPARTAMENTO Y LLAMO A LA POLICIA. LOS CURIOSOS EMPEZARON A JUNTARSE DE A POCO. YO NO PODIA CALMARME. QUE HABRIA PASADO CON MIKA?;2;14;0x7597;0x75FC;texto;si;;;;;;;;;;;;
H2;175E;EN POCO TIEMPO LLEGARON DOS POLICIAS. YO MISMA LOS GUIE HASTA MI CUARTO. EL OFICIAL ABRIO LA PUERTA CON CUIDADO.;7;9;0x7601;0x7647;texto;si;;;;;;;;;;;;
H2;176E;EL INTERIOR DEL CUARTO SEGUIA TAN OSCURO COMO SIEMPRE. TRATE DE AGUZAR EL OIDO, PERO NO SE ESCUCHABA NADA.;8;8;0x764D;0x767E;texto;si;;;;;;;;;;;;
H2;177E;LOS POLICIAS SE MIRARON ENTRE SI Y ENTRARON. YO ME QUEDE ESPERANDO EN LA ENTRADA.;8;8;0x7686;0x76AF;texto;si;;;;;;;;;;;;
H2;178E;AL RATO, AL ESCUCHAR EL GRITO DEL OFICIAL, NO PUDE QUEDARME QUIETA Y ENTRE.;9;7;0x76B3;0x76E4;texto;si;;;;;;;;;;;;
H2;179E;EL OFICIAL ESTABA PARADO, PARALIZADO, EN EL CUARTO DE MIKA. VI ALGO TIRADO A LOS PIES DEL POLICIA Y PEGUE UN GRITO.;7;9;0x76EB;0x7727;texto;si;;;;;;;;;;;;
H2;129K;CERRE LA PUERTA CON LA MANO TEMBLANDO, Y ESPIE HACIA EL OTRO LADO.;10;6;0x80CD;0x80EE;texto;;;;;;;;;;;;;
H2;130K;AAAAAH! ALGO ENSANGRENTADO Y BLANDO ESTABA AHI TIRADO. ERA EL GATO AL QUE SIEMPRE LE DABA DE COMER, CRUELMENTE DECAPITADO, ABANDONADO COMO SI FUERA UNA MUÑECA.;0;16;0x80FE;0x817C;texto;;;;;;;;;;;;;
H2;131K;LA SANGRE SE HABIA CONVERTIDO EN UNA MANCHA GRANDE QUE SE EXTENDIA POR EL PASILLO.;10;6;0x8181;0x81A2;texto;;;;;;;;;;;;;
H2;132K;MIKA TAMBIEN SALIO CORRIENDO DE SU CUARTO AL OIR MI GRITO FUERA DE LO NORMAL, PERO AL VER EL ESTADO DEL PASILLO SE QUEDO SIN HABLA, SIN PODER MOVERSE. QUE ES ESTO...;3;13;0x81B5;0x821A;texto;;;;;;;;;;;;;
H2;133K;MIS OJOS QUEDARON CLAVADOS EN EL CADAVER. QUERIA APARTAR LA MIRADA, PERO NO PODIA. EL CORAZON ME LATIA COMO UNA CAMPANA. FUMINA, FUMINA, REACCIONA!;2;14;0x821E;0x827B;texto;;;;;;;;;;;;;
H2;134K;CUANDO LEVANTE LA CARA AL SENTIR QUE ME SACUDIAN, MIKA ME MIRABA FIJO CON EL ROSTRO PALIDO. LA MANO QUE ME SUJETABA TEMBLABA. SIN PENSARLO ME AFERRE A ELLA. LA PELEA SE HABIA BORRADO POR COMPLETO DE MI CABEZA...;0;16;0x8286;0x82FC;texto;;;;;;;;;;;;;
H2;135K;DESPUES DE ESO, LE DEJE EL RESTO A MIKA Y ME FUI A LA ESCUELA.;10;6;0x85A8;0x85C8;texto;;;;;;;;;;;;;
H2;136K;EN LA ESCUELA, GRACIAS A MIS AMIGAS PUDE MANTENER LO DEL GATO EN UN RINCON DE MI CABEZA... PERO...;8;8;0x85CE;0x8602;texto;;;;;;;;;;;;;
H2;137K;AL VOLVER DE LA ESCUELA, A MEDIDA QUE EL EDIFICIO SE ACERCABA, LA ESCENA DE ESTA MAÑANA SE ME VINO A LA MENTE NUEVAMENTE Y EMPECE A SENTIRME MAL.;5;11;0x8608;0x8654;texto;;;;;;;;;;;;;
H2;138K;CAI EN UN LEVE AUTODESPRECIO. POR MAS QUE ME HAGA LA FUERTE, CUANDO REALMENTE IMPORTA TERMINO DEPENDIENDO DE MIKA.;7;9;0x8658;0x869C;texto;;;;;;;;;;;;;
H2;102M;NO TENIA SENTIDO SEGUIR ASI. ME ARME DE VALOR Y LEVANTE EL TELEFONO. HOLA... AH, FUMINA? MIKA-CHAN? ERA MIKA QUIEN LLAMABA. ALIVIADA, SENTI COMO SE ME AFLOJABA EL CUERPO.;0;16;0x4233;0x42BD;texto;;;;;;;;;;;;;
H2;103M;DONDE RAYOS ESTAS? PERDON, PERDON, NO TUVE TIEMPO DE AVISARTE. LA VERDAD ES QUE TUVE UN ACCIDENTE, Y AHORA ESTOY EN EL HOSPITAL. EL HOSPITAL?;3;13;0x42C4;0x4318;texto;;;;;;;;;;;;;
H2;104M;TE CUENTO LOS DETALLES CUANDO VUELVA A CASA. AHORA ESTOY EN UN TELEFONO PUBLICO. NOS VEMOS. MIKA DIJO ESO Y CORTO.;5;11;0x431D;0x4360;texto;;;;;;;;;;;;;
H2;105M;SOLA OTRA VEZ, SEGUI ESPERANDO A MIKA CON UNA INQUIETUD DIFUSA QUE NO PODIA SACARME DE ENCIMA.;8;8;0x4367;0x4394;texto;;;;;;;;;;;;;
H3;166E;REIKA-! GRITO EMIKO CORRIENDO DESDE EL OTRO LADO DEL PASILLO. QUE ALIVIO, PENSE QUE HABIAS MUERTO.;7;9;0xC57B;0xC5B4;texto;si;;;;;;;;;;;;
H3;167E;NO HAY FORMA DE QUE MURAMOS EN UN PARQUE DE DIVERSIONES RESPONDI, ESBOZANDO UNA SONRISA. LA TENSION SE AFLOJO. NOS REIMOS JUNTAS UN RATO.;4;12;0xC5B8;0xC601;texto;si;;;;;;;;;;;;
H3;168E;VOLVIMOS A AVANZAR POR EL PASILLO. UN SONIDO SE ACERCABA DESDE ATRAS. PAT, PAT. POR MAS QUE NOS DIMOS VUELTA CON MIEDO, LA LUZ TENUE NO ALCANZABA PARA VER MAS ALLA.;2;14;0x7B47;0x7BB5;texto;si;;;;;;;;;;;;
H3;169E;2.@@1.@@TAL PRE@VOL@VEZ GUN@TEA@SEA TAR@R@@@MAM LE@@A@@@I@@ A@@@MIR@@@@ EMI@AR@@@@@ KO@@@@@@@@@;5;11;0x7BBB;0x7BEB;pregunta;si;3;1;3;1;3;0;1. VOLTEAR A MIRAR;2. PREGUNTARLE A EMIKO;TAL VEZ SEA MAMI;;;
H3;170E;OYE, HABIA ALGUIEN DETRAS? EMIKO NEGO LEVEMENTE CON LA CABEZA.;8;8;0x9C89;0x9CAF;texto;si;;;;;;;;;;;;
H3;171E;NOS DETUVIMOS Y EL SONIDO TAMBIEN SE PARO EN SECO. NOS MIRAMOS Y APURAMOS EL PASO, PERO EL SONIDO TAMBIEN ACELERO Y NOS SIGUIO.;5;11;0x9CB3;0x9D03;texto;si;;;;;;;;;;;;
H3;172E;SONABA COMO PASOS DE PIES DESCALZOS. EL MIEDO NOS HIZO ECHAR A CORRER.;10;6;0x9D07;0x9D2D;texto;si;;;;;;;;;;;;
H3;173E;SONABA COMO PASOS DE PIES DESCALZOS. EL MIEDO NOS HIZO ECHAR A CORRER. ENTONCES EL SONIDO ACELERO AUN MAS Y VINO DIRECTO HACIA NOSOTRAS.;5;11;0x9D33;0x9D53;texto;si;;;;;;;;;;;;
H3;174E;CORRIMOS HASTA EL FINAL DEL PASILLO Y NOS QUEDAMOS SIN SALIDA. AUN ASI, AQUELLO SIN FORMA VISIBLE SE ACERCABA CADA VEZ MAS RAPIDO.;5;11;0x9D58;0x9D9D;texto;si;;;;;;;;;;;;
H3;175E;PAT PAT PAT PAT PAT PAT PAT PAT PAT PAT PAT PAT...;5;11;0x9DAB;0x9E24;texto;si;;;;;;;;;;;;
H3;176E;AAAAAH! GRITAMOS TODAS AL UNISONO Y NOS AGACHAMOS ABRAZANDO NUESTRAS RODILLAS.;8;8;0x9E2E;0x9E5D;texto;si;;;;;;;;;;;;
H3;177E;ENTONCES EL SONIDO PASO DE LARGO A NUESTRO LADO Y SE DESVANECIO COMO SI FUERA ABSORBIDO HACIA EL OTRO LADO DE LA PARED. EMIKO Y YO SEGUIMOS AVANZANDO, VIGILANDO A NUESTRO ALREDEDOR.;3;13;0x9E61;0x9EB6;texto;si;;;;;;;;;;;;
H3;178E;DESPUES DE UN RATO, LLEGAMOS FRENTE A UNA PUERTA. CRIIIC. ABRI LA PUERTA MAS CERCANA. DENTRO DE LA HABITACION NO HABIA NADA QUE PUDIERA ASUSTARNOS. PARECIA UN ESTUDIO.;2;14;0x9EBE;0x9F3D;texto;si;;;;;;;;;;;;
H3;179E;UN POCO DESILUSIONADAS PERO CON CUIDADO, ENTRAMOS. TRES DE LAS PAREDES ERAN ESTANTERIAS LLENAS DE LIBROS SIN NINGUN HUECO.;7;9;0x9F42;0x9F85;texto;si;;;;;;;;;;;;
H3;180E;AL ABRIR LA CORTINA Y MIRAR POR LA VENTANA, SE EXTENDIA UN BOSQUE Y UNA LADERA. EN ESE PAISAJE EMPEZARON A ENCENDERSE LUCES, UNA, DOS...;4;12;0x9F8A;0x9FDF;texto;si;;;;;;;;;;;;
H3;181E;Y AQUELLAS LUCES SE FUERON HACIENDO MAS GRANDES Y SE IBAN REUNIENDO EN ESTA MANSION.;9;7;0x9FE3;0xA00C;texto;si;;;;;;;;;;;;
H3;182E;NO HABRA NINGUN MECANISMO OCULTO AQUI? PREGUNTO EMIKO. LOS LIBROS DEL ESTANTE PARECIAN TODOS EXTRANJEROS Y NINGUNO PARECIA QUE PUDIERA LEER. SOLO HABIA UN ESCRITORIO.;0;16;0xA010;0xA075;texto;si;;;;;;;;;;;;
H3;183E;2.@@1.@@AL@@@ MIR@MIR@FIJAR AR@@AR@@SE@@@ LOS@EL@@BIEN, LIB@CUA@HABIA ROS@DER@UN@@@ @@@@NO@@CUADE @@@@@@@@RNO@@ @@@@@@@@SOBRE @@@@@@@@EL@@@ @@@@@@@@ESCRI @@@@@@@@TORIO;3;13;0xA079;0xA0B4;pregunta;si;3;1;3;1;5;0;1. MIRAR EL CUADERNO;2. MIRAR LOS LIBROS;AL FIJARSE BIEN, HABIA UN CUADERNO SOBRE EL ESCRITORIO;;;
H3;184E;NOS REUNIMOS Y ABRIMOS EL CUADERNO. AL PARECER LOS QUE HABIAN ENTRADO A ESTA CASA EMBRUJADA HABIAN ESCRITO AHI. HABIA UN BOLIGRAFO JUNTO A EL.;5;11;0xA0C1;0xA110;texto;si;;;;;;;;;;;;
H3;185E;...QUE ES ESTO... EXCLAMO EMIKO. EN EL CUADERNO SOLO HABIA ESCRITAS DOS PALABRAS.;7;9;0xA114;0xA14D;texto;si;;;;;;;;;;;;
H3;186E;AYUDENME... AYUDENME... AYUDENME...;2;14;0xA161;0xA19A;texto;si;;;;;;;;;;;;
H3;187E;SAQUENME SAQUENME SAQUENME SAQUENME SAQUENME SAQUENME SAQUENME SAQUENME SAQUENME SAQUENME SAQUENME SAQUENME...;2;14;0xA1A0;0xA1CE;texto;si;;;;;;;;;;;;
H3;188E;NO PODIA MOVERME, Y NI SIQUIERA LOGRABA SACAR LA VOZ.;10;6;0xA1D2;0xA1F0;texto;si;;;;;;;;;;;;
H3;189E;REIKA... EMIKO SE PREOCUPO POR MI. YA ESTOY BIEN RESPONDI, AUNQUE EN REALIDAD NO LO ESTABA TANTO.;4;12;0xA1F4;0xA233;texto;si;;;;;;;;;;;;
H3;190E;...VAMOS A LA SIGUIENTE HABITACION DIJO EMIKO. SE ESCUCHO ALGUN SONIDO.;7;9;0xACBA;0xACE5;texto;si;;;;;;;;;;;;
H3;191E;AGUCE EL OIDO. QUE SONIDO SERIA? LE PREGUNTE A EMIKO SI ELLA TAMBIEN ESCUCHABA ALGO. PARECIA QUE EL SONIDO LE LLEGABA A ELLA TAMBIEN.;7;9;0xACEA;0xAD23;texto;si;;;;;;;;;;;;
H3;192E;LADEE LA CABEZA CONFUNDIDA, PERO AGARRE EL PICAPORTE PARA AVANZAR A LA SIGUIENTE HABITACION. AH...! RETIRE LA MANO DE INMEDIATO. ESTABA CALIENTE. EL PICAPORTE ESTABA ARDIENDO.;2;14;0xAD27;0xAD89;texto;si;;;;;;;;;;;;
H3;193E;NO PUEDE SER... SERA UN INCENDIO? ESTE SONIDO TAMBIEN PARECE EL DE ALGO ARDIENDO.;7;9;0xAD8D;0xADC8;texto;si;;;;;;;;;;;;
H3;194E;LA CARA DE EMIKO TAMBIEN SE PUSO PALIDA. SEGURAMENTE ELLA TAMBIEN LLEGO A LA MISMA CONCLUSION. QUE UNA CASA EMBRUJADA SE INCENDIE... SENTI QUE ME IBA A DESMAYAR.;3;13;0xADCD;0xAE1E;texto;si;;;;;;;;;;;;
H3;195E;CORRI HACIA LA PUERTA POR LA QUE HABIAMOS ENTRADO. EL PICAPORTE NO ESTABA CALIENTE, PERO ESTABA CON LLAVE Y NO SE ABRIA. ESTAMOS ENCERRADAS... LA DESESPERACION NOS ENVOLVIO.;2;14;0xAE22;0xAE86;texto;si;;;;;;;;;;;;
H3;196E;JI, JI, JI, JI... DE REPENTE, UNA RISA ESCALOFRIANTE RESONO POR TODA LA SALA.;10;6;0xAE8F;0xAEC1;texto;si;;;;;;;;;;;;
H3;197E;VISITAS EN UNA NOCHE COMO ESTA... NOS DIMOS VUELTA. SIN QUE NOS DIERAMOS CUENTA UNA ANCIANA ESTABA SENTADA EN LA SILLA JUNTO A LA VENTANA.;5;11;0xAEC5;0xAF1C;texto;si;;;;;;;;;;;;
H3;198E;EN UNA PALABRA, ERA UNA BRUJA CON SOMBRERO DE PICO Y ROPA NEGRA, COMO LAS DE LOS CUENTOS DE HADAS. SI, SOY UNA BRUJA DIJO, COMO SI HUBIERA LEIDO MI MENTE.;4;12;0xAF20;0xAF79;texto;si;;;;;;;;;;;;
H3;199E;SON LOS INVITADOS QUE VINIERON EN MI ULTIMA NOCHE... TENGO QUE RECIBIRLOS COMO SE DEBE LA ANCIANA RIO MOSTRANDO SUS DIENTES TORCIDOS.;5;11;0xAF7D;0xAFCD;texto;si;;;;;;;;;;;;
H3;200E;QUE QUIERE DECIR CON ESO? PREGUNTO EMIKO. NO MIRARON AFUERA? ESTA NOCHE ES LA NOCHE DE LA CAZA DE BRUJAS. ESTA MANSION ARDERA HASTA EL SUELO ESTA NOCHE... JI, JI, JI.;2;14;0xAFD1;0xB032;texto;si;;;;;;;;;;;;
H3;201E;LA ANCIANA SE REIA A CARCAJADAS, SUJETANDOSE EL VIENTRE, COMO SI LE PARECIERA DE LO MAS GRACIOSO. ...NO PUEDE SER, NO HAY ALGUNA SALIDA? PREGUNTO EMIKO CASI SUPLICANDO.;3;13;0xB038;0xB085;texto;si;;;;;;;;;;;;
H3;202E;YA ES TARDE EN CUANTO LA ANCIANA DIJO ESO, COMO SI FUERA UNA SEÑAL, EL EXTERIOR SE TINO DE ROJO. NO AGUANTARIA MUCHO MAS.;7;9;0xB089;0xB0C8;texto;si;;;;;;;;;;;;
H3;203E;PERO BUENO, NO ES QUE NO CONOZCA UNA SALIDA. QUIEREN ESCAPAR POR AHI? POR SUPUESTO! RESPONDIMOS AL UNISONO.;5;11;0xB0CC;0xB10C;texto;si;;;;;;;;;;;;
H3;204E;ENTONCES, LA ANCIANA VOLVIO A REIRSE CON GANAS. NO SE ESTARAN OLVIDANDO DE ALGO? YO SOY UNA BRUJA. VAN A CONFIAR EN MI SABIENDO ESO?;4;12;0xB110;0xB167;texto;si;;;;;;;;;;;;
H3;205E;2.@@1.@@ES@@@ DEC@DEJ@CIERT IDI@ARS@O...@ R@@@ELO@NO@@@ POR@A@@@PUEDO MI@@EMI@DESCA MIS@KO@@RTAR@ MA@@@@@@QUE@@ @@@@@@@@LA@@@ @@@@@@@@ANCIA @@@@@@@@NA@@@ @@@@@@@@ESTE@ @@@@@@@@MINTI @@@@@@@@ENDO@;3;13;0xB16C;0xB1AF;pregunta;si;3;1;3;1;5;0;1. DEJARSELO A EMIKO;2. DECIDIR POR MI MISMA;ES CIERTO... NO PUEDO DESCARTAR QUE LA ANCIANA ESTE MINTIENDO;;;
H3;206E;CREO QUE DEBEMOS SEGUIR A ESTA ANCIANA, DIJE. EMIKO ASINTIO ANTE MIS PALABRAS.;7;9;0xB1D2;0xB201;texto;si;;;;;;;;;;;;
H3;207E;BUENAS CHICAS. ESCUCHE BIEN ESAS PALABRAS EN CUANTO LA ANCIANA SE PUSO DE PIE LENTAMENTE, LA PUERTA QUE DEBERIA HABER ESTADO CERRADA CON LLAVE SE ABRIO.;5;11;0xC6C7;0xC710;texto;si;;;;;;;;;;;;
H3;208E;POR AQUI DIJO LA ANCIANA, TAMBALEANDOSE HACIA LA PUERTA. NOS APRESURAMOS A SEGUIRLA. QUE SE ABRIERA TAN FACIL ME HIZO SENTIR QUE, DE ALGUNA FORMA, NOS ESTABAN ENGAÑANDO.;2;14;0xC714;0xC76C;texto;si;;;;;;;;;;;;
H3;209E;AVANZAMOS POR EL PASILLO CON LA ANCIANA A LA CABEZA. COMO ERA UN PASILLO QUE NUNCA HABIAMOS VISTO, NO SABIAMOS POR DONDE ESTABAMOS PASANDO. EL FUEGO NO HABIA LLEGADO A ESTA ZONA, NO HACIA CALOR NI HABIA HUMO.;0;16;0xC780;0xC7E7;texto;si;;;;;;;;;;;;
H3;210E;ES POR AQUI LA ANCIANA SEÑALO MAS ADELANTE EN EL PASILLO. ALLI HABIA UNA PUERTA ESPERANDONOS. AQUI ES ECHAMOS A CORRER.;3;13;0xC7EB;0xC832;texto;si;;;;;;;;;;;;
H3;211E;CON ESTO PODREMOS SALVARNOS... ESE PENSAMIENTO NOS DOMINABA. ABRIMOS LA PUERTA DE PAR EN PAR. AL OTRO LADO ESTABA EL EXTERIOR. ANTE NOSOTRAS SE EXTENDIA UN BOSQUE. TODO ESTABA EN SILENCIO, SIN NADIE ALREDEDOR.;0;16;0xC836;0xC8AA;texto;si;;;;;;;;;;;;
H3;212E;QUE ALIVIO... NOS SALVAMOS SUSPIRAMOS ALIVIADAS, LLEVANDONOS LA MANO AL PECHO.;9;7;0xC8AE;0xC8D3;texto;si;;;;;;;;;;;;
H3;213E;LA ANCIANA SEÑALO HACIA EL BOSQUE. CRUCEN EL BOSQUE. ASI PODRAN VOLVER A SU MUNDO.;7;9;0xC8D9;0xC910;texto;si;;;;;;;;;;;;
H3;214E;Y USTED QUE VA A HACER? LE PREGUNTE. ESTA ES MI CASA. MORIRE QUEMADA JUNTO CON ELLA DIJO, Y CERRO LA PUERTA.;4;12;0xC914;0xC95A;texto;si;;;;;;;;;;;;
H3;215E;VAMONOS EMIKO ME URGIO Y ECHE A CORRER. JUSTO ANTES DE ENTRAR AL BOSQUE, MIRE HACIA ATRAS. AQUELLO NO ERA LA CASA EMBRUJADA A LA QUE HABIAMOS ENTRADO. ERA UNA MANSION OCCIDENTAL, PERO DISTINTA A LA CASA EMBRUJADA.;0;16;0xC95F;0xC9C3;texto;si;;;;;;;;;;;;
H3;216E;HAY QUE SEGUIR ADELANTE. CORRIMOS POR EL BOSQUE. LOS ARBOLES BLOQUEABAN LA LUZ DEL SOL Y, A PESAR DE SER DE DIA, ESTABA OSCURO. EN CAMBIO, NO HABIA MALEZA, ASI QUE ERA FACIL CORRER.;3;13;0xC9C7;0xCA1A;texto;si;;;;;;;;;;;;
H3;217E;A DONDE DEBERIAMOS IR AHORA...? TROPECE CON ALGO Y CAI AL SUELO POR LA FUERZA DEL IMPULSO. LO QUE ME HIZO TROPEZAR FUE EL PIE DE EMIKO.;3;13;0xCA1E;0xCA72;texto;si;;;;;;;;;;;;
H3;218E;ESPERA! EMIKO, SIN DARSE CUENTA DE QUE YO HABIA CAIDO, SEGUIA CORRIENDO CADA VEZ MAS LEJOS.;8;8;0xCA76;0xCAA1;texto;si;;;;;;;;;;;;
H3;219E;ES LA BRUJA ESCUCHE SUSURROS DE GENTE. ESA ES LA BRUJA? HABIA PERSONAS OCULTAS EN LA OSCURIDAD DEL BOSQUE, VIGILANDO. ERAN MUCHAS.;3;13;0xCAA6;0xCAEB;texto;si;;;;;;;;;;;;
H3;220E;CADA UNA LLEVABA EN LA MANO ANTORCHAS, LANZAS O AZADAS. SU VESTIMENTA NO ERA LA DE GENTE MODERNA.;8;8;0xCAF0;0xCB20;texto;si;;;;;;;;;;;;
H3;221E;ESTABA COMPLETAMENTE RODEADA. MATENLA! MATENLA! MATENLA! MATENLA! MATENLA! MATENLA! MATENLA!;2;14;0xCB32;0xCB8A;texto;si;;;;;;;;;;;;
H3;222E;ME ATARON CON UNA SOGA Y ME LLEVARON HASTA UNA PLAZA ATESTADA DE GENTE. REIKA! AL LEVANTAR LA VISTA, VI A MAMI, CRUCIFICADA ALLI.;2;14;0xCB8E;0xCBF8;texto;si;;;;;;;;;;;;
H3;223E;BUENO, QUEMENLA AL DAR LA ORDEN, LE PRENDIERON FUEGO. AAAH! AYUDENME! YO, SIN PODER HACER NADA, SOLO PUDE MIRAR PARALIZADA COMO MAMI SE QUEMABA.;0;16;0xCC02;0xCC62;texto;si;;;;;;;;;;;;
H3;224E;BUENO, LA SIGUIENTE ES ESA LA QUE HABIA ESTADO DANDO ORDENES DESDE HACE UN RATO ERA LA ANCIANA QUE NOS HABIA AYUDADO. CON ESTO, YA NO QUEDARAN BRUJAS. LA PAZ VOLVERA IJIJIJIJIJIJI.;2;14;0xCC66;0xCCD2;texto;si;;;;;;;;;;;;
H4;95E;ME QUEDE CALLADO. A MADOKA TAMBIEN SE LE HUMEDECIERON LOS OJOS, INCOMODA. HABRIA SIDO MEJOR QUE NO VINIERA? UNA LAGRIMA LE CORRIO POR LA MEJILLA. ESTIRE LA MANO Y SE LA SEQUE CON EL DEDO.;0;16;0x3221;0x3294;texto;;;;;;;;;;;;;
H4;96E;ESO NO PUEDE SER, LE DIJE. DE ALGUN LADO SE OYO OTRA VEZ EL SONIDO CRUJIA CRUJIA CRUJIA. PERO YO SEGUI HABLANDO.;7;9;0x3298;0x32D4;texto;;;;;;;;;;;;;
H4;97E;PORQUE TU ESTAS AQUI, PUEDO SEGUIR DE PIE, LE DIJE. QUERIA QUE DEJARA DE LLORAR. Y QUERIA SECARLE LAS LAGRIMAS.;5;11;0x32D9;0x3318;texto;;;;;;;;;;;;;
H4;98E;QUEDATE CONMIGO. LO DIJE CON LA VOZ ENTRECORTADA, HACIENDO UN GRAN ESFUERZO. UNA Y OTRA VEZ ME PREGUNTABA EN MI CABEZA SI TENIA DERECHO A PEDIRLE ALGO ASI.;2;14;0x331C;0x337E;texto;;;;;;;;;;;;;
H4;99E;ENTONCES, MADOKA SE SECO LAS LAGRIMAS Y SONRIO FORZADAMENTE. ME QUEDARE CONTIGO, DIJO. LA AME MAS QUE NUNCA POR ESO.;7;9;0x3385;0x33BF;texto;;;;;;;;;;;;;
H4;141E;CON QUE ESTES AQUI YA ES SUFICIENTE. CON QUE TU ESTES AQUI YA ES SUFICIENTE, DIJE. FUI HILANDO CADA PALABRA COMO SI ESTUVIERA CREANDO ALGO.;5;11;0x47DD;0x481D;texto;;;;;;;;;;;;;
H4;142E;TE QUIERO. DE VERDAD, DE CORAZON, DIJO ELLA.;12;4;0x482D;0x4846;texto;;;;;;;;;;;;;
H4;143E;MADOKA ME MIRABA CON OJOS TRISTES PERO TIERNOS. AL VER ESOS OJOS, PENSE QUE MADOKA SEGURAMENTE SABIA QUE YO NO ERA HUMANO. PERO NO PODIA DECIRSELO.;0;16;0x484E;0x48BD;texto;;;;;;;;;;;;;
H4;144E;NO PUDE SOPORTARLO MAS. ME LEVANTE TAMBALEANDOME Y SALI AFUERA... SIN RUMBO FIJO, EMPECE A CAMINAR HACIA LOS CAMPOS Y MONTES QUE TANTO EXTRAÑABA.;3;13;0x48CB;0x491C;texto;;;;;;;;;;;;;
H4;145E;SI HUBIERA ESTADO BIEN, HABRIA SIDO UN PASEO CORTO, PERO SE SINTIO COMO UN CAMINO LARGISIMO, COMO SI HUBIERA VUELTO A LA INFANCIA. DE VERDAD DESEE PODER VOLVER A AQUEL TIEMPO CUANDO NO SABIA NADA.;2;14;0x4928;0x498E;texto;;;;;;;;;;;;;
H4;146E;TOTALMENTE AGOTADO, TERMINE ACURRUCADO EN MEDIO DEL BAMBUZAL. EL CRUJIDO EN MI PECHO SE HACIA CADA VEZ MAS FUERTE. SUPONGO QUE YA ME QUEDABA POCO TIEMPO DE VIDA. CUANDO ME DI CUENTA, MADOKA HABIA VENIDO A BUSCARME.;0;16;0x4993;0x4A0C;texto;;;;;;;;;;;;;
H4;147E;VOLVAMOS A CASA. ESTIRE LA MANO Y TOME LA SUYA. PENSE QUE JAMAS OLVIDARIA LA TERNURA DE AQUELLA MANO.;5;11;0x4A17;0x4A59;texto;;;;;;;;;;;;;
H4;169E;MATARLA... ESO NO PODIA SER. RECORDE COMO LA CONOCI.;8;7;0x78E9;0x7917;texto;;;;;;;;;;;;;
H4;170E;ESTA LIBRE ESTE ASIENTO? NOS TOCO SENTARNOS JUNTOS EN EL AUDITORIO. NO NOS CONOCIAMOS, PERO ESAS PALABRAS TENIAN CALIDEZ. LA SIGUIENTE CLASE TAMBIEN NOS SENTAMOS JUNTOS.;3;13;0x7936;0x7993;texto;;;;;;;;;;;;;
H4;171E;ELLA ME SONRIO, Y YO, AUNQUE ALGO DESCONCERTADO, LE RESPONDI. DESDE ENTONCES, EMPECE A ESPERAR CON GANAS ESA CLASE.;5;9;0x79A1;0x79DD;texto;;;;;;;;;;;;;
H4;172E;CUANDO ESO SE REPITIO VARIAS VECES, SENTI QUE LA SONRISA DE ELLA SE HABIA IDO ALEJANDO POCO A POCO. AL PRINCIPIO ME SENTI DESANIMADO, PERO LUEGO QUISE CONVERTIRME EN UN APOYO PARA ELLA.;3;13;0x79E8;0x7A3F;texto;;;;;;;;;;;;;
H4;173E;PARECE QUE ELLA TAMBIEN SE PREOCUPABA UN POCO POR MI, Y ME HABLO. ME CONTO QUE HABIA PERDIDO A SU PADRE, Y QUE ESTABA SOLA CON SU MADRE. ESTO NO SE LO CUENTO A CUALQUIERA, DIJO.;2;14;0x7A52;0x7AB8;texto;;;;;;;;;;;;;
H4;174E;LAS PERSONAS TERMINAN SOLAS, VERDAD? LO DIJO A LA LIGERA, COMO PIDIENDO QUE NO LE DIERA IMPORTANCIA. PERO YO LE RESPONDI: YO TAMBIEN SOLO TENGO AL ABUELO, PERO SI TU Y YO NOS HACEMOS AMIGOS, YA SEREMOS DOS.;0;16;0x7AC3;0x7B2B;texto;;;;;;;;;;;;;
H4;175E;ME PREGUNTE QUE ES LO QUE ME DABA MIEDO. SERIA MORIR? O SERIA PERDERLA A ELLA, PERDERLO TODO? NO LO SABIA.;7;9;0x7B38;0x7B79;texto;;;;;;;;;;;;;
H4;176E;SOLO TENIA CLARO QUE, SI SEGUIA ASI, LAS PALABRAS QUE LE HABIA DICHO SE CONVERTIRIAN EN MENTIRA... SOLO SABIA QUE TERMINARIA DEJANDOLA SOLA.;5;11;0x7B7E;0x7BC0;texto;;;;;;;;;;;;;
H4;177E;ME DOLIO EL PECHO. DE NUEVO, SE OYO EL SONIDO.;12;4;0x7BC8;0x7BF0;texto;;;;;;;;;;;;;
H4;178E;AL PARECER, NI SIQUIERA ESA MEDICINA ERA PERFECTA. ME LEVANTE Y BEBI EL JARABE. ME SENTI UN POCO MEJOR.;7;9;0x7BF4;0x7C2B;texto;;;;;;;;;;;;;
H4;179E;MORIR DEBIA SER ALGO MUCHO MAS DOLOROSO. DESPUES DE TODO, DICEN QUE LAS MUÑECAS NACIERON PARA SERVIR DE SUSTITUTAS DE LOS HUMANOS.;5;11;0x7C33;0x7C74;texto;;;;;;;;;;;;;
H4;180E;POR EJEMPLO, LAS MUÑECAS NAGASHIBINA CARGAN CON LOS MALES, PERO SI UNA MUÑECA MATA A UN HUMANO, ESO ES UN CONTRASENTIDO.;7;9;0x7C78;0x7CBD;texto;;;;;;;;;;;;;
H4;181E;SI FUI CREADO CON UN PROPOSITO, QUERIA CUMPLIRLO HASTA EL FINAL. NO QUIERO DEJARTE SOLA, MURMURE. ELLA TAMBIEN DECIA ALGO EN SUEÑOS, PERO NO PUDE ENTENDER QUE ERA.;3;13;0x7CC2;0x7D10;texto;;;;;;;;;;;;;
H4;182E;A LA MAÑANA SIGUIENTE, MADOKA EMPEZO A PREPARARSE PARA IRSE. NO INTENTE DETENERLA. ELLA ME DIJO QUE VOLVERIA PRONTO, PERO EN MI CORAZON SENTIA QUE ERA UNA DESPEDIDA PARA SIEMPRE.;3;13;0x8593;0x85ED;texto;;;;;;;;;;;;;
H4;183E;QUERIA RETENERLA. PERO NO SE ME OCURRIA COMO HACERLO. SI SEGUIA ASI, ME QUEDARIA SOLO.;7;9;0x85F2;0x862F;texto;;;;;;;;;;;;;
H4;184E;MADOKA BAJO AL SUELO DE TIERRA CON UNA SOLA BOLSA, VIAJANDO LIGERA. VOLVERE EN CUANTO TRANQUILICE A MI MADRE, DIJO. LO REPITIO UNA Y OTRA VEZ DESDE LA MAÑANA, QUIZA PARA TRANQUILIZARME A MI.;0;16;0x8634;0x869F;texto;;;;;;;;;;;;;
H4;185E;2.@1.@LE@ NO@QU@HAB QU@E@@LE@ IE@TE@@@@ RO@VA@@@@ QU@YA@@@@ E@@BI@@@@ TE@EN@@@@ VA@@@@@@@ YA@@@@@@@ S@@@@@@@@;7;9;0x86A3;0x86CE;pregunta;;2;1;2;1;3;0;1. QUE TE VAYA BIEN;2. NO QUIERO QUE TE VAYAS;LE HABLE;;;
H4;186S;NO QUIERO QUE TE VAYAS. A DURAS PENAS LOGRE SACAR ESO DE MI GARGANTA. MADOKA PUSO UNA CARA ENTRE NERVIOSA Y DESCONCERTADA, Y ME DIO UNA PALMADA EN EL HOMBRO.;1;15;0x87AB;0x880F;texto;;;;;;;;;;;;;
H4;187S;DE QUE TE PREOCUPAS? NO TE VOY A ENGAÑAR CON OTRO. NO ES ESO. TEMBLE POR DENTRO.;6;10;0x8811;0x885E;texto;;;;;;;;;;;;;
H4;188S;NO SE QUE PUEDE PASARLE A MI CUERPO EN CUALQUIER MOMENTO. MADOKA SONRIO CON RESIGNACION Y SALIO.;8;8;0x8860;0x888C;texto;;;;;;;;;;;;;
H4;189S;SIN PODER QUEDARME QUIETO, SALI TRAS MADOKA.;10;6;0x888E;0x88B8;texto;;;;;;;;;;;;;
H4;186E;BUENO, QUE TE VAYA BIEN, DIJE. FORME UNA SONRISA Y LA DESPEDI.;8;8;0x86DA;0x8700;texto;;;;;;;;;;;;;
H4;187E;CRUJIA CRUJIA CRUJIA. SENTI QUE ME APRETABAN EL PECHO. BEBI EL JARABE APURADO. PERO NO SIRVIO DE MUCHO.;7;9;0x870E;0x874B;texto;;;;;;;;;;;;;
H4;188E;ME PREGUNTE SI IBA A MORIR ASI, SIN MAS.;7;4;0x875B;0x8774;texto;;;;;;;;;;;;;
H4;189E;NO PUDE QUEDARME QUIETO, Y SALI CORRIENDO DETRAS DE MADOKA.;10;6;0x8782;0x87A5;texto;;;;;;;;;;;;;
H4;190E;QUE TE PASA? MADOKA ME MIRO EXTRAÑADA. LE DIJE, SIN ALIENTO: TE ACOMPAÑO. Y LE TOME EL EQUIPAJE.;5;11;0x88C0;0x8905;texto;;;;;;;;;;;;;
H4;191E;NO HACE FALTA, SI TE SIENTES MAL.;12;4;0x890F;0x891E;texto;;;;;;;;;;;;;
H4;192E;NO, NO, DEJAME LLEVARLO A MI. MEJOR NO, DIJO MADOKA RIENDO, Y LE QUITO LA BOLSA DE VUELTA.;7;9;0x8922;0x8953;texto;;;;;;;;;;;;;
H4;193E;PERO IGUAL, TERMINE CARGANDO YO EL EQUIPAJE. ME ALEGRO SENTIR QUE VOLVIAMOS A SER COMO AL PRINCIPIO.;8;7;0x895B;0x898E;texto;;;;;;;;;;;;;
H4;194E;Y CAMINE UN POCO DETRAS DE ELLA, EN DIAGONAL. SU NUCA, BLANCA Y DELGADA... SENTI QUE PODRIA QUEBRARLA.;3;13;0x8998;0x89DE;texto;;;;;;;;;;;;;
H4;195E;OYE, HACE TIEMPO QUE NO CAMINABAMOS ASI, NO? MADOKA SE DIO VUELTA Y ME MIRO A LA CARA. S-SI, ES VERDAD. DESDE QUE LLEGAMOS AQUI, NO HABIAMOS SALIDO LOS DOS JUNTOS.;3;13;0x89F4;0x8A48;texto;;;;;;;;;;;;;
H4;196E;BAJE LA MIRADA. ES CIERTO. QUERIA SEGUIR ASI. HASTA CUANDO PODREMOS SEGUIR ASI? SI TU LO DESEAS, PARA SIEMPRE. ESAS PALABRAS ME SALIERON CON NATURALIDAD.;0;16;0x8A52;0x8AB5;texto;;;;;;;;;;;;;
H4;197E;PARA SIEMPRE.;14;2;0x8ABF;0x8AC3;texto;;;;;;;;;;;;;
H4;198E;SI TAN SOLO FUERA UNA MUÑECA, Y SI EL SECRETO NO SE DESCUBRIERA, TAL VEZ PODRIAMOS OBTENER ALGO PARECIDO A LA VIDA ETERNA.;7;9;0x8ACE;0x8B0D;texto;;;;;;;;;;;;;
H4;199E;QUIERO ESTAR SIEMPRE CONTIGO. ESAS PALABRAS FUERON LA PUERTA DE ENTRADA AL INFIERNO. DEJE CAER EL EQUIPAJE DE MADOKA EN EL SUELO. QUE TE PASA?, PREGUNTO ELLA, DESCONCERTADA, Y ME LANCE SOBRE ELLA.;0;16;0x8B18;0x8B84;texto;;;;;;;;;;;;;
H4;200E;BA... BASTA! MADOKA SE RETORCIA, PERO MI MANO NO SOLTABA SU CUELLO. YO NO LA SOLTABA. VAMOS A ESTAR JUNTOS PARA SIEMPRE. MADOKA HABLO CON UNA VOZ QUE LE SALIA DEL FONDO DE LOS PULMONES:;3;13;0x8B98;0x8BF6;texto;;;;;;;;;;;;;
H4;201E;ESO ES... MENTIRA. ESAS PALABRAS ME GOLPEARON COMO UN PUÑETAZO. EN ESE INSTANTE, MADOKA SE ESCAPO DE MIS BRAZOS Y SALIO CORRIENDO.;5;11;0x8BFA;0x8C47;texto;;;;;;;;;;;;;
H4;202E;2.@1.@AL@ SE@QU@VER GU@ED@A@@ IR@AR@MAD A@@ME@OKA MA@AS@,@@ DO@I@@PEN KA@@@@SE@;7;9;0x8C57;0x8C81;pregunta;;2;1;2;1;3;0;1. QUEDARME ASI;2. SEGUIR A MADOKA;AL VER A MADOKA, PENSE;;;
H4;203E;NO PODIA DEJARLA HUIR. CORRI TRAS ELLA. HASTA LA CASA VECINA HAY CINCO MINUTOS. ES CUESTA ABAJO, PERO AGUANTARE? MADOKA TAMBIEN CORRIA DESESPERADA Y NO LOGRABA ALCANZARLA. DECIDI ADELANTARME POR EL BAMBUZAL.;0;16;0x9067;0x90F2;texto;;;;;;;;;;;;;
H4;204E;ESTE ERA MI TERRITORIO Y PODIA LLEGAR ANTES QUE POR EL CAMINO. TOME UN MACHETE DEL COBERTIZO Y BAJE CORRIENDO POR LA PENDIENTE;7;9;0x90F6;0x913F;texto;;;;;;;;;;;;;
H4;205E;SALI DE UN SALTO POR LA SALIDA DEL BAMBUZAL. NO HABIA RASTRO DE QUE HUBIERA PASADO POR AHI.;10;6;0x9149;0x9167;texto;;;;;;;;;;;;;
H4;206E;2.@1.@@PARE ES@SUB@CIA@ PE@IR@@QUE@ RA@LA@@MADO R@@CUE@KA@@ AQ@STA@TODA UI@@@@@VIA@ @@@@@@@NO@@ @@@@@@@HABI @@@@@@@A@@@ @@@@@@@PASA @@@@@@@DO@@ @@@@@@@POR@ @@@@@@@AQUI;5;11;0x9171;0x919F;pregunta;;2;1;3;1;4;0;1. SUBIR LA CUESTA;2. ESPERAR AQUI;PARECIA QUE MADOKA TODAVIA NO HABIA PASADO POR AQUI;;;
H4;207E;SUBI CORRIENDO LA CUESTA. AL PASAR UNA CURVA SUAVE, VI LA FIGURA DE MADOKA. AL VERME, ELLA DUDO UN INSTANTE, PERO ENSEGUIDA SE METIO CORRIENDO EN EL BAMBUZAL.;2;14;0x91B8;0x922F;texto;;;;;;;;;;;;;
H4;208E;MADOKA CORRIA ENTRE EL VERDE ESPESO DE LOS BAMBUES. ERA INUTIL. YO CONOCIA MEJOR ESTE LUGAR. POR AHI HABIA UN PRECIPICIO. MADOKA CORRIA AHORA CON TODAS SUS FUERZAS.;0;16;0x923D;0x929F;texto;;;;;;;;;;;;;
H4;209E;SE DIO CUENTA DE LA PENDIENTE Y SE VOLTEO A MIRARME UN INSTANTE. LUEGO, DECIDIDA, SE DESLIZO CUESTA ABAJO POR LA LADERA. YO TAMBIEN LA SEGUI. ABAJO HABIA UN BARRANCO.;0;14;0x92AA;0x9304;texto;;;;;;;;;;;;;
H4;210E;MADOKA SE LEVANTO LLENA DE RASGUÑOS. PERO YO FUI MAS RAPIDO. BAJE CORRIENDO POR LA LADERA Y ME PLANTE FRENTE A ELLA, BLOQUEANDOLE EL PASO.;5;11;0x930F;0x9359;texto;;;;;;;;;;;;;
H4;211E;YA NO PUEDES ESCAPAR. MADOKA, RESIGNADA TAL VEZ, ME MIRO FIJAMENTE. OYE, TATSUKI, ESCUCHAME.;6;10;0x9360;0x939E;texto;;;;;;;;;;;;;
H4;212E;QUE ME IBA A PREGUNTAR? SI YO ERA UNA MUÑECA? ANTES DE ESO, TENIA QUE MATARLA... O SI NO, YO TERMINARIA DERRITIENDOME.;5;11;0x93A9;0x93F8;texto;;;;;;;;;;;;;
H4;213E;ESCUCHAME..., LEVANTE EL MACHETE. CON ESTO NO FALLARIA.;10;6;0x9403;0x9427;texto;;;;;;;;;;;;;
H4;214E;LO DEJE CAER CON TODA MI FUERZA. MADOKA SE AGACHO EN EL LUGAR Y ME MIRO HACIA ARRIBA. POR FAVOR, ESCUCHAME!, GRITO MADOKA CON TODAS SUS FUERZAS.;3;13;0x945E;0x94BB;texto;;;;;;;;;;;;;
H4;215E;ESTABA LLORANDO. DERRAMABA LAGRIMAS GRANDES. YO LA HABIA HECHO LLORAR.;10;6;0x94C3;0x94E3;texto;;;;;;;;;;;;;
H4;216E;YO CONOZCO TU SECRETO. POR ESO... POR ESO QUIERO AYUDARTE! LO SABE.;3;13;0x94EF;0x953B;texto;;;;;;;;;;;;;
H4;217E;EL SONIDO EN MI PECHO SE INTENSIFICO Y SE HINCHO PALPITANDO COMO SI ESTUVIERA VIVO.;10;6;0x955E;0x9585;texto;;;;;;;;;;;;;
H4;217G;CRUJIA, CRUJIA, CRUJIA. EL SONIDO EN MI PECHO SE INTENSIFICO Y SE HINCHO PALPITANDO COMO SI ESTUVIERA VIVO. CRUJIA, CRUJIA, CRUJIA.;6;10;0x955E;0x9599;texto;;;;;;;;;;;;;
H4;218E;SENTI COMO SE CALENTABAN LAS PUNTAS DE LOS DEDOS DE MI MANO IZQUIERDA. AL MIRAR, LA CARNE SE HABIA DERRETIDO Y SE VEIA EL HUESO. YA NO PODIA SOSTENER EL MACHETE, Y LO DEJE CAER SIN MAS.;2;14;0x95A9;0x9601;texto;;;;;;;;;;;;;
H4;219E;TRANQUILO, NO SE LO DIJE A NADIE. TODAVIA ESTAMOS A TIEMPO! MADOKA SE PUSO DE PIE Y ME ABRAZO.;7;9;0x9619;0x9657;texto;;;;;;;;;;;;;
H4;220E;ERA CALIDA. ERA SUAVE. TODA MI FELICIDAD ESTABA AHI, EN ESE ABRAZO. EXTRAÑAMENTE, EL SONIDO DE MI PECHO SE CALMO, Y LA CARNE DEJO DE DERRETIRSE JUSTO HASTA EL CODO DERECHO.;3;13;0x9670;0x96C2;texto;;;;;;;;;;;;;
H4;221E;MADOKA ME SUSURRO SUAVEMENTE AL OIDO. ESCUCHA LO QUE TENGO QUE DECIRTE.;7;9;0x96C7;0x96EF;texto;;;;;;;;;;;;;
H4;222E;VOLVIMOS A LA ERMITA Y BEBI LA MEDICINA APURADO. POCO A POCO ME FUI CALMANDO. POR SUPUESTO, MADOKA ESTABA CONMIGO. AL VOLVER EN MI, ME ARREPENTI DE HABER HECHO ALGO ASI.;3;13;0x9702;0x9759;texto;;;;;;;;;;;;;
H4;223E;MADOKA RESPIRO HONDO Y ME DIJO: PARECE QUE FUNCIONA MEJOR QUE LA QUE HICISTE TU, TATSUKI. AGUANTARAS UN TIEMPO. Y ME EXPLICO LA SITUACION.;4;12;0x9CF7;0x9D4E;texto;;;;;;;;;;;;;
H4;224E;LO SIENTO. YO LEI EL TENROKI ANTES QUE TU, TATSUKI. ME DIO CURIOSIDAD MIENTRAS QUEMABAS EL FUTON.;5;11;0x9D53;0x9DA3;texto;;;;;;;;;;;;;
H4;225E;AHORA QUE LO PENSABA, MADOKA ESTUDIABA LITERATURA CLASICA JAPONESA. PODIA LEERLO SIN SUFRIR COMO YO. LAS NOTAS DE TU ABUELO ME ANGUSTIARON. SI TAN SOLO NO LO HUBIERA SABIDO... ME ARREPENTI DE LEERLO.;0;16;0x9DA7;0x9E18;texto;;;;;;;;;;;;;
H4;226E;ASI QUE ERA ESO. POR ESO MADOKA SE HABIA QUEDADO TANTO TIEMPO EN LA ERMITA. AL OIR EL SONIDO CRUJIA CRUJIA, SE CONVENCIO DEL TODO.;2;14;0x9E1C;0x9E7C;texto;;;;;;;;;;;;;
H4;227E;BAJE LA CABEZA. ELLA HABIA ESTADO CUIDANDOME Y OBSERVANDOME TODO ESE TIEMPO.;10;6;0x9E80;0x9EA1;texto;;;;;;;;;;;;;
H4;228E;YO TAMBIEN LEI EL TENROKI A ESCONDIDAS TUYAS, Y ADEMAS EXPLORE DENTRO DEL DEPOSITO. Y ESCUCHA, ENCONTRE UNA FORMA. UNA FORMA DE SALVARTE.;2;13;0x9EB4;0x9F18;texto;;;;;;;;;;;;;
H4;229E;YO ESPERE EN EL DEPARTAMENTO A QUE VOLVIERA MI HERMANA MAYOR. HOY TENIA UNA REUNION Y LLEGARIA TARDE. ESPERABA QUE NO BEBIERA DEMASIADO.;5;11;0x9F35;0x9F83;texto;;;;;;;;;;;;;
H4;230E;CUANDO EL RELOJ PASO LAS DIEZ, MI HERMANA VOLVIO SOSTENIDA POR SU AMIGA. AAAH, ESTABA BORRACHISIMA. EH? MADOKA, TU TENIAS UN HERMANITO?;3;13;0x9F9C;0x9FF9;texto;;;;;;;;;;;;;
H4;231E;LA AMIGA DE MI HERMANA ME MIRO DESDE ARRIBA Y ME DIJO: HOLA, MUCHO GUSTO. YO LE SONREI DE OREJA A OREJA. ME DIJO QUE ERA MUY LINDO. QUE TANTO TE LO CREES?, DIJO MI HERMANA.;2;14;0x9FFE;0xA059;texto;;;;;;;;;;;;;
H4;232E;MI HERMANA ME DIO UN COSCORRON. PARECE QUE ESTAS BIEN. PENSE QUE ESTARIAS DEPRIMIDA PORQUE TU NOVIO DESAPARECIO, PERO YA ESTAS BIEN, NO? DIJO SOLO ESO, Y LA AMIGA DE MI HERMANA SE FUE.;0;16;0xA05D;0xA0CA;texto;;;;;;;;;;;;;
H4;233E;NO HAY RAZON PARA QUE ESTE DEPRIMIDA, NO? MADOKA ME ACARICIO LA CABEZA CON TERNURA. PORQUE SOMOS DOS, DIJO.;7;9;0xA0CF;0xA100;texto;;;;;;;;;;;;;
H5;20E;UNA CALIDEZ QUE PARECIA LLEGAR HASTA EL FONDO DE MI CORAZON SE SENTIA, MAS QUE COMO TERNURA, COMO UN DOLOR. ...NO LO HABRAS OLVIDADO, VERDAD...;3;13;0x493E;0x495D;texto;;;;;;;;;;;;;
H5;31E;CERRE LOS OJOS DE PURO MIEDO.;6;10;0x4C3C;0x4C57;texto;;;;;;;;;;;;;
H5;32E;EL SILENCIO CONTINUO UN RATO. PERO NO HABIA SEÑAL DE QUE FUERA A PASAR NADA MAS.;10;6;0x4C5E;0x4C8D;texto;;;;;;;;;;;;;
H5;33E;EL SILENCIO CONTINUO UN RATO. PERO NO HABIA SEÑAL DE QUE FUERA A PASAR NADA MAS. ABRI LOS OJOS CON TEMOR Y LENTAMENTE INTENTE MIRAR HACIA ATRAS.;3;13;0x4C98;0x4CC2;texto;;;;;;;;;;;;;
H5;34E;PERO NO HABIA NADIE...;5;11;0x4CCC;0x4CE9;texto;;;;;;;;;;;;;
H5;46E;JUNTO CON UN TRUENO, TODO A MI ALREDEDOR SE VOLVIO NEGRO COMO SI LA OSCURIDAD LO HUBIERA TRAGADO. TAMBIEN SENTI UN OLOR NAUSEABUNDO QUE PICABA EN LA NARIZ...;4;12;0xB8B3;0xB8F9;texto;;;;;;;;;;;;;
H5;47E;DE REPENTE, DESDE LA OSCURIDAD APARECIO UNA CALAVERA QUE TEMBLABA CON UN CASTAÑETEO;8;8;0xB92B;0xB960;texto;;;;;;;;;;;;;
H5;48E;DE REPENTE, DESDE LA OSCURIDAD APARECIO UNA CALAVERA QUE TEMBLABA CON UN CASTAÑETEO, GOTEANDO CARNE DERRETIDA. TODO SE VOLVIO BORROSO Y SE PUSO NEGRO.;3;13;0xB972;0xB989;texto;;;;;;;;;;;;;
H5;49E;ME INCORPORE LENTAMENTE. PARECIA QUE ESTABA EN UN VESTUARIO.;7;9;0xB9A0;0xB9CC;texto;;;;;;;;;;;;;
H5;50E;ME INCORPORE LENTAMENTE. PARECIA QUE ESTABA EN UN VESTUARIO. ESPERE A QUE SE CALMARAN MIS NERVIOS Y ME VESTI APURADA.;0;16;0xB9D4;0xB9F7;texto;;;;;;;;;;;;;
H5;51E;ABRI CON CUIDADO LA PUERTA DEL VESTUARIO Y ME ASOME AL PASILLO CON TEMOR. EL PASILLO MANTENIA EL SILENCIO CON MAS OBSTINACION QUE ANTES.;4;12;0xBA26;0xBA78;texto;;;;;;;;;;;;;
H5;110E;COMO SI ME RESISTIERA A LA CORRIENTE ME OPUSE;12;4;0x63E5;0x63FE;texto;;;;;;;;;;;;;
H5;111E;COMO SI ME RESISTIERA A LA CORRIENTE, ME OPUSE CON OBSTINACION. YOKO... KAORU, DENTRO DEL ESPEJO, ME LLAMO CON DULZURA.;3;13;0x6417;0x6445;texto;;;;;;;;;;;;;
H5;112E;KAORU... PARA MI, LA EXISTENCIA DE KAORU...;9;7;0x644D;0x6471;texto;;;;;;;;;;;;;
H5;113E;KAORU... PARA MI, LA EXISTENCIA DE KAORU... VARIOS SENTIMIENTOS SE ARREMOLINABAN EN MI CORAZON, ENTRELAZANDOSE DE FORMA COMPLEJA.;2;14;0x647D;0x649E;texto;;;;;;;;;;;;;
H5;114E;MIENTRAS LO PENSABA, EMPECE A SENTIR QUE NADA DE ESO IMPORTABA.;10;6;0x64AD;0x64C8;texto;;;;;;;;;;;;;
H5;115E;MIENTRAS LO PENSABA, EMPECE A SENTIR QUE NADA DE ESO IMPORTABA. POR MAS QUE LO PENSARA, NO ENCONTRABA UNA RESPUESTA.;5;11;0x64D6;0x64EA;texto;;;;;;;;;;;;;
H5;264E;RESPONDI CON UNA ACTITUD FIRME Y DECIDIDA. YO CONFIO EN KAORU.;7;9;0x79BD;0x7F42;texto;;;;;;;;;;;;;
H5;264F;YO... CONFIO EN KAORU;14;2;0x7F33;0x7F42;texto;;;;;;;;;;;0x2D48;;
H5;265E;LE DIJE ESO SIN RODEOS A MARIKO, QUE ESTABA ENCOGIDA EN EL SUELO. ENTONCES SU EXPRESION CAMBIO POR COMPLETO, Y ME MIRO CON OJOS TRISTES.;0;16;0x7F49;0x7F88;texto;;;;;;;;;;;;;
H5;266E;YOKO, TU TAMBIEN RECORRES MI MISMO CAMINO. QUE EXTRAÑO DESTINO ES ESTE...;10;6;0x7F91;0x7FB7;texto;;;;;;;;;;;;;
H5;267E;YOKO, TU TAMBIEN RECORRES MI MISMO CAMINO. QUE EXTRAÑO DESTINO ES ESTE... MARIKO, ENCOGIDA EN EL SUELO, SE PUSO BLANCA COMO UNA ESCULTURA DE YESO Y EMPEZO A DESMORONARSE.;2;14;0x7FC3;0x7FF6;texto;;;;;;;;;;;;;
H5;268E;YOKO... UN CORAZON SOLO SE PUEDE LLENAR CON OTRO CORAZON. NUNCA...;5;11;0x8002;0x8026;texto;;;;;;;;;;;;;
H5;269E;YOKO... UN CORAZON SOLO SE PUEDE LLENAR CON OTRO CORAZON. NUNCA... DESDE EL MONTON DE ARENA, ESCUCHE UNA VOZ DEBIL.;0;16;0x8032;0x8043;texto;;;;;;;;;;;;;
H5;270E;AH!;14;2;0x807D;0x807F;texto;;;;;;;;;;;;;
H5;271E;ME DESPERTE CON EL SONIDO DE MI RELOJ DE PULSERA.;12;4;0x8083;0x8095;texto;;;;;;;;;;;;;
H5;272E;ME DESPERTE CON EL SONIDO DE MI RELOJ DE PULSERA. EL RELOJ MARCABA LAS OCHO.;7;9;0x809E;0x80AD;texto;;;;;;;;;;;;;
H5;273E;AFUERA YA HABIA CAIDO LA NOCHE, Y UN AULA EN PENUMBRAS, VACIA, ME ENVOLVIA. AGARRE MI MOCHILA Y SALI CORRIENDO.;5;10;0x80B2;0x80F3;texto;;;;;;;;;;;;;
H6;20E;QUERIA SALIR DE ESTA HABITACION CUANTO ANTES.;12;4;0x3298;0x32B1;texto;;;;;;;;;;;;;
H6;21E;EN EL AGUJERO PARECIA ESCONDERSE ALGO ATERRADOR. PERO AFUERA HABIA PERROS SALVAJES MERODEANDO. ESTAR BAJO EL TECHO DEBIA SER UN POCO MENOS PELIGROSO.;4;12;0x32BC;0x3311;texto;;;;;;;;;;;;;
H6;22E;PARA SALIR DE ESTA HABITACION, NO HABIA OTRA OPCION QUE LLEGAR HASTA LA PUERTA DE ENFRENTE. ME ARME DE VALOR Y CAMINE CON CUIDADO POR EL BORDE DEL AGUJERO.;5;11;0x3315;0x3365;texto;;;;;;;;;;;;;
H6;23E;QUE UNOS POCOS METROS SE SINTIERAN TAN LARGOS...;11;5;0x3371;0x3390;texto;;;;;;;;;;;;;
H6;24E;POR FIN LLEGUE JUSTO FRENTE A LA PUERTA, PERO EN ESE MOMENTO,;10;6;0x3397;0x33B3;texto;;;;;;;;;;;;;
H6;25E;SHAAAAA! UN SONIDO EXTRAÑO SE ESCUCHO DETRAS DE MI. UNA SOMBRA NEGRA ME ATACO POR LA ESPALDA! ME LANCE A LA SIGUIENTE HABITACION, CAYENDO DE BRUCES.;0;16;0x33CF;0x343F;texto;;;;;;;;;;;;;
H6;26E;PARECIA QUE, DE ALGUNA MANERA, HABIA LOGRADO SALVARME.;12;4;0x3449;0x3458;texto;;;;;;;;;;;;;
H6;34E;2.@@1.@@SERA@@@ VOL@SEG@QUE,@@@ VER@UIR@POR@@@@ ATR@SUB@ALGUN@@ AS@@IEN@TRUCO,@ @@@@DO@@ESTOY@@ @@@@@@@@DANDO@@ @@@@@@@@VUELTAS @@@@@@@@EN@@@@@ @@@@@@@@EL@@@@@ @@@@@@@@MISMO@@ @@@@@@@@LUGAR?@;1;15;0x102F;0x1080;pregunta;;3;1;3;1;7;0;1. SEGUIR SUBIENDO;2. VOLVER ATRAS;SERA QUE, POR ALGUN TRUCO, ESTOY DANDO VUELTAS EN EL MISMO LUGAR?;;;
H6;35E;BAJAR LAS ESCALERAS AQUI SERIA CAER EXACTAMENTE EN LA TRAMPA DEL DISEÑADOR, NO? ME ARME DE VALOR Y VOLVI A SUBIR LAS ESCALERAS.;5;11;0x3C9C;0x3CEB;texto;;;;;;;;;;;;;
H6;36E;ENTONCES, LOS ESCALONES BAJO MIS PIES EMPEZARON A DERRUMBARSE CON ESTREPITO. COMO SI QUISIERAN IMPEDIR QUE SIGUIERA AVANZANDO.;6;10;0x3CF9;0x3D52;texto;;;;;;;;;;;;;
H6;37E;PERDI EL EQUILIBRIO Y CAI RODANDO POR EL CAMINO QUE HABIA SUBIDO.;10;6;0x3D56;0x3D74;texto;;;;;;;;;;;;;
H6;38E;.....................................................................................................................................;2;14;0x3D87;0x3DA5;texto;;;;;;;;;;;;;
H6;39E;AL DESPERTAR, ESTABA TIRADO BOCA ABAJO SOBRE EL FRIO SUELO DE PIEDRA. TODO EL CUERPO ME DOLIA, PERO PARECIA QUE NO TENIA HERIDAS GRAVES.;5;11;0x3DA9;0x3DF3;texto;;;;;;;;;;;;;
H6;40E;ME LEVANTE SACUDIENDO LA CABEZA Y ABRI LOS OJOS. FRENTE A MI HABIA LAS ESCALERAS QUE SE SUPONIAN DERRUMBADAS.;7;9;0x3DF8;0x3E3C;texto;;;;;;;;;;;;;
H6;41E;2.@@1.@TEND ES@@SU@RE@@ UN@@BI@QUE@ TRU@R@@RECO CO,@DE@RRER COM@NU@DE@@ O@@@EV@NUEV PEN@O@@O@@@ SAB@@@@ESE@ A@@@@@@LARG @@@@@@@O@@@ @@@@@@@CAMI @@@@@@@NO?@;5;11;0x3E48;0x3E7A;pregunta;;3;1;2;1;4;0;1. SUBIR DE NUEVO;2. ES UN TRUCO, COMO PENSABA;TENDRE QUE RECORRER DE NUEVO ESE LARGO CAMINO?;;;
H6;42E;ESTO ERA, SIN DUDA, UNA TRAMPA EN LA QUE HABIA CAIDO. SI ERA ASI, NO TENIA SENTIDO SEGUIR SUBIENDO ESTAS ESCALERAS.;5;11;0x9DE4;0x9E2B;texto;;;;;;;;;;;;;
H6;43E;INTENTE VOLVER POR LA PUERTA POR LA QUE HABIA ENTRADO A ESTA HABITACION, PERO EN ESE INSTANTE, EL SUELO VOLVIO A DERRUMBARSE!;7;9;0x9E2F;0x9E84;texto;;;;;;;;;;;;;
H6;44E;UNA VEZ MAS, EMPECE A CAER RODANDO POR LAS ESCALERAS.;12;4;0x9E8E;0x9EAE;texto;;;;;;;;;;;;;
H6;45E;.....................................................................................................................................;2;14;0x9EB4;0x9ED2;texto;;;;;;;;;;;;;
H6;46E;MIENTRAS SOPORTABA EL DOLOR QUE RECORRIA MI CUERPO, SEGUI DESEANDO QUE TERMINARA PRONTO, HASTA QUE CON UN GOLPE SECO FUI ARROJADO AL SUELO. POR FIN PARECIA HABER LOGRADO SALIR DE LA ESCALERA DE CARACOL.;2;14;0x9EDF;0x9F4B;texto;;;;;;;;;;;;;
H6;47E;SACUDI LA CABEZA Y ABRI LOS OJOS LENTAMENTE.;10;6;0x9F4F;0x9F6C;texto;;;;;;;;;;;;;
H6;75E;AL CRUZAR LA SIGUIENTE PUERTA, ME ENCONTRE EN UNA GRAN HABITACION DE MADERA.;10;6;0x2C87;0x2CB1;texto;;;;;;;;;;;;;
H6;76E;UN REFLECTOR APUNTABA AL CENTRO, ESPERANDO LA ENTRADA DEL PROTAGONISTA.;10;6;0x2CB7;0x2CE3;texto;;;;;;;;;;;;;
H6;77E;ESTA HABITACION ERA UN TEATRO, Y YO ESTABA PARADO SOBRE EL ESCENARIO. QUIEN SERIA EL PROTAGONISTA? Y CUANDO TERMINARIA ESTA OBRA?;2;14;0x2CE7;0x2D44;texto;;;;;;;;;;;;;
H6;78E;2.@@1.@@MIRE@ YO@@EL@@EL@@@ SOL@PRO@ESCEN O@@@TAG@ARIO@ SOY@ONI@DESDE UN@@STA@LOS@@ ESP@SOY@BASTI ECT@YO@@DORES ADO@@@@@Y@@@@ R@@@@@@@LO@@@ @@@@@@@@PENSE @@@@@@@@UN@@@ @@@@@@@@MOMEN @@@@@@@@TO.@@;3;13;0x2D4F;0x2D94;pregunta;;3;1;3;1;5;0;1. EL PROTAGONISTA SOY YO;2. YO SOLO SOY UN ESPECTADOR;MIRE EL ESCENARIO DESDE LOS BASTIDORES Y LO PENSE UN MOMENTO.;;;
H6;79E;EL PROTAGONISTA ERA YO, ASI QUE EL REFLECTOR ME ESTABA ESPERANDO A MI.;8;8;0x2FB1;0x2FE4;texto;;;;;;;;;;;;;
H6;80E;AVANCE LENTAMENTE, PASO A PASO, COMO PROBANDO EL TERRENO, Y ME LANCE DENTRO DE LA LUZ ARDIENTE DEL REFLECTOR. ESE CALOR PARECIA QUEMAR TODO MI CUERPO.;3;13;0x2FE8;0x304A;texto;;;;;;;;;;;;;
H6;81E;COMO SI AL QUEMARME FUERA A OBTENER UNA NUEVA FORMA, MIRE LAS BUTACAS CON CONFIANZA. LUEGO CERRE LOS OJOS Y ESPERE EL APLAUSO POR SIEMPRE.;4;12;0x304F;0x30A6;texto;;;;;;;;;;;;;
H6;82E;EL ROCIO DE LA NOCHE ME CAYO DESDE EL SOMBRERO Y ME DESPERTE. LA NOCHE ANTERIOR, AL FINAL SE HABIA PUESTO EL SOL, ASI QUE JUNTE PASTO SECO PARA ESCONDERME Y PASAR LA NOCHE.;3;13;0x6F10;0x6F6F;texto;;;;;;;;;;;;;
H6;83E;SENTIA QUE HABIA TENIDO UN SUEÑO MUY LARGO. ME PUSE DE PIE Y MIRE LA PENDIENTE QUE BAJABA.;8;8;0x6F7A;0x6FA5;texto;;;;;;;;;;;;;
H3;77F;LA MUÑECA LEVANTO LA CABEZA Y ME MIRO CON UNOS OJOS LLENOS DE RENCOR. BATAN! LA PARED VOLVIO A GIRAR. LA MUÑECA HABIA VUELTO A QUEDAR DENTRO DE LA PARED.;4;12;0x1FFE;0x2058;texto;;;;;;;;;;;;;
H3;78F;ESO... DIO MIEDO. MAS BIEN, DIO SUSTO, NO? CON ALIVIO, NOS REIMOS TODAS.;5;11;0x205C;0x2092;texto;;;;;;;;;;;;;
H3;79F;Y LA PUERTA HACIA EL SIGUIENTE CUARTO SE ABRIO. AVANZAMOS HACIA ADELANTE.;10;6;0x2096;0x20B8;texto;;;;;;;;;;;;;
H3;80F;MAS ALLA DEL PASILLO HABIA UNA ESCALERA DE CARACOL. EL MURO DE PIEDRA TENIA CANDELABROS. ERA DISTINTO A TODO LO ANTERIOR.;7;9;0x263A;0x267C;texto;;;;;;;;;;;;;
H3;81F;EL CUARTO QUE NOS ESPERABA MAS ADELANTE TAMBIEN ERA DISTINTO A LOS ANTERIORES.;8;7;0x2680;0x26AA;texto;;;;;;;;;;;;;
H3;82F;ERA UNA AMPLIA HABITACION DE ESTILO OCCIDENTAL HECHA DE MARMOL, CON UN TECHO ALTO DEL QUE COLGABAN VARIAS LAMPARAS DE CRISTAL DESLUMBRANTES. EN LAS PAREDES HABIA UNA HILERA DE ADORNOS DORADOS RELUCIENTES.;0;16;0x26B6;0x2732;texto;;;;;;;;;;;;;
H3;83F;ERA UNA HABITACION LUJOSA QUE HACIA PENSAR EN LA NOBLEZA MEDIEVAL. POR TODAS PARTES, MUÑECAS DE CERA VESTIDAS CON TRAJES VIVIDOS Y COLORIDOS, BAILABAN ABRAZADOS AL COMPAS DE LA MUSICA.;2;14;0x2736;0x27AC;texto;;;;;;;;;;;;;
H3;84F;CADA VEZ QUE GIRABAN, SUS CUELLOS CRUJIAN COMO UN TRAQUETEO. DE REPENTE TODO SE VOLVIO COMO OCCIDENTAL, NO? DIJO MAMI.;5;11;0x27B0;0x27F7;texto;;;;;;;;;;;;;
H3;85F;Y UNA DE LAS MUÑECAS DE CERA SE ACERCO HACIA NOSOTRAS. TENDIO LA MANO CON ELEGANCIA.;10;6;0x27FB;0x2821;texto;;;;;;;;;;;;;
H3;86F;ERA LA MUÑECA DE UN NOBLE. CON RASGOS PERFECTOS Y UNA VESTIMENTA ELEGANTE, DE HABER SIDO UN HUMANO DE VERDAD HABRIA PARECIDO UN PRINCIPE. PERO SIENDO UNA MUÑECA, SOLO DABA ESCALOFRIOS.;3;13;0x2825;0x2885;texto;;;;;;;;;;;;;
H3;87F;3.@@2.@@1.@REI@ ESC@SER@AC@KA,@ OND@FLO@EP@TE@@ ERM@RER@TA@EST@ E@@@O@@@R@@AN@@ DET@@@@@EL@INV@ RAS@@@@@BA@ITA@ DE@@@@@@IL@NDO@ LAS@@@@@E@@A@@@ DOS@@@@@@@@BAI@ @@@@@@@@@@@LAR@ @@@@@@@@@@@@@@@ @@@@@@@@@@@@@@@ @@@@@@@@@@@@@@@ @@@@@@@@@@@@@@@;1;15;0x2889;0x28D8;texto;;;;;;;;;;;;;
H3;88F;NO HAY REMEDIO, VOY YO, DIJO EMIKO, DIO UN PASO AL FRENTE Y TOMO LA MANO DE LA MUÑECA. Y EMPEZO A BAILAR.;7;9;0x2CA3;0x2CD8;texto;;;;;;;;;;;;;
H3;89F;EMIKO BAILABA TAN BIEN QUE LA MUÑECA NO LE LLEGABA NI A LOS TALONES. AL FIN Y AL CABO, ES SOLO UNA MUÑECA, MURMURO CON UNA SONRISA TRANQUILA.;3;13;0x2CDD;0x2D36;texto;;;;;;;;;;;;;
H3;90F;AL RATO LA MUSICA SE DETUVO. CRIIIC. Y ENTONCES SE ABRIO LA PUERTA HACIA EL SIGUIENTE CUARTO.;8;8;0x2D3A;0x2D71;texto;;;;;;;;;;;;;
H3;91F;EL PASILLO SEGUIA EN LA OSCURIDAD. QUE ESTARA PASANDO? SE ME ESCAPO UNA VOZ LLENA DE INQUIETUD. SOLO PENSABA EN LLEGAR PRONTO A LA SALIDA.;2;14;0x2FBB;0x3013;texto;;;;;;;;;;;;;
H3;92F;2.@@1.@@UNA@@@@@ LOS@LOS@BIFURCAC ANC@JOV@ION.@@@@ IAN@ENE@ROSTROS@ OS@@S@@@JOVENES@ DE@@DE@@A@@@@@@@ LA@@LA@@LA@@@@@@ IZQ@DER@DERECHA, UIE@ECH@VIEJOS@@ RDA@A@@@A@@@@@@@ @@@@@@@@LA@@@@@@ @@@@@@@@IZQUIERD @@@@@@@@A@@@@@@@;0;16;0x3025;0x3088;pregunta;;3;1;3;1;8;0;1. LOS JOVENES DE LA DERECHA;2. LOS ANCIANOS DE LA IZQUIERDA;UNA BIFURCACION. ROSTROS JOVENES A LA DERECHA, VIEJOS A LA IZQUIERDA;;;
H3;93F;VAYAMOS A LA DERECHA, PROPUSE. BUENO, CUALQUIERA DE LAS DOS ME DA IGUAL, RESPONDIO MAMI.;7;9;0x317D;0x31AC;texto;;;;;;;;;;;;;
H3;94F;DOBLAMOS A LA DERECHA Y SEGUIMOS AVANZANDO POR EL CAMINO.;10;6;0x31B8;0x31D4;texto;;;;;;;;;;;;;
H3;95F;AL AVANZAR UN POCO, EN CIERTO PUNTO LAS PAREDES EMPEZARON A ESTAR DESMORONADAS. QUE SERA ESTO?, TOQUE LA PARED. MAS QUE UNA DECORACION, PARECIA COMO SI ALGO LA HUBIERA ARAÑADO.;2;14;0x31D8;0x3239;texto;;;;;;;;;;;;;
H3;96F;CLANC. SONO UN GRAN ESTRUENDO, Y LAS LUCES DE ALREDEDOR SE APAGARON.;9;7;0x3245;0x326C;texto;;;;;;;;;;;;;
H3;97F;RETUMBA, RETUMBA, RETUMBA... EN MEDIO DE LA OSCURIDAD RESONABA UN GRAN ESTRUENDO. QUE? QUE ESTA PASANDO?;7;9;0x3278;0x32AC;texto;;;;;;;;;;;;;
H3;98F;AUNQUE GRITE CON TODAS MIS FUERZAS, NADIE RESPONDIO. AL RATO, EL SUELO BAJO MIS PIES EMPEZO A TEMBLAR EN PEQUEÑAS SACUDIDAS. Y NO SOLO EL SUELO, HASTA LAS PAREDES Y EL TECHO VIBRARON CON UN HORMIGUEO.;2;14;0x32B0;0x3312;texto;;;;;;;;;;;;;
H3;99F;ALGUIEN CHOCO CONTRA MI HOMBRO. QUE PASO? QUE? ALGUIEN CHOCO CONMIGO? NO HUBO RESPUESTA.;3;13;0x3316;0x3358;texto;;;;;;;;;;;;;
H3;100F;DE NUEVO, ALGO CHOCO CONTRA MI HOMBRO. NO ERA UNA PERSONA. ERA LA PARED. NO PODIA VERLO BIEN POR LA OSCURIDAD, PERO LA PARED SE ESTABA ACERCANDO!;4;12;0x335E;0x33A5;texto;;;;;;;;;;;;;
H3;101F;CORRAN!, EMPECE A CORRER COMO EMPUJANDO A LAS OTRAS DOS. MAS ADELANTE VI UNA LUZ BRILLANTE. ME LANCE HACIA ELLA.;5;11;0x33AA;0x33EA;texto;;;;;;;;;;;;;
H3;102F;ESTUVO CERCA, NO? LA PARED YA NO VOLVIO A ACERCARSE.;10;6;0x33EE;0x3414;texto;;;;;;;;;;;;;
H3;103F;AL AVANZAR UN POCO, ESTA VEZ LLEGAMOS FRENTE A UN TUNEL ANGOSTO. AL PARECER, SOLO SE PODIA PASAR DE A UNA PERSONA POR VEZ.;5;11;0x7CD0;0x7D21;texto;;;;;;;;;;;;;
H3;104F;2.@1.@QUI AD@RE@EN@ EL@IK@VA@ AN@A@@PRI TE@VA@MER ,@@PR@O?@ PA@IM@@@@ SA@ER@@@@ TU@O@@@@@;7;9;0x7D26;0x7D53;pregunta;;2;1;2;1;3;0;1. REIKA VA PRIMERO;2. ADELANTE, PASA TU;QUIEN VA PRIMERO?;;;
H3;105F;PRIMERO YO, DIJE EN VOZ ALEGRE PARA DISIMULAR EL MIEDO. QUEDARME SOLA EN UN LUGAR ASI SERIA TERRIBLE. OYE, QUE TE PASO DE REPENTE?, PREGUNTO EMIKO, CONTENTA.;0;16;0x7D5F;0x7DC5;texto;;;;;;;;;;;;;
H3;106F;ALLA VOY!, Y DEJE CAER MI PESO SOBRE EL OSCURO TOBOGAN.;10;6;0x7DC9;0x7DEA;texto;;;;;;;;;;;;;
H3;107F;ADENTRO NO ESTABA COMPLETAMENTE OSCURO, HABIA UNA TENUE LUZ ENCENDIDA. LAS PAREDES ERAN TODAS ESPEJOS, Y MI PROPIO REFLEJO SE PROYECTABA EN ELLAS. QUE DISEÑO MAS DESAGRADABLE.;2;14;0x380B;0x3867;texto;;;;;;;;;;;;;
H3;108F;SALI DEL TUNEL Y MIS PIES TOCARON EL SUELO. AL ASOMARME, VI QUE TODA LA PARED ESTABA CUBIERTA DE ESPEJOS COLOCADOS EN DISTINTOS ANGULOS. GUAU!, SE ME ESCAPO SIN QUERER.;2;14;0x386D;0x38C8;texto;;;;;;;;;;;;;
H3;109F;EN LOS ESPEJOS SE SUPERPONIAN MUCHOS REFLEJOS DE MI FIGURA, CADA UNO DISTORSIONADO DE UNA MANERA DISTINTA. UNOS ESTIRADOS HACIA ARRIBA Y ABAJO, OTROS HACIA LOS LADOS.;3;13;0x38CD;0x391D;texto;;;;;;;;;;;;;
H3;110F;OTROS, EN CAMBIO, SE VEIAN APLASTADOS, FIGURAS EXTRAÑAS POR TODAS PARTES.;10;6;0x3921;0x3946;texto;;;;;;;;;;;;;
H3;111F;DEL OTRO LADO DE LOS ESPEJOS VI LAS FIGURAS DE MAMI Y EMIKO. HABREMOS CAIDO LAS TRES EN LUGARES DISTINTOS?, PENSE, PERO A MITAD DE CAMINO NOTE QUE ALGO NO ANDABA BIEN.;3;13;0x2229;0x227D;texto;;;;;;;;;;;;;
H3;112F;JUNTO A ELLAS DOS SE REFLEJABA ALGUIEN IDENTICO A MI. OYE, VAMOS, APURATE! QUE TE PASA, REIKA, DE REPENTE TE PUSISTE TAN DECIDIDA. DE VERDAD, PASO ALGO?;0;16;0x2282;0x22E5;texto;;;;;;;;;;;;;
H3;113F;NO ES NADA. MAMI Y EMIKO, TOMADAS DE LA MANO POR ALGUIEN PARECIDA A MI, SALIERON DEL CUARTO DE ESPEJOS. YO, DESDE DENTRO DEL ESPEJO, ME QUEDE OBSERVANDO COMO SE ALEJABAN.;2;14;0x22E9;0x234D;texto;;;;;;;;;;;;;
H4;50F;TECNICA SECRETA: UNA VIDA QUE SUPERA LAS LEYES. EL ANCESTRO DE LOS KOKONOE LA HALLO, PERO DESAPARECIO. AL VOLVER YA NO ERA HUMANO. LO QUE LLEVA A ELLA ES EL TESORO.;3;13;0xA1CC;0xA230;texto;;;;;;;;;;;;;
H4;51F;HOJEE EL TENROKI SIN PENSARLO MUCHO. UN PASAJE LLAMO MI ATENCION. VIDA ETERNA, UN TESORO SAGRADO?;5;11;0xA236;0xA27D;texto;;;;;;;;;;;;;
H4;52F;2.@@1.@@LO@@@@@ PER@INV@QUE@@@@ O@@@EST@BUSCO@@ TAM@IGA@NO@@@@@ BIE@R@@@ES@@@@@ N@@@EL@@EL@@@@@ ME@@MIS@TESORO, INT@TER@SINO@@@ ERE@IO@@EL@@@@@ SA@@DE@@MISTERI EL@@LA@@O@@@@@@ TES@MUE@DE@@@@@ ORO@RTE@LA@@@@@ @@@@@@@@MUERTE@ @@@@@@@@DEL@@@@ @@@@@@@@ABUELO@;1;15;0xA281;0xA2D0;pregunta;;3;1;3;1;7;0;1. INVESTIGAR EL MISTERIO DE LA MUERTE;2. PERO TAMBIEN ME INTERESA EL TESORO;LO QUE BUSCO NO ES EL TESORO, SINO EL MISTERIO DE LA MUERTE DEL ABUELO;;;
H4;53T;EMPECE A LEER EL TENROKI PARA ACLARAR EL MISTERIO DE LA MUERTE DEL ABUELO. EN EL ESTABAN ANOTADOS LAS TECNICAS, FRACASOS Y EXITOS DE GENERACIONES DE KOKONOE EN LA FABRICACION DE MUÑECOS. ENTRE ELLOS HABIA ESTA FRASE:;0;16;0xA2DA;0xA35F;texto;;;;;;;;;;;;;
H4;54T;MUÑECO: SI SE SABE SU ORIGEN, EL RITUAL DE RESURRECCION SE ROMPE Y EL Y SU CREADOR SE DISUELVEN.;8;8;0xA361;0xA3A7;texto;;;;;;;;;;;;;
H4;55T;LA PERSONA CREADA DEBE SER UN MUÑECO HECHO POR LOS KOKONOE. SI SE REVELA SU VERDADERA IDENTIDAD, EL RITUAL DE RESURRECCION SE ROMPE, Y TANTO EL COMO QUIEN LO CREO SE DISUELVEN Y DESAPARECEN.;1;15;0xA3A9;0xA41C;texto;;;;;;;;;;;;;
H4;56T;EL RITUAL DE RESURRECCION ES UN CONJURO PARA REVIVIR A LOS MUERTOS. EL ABUELO ERA EL CREADOR, O ERA UN MUÑECO? PENSANDO EN EL RESORTE QUE SALTO DE EL, TAL VEZ ERA UN MUÑECO.;0;16;0xA41E;0xA49C;texto;;;;;;;;;;;;;
H4;57T;A LA MAÑANA SIGUIENTE, HICIMOS LA TUMBA DEL ABUELO EN EL JARDIN Y REZAMOS JUNTOS. POR FIN ESTOY MAS TRANQUILO. GRACIAS, LE DIJE.;5;11;0xA5EF;0xA650;texto;;;;;;;;;;;;;
H4;58T;ELLA ME MIRO Y NEGO LEVEMENTE CON LA CABEZA. NO, EL QUE LO PASO PEOR FUISTE TU, TATSUKI. QUIZAS. PERO CADA VEZ QUE BAJO LA MIRADA, RECUERDO COMO MURIO EL ABUELO.;0;16;0xA652;0xA6C0;texto;;;;;;;;;;;;;
H4;59T;ACASO EL ABUELO YA ESTABA MUERTO DESDE ANTES? MURIO ASI POR HABER DESAFIADO LAS LEYES DE LA NATURALEZA? AUN ASI, FUE DEMASIADO CRUEL.;5;11;0xA6C2;0xA718;texto;;;;;;;;;;;;;
H4;60T;TRANQUILO, AQUI ESTOY YO, DIJO MADOKA DANDOME UNA PALMADITA EN EL HOMBRO. YO LE SONREI. MADOKA ENTRECERRO LOS OJOS, CONTENTA. Y LUEGO, COMO CAMBIANDO DE TEMA, DIJO:;1;15;0xA71A;0xA77B;texto;;;;;;;;;;;;;
H4;61T;OYE, ATRAS HAY UN DEPOSITO, NO? ES EL TALLER DEL ABUELO. A MI NUNCA ME DEJO ENTRAR.;6;10;0xA77D;0xA7C3;texto;;;;;;;;;;;;;
H4;62T;CERRE LOS OJOS. RECORDE LA CARA SEVERA DEL ABUELO. EL DEPOSITO NO TENIA LLAVE, PERO RECUERDO QUE NO PODIA ABRIRLO Y NUNCA LOGRE ENTRAR.;5;11;0xA7C5;0xA818;texto;;;;;;;;;;;;;
H4;63T;ME DOLIO EL PECHO. AL FINAL TENDRE QUE REVISAR EL INTERIOR DEL DEPOSITO?;8;8;0xA81A;0xA871;texto;;;;;;;;;;;;;
H4;64T;NO PENSABA VOLVER HASTA ACLARAR EL MISTERIO DE LA MUERTE DEL ABUELO.;10;6;0xA873;0xA89A;texto;;;;;;;;;;;;;
H4;65T;QUE DECIA EL LIBRO? AUN NO LO TERMINO, PERO SON PURAS COSAS INCREIBLES. HMM, DIJO MADOKA, Y ME MIRO CON CARA DE ENTENDERLO TODO.;0;16;0xA89C;0xA901;texto;;;;;;;;;;;;;
H4;66T;PASE LO QUE PASE, YO TE VOY A ACOMPAÑAR, TATSUKI. ERA DE LO MAS CONFIABLE. SENTI QUE SE ME ESCAPABA UNA SONRISA.;5;11;0xA903;0xA948;texto;;;;;;;;;;;;;
H4;67T;2.@@1.@@VOLVIMO PRE@INV@S@@@@@@ PAR@EST@A@@@@@@ ARM@IGA@LA@@@@@ E@@@R@@@ERMITA. PAR@EL@@ANTES@@ A@@@TES@DE@@@@@ EL@@ORO@ENTRAR@ DEP@@@@@AL@@@@@ OSI@@@@@DEPOSIT TO@@@@@@O,@@@@@ @@@@@@@@QUE@@@@ @@@@@@@@HAGO?@@;1;15;0xA94A;0xA9A7;pregunta;;3;1;3;1;7;0;1. INVESTIGAR EL TESORO;2. PREPARARME PARA EL DEPOSITO;VOLVIMOS A LA ERMITA. ANTES DE ENTRAR AL DEPOSITO, QUE HAGO?;;;
H4;68U;ME INTRIGABA EL TESORO. UNA VIDA QUE TRASCENDIA EL TIEMPO TENIA QUE SER LA INMORTALIDAD. SIGUIENDO EL TEXTO EN ORDEN, LLEGUE A UNA PARTE QUE PARECIA UN SUTRA.;3;13;0xAD1A;0xAD7C;texto;;;;;;;;;;;;;
H4;69U;LO PENSE UN RATO, PERO AL LEER CON CUIDADO LO DE ANTES Y DESPUES, ENTENDI QUE EXPLICABA EL RITUAL DE RESURRECCION. PARA LOGRARLO, SE NECESITABA ALGO LLAMADO HISOU -ARSENICO-.;3;13;0xAD7E;0xADD6;texto;;;;;;;;;;;;;
H4;70U;SERA ESTO EL TESORO? UNA INMORTALIDAD QUE DA ALMA A UN MUÑECO, PERO EN LA QUE, SI SE REVELA EL SECRETO DEL RITUAL, TANTO EL QUE LO HIZO COMO EL MUÑECO SE DISUELVEN? PARECE MUY IMPERFECTA.;1;15;0xADD8;0xAE49;texto;;;;;;;;;;;;;
H4;53F;PERO TAMBIEN ME INTRIGABA EL TESORO. UNA VIDA QUE TRASCENDIA EL TIEMPO, TENIA QUE SER SOBRE LA ETERNA JUVENTUD Y LA INMORTALIDAD. SIGUIENDO EL PASAJE EN ORDEN, LLEGUE A UNA PARTE QUE PARECIA UN SUTRA.;3;13;0xA4AA;0xA507;texto;;;;;;;;;;;;;
H4;54F;LO PENSE UN RATO, PERO AL LEER CON CUIDADO LO DE ANTES Y DESPUES, ENTENDI QUE EXPLICABA EL RITUAL DE RESURRECCION.;7;9;0xA50B;0xA540;texto;;;;;;;;;;;;;
H4;55F;EL RITUAL DE RESURRECCION ERA UN CONJURO PARA REVIVIR A LOS MUERTOS, PERO SE NECESITABA EL HISOU -ARSENICO-.;7;9;0xA546;0xA582;texto;;;;;;;;;;;;;
H4;56F;SERA ESTO EL TESORO SAGRADO? QUE RELACION TENDRA CON LO DEL ABUELO? TIENE QUE HABER ALGUNA RELACION CON LO QUE EL ABUELO ME ENTREGO.;2;14;0xA586;0xA5E9;texto;;;;;;;;;;;;;
H4;57F;A LA MAÑANA SIGUIENTE, HICIMOS LA TUMBA DEL ABUELO EN EL JARDIN. TERMINAMOS DE ENTERRAR LOS RESTOS DEL ABUELO, Y MADOKA Y YO JUNTAMOS LAS MANOS ANTE SU TUMBA.;5;11;0xA9C4;0xAA11;texto;;;;;;;;;;;;;
H4;58F;FINALMENTE ME SIENTO EN PAZ. GRACIAS. LE DIJE A ELLA.;10;6;0xAA15;0xAA34;texto;;;;;;;;;;;;;
H4;59F;ELLA LEVANTO LA VISTA HACIA MI Y NEGO LIGERAMENTE CON LA CABEZA. NO, EL QUE LA TUVO MAS DIFICIL FUISTE TU, TATSUKI. PUEDE QUE FUERA CIERTO, PERO AL BAJAR LA MIRADA, NO PUDE EVITAR RECORDAR COMO HABIA MUERTO EL ABUELO.;0;16;0xAA3A;0xAAA4;texto;;;;;;;;;;;;;
H4;60F;ESTA BIEN, YO ESTOY AQUI CONTIGO. MADOKA PUSO SU MANO SOBRE MI HOMBRO DE VERDAD.;9;7;0xAAA8;0xAAD3;texto;;;;;;;;;;;;;
H4;61F;FORCE UNA SONRISA. MADOKA ENTRECERRO LOS OJOS, CONTENTA Y HABLO COMO PARA CAMBIAR DE TEMA.;9;7;0xAAD7;0xAB07;texto;;;;;;;;;;;;;
H4;62F;OYE, EN EL FONDO HAY UN DEPOSITO, NO? SI, ES EL TALLER DEL ABUELO. NUNCA ME DEJO ENTRAR. CERRE LOS OJOS. RECORDE EL ROSTRO SEVERO DEL ABUELO.;0;16;0xAB15;0xAB78;texto;;;;;;;;;;;;;
H4;63F;EL DEPOSITO NO TENIA CERRADURA, PERO RECUERDO QUE NUNCA PUDE ABRIRLO. TAL VEZ DEBERIA REVISAR EL INTERIOR DEL DEPOSITO.;5;11;0xAB7D;0xABE0;texto;;;;;;;;;;;;;
H4;64F;HASTA ACLARAR EL MISTERIO DE LA MUERTE DEL ABUELO, NO PENSABA VOLVER.;10;6;0xABE4;0xAC09;texto;;;;;;;;;;;;;
H4;65F;PENSAR QUE CONOCIA EL ARTE DE LA INMORTALIDAD Y AUN ASI TERMINO ASI... ME ACOMPAÑAS EN ALGO? CLARO. POR TI, TATSUKI, LO QUE SEA.;3;13;0xAC0F;0xAC56;texto;;;;;;;;;;;;;
H4;66F;MADOKA RESPONDIO ARREMANGANDOSE DE FORMA EXAGERADA. SENTI QUE MI CARA SE RELAJABA SIN QUERER. ERA REALMENTE DE FIAR. VOLVIMOS A LA ERMITA. PERO ANTES DE ENTRAR AL DEPOSITO, QUERIA PREPARARME O SEGUIR REVISANDO EL TENROKI.;0;16;0xAC5B;0xACD7;texto;;;;;;;;;;;;;
H4;67F;2.@1.@@CU PR@INV@AL EP@EST@DE AR@IGA@LA AR@R@@@S@ SE@EL@@DO PA@MIS@S@ RA@TER@EL EN@IO@@IJ TR@DE@@O? AR@LA@@@@ AL@MUE@@@ DE@RTE@@@ PO@@@@@@@ SI@@@@@@@ TO@@@@@@@;7;9;0xACE2;0xAD10;pregunta;;2;1;3;1;2;0;1. INVESTIGAR EL MISTERIO DE LA MUERTE;2. PREPARARSE PARA ENTRAR AL DEPOSITO;CUAL DE LAS DOS ELIJO?;;;
H4;68F;PARA CONFIRMAR EL MISTERIO DE LA MUERTE DEL ABUELO, SEGUI LEYENDO EL TENROKI. REGISTRABA LOS EXITOS Y FRACASOS DE LA TECNICA DE LOS KOKONOE PARA LA FABRICACION DE MUÑECOS. AHI ESTABA LA LINEA QUE BUSCABA.;2;14;0xAFCF;0xB040;texto;;;;;;;;;;;;;
H4;69F;CUANDO SE REVELE LA IDENTIDAD DE LA PERSONA CON QUE FUE HECHO, MUÑECO Y CREADOR SE DERRETIRAN.;8;8;0xB04E;0xB083;texto;;;;;;;;;;;;;
H4;70F;LA PERSONA HECHA PARECE REFERIRSE AL MUÑECO QUE UN KOKONOE CREO. SIGNIFICA QUE SI SE REVELA SU VERDADERA IDENTIDAD LA RESURRECCION SE ROMPE, Y TANTO EL MUÑECO COMO SU CREADOR SE DERRITEN Y DESAPARECEN.;2;14;0xB088;0xB0F2;texto;;;;;;;;;;;;;
H4;71F;EL RITUAL DE RESURRECCION ES UN CONJURO PARA REVIVIR A LOS MUERTOS. SERIA EL ABUELO QUIEN HIZO ALGO, O ERA EL MISMO UN MUÑECO? PENSANDO EN EL RESORTE QUE SE LE HABIA SALIDO, TAL VEZ ERA UN MUÑECO.;0;16;0xB0F8;0xB16C;texto;;;;;;;;;;;;;
H4;72F;OYE, ENTREMOS YA AL DEPOSITO. VOLVI EN MI. RECIEN CUANDO MADOKA LO DIJO. TIENES RAZON, ENTREMOS. DEJANDOME LLEVAR POR LO QUE MADOKA DECIA, DECIDI ENTRAR. SUPONGO QUE LA IMPRESION AUN ERA DEMASIADO GRANDE.;0;16;0xB187;0xB1EB;texto;;;;;;;;;;;;;
H4;73F;UNA PESADA PUERTA DE HIERRO. PAREDES DE YESO EN PATRON DE GRILLA. NOS PARAMOS FRENTE AL DEPOSITO. VIENDO UNA VENTANA EN LO ALTO, DEBIA TENER UN SEGUNDO PISO TAMBIEN. SERIA DE LA EPOCA EDO?;2;14;0xB1FB;0xB25C;texto;;;;;;;;;;;;;
H4;74F;ABUELO, VOY A ENTRAR. AGARRAMOS LA MANIJA DE LA PUERTA Y TIRAMOS CON TODAS NUESTRAS FUERZAS ENTRE LOS DOS DURANTE UNOS MINUTOS. EMPAPADOS DE SUDOR, NO SE MOVIO NI UN MILIMETRO. NOS TOMAMOS UN DESCANSO.;0;16;0xB260;0xB2CC;texto;;;;;;;;;;;;;
H4;75F;QUE RARO, NO HAY UN AGUJERO PARA LA LLAVE. REVISEMOSLO BIEN. MADOKA SE SECO EL SUDOR DE LA FRENTE MIENTRAS MIRABA ALREDEDOR DE LA PUERTA.;5;11;0xB2D0;0xB315;texto;;;;;;;;;;;;;
H4;76F;2.@@1.@LO ESP@RE@PE IAR@VI@NS POR@SA@E@ LA@@R@@UN VEN@BI@MO TAN@EN@ME A@@@@@@NT DEL@@@@O@ SEG@@@@@@ UND@@@@@@ O@@@@@@@@ PIS@@@@@@ O@@@@@@@@;5;9;0xB31E;0xB349;pregunta;;3;1;2;1;2;0;1. REVISAR BIEN;2. ESPIAR POR LA VENTANA DEL SEGUNDO PISO;LO PENSE UN MOMENTO;;;
H4;77V;VOY A MIRAR POR LA VENTANA DEL SEGUNDO PISO. QUIZAS PUEDA ENTRAR. USE LA ESCALERA APOYADA EN LA ERMITA Y SUBI HASTA LA VENTANA DEL SEGUNDO PISO. MADOKA, QUE LA SUJETABA ABAJO, DIJO:;1;15;0xB660;0xB6D4;texto;;;;;;;;;;;;;
H4;78V;TEN CUIDADO! YA SE. AL LLEGAR ARRIBA, MIRE POR LA VENTANA DE VIDRIO CON BARROTES DE HIERRO. NO PARECIA QUE PUDIERA ROMPERLA PARA ENTRAR. ADENTRO ESTABA OSCURO, Y CON EL POLVO Y LA SUCIEDAD NO SE VEIA NADA.;1;15;0xB6D6;0xB743;texto;;;;;;;;;;;;;
H4;79V;CUANDO ME RENDI Y ESTABA POR BAJAR, SE OYO UN RUIDO.;10;6;0xB745;0xB761;texto;;;;;;;;;;;;;
H4;80V;2.@@1.@@CRUJ LA@@ES@@IA@@ ESC@EL@@CRUJ ALE@SON@IA@@ RA@@IDO@CRUJ QUE@DE@@IA.. CRU@AQU@.@@@ JE?@ELL@QUE@ @@@@A@@@SERA @@@@VEZ@ESE@ @@@@@@@@SONI @@@@@@@@DO?@;4;12;0xB763;0xB7A3;pregunta;;3;1;3;1;4;0;1. ES EL SONIDO DE AQUELLA VEZ;2. LA ESCALERA QUE CRUJE?;CRUJIA CRUJIA CRUJIA... QUE SERA ESE SONIDO?;;;
H4;81V;ES EL SONIDO QUE HACIA EL ABUELO. TODAVIA HAY UN MUÑECO ADENTRO? SI ES UN MUÑECO TAN PERFECTO COMO EL ABUELO, SEGURO QUE PUEDE HABLAR. BAJE DE LA ESCALERA CON LAS PIERNAS TEMBLANDO.;0;16;0xB7AD;0xB823;texto;;;;;;;;;;;;;
H4;82V;DESCUBRISTE ALGO? ME PREGUNTO MADOKA, INTERESADA. SI, SE OYO UN RUIDO ADENTRO. QUIZAS HAYA ALGUIEN. EH, AHI ADENTRO? QUIZAS.;0;16;0xB825;0xB88B;texto;;;;;;;;;;;;;
H4;83V;AHORA TENIA AUN MAS GANAS DE ENTRAR. VOY A CALMARME Y REVISAR LA PUERTA OTRA VEZ.;8;8;0xB88D;0xB8C0;texto;;;;;;;;;;;;;
H4;81W;E-ESTO NO SERA EL CRUJIDO DE LA ESCALERA? COMO ES DE BAMBU AMARRADO, QUIZAS SE AFLOJO EN ALGUNA PARTE... AL MIRAR ABAJO, MADOKA SUJETABA LA ESCALERA CON TODAS SUS FUERZAS.;0;16;0xB8C6;0xB93D;texto;;;;;;;;;;;;;
H4;82W;PERO LA ESCALERA EMPEZO A TAMBALEARSE DE LADO A LADO. OOOOH, SOLTE UN GRITO SIN VOZ.;6;10;0xB93F;0xB97C;texto;;;;;;;;;;;;;
H4;83W;NOOO! NO PUEDO SOSTENERLA! SALTA! GRITO MADOKA.;8;8;0xB97E;0xB9B2;texto;;;;;;;;;;;;;
H4;84W;QUE SEA LO QUE DIOS QUIERA, Y SALTE DE LA ESCALERA. CAIDA. ATERRICE BIEN. EL GOLPE ME SUBIO DE LOS TALONES A LA CABEZA. HASTA LA MANDIBULA ME TEMBLABA. ESTAS BIEN?;0;16;0xB9B4;0xBA1D;texto;;;;;;;;;;;;;
H4;85W;ME PREGUNTO MADOKA, PREOCUPADA. E-E-ESTOY BIEN. DESCANSE UN RATO Y DECIDI REVISAR LA PUERTA OTRA VEZ.;5;11;0xBA1F;0xBA67;texto;;;;;;;;;;;;;
H4;77F;AL REVISAR BIEN LA PUERTA, ENCONTRE UNA HENDIDURA DEL TAMAÑO DE UNA PELOTA DE PING PONG CERCA DE LA MANIJA. A VER, SI ES EL PATRON DE SIEMPRE... PENSE.;3;13;0xB356;0xB3A8;texto;;;;;;;;;;;;;
H4;78F;AHORA QUE LO PIENSO, SAQUE DEL BOLSILLO EL OJO DE CRISTAL DEL ABUELO Y LO PROBE EN ESA HENDIDURA.;8;7;0xB3AC;0xB3E2;texto;;;;;;;;;;;;;
H4;79F;CRIC CRIC CRIC. LA PUERTA SE ABRIO CON UN RUIDO TREMENDO, NOS MIRAMOS Y ENTRE PRIMERO.;7;9;0xB3EE;0xB42C;texto;;;;;;;;;;;;;
H4;80F;UN AIRE FRIO Y UN OLOR A MOHO ME GOLPEO LA NARIZ. ESTAS BIEN? MADOKA PREGUNTO CON VOZ PREOCUPADA. ASENTI LIGERAMENTE. MADOKA ME SIGUIO CON PASOS SUAVES, COMO DE GATO.;2;14;0xB441;0xB4A3;texto;;;;;;;;;;;;;
H4;81F;CRIIIC, PUM. LA PUERTA SE CERRO DE GOLPE Y NUESTRA VISTA QUEDO SELLADA EN LA OSCURIDAD. AH! QUE PASO? MMM, NO VEO NADA.;2;14;0xB4D4;0xB529;texto;;;;;;;;;;;;;
H4;82F;UY, NO, QUE MIEDO, QUE ASCO. INTENTE EMPUJAR LA PUERTA CON EL CUERPO A CIEGAS. NO FUNCIONA. LO INTENTO OTRA VEZ.;5;11;0xB52D;0xB576;texto;;;;;;;;;;;;;
H4;83F;AY AY AY. LA PUERTA ME HIZO REBOTAR Y CAI SENTADO DE GOLPE.;9;7;0xB580;0xB5A3;texto;;;;;;;;;;;;;
H4;84F;EN VEZ DEL PISO FRIO, SENTI ALGO BLANDO EN MANOS Y ESPALDA. SERA POSIBLE QUE...? JUSTO CUANDO SENTI ESO. BAJATE RAPIDO, PESAS, DIJO MADOKA QUE HABIA BAJADO BASTANTE DE TONO.;2;14;0xB5A7;0xB60A;texto;;;;;;;;;;;;;
H4;85F;2.@@1.@@LO@@@@@ QUE@LEV@SIENT@@ DAR@ANT@O,@@@@@ ME@@ARM@PERO@@@ ASI@E@@@TAMBI@@ UN@@DE@@EN@@@@@ POC@INM@TENGO@@ O@@@EDI@GANAS@@ MAS@ATO@DE@@@@@ @@@@@@@@QUEDA@@ @@@@@@@@RME@@@@ @@@@@@@@ASI@@@@ @@@@@@@@UN@@@@@ @@@@@@@@POCO@@@ @@@@@@@@MAS@@@@;1;15;0xB60F;0xB656;pregunta;;3;1;3;1;5;2;1. LEVANTARME DE INMEDIATO;2. QUEDARME ASI UN POCO MAS;LO SIENTO, PERO TAMBIEN TENGO GANAS DE QUEDARME ASI UN POCO MAS;;;
H4;86F;LO SIENTO. ME BAJE DE ENCIMA DE MADOKA DE INMEDIATO. QUE PERVERTIDO. NO FUE A PROPOSITO. NO ME IMPORTA, LO QUE SEA, PRENDE LA LINTERNA DE UNA VEZ.;2;14;0xBA6F;0xBAC3;texto;;;;;;;;;;;;;
H4;87F;BUSQUE A TIENTAS EN EL BOLSILLO. EN ESE MOMENTO, MAS QUE NADA, TEMIA EL ENOJO DE MADOKA. EN ESO, ESCUCHE UN SONIDO CERCA DE MI OIDO.;5;11;0xBACD;0xBB10;texto;;;;;;;;;;;;;
H4;88F;FLAP FLAP FLAP. AY, QUE ES ESTO YA, RAPIDO, PRENDELA DE UNA VEZ. ENCENDI LA LINTERNA DE UN GOLPE Y APUNTE LA LUZ HACIA LO QUE REVOLOTEABA A NUESTRO ALREDEDOR.;3;13;0xBB1C;0xBB7A;texto;;;;;;;;;;;;;
H4;89F;QUE ES ESO? AL RECIBIR LA LUZ, HUYO Y SE QUEDO QUIETO FRENTE A NOSOTROS. MADOKA SE LEVANTO TEMBLANDO Y TAMBIEN ENCENDIO SU PROPIA LINTERNA.;2;14;0xBC88;0xBCE9;texto;;;;;;;;;;;;;
H4;90F;ES UN LORO. A LOS LADOS HABIA PANELES DIVISORIOS, Y MAS AL FONDO TODAVIA HABIA UN SOPORTE PARA EL LORO. SE QUEDO JUSTO AHI, COMO SI EL LORO QUISIERA BLOQUEARNOS EL PASO.;2;14;0xBCFB;0xBD64;texto;;;;;;;;;;;;;
H4;91F;DI UN PASO ADELANTE PARA REVISARLO. ENTONCES EL PICO DEL LORO SE ABRIO DE GOLPE.;8;7;0xBD68;0xBDA0;texto;;;;;;;;;;;;;
H4;92F;QUIEN OSE ENTRAR A ESTE DEPOSITO DEBE SER DE LA SANGRE DE LOS KOKONOE. DE LO CONTRARIO LA MUERTE LO ESPERA.;7;9;0xBDBD;0xBE01;texto;;;;;;;;;;;;;
H4;93F;EL LORO HIZO SONAR EL PICO. QUE LORO TAN HABIL PARA HABLAR. MADOKA SE ACERCO AL LORO, IMPRESIONADA. NO... ESTO ES... UN MECANISMO...;2;14;0xBE10;0xBE72;texto;;;;;;;;;;;;;
H4;94F;UN CABLE DE PIANO COLGABA DEL TECHO, CONECTADO AL LORO, HACIENDOLO PARECER VIVO. NO PUEDE SER. DEBE HABER ALGUN MECANISMO QUE PRODUCE LA VOZ. SERA QUE USA UN CILINDRO DE CERA?;2;14;0xBE86;0xBEE9;texto;;;;;;;;;;;;;
H4;95F;TRAGUE SALIVA. NO TENIA NADA QUE ENVIDIARLE A UN AUTOMATA OCCIDENTAL. HABRA HECHO EL ABUELO HASTA ALGO ASI?;5;11;0xBEED;0xBF3B;texto;;;;;;;;;;;;;
H4;96F;UN CILINDRO DE CERA ES UN GRABADOR ANTIGUO. SE GRABA EL SONIDO EN UN TUBO CUBIERTO CON UNA CAPA FINA DE CERA. AJA. NO SE SI HABIA ENTENDIDO, PERO ME RECOMPUSE Y VOLVI A MIRAR AL LORO.;2;14;0xBF40;0xBFA9;texto;;;;;;;;;;;;;
H4;97F;SOY KOKONOE TATSUKI, EL LEGITIMO HEREDERO. LO DECLARE ASI. COMO SI LO HUBIERA ENTENDIDO, EL LORO ABRIO BIEN LOS OJOS, ABRIO EL PICO, Y SE QUEDO QUIETO PARA SIEMPRE.;2;14;0xBFBB;0xC01F;texto;;;;;;;;;;;;;
H4;98F;ENTONCES, VAS A HEREDAR EL NOMBRE KOKONOE Y SER MAESTRO DE MUÑECOS? DIJO MADOKA, MIRANDO FIJAMENTE AL LORO. SUPONGO. TAL VEZ POR ESO ESTOY AQUI.;2;14;0xC02A;0xC085;texto;;;;;;;;;;;;;
H4;99F;UN POCO NERVIOSA, EH. LAS CHICAS SON FUERTES, O COMO DECIRLO, ME IMPRESIONO UN POCO QUE PUDIERA PENSAR EN ALGO ASI EN UNA SITUACION COMO ESTA.;4;12;0xC089;0xC0DA;texto;;;;;;;;;;;;;
H4;100F;BUENO, ESO SERA PARA MAS ADELANTE. ME ENCOGI DE HOMBROS Y REVISE LA PUERTA. PARECIA TRABADA Y NO SE MOVIA NI UN MILIMETRO. NO QUEDABA MAS QUE SEGUIR ADELANTE.;2;14;0xC0DE;0xC13C;texto;;;;;;;;;;;;;
H4;101F;AVANZAMOS POR EL PASILLO Y ENCONTRAMOS UNA ABERTURA DEL LADO DERECHO. AL APUNTAR LA LUZ HACIA ALLI, PARECIA SER UN TALLER.;3;13;0xC147;0xC197;texto;;;;;;;;;;;;;
H4;102F;UN POCO MAS ADELANTE HABIA OTRA ABERTURA DEL LADO IZQUIERDO. ESA PARECIA SER UN ALMACEN.;8;7;0xC19B;0xC1CA;texto;;;;;;;;;;;;;
H4;103F;3.@2.@@1.@CUAL@ SI@EL@@EL@ELEG@ GA@DEP@TA@IMOS@ MO@OSI@LL@?@@@@ S@@TO@@ER@PREG@ AD@DE@@DE@UNTO@ EL@LA@@LA@MADO@ AN@IZQ@DE@KA@@@ TE@UIE@RE@@@@@@ @@@RDA@CH@@@@@@ @@@@@@@A@@@@@@@ @@@@@@@@@@@@@@@ @@@@@@@@@@@@@@@ @@@@@@@@@@@@@@@ @@@@@@@@@@@@@@@;1;15;0xC1CE;0xC21C;texto;;;;;;;;;;;;;
H4;104F;DECIDIMOS IR AL ALMACEN. QUE COSAS HABRIA ALLI? HABIA ESTANTES DE VARIOS NIVELES CON CAJAS DE MADERA BIEN ORDENADAS.;5;11;0xC3FC;0xC43E;texto;;;;;;;;;;;;;
H4;105F;MAS AL FONDO HABIA VARIAS CAJAS DE MADERA, TERMINADAS O NO. ALGUNAS APILADAS, OTRAS APOYADAS CONTRA LA PARED, Y EN LOS ESTANTES HABIA DESDE CAJAS PEQUEÑAS HASTA OTRAS DEL TAMAÑO DE UN ATAUD.;2;14;0xC449;0xC4AC;texto;;;;;;;;;;;;;
H4;106F;VER TODO ESTO VA A SER TODO UN TRABAJO, EH. MADOKA SUSPIRO. ESTIRE LA MANO HACIA UNA CAJA PEQUEÑA DEL ESTANTE Y ABRI UNA DE ELLAS.;5;11;0xC4B0;0xC4FD;texto;;;;;;;;;;;;;
H4;107F;ERAN FOSILES DE ANIMALES APRETADOS HASTA EL TOPE. ERA RYUKOTSU, USADO EN LA MEDICINA CHINA. SERIA MATERIAL PARA MUÑECOS? EN OTRA ENCONTRE BARBAS DE BALLENA ACOMODADAS CON CUIDADO. TAL VEZ ERA PARA USAR EN LOS RESORTES DE LOS MECANISMOS.;0;16;0xC502;0xC57F;texto;;;;;;;;;;;;;
H4;108F;2.@1.@@ANTES@ IR@SEG@DE@@@@ AL@UIR@QUE@@@ TA@REV@SE@@@@ LL@ISA@PONGAN ER@NDO@RARAS@ @@@UN@@LAS@@@ @@@POC@PILAS, @@@O@@@NO@@@@ @@@MAS@VAMOS@ @@@@@@@AL@@@@ @@@@@@@TALLER @@@@@@@?@@@@@ @@@@@@@DIJO@@ @@@@@@@MADOKA;3;13;0xC583;0xC5C7;pregunta;;2;1;3;1;6;0;1. SEGUIR REVISANDO UN POCO MAS;2. IR AL TALLER;ANTES DE QUE SE PONGAN RARAS LAS PILAS, NO VAMOS AL TALLER? DIJO MADOKA;;;
H4;109F;ESTA VEZ, EL TALLER DE ENFRENTE.;13;3;0xCC23;0xCC2F;texto;;;;;;;;;;;;;
H4;110F;AL ILUMINAR CON LA LINTERNA, APARECIERON MANOS, PIES Y CABEZAS DESORDENADAS. SON MUÑECOS, NO? DIJO MADOKA, ESCONDIENDOSE DETRAS DE MI.;3;13;0xCC3B;0xCC8F;texto;;;;;;;;;;;;;
H4;111F;SON MUÑECOS, BIEN HECHOS ADEMAS. HABIA UNA MESA DE TRABAJO, Y ALREDEDOR MANIQUIES DE CABEZA PARA COLOCAR PELUCAS, Y MUÑECOS MECANICOS TERMINADOS ALINEADOS.;2;14;0xCC93;0xCD05;texto;;;;;;;;;;;;;
H4;112F;MADOKA SOLTO UN GRITO. AH, QUE ES ESO? UNA CALAVERA!? HABIA UNA CALAVERA SOBRE LA MESA DE TRABAJO. ME ACERQUE CON CAUTELA Y LE APUNTE CON LA LUZ.;3;13;0xCD0A;0xCD6E;texto;;;;;;;;;;;;;
H4;113F;ERA UNA CALAVERA, PERO LA SUPERFICIE ESTABA HORNEADA Y EL MATERIAL NO PARECIA HUESO. SERIA PORCELANA? PARECIA ESTAR SIN TERMINAR.;7;9;0xCD73;0xCDB8;texto;;;;;;;;;;;;;
H4;114F;ABUELO, QUE PENSABAS HACER CON ALGO ASI? NO SERA LA VERDADERA?;8;7;0xCDBC;0xCDEB;texto;;;;;;;;;;;;;
H4;115F;ESTA BIEN HECHO. TIENE ALGO GRABADO. NUMERO CINCO, MODELO FINAL?;10;6;0xCDEF;0xCE15;texto;;;;;;;;;;;;;
H4;116F;EL ABUELO SEGURO HIZO ESTO COMO PARTE DE UNA SERIE DE CALAVERAS. ESTA MUY BIEN HECHA. MADOKA TOCO LA CALAVERA CON TEMOR.;5;11;0xCE19;0xCE69;texto;;;;;;;;;;;;;
H4;117F;TAL VEZ EL ABUELO ESTABA TRATANDO DE USAR DE NUEVO EL RITUAL DE RESURRECCION. UN CONJURO PARA REVIVIR A LOS MUERTOS. SOLO QUE, AL PARECER, LOS KOKONOE LE DABAN ALMA A LOS MUÑECOS EN SU LUGAR...;0;16;0xCE77;0xCEEA;texto;;;;;;;;;;;;;
H4;118F;ESO ES CREAR UNA PERSONA? COMO EL GOLEM DEL ANTIGUO TESTAMENTO? MADOKA MIRO LA CALAVERA CON OJOS DESCONFIADOS. PERO HABIENDO VISTO TAMBIEN LA EXTRAÑA FORMA EN QUE MURIO EL ABUELO, ESTABA A MEDIO CREER Y A MEDIO DUDAR.;0;16;0xCEF5;0xCF68;texto;;;;;;;;;;;;;
H4;119F;ES CIERTO. SERA QUE EL ABUELO REALMENTE ERA UN MUÑECO? DIJE EN VOZ ALTA ESTA NUEVA DUDA. ENTONCES, Y EL VERDADERO? NO PUDE RESPONDER.;3;13;0xCF6C;0xCFC4;texto;;;;;;;;;;;;;
H4;120F;EXPLORAMOS EL TALLER UN RATO, PERO NO ENCONTRAMOS NADA QUE PARECIERA UNA PISTA. ANTES DE QUE SE ACABARAN LAS PILAS, QUERIA LLEGAR LO MAS LEJOS POSIBLE.;5;11;0xCFCB;0xD01F;texto;;;;;;;;;;;;;
H4;121F;EL PASILLO TERMINABA AHI. AL APUNTAR LA LUZ AL TECHO, ENCONTRE UNA ESCALERA PLEGABLE. SEGURO SOLO BAJABA CUANDO QUERIAS IR AL SEGUNDO PISO. DEBE HABER UN INTERRUPTOR EN ALGUN LADO... SERA ESTE?;0;16;0xD031;0xD09D;texto;;;;;;;;;;;;;
H4;122F;2.@@1.@@MADOK DET@QUE@A@@@@ ENE@DAR@ESTAB RLA@ME@@A@@@@ DE@@MIR@POR@@ INM@AND@TIRAR EDI@O@@@DE@@@ ATO@@@@@LA@@@ @@@@@@@@CUERD @@@@@@@@A@@@@ @@@@@@@@QUE@@ @@@@@@@@COLGA @@@@@@@@BA@@@;3;13;0xD0A2;0xD0E2;pregunta;;3;1;3;1;5;0;1. QUEDARME MIRANDO;2. DETENERLA DE INMEDIATO;MADOKA ESTABA POR TIRAR DE LA CUERDA QUE COLGABA;;;
H4;123F;LA DETUVE DE INMEDIATO. HAY QUE TENER CUIDADO CON ESTAS COSAS. TIENES RAZON. TOME LA CUERDA COLGANTE DE MANOS DE MADOKA Y MIRE HACIA ARRIBA CON CUIDADO.;2;14;0xD21F;0xD27F;texto;;;;;;;;;;;;;
H4;124F;LA TRAMPILLA ESTABA JUSTO ENCIMA DE DONDE YO HABIA ESTADO. SI ESO HUBIERA CAIDO HABRIA SIDO PELIGROSO. TIRE DE LA CUERDA. CRIIIIC! LA ESCALERA PLEGABLE BAJO DE GOLPE.;2;14;0xD28D;0xD301;texto;;;;;;;;;;;;;
H4;125F;UNA NUBE DE POLVO SE LEVANTO. UY, QUE ASCO. MADOKA PUSO CARA DE DESAGRADO. BUENO, NO QUEDA MAS REMEDIO, ESTAMOS EXPLORANDO. INTENTE SUBIR LAS ESCALERAS.;0;16;0xD305;0xD364;texto;;;;;;;;;;;;;
H4;126F;ESPERA... MADOKA ME DETUVO. EN LO ALTO DE LAS ESCALERAS HABIA UNA SILUETA HUMANA.;7;9;0xD56D;0xD59D;texto;;;;;;;;;;;;;
H4;127F;NO, ERA UN MUÑECO. UN MUÑECO DE NIÑA, ADEMAS. UNA NIÑA VESTIDA CON UN KIMONO DE BROCADO ROJO.;8;7;0xD5A1;0xD5CD;texto;;;;;;;;;;;;;
H4;128F;NOS MIRABA CON OJOS DE VIDRIO. ES SOLO UN MUÑECO, NO? DIJO MADOKA CON VOZ TEMBLOROSA. AUN ASI, DESPRENDIA UN AIRE QUE HACIA DIFICIL CREER QUE FUERA SOLO UN MUÑECO.;3;13;0xD5E3;0xD632;texto;;;;;;;;;;;;;
H4;129F;SUBIMOS LAS ESCALERAS ESCALON POR ESCALON. TAL VEZ NOTANDO QUE DUDABAMOS A MITAD DE CAMINO, EL BRAZO DEL MUÑECO SE LEVANTO. LUEGO SUBIO Y BAJO UNA Y OTRA VEZ.;4;12;0xD644;0xD6A2;texto;;;;;;;;;;;;;
H4;130F;NOS ESTA LLAMANDO? PARECE QUE SI...;10;4;0xD6C7;0xD6DD;texto;;;;;;;;;;;;;
H4;131F;SUBIMOS HASTA EL DESCANSO DE LA ESCALERA PLEGABLE Y NOS PARAMOS FRENTE AL MUÑECO DE NIÑA. EL BROCADO DEL KIMONO DEL MUÑECO BRILLABA VIVIDO BAJO LA LUZ.;5;11;0xD6E1;0xD72C;texto;;;;;;;;;;;;;
H4;132F;MEDIA UNOS SESENTA CENTIMETROS. TENIA EL ROSTRO DE UNA HERMOSA NIÑA DE FACCIONES PERFECTAS. QUE LINDA. MADOKA INTENTO TOCAR AL MUÑECO DE NIÑA.;5;11;0xD737;0xD782;texto;;;;;;;;;;;;;
H4;133F;CLANC! EL ROSTRO DEL MUÑECO SE LEVANTO DE GOLPE Y SE TRANSFORMO EN EL ROSTRO DE UNA BESTIA CARNIVORA.;8;8;0xD79B;0xD7CB;texto;;;;;;;;;;;;;
H4;134F;LUEGO, SISEANDO COMO AMENAZA, GIRO EL CUELLO Y MOSTRO LOS COLMILLOS.;10;6;0xD7E0;0xD7FB;texto;;;;;;;;;;;;;
H4;135F;ESOS COLMILLOS APUNTABAN A LA MANO DE MADOKA.;12;4;0xD802;0xD817;texto;;;;;;;;;;;;;
H4;136F;CUIDADO! ME INTERPUSE PARA PROTEGER A MADOKA Y EXTENDI MI PROPIO BRAZO EN SU LUGAR.;10;6;0xD848;0xD866;texto;;;;;;;;;;;;;
H4;137F;UN DOLOR AGUDO ME RECORRIO. PERO AUN CON EL MUÑECO MORDIENDOME, LO LEVANTE Y LO ESTRELLE CONTRA EL SUELO. LA SANGRE SALPICO POR EL PISO.;5;11;0xD87D;0xD8C5;texto;;;;;;;;;;;;;
H4;138F;EL MUÑECO POR FIN ABRIO LA BOCA. LUEGO, COMO SI FUERA UN SER VIVO, RETROCEDIO RAPIDAMENTE A CUATRO PATAS Y SE PUSO DE PIE DE INMEDIATO.;5;11;0xD8D0;0xD917;texto;;;;;;;;;;;;;
H4;139F;ESTAS BIEN? ESTAS HERIDO? DUELE BASTANTE, PERO AUN NO HA TERMINADO, DIJE MIENTRAS PRESIONABA LA HERIDA.;7;9;0xD91B;0xD967;texto;;;;;;;;;;;;;
H4;140F;POR FIN CAI EN LA CUENTA DE QUE TIPO DE MUÑECO ERA AQUEL. ERA TAMAMO, UN MUÑECO DE TEATRO JORURI.;5;11;0xD96B;0xD9AD;texto;;;;;;;;;;;;;
H4;141F;GUARDABA UNA SEGUNDA CABEZA EN EL VIENTRE. ESE TRUCO LE PERMITIA TRANSFORMARSE AL INSTANTE DE UNA BELLEZA SIN IGUAL EN UN ESPIRITU ZORRO. PERO ESTE TAMAMO NO SE QUEDABA SOLO EN ESO.;3;13;0xD9BF;0xDA1C;texto;;;;;;;;;;;;;
H4;142F;QUIEN NO SEA DE LA SANGRE DE LOS KOKONOE, QUE SE VAYA DE INMEDIATO. SI NO TE VAS, TU VIDA NO VALDRA NADA.;3;13;0xDA27;0xDA60;texto;;;;;;;;;;;;;
H4;143F;EL ESPIRITU ZORRO MOSTRABA LOS COLMILLOS Y SU LENGUA ROJA. ERA COMO SI EL ESPIRITU HABLARA POR VOLUNTAD PROPIA.;7;9;0xDA69;0xDAA1;texto;;;;;;;;;;;;;
H4;144F;OTRO AUTOMATA? QUIEN SABE, SERA SOLO ESO? MIRE AL ESPIRITU ZORRO, CUYOS OJOS SE ENCENDIERON. YO SOY DE LA SANGRE DE LOS KOKONOE. CUAL ES EL PROBLEMA?;3;13;0xDAAC;0xDB00;texto;;;;;;;;;;;;;
H4;145F;QUIEN NO SEA DE LA SANGRE DE LOS KOKONOE, QUE SE VAYA DE INMEDIATO. SI NO TE VAS, TU VIDA NO VALDRA NADA.;3;13;0xDB05;0xDB3F;texto;;;;;;;;;;;;;
H4;146F;LA MISMA FRASE OTRA VEZ. AL OIRLA, MADOKA SE SEÑALO A SI MISMA. ES PORQUE... YO ESTOY AQUI?;7;9;0xDB45;0xDB78;texto;;;;;;;;;;;;;
H4;147F;PROBABLEMENTE, SI. PERO NO PUDE DECIRLO EN VOZ ALTA. EL ESPIRITU ZORRO SE ABALANZO VELOZMENTE SOBRE NOSOTROS. TENDRIA RUEDAS EN LAS PLANTAS O ALGO ASI?;4;12;0xDB7E;0xDBD6;texto;;;;;;;;;;;;;
H4;148F;HUYAMOS. MADOKA ME TOMO DE LA MANO Y BAJAMOS LAS ESCALERAS. AY, AY. BAJAMOS CORRIENDO Y SEGUIMOS DE INMEDIATO. PERO PENSANDOLO BIEN, ESTO ERA UN CALLEJON SIN SALIDA. LA PUERTA NO SE ABRIA.;0;16;0xDBE4;0xDC53;texto;;;;;;;;;;;;;
H4;149F;AL MIRAR ATRAS, EL ESPIRITU ZORRO TAMBIEN BAJABA LAS ESCALERAS DANDO SALTOS. LA VENTAJA SOLO DURARIA POR AHORA. PENSE SI HABRIA ALGO EN EL TALLER QUE SIRVIERA COMO ARMA. BRAZOS O PIERNAS SUELTAS, NO QUERIA TENER QUE USARLOS ASI.;0;16;0xDC58;0xDCD6;texto;;;;;;;;;;;;;
H4;150F;MIENTRAS PENSABA, LLEGAMOS FRENTE A LA PUERTA. QUE HACEMOS? ES UN CALLEJON SIN SALIDA.;9;7;0xDCDB;0xDD18;texto;;;;;;;;;;;;;
H4;151F;MADOKA GRITO. EL ESPIRITU ZORRO YA ESTABA POR TERMINAR DE BAJAR LAS ESCALERAS.;10;6;0xDD2A;0xDD4F;texto;;;;;;;;;;;;;
H4;152F;MOVI LA LINTERNA BUSCANDO ALGO, LO QUE FUERA. ENTONCES ALGO BRILLO A MIS PIES. ERA EL OJO DE CRISTAL DEL ABUELO. SE HABRIA CAIDO DE ESTE LADO DE LA PUERTA?;3;13;0xDD72;0xDDCE;texto;;;;;;;;;;;;;
H4;153F;YA LLEGO. EL ESPIRITU ZORRO SE ACERCABA CON UNA EXPRESION TERRIBLE.;10;6;0xDDF4;0xDE16;texto;;;;;;;;;;;;;
H4;154F;YA LLEGO. EL ESPIRITU ZORRO SE ACERCABA CON UNA EXPRESION TERRIBLE. RECOGI EL OJO DE CRISTAL Y LO PUSE EN LA HENDIDURA DE LA PUERTA.;5;11;0xDE1F;0xDE42;texto;;;;;;;;;;;;;
H4;155F;ENTONCES LA PUERTA, ANTES INAMOVIBLE, EMPEZO A ABRIRSE LENTAMENTE, Y UNA LUZ DESLUMBRANTE SE COLO ADENTRO.;8;8;0xDE49;0xDE79;texto;;;;;;;;;;;;;
H4;156F;Y EL ESPIRITU ZORRO NOS APUNTO CON SUS COLMILLOS AFILADOS.;12;4;0xDE87;0xDE9D;texto;;;;;;;;;;;;;
H4;157F;PERO... ESO FUE TODO.;8;8;0xDEAC;0xDEB8;texto;;;;;;;;;;;;;
H4;158F;EL ESPIRITU ZORRO, BAÑADO POR LA LUZ DEL SOL, COMO UN JUGUETE ROTO, CERRO LA BOCA Y DEJO DE MOVERSE POR COMPLETO.;7;9;0xDEC0;0xDEFD;texto;;;;;;;;;;;;;
H4;159F;NOS SALVAMOS... NOS TOMAMOS DE LAS MANOS. YA TUVE SUFICIENTE DE COSAS TAN PELIGROSAS. MADOKA ME MIRO CON LOS OJOS ENTRECERRADOS. NO PUDE MAS QUE SONREIR CON RESIGNACION.;3;13;0xDF09;0xDF5D;texto;;;;;;;;;;;;;
H4;160F;PERO TODAVIA NO ENTENDEMOS NADA. POR ESO, LA PROXIMA VEZ VAMOS BIEN EQUIPADOS. ESTO ES UNA CASA EMBRUJADA COMPLETA.;5;11;0xDF61;0xDFA5;texto;;;;;;;;;;;;;
H4;161F;PUEDE QUE TENGA RAZON, PERO SI VOY SOLO, EL MISTERIO ESTA JUSTO AHI, DELANTE DE MI.;8;8;0xDFB0;0xDFE0;texto;;;;;;;;;;;;;
H4;162F;HABIA LUNA LLENA. ESTABAMOS COMPLETAMENTE AGOTADOS, ASI QUE DECIDIMOS DORMIR. ESPERE HASTA QUE LA RESPIRACION DE MADOKA SE VOLVIERA TRANQUILA Y CONSTANTE PARA PODER ENTRAR SOLO AL DEPOSITO.;2;14;0xE29C;0xE2FA;texto;;;;;;;;;;;;;
H4;163F;ME ESCABULLI EN SILENCIO Y FRENTE A LA PUERTA DEL DEPOSITO CONTUVE LA RESPIRACION. IBA A HEREDAR EL SECRETO COMO MIEMBRO DEL CLAN DE LOS KOKONOE.;5;11;0xE2FE;0xE349;texto;;;;;;;;;;;;;
H4;164F;USE EL OJO DE CRISTAL PARA ABRIR LA PUERTA. LUEGO SUBI DE INMEDIATO AL SEGUNDO PISO.;10;6;0xE356;0xE387;texto;;;;;;;;;;;;;
H4;165F;ESTE IMPULSO QUE ME ATRAIA NO PODIA CONTENERLO DE NINGUNA MANERA. PISE FIRME LOS ESCALONES CRUJIENTES, MIENTRAS UN SONIDO EXTRAÑO RESONABA.;5;11;0xE38B;0xE3D6;texto;;;;;;;;;;;;;
H4;166F;AL LLEGAR ARRIBA, UNA LUZ TENUE ILUMINABA LA HABITACION.;10;6;0xE3E4;0xE404;texto;;;;;;;;;;;;;
H4;167F;HABIA UN SONIDO DE RESPIRACION TRANQUILO, Y MUY LENTO.;10;6;0xE409;0xE426;texto;;;;;;;;;;;;;
H4;168F;Y ERAN VARIOS. MIS OJOS SE FUERON ACOSTUMBRANDO POCO A POCO.;10;6;0xE431;0xE44A;texto;;;;;;;;;;;;;
H4;169F;ESQUELETOS.;6;10;0xE47E;0xE47F;texto;;;;;;;;;;;;;
H4;170F;MOMIAS.;6;10;0xE4A1;0xE4A4;texto;;;;;;;;;;;;;
H4;171F;DECENAS DE MOMIAS AUTOMOMIFICADAS ME OBSERVABAN. BIENVENIDO, SANGRE DE LOS KOKONOE. RESONO UNA VOZ.;7;9;0xE4B7;0xE4EF;texto;;;;;;;;;;;;;
H4;172F;TU QUE BUSCAS LA VIDA ETERNA, AHORA, TE LA CONCEDERE TAMBIEN A TI.;7;9;0xE502;0xE520;texto;;;;;;;;;;;;;
H4;173F;ENTRE LAS MOMIAS, UNA SE PUSO DE PIE. ERA YO MISMO.;8;8;0xE544;0xE56D;texto;;;;;;;;;;;;;
H4;174F;ERA UNA BUENA MAÑANA. MADOKA NO PARECIA HABER NOTADO QUE YO HABIA SALIDO LA NOCHE ANTERIOR. EMPECE A JUNTAR MIS COSAS PARA VOLVER.;5;11;0xE581;0xE5CB;texto;;;;;;;;;;;;;
H4;175F;AH, TE VAS? SI, LA HERIDA TODAVIA DUELE UN POCO. ME SOBE EL BRAZO QUE YA NO ME DOLIA. YA VEO, BUENO, SIEMPRE PODEMOS VOLVER OTRO DIA. MADOKA SONRIO SIN SABER NADA.;0;16;0xE5DD;0xE63C;texto;;;;;;;;;;;;;
H4;176F;SI, SEGURO QUE VUELVO. EL RESORTE DENTRO DE MI PECHO HIZO UN PEQUEÑO SONIDO. CERRE LOS OJOS LENTAMENTE.;2;14;0xE643;0xE6A0;texto;;;;;;;;;;;;;
H3;128G;NO, NO LO QUIERO. SACUDI LA CABEZA POR EL ASCO. LAS MUÑECAS DE LA MESA NOS MIRABAN FIJAMENTE A TODAS A LA VEZ.;7;9;0x4E2D;0x4E64;texto;;;;;;;;;;;;;
H3;129G;CRUJIA. DETRAS DE MI SE ESCUCHO EL SONIDO DE LA PUERTA ABRIENDOSE. ENTRE DE UN SALTO Y CERRE LA PUERTA CON TODAS MIS FUERZAS. CUANDO EL PESADO HIERRO FINALMENTE SEPARO LOS DOS ESPACIOS, SENTI UN SONIDO SORDO BAJO MIS PIES.;0;16;0x4E70;0x4EDA;texto;;;;;;;;;;;;;
H3;130G;AL MIRAR, VI QUE EL BRAZO DE LA MUÑECA DE LA NIÑA, AUN SOSTENIENDO LA MANZANA, SE HABIA ROTO Y RODABA POR EL SUELO. NO PUDE NI SIQUIERA GRITAR, Y ME QUEDE MIRANDOLO POR UN RATO.;3;13;0x4EDE;0x4F35;texto;;;;;;;;;;;;;
H3;154G;MIRE DE REOJO HACIA LA GUILLOTINA. ENTONCES EL HOMBRE, SIN DECIR NADA, ME AGARRO DEL HOMBRO. CON UNA FUERZA TREMENDA, NO PUDE OPONER RESISTENCIA. SUELTAME! LO UNICO QUE PUDE HACER FUE GRITAR.;0;16;0x7087;0x70F3;texto;;;;;;;;;;;;;
H3;155G;EL HOMBRE ME ATO A LA GUILLOTINA. NO PODIA MOVERME EN ABSOLUTO. FRENTE A MIS OJOS COLGABA UNA CUERDA. SI TIRABA DE ESA CUERDA, LA CUCHILLA CAERIA Y AL MISMO TIEMPO ME CORTARIA LA CABEZA.;2;14;0x70F8;0x7165;texto;;;;;;;;;;;;;
H3;156G;HAZLO TU MISMO. DIJO EL HOMBRE, Y SALIO DE LA HABITACION. HACERLO YO MISMO? ES DECIR, TIRAR DE ESTA CUERDA CON MIS PROPIAS MANOS. ESTIRE MIS MANOS ENTUMECIDAS Y SUJETE LA CUERDA.;2;14;0x716A;0x71DB;texto;;;;;;;;;;;;;
H3;157G;TRAS DUDAR UN INSTANTE, TIRE CON TODAS MIS FUERZAS. SHHHAK! UN SONIDO METALICO SE DESLIZO. NO PUDE EVITAR CERRAR LOS OJOS.;5;11;0x71E0;0x7223;texto;;;;;;;;;;;;;
H3;158G;CLANC! UN SONIDO SECO RESONO. MI CABEZA... PARECIA ESTAR BIEN.;7;9;0x722C;0x7260;texto;;;;;;;;;;;;;
H3;159G;ME INCORPORE. LAS ATADURAS QUE SUJETABAN MIS MANOS Y PIES SE HABIAN SOLTADO POR COMPLETO. AL PARECER, AL TIRAR DE LA CUERDA, LAS ATADURAS SE LIBERABAN.;4;12;0x7265;0x72AF;texto;;;;;;;;;;;;;
H3;160G;AL FIN Y AL CABO, ESTO ERA UNA CASA EMBRUJADA. AL PRINCIPIO ASUSTABA, PERO AL FINAL TERMINABA TRANQUILIZANDO. DECIDI SALIR DE LA HABITACION Y AVANZAR POR EL PASILLO.;3;13;0x72B3;0x7303;texto;;;;;;;;;;;;;
H3;155V;EN ESE MOMENTO, ESCUCHE EL SONIDO DE PASOS RESONANDO FUERTE DESDE EL PASILLO. CORRI DE VUELTA HACIA EL CUARTO. ESE HOMBRE HABIA VUELTO.;4;12;0x77DA;0x7822;texto;;;;;;;;;;;;;
H3;156V;DECIDI ESCONDERME DENTRO DEL ATAUD. ME DESLICE ADENTRO CON CUIDADO. ASI NO SE DARIA CUENTA DE QUE ESTABA AHI.;5;11;0x7826;0x7864;texto;;;;;;;;;;;;;
H3;157V;SE ESCUCHABAN SUS PASOS RESONANDO. CLANC, Y DESPUES UN PEQUEÑO SONIDO METALICO... NO PUEDE SER. TRATE DE EMPUJAR LA PUERTA. NO SE ABRIA. ESE HOMBRE LE HABIA PUESTO LLAVE!;0;16;0x7869;0x78CA;texto;;;;;;;;;;;;;
H3;158V;ABRAN! GOLPEE LA PUERTA CON TODAS MIS FUERZAS. EN ESO, DESDE EL OTRO LADO DEL ATAUD ESCUCHE UNAS VOCES BAJITAS.;7;9;0x78CF;0x7913;texto;;;;;;;;;;;;;
H3;159V;REIKA TAMPOCO ESTA AQUI... ERA LA VOZ DE EMIKO. ESTOY AQUI! GOLPEE LA PUERTA CON MAS FUERZA TODAVIA. OYE, EMIKO, ESE ATAUD SE ESTA MOVIENDO. SE HABRAN DADO CUENTA?;2;14;0x7917;0x7978;texto;;;;;;;;;;;;;
H3;160V;AUXILIO! ESTOY AQUI! ABRAN! GRITE Y SEGUI GOLPEANDO LA PUERTA. QUE TRUCO TAN ELABORADO. MEJOR BUSQUEMOS A REIKA RAPIDO. SI, TIENES RAZON.;2;14;0x797C;0x79E9;texto;;;;;;;;;;;;;
H3;196G;IRE CON USTED, SEÑORA, DIJE. BUENA CHICA. ESCUCHE ESAS PALABRAS CON CLARIDAD, REPLICO ELLA. CUANDO LA ANCIANA SE PUSO DE PIE LENTAMENTE,LA PUERTA SE ABRIO.;4;12;0xBD60;0xBDBD;texto;;;;;;;;;;;;;
H3;197G;BUSCANDO OXIGENO, LAS LLAMAS ENTRARON EN LA HABITACION. AAAH! EL FUEGO SE ME ACERCO..., PERO JUSTO ANTES DE ALCANZARME, SE DIVIDIO EN DOS.;5;11;0xBDD1;0xBE19;texto;;;;;;;;;;;;;
H3;198G;EH!? VEN, VAMOS POR AQUI. CUANDO LA ANCIANA CRUZO LA PUERTA, SE ABRIO UN CAMINO EN MEDIO DEL FUEGO.;7;9;0xBE1E;0xBE4E;texto;;;;;;;;;;;;;
H3;199G;TRANQUILA, VEN POR AQUI. SEGUI A LA ANCIANA CON TEMOR. AUNQUE HACIA CALOR, EN REALIDAD NO ME QUEMABA NI SENTIA QUE MI CUERPO SUFRIERA.;3;13;0xBE52;0xBEA8;texto;;;;;;;;;;;;;
H3;200G;LA ANCIANA AVANZABA POR UN CAMINO QUE NUNCA HABIA VISTO. ES POR AQUI. LA ANCIANA SEÑALO EL FINAL DEL PASILLO. ALLI HABIA UNA PUERTA.;5;11;0xBEAE;0xBEEF;texto;;;;;;;;;;;;;
H3;201G;ES LA SALIDA. SALI CORRIENDO. CON ESTO PODRE ESCAPAR... ESE PENSAMIENTO SE APODERO DE MI. ABRI LA PUERTA DE UN GOLPE.;5;11;0xBEF3;0xBF33;texto;;;;;;;;;;;;;
H3;202G;N-NO PUEDE SER... AQUEL LUGAR ERA EL MISMO ESTUDIO DE ANTES. NO CONFIABAS EN MI, VERDAD? RESONO LA VOZ DE LA ANCIANA. CON UN PORTAZO, LA PUERTA SE CERRO AL MISMO TIEMPO.;2;14;0xBF3D;0xBF9F;texto;;;;;;;;;;;;;
H3;203G;POR REFLEJO, AGARRE EL PICAPORTE, PERO LA PUERTA NO SE ABRIO. EN MI MENTE, SOLO QUEDARON DOS PALABRAS.;5;11;0xBFA5;0xBFEA;texto;;;;;;;;;;;;;
H3;204G;AYUDAME AYUDAME AYUDAME AYUDAME AYUDAME AYUDAME AYUDAME AYUDAME AYUDAME AYUDAME AYUDAME AYUDAME;1;15;0xBFF8;0xC031;texto;;;;;;;;;;;;;
H3;88H;ME ESCONDI DETRAS DE LAS DOS. NUNCA HABIA BAILADO, ASI QUE NO HABIA FORMA DE QUE PUDIERA BAILAR BIEN.;7;9;0x942E;0x9465;texto;;;;;;;;;;;;;
H3;89H;YO BAILARE, DIJO MAMI, TOMANDO LA MANO DE LA MUÑECA. Y ASI, EMPEZO A BAILAR.;8;8;0x9469;0x9496;texto;;;;;;;;;;;;;
H3;90H;EL BAILE DE MAMI NO SE PODIA LLAMAR BUENO NI POR CORTESIA. AJAJAJAJA, IJIJIJIJIJI, AL RATO EMPEZARON A OIRSE RISAS A SU ALREDEDOR.;2;14;0x949B;0x94F8;texto;;;;;;;;;;;;;
H3;91H;ESA RISA IBA CLARAMENTE DIRIGIDA A MAMI. MAMI DEJO DE BAILAR Y, DICIENDO QUE PARA SER UNA MUÑECA SE PASABA DE INSOLENTE, EMPUJO A LA MUÑECA.;4;12;0x94FC;0x955F;texto;;;;;;;;;;;;;
H3;92H;A LA MUÑECA CAIDA SE LE DESPRENDIO LA CABEZA, Y DE AHI EMPEZO A BROTAR UN LIQUIDO ROJO. LA MUSICA SE DETUVO. EL ROSTRO DE MAMI SE PUSO UN POCO PALIDO.;3;13;0x9564;0x95B9;texto;;;;;;;;;;;;;
H3;93H;CRIIIC. Y ENTONCES, SE ABRIO LA PUERTA HACIA EL SIGUIENTE CUARTO.;10;6;0x95C5;0x95E5;texto;;;;;;;;;;;;;
H3;174J;AUN CON ALGO DE ESPERANZA, VOLVI A MIRAR ATRAS UNA VEZ MAS. PERO SEGUIA SIN VERSE NINGUNA FIGURA. TAP, TAP, TAP, SONABA COMO PIES DESCALZOS. NOS MIRAMOS LA CARA Y APURAMOS EL PASO.;0;16;0x9AA3;0x9B1A;texto;;;;;;;;;;;;;
H3;175J;PERO ESE SONIDO TAMBIEN AUMENTO SU VELOCIDAD Y NOS SIGUIO. DEL PURO MIEDO, TERMINAMOS CORRIENDO. AUN ASI, ENSEGUIDA NOS ALCANZO.;5;11;0x9B1E;0x9B65;texto;;;;;;;;;;;;;
H3;176J;TAP, TAP, TAP, TAP, TAP... TAP, TAP, TAP, TAP, TAP, TAP... TAP, TAP, TAP, TAP, TAP, TAP, TAP, TAP...;5;11;0x9B73;0x9BEC;texto;;;;;;;;;;;;;
H3;177J;KYAAAAA! EMIKO Y YO GRITAMOS AL MISMO TIEMPO Y NOS AGACHAMOS ABRAZANDONOS LAS RODILLAS.;8;8;0x9BF6;0x9C28;texto;;;;;;;;;;;;;
H3;178J;ENTONCES ESE SONIDO PASO DE LARGO A NUESTRO LADO Y SE DESVANECIO COMO SI FUERA ABSORBIDO HACIA EL OTRO LADO DE LA PARED. EMIKO Y YO SEGUIMOS AVANZANDO, VIGILANDO A NUESTRO ALREDEDOR.;3;13;0x9C2C;0x9C81;texto;;;;;;;;;;;;;
H3;207J;CREO QUE DEBERIAMOS SEGUIRLA DIJO EMIKO CON FIRMEZA.;10;6;0xE066;0xE087;texto;;;;;;;;;;;;;
H3;208J;SON BUENAS NIÑAS ESO LO OI CLARAMENTE CUANDO LA ANCIANA SE PUSO DE PIE LENTAMENTE, LA PUERTA QUE DEBERIA HABER ESTADO CERRADA SE ABRIO.;5;11;0xCD18;0xCD61;texto;;;;;;;;;;;;;
H3;209J;POR AQUI, DIJO LA ANCIANA, Y SALIO TAMBALEANDOSE POR LA PUERTA. NOS APURAMOS A SEGUIRLA. QUE SE ABRIERA TAN FACIL... DE ALGUNA FORMA, SENTI QUE NOS ESTABAN ENGAÑANDO.;2;14;0xCD65;0xCDBD;texto;;;;;;;;;;;;;
H3;210J;AVANZAMOS POR EL PASILLO CON LA ANCIANA A LA CABEZA. ERA UN PASILLO QUE NUNCA HABIAMOS VISTO, ASI QUE NO TENIAMOS IDEA DE POR DONDE IBAMOS. EN CAMBIO, EL FUEGO NO HABIA LLEGADO HASTA AHI, NO HACIA CALOR NI HABIA HUMO.;0;16;0xCDD1;0xCE38;texto;;;;;;;;;;;;;
H3;211J;ES MAS ADELANTE DIJO LA ANCIANA, SEÑALANDO HACIA EL FONDO DEL PASILLO. ALLI NOS ESPERABA UNA PUERTA.;7;9;0xCE3C;0xCE6D;texto;;;;;;;;;;;;;
H3;212J;ES LA SALIDA! ECHAMOS A CORRER. CON ESTO VAMOS A SALVARNOS... ESE PENSAMIENTO NOS DOMINABA POR COMPLETO. ABRIMOS LA PUERTA DE PAR EN PAR.;5;11;0xCE71;0xCEB7;texto;;;;;;;;;;;;;
H3;213J;ERA EL EXTERIOR. SE ABRIA UN PEQUEÑO CLARO, Y MAS ALLA SE EXTENDIA UN BOSQUE.;9;7;0xCEC9;0xCEF4;texto;;;;;;;;;;;;;
H3;214J;Y UNA MULTITUD DE PERSONAS NOS ESPERABA ALLI. CADA UNA LLEVABA EN LAS MANOS ANTORCHAS, LANZAS O AZADAS. SU ROPA NO ERA LA DE GENTE DE LA EPOCA ACTUAL.;5;11;0xCEF8;0xCF40;texto;;;;;;;;;;;;;
H3;215J;NO ES QUE VISTIERAN DE FORMA HARAPIENTA, PERO SU ROPA ERA COMPLETAMENTE DISTINTA A LA NUESTRA. AL VERNOS, SE ACERCARON MIRANDONOS CON RECELO, COMO SI ESTUVIERAN EN GUARDIA.;0;16;0xCF44;0xCFB4;texto;;;;;;;;;;;;;
H3;216J;POR AHI NO! ES POR ATRAS! VAYAN POR DETRAS! QUIEN GRITO ESO FUE LA ANCIANA. ENTONCES ELLOS, COMO RESPONDIENDO A SU LLAMADO, SALIERON CORRIENDO HACIA LA PARTE TRASERA DE LA MANSION.;2;14;0xCFB8;0xD016;texto;;;;;;;;;;;;;
H3;217J;BUENO, VAMOS DIJO LA ANCIANA, Y NOS GUIO HACIA EL BOSQUE. LOS ARBOLES BLOQUEABAN LA LUZ DEL SOL, Y AUNQUE ERA DE DIA, ESTABA OSCURO. EN CAMBIO, COMO NO HABIA MALEZA, ERA FACIL CAMINAR.;2;14;0xD01A;0xD07B;texto;;;;;;;;;;;;;
H3;218J;HASTA DONDE VAMOS? JUSTO CUANDO IBA A PREGUNTAR ESO... AH... LA ANCIANA HABIA DESAPARECIDO.;5;11;0xD07F;0xD0C0;texto;;;;;;;;;;;;;
H3;219J;MIRAMOS ALREDEDOR CON NERVIOSISMO, PERO NO SE LA VEIA POR NINGUN LADO. POR ALLA! SEÑALO EMIKO.;7;9;0xD0C6;0xD100;texto;;;;;;;;;;;;;
H3;220J;SALIMOS DEL BOSQUE. ESTABAMOS FRENTE A LA CASA EMBRUJADA. Y AHI ESTABA LA CASA EMBRUJADA, TAMBIEN ENVUELTA EN HUMO NEGRO, ARDIENDO.;5;11;0xD10C;0xD156;texto;;;;;;;;;;;;;
H3;221J;QUE ALIVIO... NOS SALVAMOS. SIN PODER EVITARLO, ME DEJE CAER AHI MISMO. HABIAMOS LOGRADO ESCAPAR DE LA CASA EMBRUJADA, Y NO IBAMOS A MORIR EN EL INCENDIO.;2;14;0xD15A;0xD1AC;texto;;;;;;;;;;;;;
H3;222J;DEL PURO ALIVIO, SE ME SALIERON LAS LAGRIMAS. PERO UNA SOLA FRASE DE EMIKO ME DEJO HELADA. Y MAMI...!? ES CIERTO, MAMI... LA MANSION SEGUIA ARDIENDO.;3;13;0xD1B2;0xD207;texto;;;;;;;;;;;;;
H3;223J;TRANQUILA, SEGURO QUE ESTA AFUERA, PREOCUPADA POR NOSOTRAS. NI YO MISMA CREIA ESAS PALABRAS.;7;9;0xD20B;0xD247;texto;;;;;;;;;;;;;
H3;224J;DESPUES DE ESO, MAMI NUNCA VOLVIO A CASA. TAMPOCO SE ENCONTRO NINGUN CUERPO EN EL LUGAR DEL INCENDIO.;7;9;0xD24D;0xD282;texto;;;;;;;;;;;;;
H4;5H;VAS A SER MI FUTURA ESPOSA. COMO NO TE VOY A PRESENTAR? MADOKA SE PUSO ROJA Y BAJO LA MIRADA. YO TAMBIEN ME SONROJE, SIN QUEDARME ATRAS.;3;13;0x0433;0x047E;texto;;;;;;;;;;;;;
H4;6H;CONOCI A MADOKA DESDE QUE ENTRE A LA UNIVERSIDAD. CUANDO LA CONOCI, ELLA ACABABA DE PERDER A SU PADRE. COMO TENIAMOS SITUACIONES PARECIDAS, NOS HICIMOS CERCANOS.;3;13;0x0489;0x04DD;texto;;;;;;;;;;;;;
H4;7H;NUNCA PENSE QUE LLEGARIA A DECIR ESTAS COSAS CON CARA SERIA. ELLA ERA ALEGRE Y AMABLE, Y TAMBIEN ERA POPULAR EN LA ESCUELA.;5;11;0x04E1;0x052B;texto;;;;;;;;;;;;;
H4;8H;AL PRINCIPIO PENSE QUE NO ERAMOS COMPATIBLES. AUN ASI, QUERIA CONVERTIRME EN UN HOMBRE QUE LE HICIERA JUEGO. PERO ESO TAMBIEN ERA UN ERROR, Y AHORA, CON SINCERIDAD, PODIA VERLA COMO LA CHICA QUE ERA.;0;16;0x052F;0x059F;texto;;;;;;;;;;;;;
H4;9H;Y ASI FUE COMO LA TRAJE CONMIGO.;12;4;0x05A3;0x05B4;texto;;;;;;;;;;;;;
H4;25H;2.@@1.@@MADO@ NO@@LA@@KA@@@ ESP@BOD@LEVA@ ERO@A@@@NTO@@ TAN@ES@@LAS@@ TO@@LO@@CEJA@ @@@@PRI@S@@@@ @@@@MER@CON@@ @@@@O@@@AIRE@ @@@@@@@@JUGU@ @@@@@@@@ETON@;3;13;0x0A81;0xF95A;pregunta;;3;1;3;1;4;1;1. LA BODA ES LO PRIMERO;2. NO ESPERO TANTO;MADOKA LEVANTO LAS CEJAS CON AIRE JUGUETON;;;
H4;26H;ANTES QUE ESO HAY QUE HACER LA BODA. ASENTI CON FUERZA. COMO LO DIJE CON CARA SERIA, MADOKA SE PUSO COMPLETAMENTE ROJA Y APARTO LA MIRADA.;3;13;0xF6DC;0xF731;texto;;;;;;;;;;;;;
H4;27H;BUENO, ESO ES VERDAD, PERO... DE VERDAD... LO DICES EN SERIO? MADOKA LO DIJO CON UNA VOZ CASI INAUDIBLE. YO ASENTI.;5;11;0xF735;0xF775;texto;;;;;;;;;;;;;
H4;28H;CRUJIA, CRUJIA. DESDE EL CUARTO DE AL LADO VOLVIO A SONAR UN RUIDO EXTRAÑO, COMO SI ALGO RECHINARA. QUE SERA... ME TIENE INQUIETA, DIJO ELLA.;5;11;0xF783;0xF7CB;texto;;;;;;;;;;;;;
H4;29H;MADOKA CAMBIO DE TEMA APRESURADAMENTE. TAL VEZ LO DE LA BODA FUE DEMASIADO REPENTINO.;10;6;0xF7D0;0xF7F7;texto;;;;;;;;;;;;;
H4;104I;POR AHORA SIGAMOS ADELANTE, PERO EL PASILLO TERMINABA EN UN CALLEJON SIN SALIDA. POR AHORA VEAMOS LA HABITACION DE ADELANTE, DIJO MADOKA COMO SIN OTRA OPCION, ASI QUE ACEPTE.;3;13;0xC5DA;0xC639;texto;;;;;;;;;;;;;
H4;105I;2.@1.@ENT IR@IR@ONC AL@AL@ES@ AL@TA@A@@ MA@LL@DON CE@ER@DE@ N@@@@@VAM @@@@@@OS?;7;9;0xC63D;0xC668;pregunta;;2;1;2;1;3;0;1. IR AL TALLER;2. IR AL ALMACEN;ENTONCES A DONDE VAMOS?;;;
H4;106I;PRIMERO, EL TALLER QUE TENIAMOS ENFRENTE.;13;3;0xC229;0xC235;texto;;;;;;;;;;;;;
H4;107I;AL ALUMBRAR CON LA LINTERNA, APARECIERON MANOS, PIERNAS Y CABEZAS ACOMODADAS SIN ORDEN.;8;8;0xC247;0xC279;texto;;;;;;;;;;;;;
H4;108I;EN EL CENTRO HABIA UNA MESA DE TRABAJO, Y A SU ALREDEDOR HABIA CABEZAS DE MANIQUI PARA PELUCAS Y MUÑECOS YA TERMINADOS. QUE ES ESO? EXCLAMO MADOKA.;3;13;0xC285;0xC2E7;texto;;;;;;;;;;;;;
H4;109I;SOBRE LA MESA DE TRABAJO HABIA UNA CALAVERA. ME ACERQUE CON MIEDO Y LE APUNTE CON LA LUZ.;8;8;0xC2F9;0xC32F;texto;;;;;;;;;;;;;
H4;110I;ERA UNA CALAVERA, PERO LA SUPERFICIE ESTABA HORNEADA Y EL MATERIAL NO PARECIA HUESO. SERIA PORCELANA? PARECIA ESTAR SIN TERMINAR.;7;9;0xC33A;0xC37F;texto;;;;;;;;;;;;;
H4;111I;ABUELO, QUE HABRA QUERIDO HACER CON ESTO. NO SERA DE VERDAD? ESTA BIEN HECHO, EH. TENIA ALGO GRABADO. NUMERO 5, MODELO FINAL, ACASO.;3;13;0xC383;0xC3DC;texto;;;;;;;;;;;;;
H4;112AQ;NUMERO 5, MODELO FINAL... EN EL OJO DE CRISTAL DEL ABUELO DECIA ESTO:;10;6;0xC6E2;0xC717;texto;;;;;;;;;;;;;
H4;113AQ;KOKONOE KIYOMASA. AÑO 15 DE LA ERA TAISHO. MODELO FINAL 3.;12;4;0xC719;0xC73E;texto;;;;;;;;;;;;;
H4;114AQ;SI EL ABUELO ERA EL NUMERO 3, QUIERE DECIR QUE QUEDABA AL MENOS UNO MAS... UN ESCALOFRIO ME RECORRIO EL CUERPO.;6;10;0xC740;0xC785;texto;;;;;;;;;;;;;
H4;112I;EL ABUELO DEBIO HABER HECHO ESTA CALAVERA COMO PARTE DE UNA SERIE. ESTA MUY BIEN HECHA, DIJO MADOKA, MIRANDO EL ESQUELETO CON MIEDO Y TOCANDOLO CON LA PUNTA DEL DEDO.;2;14;0xC681;0xC6DC;texto;;;;;;;;;;;;;
H4;113I;TAL VEZ EL ABUELO ESTABA TRATANDO DE USAR DE NUEVO EL RITUAL DE RESURRECCION. EL RITUAL DE RESURRECCION? ES UN CONJURO PARA REVIVIR A LOS MUERTOS. BUENO, PARECE QUE LOS KOKONOE LE DABAN ALMA A LOS MUÑECOS...;0;16;0xC79D;0xC819;texto;;;;;;;;;;;;;
H4;114I;ESO ES CREAR PERSONAS? COMO EL GOLEM DEL ANTIGUO TESTAMENTO. MADOKA MIRO LA CALAVERA CON DESCONFIANZA.;7;9;0xC81D;0xC85B;texto;;;;;;;;;;;;;
H4;115I;PERO, HABIENDO VISTO LA EXTRAÑA FORMA EN QUE MURIO EL ABUELO, QUEDABA A MEDIO CREER. SI... ME PREGUNTO SI EL ABUELO REALMENTE ERA UN MUÑECO, DIJE EN VOZ ALTA MI NUEVA DUDA.;0;16;0xC85F;0xC8C9;texto;;;;;;;;;;;;;
H4;116I;Y ENTONCES, Y EL VERDADERO? NO PUDE RESPONDER.;12;4;0xC8CD;0xC8E5;texto;;;;;;;;;;;;;
H4;117I;POR UN RATO EXPLORAMOS EL TALLER, PERO NO HABIA NADA QUE PARECIERA UNA PISTA. ANTES DE QUE SE ACABARAN LAS PILAS, QUISE SEGUIR ADELANTE.;3;13;0xC8F1;0xC93F;texto;;;;;;;;;;;;;
H4;118I;LUEGO FUIMOS AL ALMACEN. QUE HABRIA ALLI? HABIA ESTANTES CONSTRUIDOS EN VARIOS NIVELES, CON CAJAS DE MADERA GUARDADAS EN ORDEN.;7;9;0xC944;0xC986;texto;;;;;;;;;;;;;
H4;119I;MAS ADENTRO HABIA VARIAS CAJAS DE MADERA, QUIZAS SIN TERMINAR. ALGUNAS APILADAS Y OTRAS APOYADAS CONTRA LA PARED. DESDE CAJAS PEQUEÑAS HASTA UNAS DEL TAMAÑO DE UN ATAUD, HABIA DE TODOS LOS TAMAÑOS.;2;14;0xC991;0xC9F4;texto;;;;;;;;;;;;;
H4;120I;REVISAR TODO ESTO VA A SER TODO UN TRABAJO, DIJO MADOKA CON UN SUSPIRO. ESTIRE LA MANO HACIA UNA CAJA PEQUEÑA DEL ESTANTE Y ABRI UNA DE ELLAS.;5;11;0xC9F8;0xCA4B;texto;;;;;;;;;;;;;
H4;121I;ERAN FOSILES DE ANIMALES APRETADOS HASTA EL TOPE. ERA RYUKOTSU, USADO EN LA MEDICINA CHINA. SERIA MATERIAL PARA MUÑECOS? EN OTRA ENCONTRE BARBAS DE BALLENA ACOMODADAS CON CUIDADO. TAL VEZ ERA PARA USAR EN LOS RESORTES DE LOS MECANISMOS.;0;16;0xCA50;0xCAD3;texto;;;;;;;;;;;;;
H4;122I;NO SEGUIMOS ANTES DE QUE SE PONGAN MAL LAS PILAS? DIJO MADOKA. ESTUVE DE ACUERDO. DECIDIMOS REVISAR MAS ADELANTE EN EL PASILLO.;5;11;0xCAD7;0xCB1B;texto;;;;;;;;;;;;;
H4;125I;ME QUEDE AHI PARADO SIN PODER REACCIONAR. CRIIIIC! CON UN RUIDO TREMENDO, LA ESCALERA SE VINO ABAJO. AAAH! GRITE Y SALTE HACIA UN LADO.;2;14;0xD0EE;0xD156;texto;;;;;;;;;;;;;
H4;126I;LA ESCALERA CAYO JUSTO DONDE YO HABIA ESTADO PARADO, LEVANTANDO UNA GRAN NUBE DE POLVO. POR POCO NO QUEDE APLASTADO.;7;9;0xD15E;0xD1A0;texto;;;;;;;;;;;;;
H4;127I;TEN CUIDADO! PERDON, PERDON, PERO POR LO MENOS LA ENCONTRAMOS, NO? DIJO MADOKA RIENDO Y PIDIENDO PERDON. BUENO, LA DEJARIA PASAR.;3;13;0xD1A7;0xD1F4;texto;;;;;;;;;;;;;
H4;128I;SINTIENDO ALGO QUE NO PODIA SACARME DE ENCIMA, TRATE DE SUBIR LA ESCALERA.;10;6;0xD1F8;0xD217;texto;;;;;;;;;;;;;
H4;209K;SIGAMOS ASI. ME DI CUENTA DE MI PROPIA MEZQUINDAD. ES CIERTO QUE TAL VEZ PUDIERA REVIVIR A MADOKA CONVIRTIENDOLA EN UNA MUÑECA.;5;11;0x8C93;0x8CE1;texto;;;;;;;;;;;;;
H4;210K;PERO PUEDE QUE YA NO SEA LA MADOKA QUE CONOZCO Y QUE QUIERO. VOLVI SOLO A LA ERMITA. TAL VEZ MADOKA LLAME A LA POLICIA. SI ES ASI... SOLO ME QUEDARA RESIGNARME.;0;16;0x8CE5;0x8D57;texto;;;;;;;;;;;;;
H4;211K;SENTADO EN EL PORCHE VIENDO EL ATARDECER, RECORDABA MI CORTA VIDA HASTA ESE MOMENTO. MI PAPA Y MI MAMA MURIERON EN UN ACCIDENTE, Y ME CRIO MI ABUELO... TAL VEZ ESO ESTUVO BIEN, DESPUES DE TODO.;2;14;0x8D68;0x8DCB;texto;;;;;;;;;;;;;
H4;212K;EL VERDADERO YO PROBABLEMENTE MURIO EN ESE ACCIDENTE. Y ENTONCES... MI ABUELO ME CREO.;7;9;0x8DDA;0x8E16;texto;;;;;;;;;;;;;
H4;213K;NO SALIO MUY BIEN. TAL VEZ HUBIERA SIDO MEJOR QUEDARME MUERTO EN ESE ENTONCES.;8;8;0x8E1A;0x8E47;texto;;;;;;;;;;;;;
H4;214K;EL SOL SE PONE. EL ATARDECER ES HERMOSO. PERO PUDE CONOCER A MADOKA, Y DE VERDAD ME ALEGRO DE HABERLA CONOCIDO. AUN ASI, YO MISMO LA DEJE IR.;3;13;0x8E4C;0x8EA5;texto;;;;;;;;;;;;;
H4;215K;YA NO PUEDO MOVER MI CUERPO COMO QUIERO. MENOS MAL QUE MADOKA NO ME VIO ASI.;7;9;0x8EA9;0x8ED7;texto;;;;;;;;;;;;;
H4;216K;CRUJE CRUJE CRUJE CRUJE CRUJE CRUJE;7;9;0x8EE2;0x8F14;texto;;;;;;;;;;;;;
H4;217K;EL SONIDO SE HACIA CADA VEZ MAS FUERTE. ASI QUE YA SE ACABA. ME MIRE LAS MANOS. LA CARNE SE HABIA DERRETIDO Y SOLO QUEDABAN LOS HUESOS. QUE RARO, NO ME DUELE.;2;14;0x8F1E;0x8F80;texto;;;;;;;;;;;;;
H4;218K;IBA A VOLVER A SER LO QUE ERA ANTES, SOLO UN OBJETO. CERRE LOS OJOS.;10;6;0x8F84;0x8FA0;texto;;;;;;;;;;;;;
H4;219K;NO, TODAVIA NO. ABRI LOS OJOS AL OIR ESA VOZ. MADOKA HABIA VUELTO. NO ME MIRES ASI... ESTA BIEN, SOLO BEBE ESTO.;0;16;0x8FA8;0x8FF8;texto;;;;;;;;;;;;;
H4;220K;MADOKA ME DIO UNA MEDICINA LIQUIDA. LA BEBI TAL COMO ME DIJO. ENTONCES DEJE DE DERRETIRME Y EL CRUJIDO DESAPARECIO. POR QUE ME HABRE SALVADO?;3;13;0x8FFD;0x904C;texto;;;;;;;;;;;;;
H6;41G;COMENCE A SUBIR LAS ESCALERAS OTRA VEZ.;12;4;0x9CFD;0x9D11;texto;si;;;;;;;;;;;;
H6;42G;..................................................................................................................................;2;14;0x9D24;0x9D42;texto;si;;;;;;;;;;;;
H6;43G;NO SE CUANTO HABIA SUBIDO. LAS ESCALERAS SEGUIAN SIN FIN.;12;4;0x9D4D;0x9D65;texto;si;;;;;;;;;;;;
H6;44G;..................................................................................................................................;2;14;0x9D72;0x9D90;texto;si;;;;;;;;;;;;
H6;45G;Y ENTONCES......;7;9;0x9D97;0x9D9A;texto;si;;;;;;;;;;;;
H6;46G;FINALMENTE, UNA PEQUEÑA PUERTA APARECIO FRENTE A MI.;12;4;0x9D9E;0x9DB1;texto;si;;;;;;;;;;;;
H6;47G;PASE A TRAVES DE ESA PUERTA.;12;4;0x9DBB;0x9DDC;texto;si;;;;;;;;;;;;
H6;69G;2.@@@1.@@PARA@ HAY@@TAL@LOS@@ COSA@VEZ@NIÑOS S@@@@SEA@,@@@@ QUE@@ASI@SUPON SE@@@@@@@GO@@@ ENTI@@@@@QUE@@ ENDE@@@@@NO@@@ N@@@@@@@@QUEDA DICI@@@@@MAS@@ ENDO@@@@@QUE@@ LAS@@@@@@MOSTR @@@@@@@@@ARLES @@@@@@@@@EL@@@ @@@@@@@@@EJEMP @@@@@@@@@LO@@@;2;14;0x6271;0x62B9;pregunta;si;4;1;3;1;5;0;1. TAL VEZ SEA ASI;2. HAY COSAS QUE SE ENTIENDEN DICIENDOLAS;PARA LOS NIÑOS, SUPONGO QUE NO QUEDA MAS QUE MOSTRARLES EL EJEMPLO;;;
H6;70G;PUEDE QUE SEA ASI. ASENTI.;12;4;0x654F;0x6563;texto;si;;;;;;;;;;;;
H6;71G;EN ESE INSTANTE, EL CUERVO ADULTO SE LANZO VOLANDO HACIA MI.;10;6;0x6567;0x6599;texto;si;;;;;;;;;;;;
H6;72G;USTEDES, PRIMERO QUE BAJE LA GUARDIA, Y AHI LO ATACAN!;10;6;0x65A3;0x65C3;texto;si;;;;;;;;;;;;
H6;73G;SU TONO CAMBIO EN UN INSTANTE. LAS CRIAS DE CUERVO TAMBIEN SE LANZARON TODAS A ATACARME DE GOLPE!;8;8;0x65D0;0x6613;texto;si;;;;;;;;;;;;
H6;74G;ME AGACHE Y ESQUIVE POR POCO EL ATAQUE DEL CUERVO. SIN DARME TREGUA, LOS CUERVOS SE LANZABAN UNO TRAS OTRO CONTRA MI.;5;11;0x6617;0x6675;texto;si;;;;;;;;;;;;
H6;75G;NO SERVIA DE NADA SEGUIR ESQUIVANDO. EN EL INSTANTE EN QUE NOS CRUZAMOS, EXTENDI LA MANO HACIA EL CUERVO ADULTO. PLUMAS NEGRAS SE DISPERSARON.;5;11;0x667F;0x66CB;texto;si;;;;;;;;;;;;
H6;76G;NO LLEGUE A HERIRLO, PERO PARECE QUE LOGRE HACERLO RETROCEDER. EL ATAQUE DE LOS CUERVOS SE DETUVO POR UN INSTANTE.;7;9;0x66D0;0x6710;texto;si;;;;;;;;;;;;
H6;77G;APROVECHANDO ESE MOMENTO, ME LANCE DENTRO DE LA PUERTA.;12;4;0x671B;0x6734;texto;si;;;;;;;;;;;;
H6;78G;DETRAS DE UNA PUERTA PESADA, DISTINTA A LAS ANTERIORES, UNA GRAN CANTIDAD DE LIBROS ME ESPERABA.;9;7;0x82E1;0x830E;texto;si;;;;;;;;;;;;
H6;79G;ESTANTERIAS DE CAOBA LLENABAN AMBOS LADOS DEL CUARTO, PERO NO SE SENTIAN OPRESIVAS. EL AMBIENTE ERA TRANQUILO, IDEAL PARA UN ESTUDIO.;4;12;0x8318;0x8372;texto;si;;;;;;;;;;;;
H6;80G;ENCONTRE UN LIBRO SOBRE EL ATRIL QUE HABIA EN EL CENTRO. ERA UN LIBRO MUY VIEJO Y GRANDE.;5;11;0x8380;0x83C7;texto;si;;;;;;;;;;;;
H6;81G;AL HOJEARLO, DESCUBRI QUE EL LIBRO ESTABA ESCRITO EN UN IDIOMA QUE NO CONOCIA.;9;7;0x83D3;0x83F9;texto;si;;;;;;;;;;;;
H6;82G;TAL VEZ FUERA LATIN O ALGO ASI, PERO PUDE LEER EL LIBRO. NO SABIA POR QUE PODIA LEERLO.;5;11;0x8405;0x8444;texto;si;;;;;;;;;;;;
H6;83G;QUIZAS TUVIERA QUE VER CON EL CONTENIDO. EN ESE LIBRO ESTABA ESCRITA TODA MI VIDA.;7;9;0x8448;0x8489;texto;si;;;;;;;;;;;;
H6;84G;EL CAMINO QUE HABIA RECORRIDO. DESDE MIS RECUERDOS DE INFANCIA HASTA EL MOMENTO EN QUE ENTRE A ESTA MANSION.;8;8;0x8499;0x84C7;texto;si;;;;;;;;;;;;
H6;85G;ADEMAS, LAS NUMEROSAS COSAS EXTRAÑAS QUE HABIA VIVIDO EN ESTA MANSION... TODO ESTABA ESCRITO ALLI.;7;9;0x84CB;0x84FD;texto;si;;;;;;;;;;;;
H6;86G;SI PASABA LA PAGINA SIGUIENTE, ESTARIA ESCRITO MI FUTURO... O TAL VEZ ESTUVIERA EN BLANCO...... CON LA MANO TEMBLANDO, INTENTE PASAR LA PAGINA, PERO ME DETUVE.;2;14;0x8502;0x8563;texto;si;;;;;;;;;;;;
H6;87G;DE CUALQUIER FORMA, ESTO ERA ALGO SUMAMENTE IMPORTANTE. CERRE EL LIBRO Y LO TOME CON CUIDADO. Y SALI DE LA HABITACION COMO SI ESTUVIERA HUYENDO.;5;11;0x856E;0x85CA;texto;si;;;;;;;;;;;;
H6;94G;AL AVANZAR, LA RAMA DE LOS MAMIFEROS SE DIVIDIO MAS Y APARECIO UN ANIMAL QUE CAMINABA EN DOS PATAS. EN QUE SE CONVERTIRIA AL EVOLUCIONAR?;5;11;0x6909;0x6958;texto;si;;;;;;;;;;;;
H6;95G;SERIA UN HUMANO? DESDE ALLI, COMENCE A OBSERVAR CON DETENIMIENTO LO QUE SEGUIA.;10;6;0x6962;0x6984;texto;si;;;;;;;;;;;;
H6;96G;ERA UN HOMINIDO... SE EXTINGUIO, Y VOLVIO A CONVERTIRSE EN UN HOMBRE PRIMITIVO... NACIERON DISTINTAS RAZAS HUMANAS... HABRIA ALGUNA RAMA MAS ALLA?;5;11;0x6988;0x69C6;texto;si;;;;;;;;;;;;
H6;97G;SE EXTINGUIO......;7;9;0x69D0;0x69D0;texto;si;;;;;;;;;;;;
H6;98G;ESAS PALABRAS APARECIERON EN MI MENTE. LA PUERTA DE ENFRENTE SE ABRIO, Y SALIO LUZ. SERIA MEJOR NO MIRAR?;7;9;0x69D7;0x6A28;texto;si;;;;;;;;;;;;
H6;99G;SIN MIRAR HACIA ABAJO, CAMINE HACIA LA PUERTA.;12;4;0x6A33;0x6A4E;texto;si;;;;;;;;;;;;
H6;100G;AL CRUZAR LA PUERTA, EL BOSQUE Y UN CIELO COMPLETAMENTE OSCURO SE EXTENDIAN FRENTE A MI. DESPUES DE LO QUE HABIA PASADO DENTRO, DUDABA, PERO ESTO PARECIA SER REALMENTE EL EXTERIOR DE LA MANSION.;2;14;0x9408;0x946A;texto;si;;;;;;;;;;;;
H6;101G;MUCHO GUSTO. ME HABLARON Y ME SOBRESALTE. AL DARME VUELTA PARA BUSCAR DE DONDE VENIA LA VOZ, EL PAISAJE A MI ALREDEDOR CAMBIO EN UN INSTANTE.;4;12;0x946E;0x94DE;texto;si;;;;;;;;;;;;
H6;102G;AQUELLO ERA... UNA HABITACION QUE PARECIA ESTAR DENTRO DE LA MANSION. UNA CHIMENEA, LIBREROS, UN SOFA. HABIA MUEBLES QUE SE VEIAN COMODOS.;4;12;0x94E2;0x953F;texto;si;;;;;;;;;;;;
H6;103G;NO PRETENDO LLAMARLO LADRON. ALLI HABIA UN HOMBRE. A PESAR DE ESTAR DENTRO DE LA HABITACION, LLEVABA PUESTA UNA CAPA Y UN SOMBRERO CALADO HASTA LOS OJOS.;4;12;0x9546;0x95A6;texto;si;;;;;;;;;;;;
H6;104G;SU EXPRESION ESTABA OCULTA BAJO EL ALA DE SU SOMBRERO DE COPA, IMPOSIBLE DE ADIVINAR. EL HOMBRE EXTENDIO SU MANO HACIA MI CON SUAVIDAD.;5;11;0x95AA;0x95F3;texto;si;;;;;;;;;;;;
H6;105G;SOLO QUIERO QUE ME DEVUELVA ESE LIBRO.;12;4;0x95F7;0x960A;texto;si;;;;;;;;;;;;
H6;106G;SU TONO ERA CORTES, PERO SE SENTIA SUMAMENTE INTIMIDANTE.;10;6;0x960E;0x962E;texto;si;;;;;;;;;;;;
H6;107G;LO QUE EL BUSCABA ERA EL LIBRO QUE YO LLEVABA. EL LIBRO EN EL QUE ESTABA ESCRITA TODA MI VIDA.;8;8;0x9633;0x9662;texto;si;;;;;;;;;;;;
H6;108G;ENTIENDO QUE NO QUIERA DESPRENDERSE DE EL. PERO LO QUE ESTA ESCRITO EN ESE LIBRO NO ES SOLO SOBRE USTED.;5;11;0x9666;0x96A7;texto;si;;;;;;;;;;;;
H6;109G;ESA PERSONA SE ACERCABA A MI, PASO A PASO.;12;4;0x96AB;0x96C1;texto;si;;;;;;;;;;;;
H6;110G;NO HAY NECESIDAD DE TENER MIEDO. NO TENGO NINGUNA INTENCION DE HACERLE DAÑO. EL SE PARO FRENTE A MI.;5;11;0x96D2;0x9711;texto;si;;;;;;;;;;;;
H6;111G;2.@@1.@@@@@POR@@ EST@NO@@@@@FAVOR E@@@QUI@@@@,@@@@ LIB@ERO@@@@DEME@ RO@@QUE@@@@ESE@@ ES@@LO@@@@@LIBRO MIO@LEA@@@@@@@@@;0;16;0x971C;0xAE51;pregunta;si;3;1;3;4;5;0;1. NO QUIERO QUE LO LEA;2. ESTE LIBRO ES MIO;POR FAVOR, DEME ESE LIBRO;;;
H6;112G;SACUDI LA CABEZA. EN ESTE LIBRO ESTABA ESCRITA TODA MI VIDA.;8;8;0xAE5D;0xAE84;texto;si;;;;;;;;;;;;
H6;113G;EL HOMBRE, SIN CAMBIAR DE ACTITUD Y CON LA MANO TODAVIA EXTENDIDA HACIA MI, DIJO: SI ES ASI, ESTA BIEN... PERO AL MENOS ME GUSTARIA QUE ME CEDIERA MI PAGINA.;2;14;0xAE90;0xAEEB;texto;si;;;;;;;;;;;;
H6;114G;LA VIDA DE ESTE HOMBRE TAMBIEN ESTABA REGISTRADA EN ESTE LIBRO, IGUAL QUE LA MIA? SI ERA ASI, TENIA SENTIDO QUE NO QUISIERA QUE OTROS LO CONOCIERAN.;5;11;0xAEEF;0xAF37;texto;si;;;;;;;;;;;;
H6;115G;ABRI EL LIBRO Y PASE LAS PAGINAS. ES AHI, DIJO EL HOMBRE, SEÑALANDO UNA PAGINA.;7;9;0xAF42;0xAF7A;texto;si;;;;;;;;;;;;
H6;116G;ALLI NO HABIA NADA ESCRITO. EL HOMBRE TOMO VARIAS HOJAS DE ESE LUGAR Y LAS ARRANCO DE GOLPE. GRACIAS, DIJO, Y ARRUGO LAS HOJAS QUE HABIA RECIBIDO HASTA HACERLAS UN BOLLO.;2;14;0xAF7E;0xAFE4;texto;si;;;;;;;;;;;;
H6;117G;POR PRIMERA VEZ, VI UNA EXPRESION APARECER EN EL ROSTRO DEL HOMBRE. ESTABA SONRIENDO. ERA UNA SONRISA COMO SI NO PUDIERA CONTENER LA ALEGRIA.;3;13;0xAFEE;0xB044;texto;si;;;;;;;;;;;;
H6;118G;ENTONCES ME RETIRO, CON PERMISO, DIJO. GIRO SOBRE SUS TALONES Y TRATO DE SALIR DE LA HABITACION. LO DETUVE APRESURADAMENTE.;3;13;0xB055;0xB0AA;texto;si;;;;;;;;;;;;
H6;119G;TENIA UN MONTON DE COSAS QUE PREGUNTAR. QUE ERA ESTA MANSION? Y QUE ERA ESTE LIBRO......;8;8;0xB0B5;0xB0E3;texto;si;;;;;;;;;;;;
H6;120G;MIRE SU PROPIA PAGINA, DIJO. Y CONTINUO: EL SABE TODO SOBRE USTED. PASE LAS PAGINAS DE INMEDIATO.;2;14;0xB0E8;0xB135;texto;si;;;;;;;;;;;;
H6;121G;EN MI PAGINA HABIA UNA LINEA AGREGADA QUE NUNCA ANTES HABIA VISTO.;8;8;0xB146;0xB16F;texto;si;;;;;;;;;;;;
H6;122G;CONVERTIRSE EN EL AMO DE LA MANSION Y SEGUIR ESPERANDO.;7;9;0xB17D;0xB18E;texto;si;;;;;;;;;;;;
H6;123G;EL HOMBRE ENCOGIO LOS HOMBROS CON AIRE COMPASIVO: PUEDE QUE SEA UNA LARGA ESPERA. PERO NO DEBE PERDER LA ESPERANZA.;7;9;0xB1A6;0xB1E3;texto;si;;;;;;;;;;;;
H6;124G;EL ARROJO LAS HOJAS ARRANCADAS A LA CHIMENEA. Y CUANDO TRATO DE ABRIR LA PUERTA...... QUEDO ENVUELTO EN LLAMAS FEROCES.;7;9;0xB1E8;0xB243;texto;si;;;;;;;;;;;;
H6;125G;AAAAAAAAAAAAAAAAAH. GRITO CON UNA VOZ QUE PARECIA SALIR DEL FONDO DEL INFIERNO. UN INSTANTE DESPUES, SE CONSUMIO POR COMPLETO. NO QUEDO NI HUESO NI CENIZA.;2;14;0xB250;0xB2C0;texto;si;;;;;;;;;;;;
H6;126G;QUE EL TERMINARA ASI, ESTARIA TAMBIEN ESCRITO EN SU PAGINA? YA NO PODIA AVERIGUARLO. QUE SERIA DE MI DE AHORA EN MAS? NO TENIA NECESIDAD DE PREOCUPARME POR ESO.;2;14;0xB2D4;0xB336;texto;si;;;;;;;;;;;;
H6;127G;PORQUE TODO ESTA ESCRITO EN ESTE LIBRO.;12;4;0xB340;0xB355;texto;si;;;;;;;;;;;;
H6;128G;EL NUEVO AMO ESPERABA QUE APARECIERA LA PERSONA ESPERADA. CUANTOS AÑOS HABRIAN PASADO YA?;7;9;0x9901;0x993C;texto;si;;;;;;;;;;;;
H6;129G;NO HABIA NINGUNA SEÑAL DE QUE ESA PERSONA FUERA A APARECER. SE PREGUNTABA SI EL HUMANO ANTERIOR TAMBIEN HABIA ESPERADO TANTO. SOLO EL TIEMPO SEGUIA PASANDO. NO LE QUEDABA MAS REMEDIO QUE SEGUIR ESPERANDO. ESO ERA LO UNICO QUE SE LE PERMITIA.;0;16;0x9940;0x99A8;texto;si;;;;;;;;;;;;
H6;130G;EL ERA EL DUEÑO DE LA MANSION;12;4;0x99AC;0x99BA;texto;no;;;;;;;;;;;;
H6;131G;EL ERA EL DUEÑO DE LA MANSION, PERO NO ERA NADA MAS QUE ESO.;6;10;0x99BC;0x99E0;texto;no;;;;;;;;;;;;
H6;36H;ESTO TENIA QUE SER UN TRUCO. HABIA CAIDO DE LLENO EN LA BROMA QUE ME HABIA TENDIDO EL DUEÑO DE ESTA MANSION.;5;11;0x3E8C;0x3ED3;texto;;;;;;;;;;;;;
H6;37H;GIRE SOBRE MIS TALONES Y EMPECE A BAJAR LA MISMA ESCALERA POR LA QUE ACABABA DE SUBIR. NO, ESO NO ES.;5;11;0x3ED7;0x3F22;texto;;;;;;;;;;;;;
H6;38H;TAL VEZ ESTA ESCALERA DE CARACOL ESTA HECHA ASI A PROPOSITO, PARA CONFUNDIR A QUIEN SE PIERDE EN ELLA Y HACERLO VAGAR PARA SIEMPRE.;5;11;0x3F2C;0x3F82;texto;;;;;;;;;;;;;
H6;39H;2.@@1.@@SI@@@@ BAJ@SUB@ME@@@@ AR,@IR,@DOY@@@ DE@@DE@@LA@@@@ TOD@TOD@VUELTA OS@@OS@@AQUI,@ MOD@MOD@NO@@@@ OS@@OS@@SERIA@ @@@@@@@@EXACTA @@@@@@@@MENTE@ @@@@@@@@LO@@@@ @@@@@@@@QUE@@@ @@@@@@@@QUIERE @@@@@@@@EL@@@@ @@@@@@@@DUEÑO?;2;14;0x3F86;0x3FCA;pregunta;;3;1;3;1;6;0;1. SUBIR, DE TODOS MODOS;2. BAJAR, DE TODOS MODOS;SI ME DOY LA VUELTA AQUI, NO SERIA EXACTAMENTE LO QUE QUIERE EL DUEÑO?;;;
H6;40H;NO, QUE SIGA DANDO VUELTAS ES LO QUE QUIERE EL DUEÑO DE LA MANSION. ME ARME DE VALOR Y EMPECE A BAJAR;9;7;0xA019;0xA05A;texto;;;;;;;;;;;;;
H6;41H;EN ESE INSTANTE, LOS ESCALONES BAJO MIS PIES SE DERRUMBARON. NO PUDE SOSTENERME Y CAI RODANDO.;9;7;0xA06B;0xA0A7;texto;;;;;;;;;;;;;
H6;42H;......................................................................;2;11;0xA0AD;0xA0CB;texto;;;;;;;;;;;;;
H6;43H;MIENTRAS AGUANTABA EL DOLOR QUE ME RECORRIA EL CUERPO, DESEANDO QUE TERMINARA PRONTO, SE OYO UN GOLPE SECO Y CAI DE GOLPE AL SUELO.;5;11;0xA0D1;0xA121;texto;;;;;;;;;;;;;
H6;63H;ESO NO ES CIERTO. TIENE QUE HABER COSAS QUE SE ENTIENDEN CON SOLO DECIRLAS. ESO LE DIJE AL CUERVO ADULTO. AL OIR MIS PALABRAS, EL CUERVO ADULTO LANZO UN CHILLIDO AGUDO.;3;13;0x674C;0x67AB;texto;;;;;;;;;;;;;
H6;64H;CON QUE ASI ES... ENTONCES, PROBEMOSLO, USTEDES!;11;5;0x67AF;0x67CC;texto;;;;;;;;;;;;;
H6;65H;TOMANDO ESAS PALABRAS COMO SEÑAL, LAS CRIAS DE CUERVO SE ABALANZARON SOBRE MI.;10;6;0x67D7;0x6814;texto;;;;;;;;;;;;;
H6;66H;EL CUERVO ADULTO LES DIJO: ASI NO, HAY QUE HACER UNA PAUSA. ENTONCES LAS CRIAS EMPEZARON A ATACAR CON UN DESFASE DE TIEMPO ENTRE ELLAS.;7;9;0x6818;0x6867;texto;;;;;;;;;;;;;
H6;67H;AGITE LOS BRAZOS, PRESA DEL PANICO. AUNQUE FUERA POR CASUALIDAD, LOGRE DERRIBAR A VARIAS CRIAS. EL CUERVO ADULTO LANZO UN GRAZNIDO AMENAZANTE.;5;11;0x686B;0x68C1;texto;;;;;;;;;;;;;
H6;68H;APROVECHANDO ESE INSTANTE, ME LANCE DENTRO DE UNA HABITACION CERCANA.;10;6;0x68CC;0x68EA;texto;;;;;;;;;;;;;
H6;110H;2.@@@1.@@RESP ME@@@BUS@ONDI HABI@CAB@SIN@ A@@@@A@@@VOLT PERD@ALG@EAR@ IDO@@O@@@A@@@ @@@@@@@@@MIRA @@@@@@@@@R@@@;3;13;0x7C7F;0x7CB5;pregunta;;4;1;3;1;4;0;1. BUSCABA ALGO;2. ME HABIA PERDIDO;RESPONDI SIN VOLTEAR A MIRAR;;;
H6;111H;ME HABIA PERDIDO EN EL CAMINO, RESPONDI. EL CAZADOR ME DIJO...;10;6;0x7E94;0x7EBE;texto;;;;;;;;;;;;;
H6;112H;DE VERDAD LO QUE HABIAS PERDIDO ERA EL CAMINO?, ME PREGUNTO. ME PARECIO EXTRAÑO QUE DIJERA ALGO ASI, PERO SOLO ASENTI Y NO LE PREGUNTE NADA MAS.;4;12;0x7EC3;0x7F26;texto;;;;;;;;;;;;;
H6;38J;DAR LA VUELTA AQUI ERA PELIGROSO. ESO ERA JUSTO LO QUE BUSCABA EL DUEÑO DE LA MANSION. PARA SALIR DE AQUI, SOLO PODIA SEGUIR AVANZANDO.;5;11;0x9F74;0x9FBC;texto;;;;;;;;;;;;;
H6;39J;ME ARME DE VALOR Y VOLVI A SUBIR LA ESCALERA.;12;4;0x9FCD;0x9FE8;texto;;;;;;;;;;;;;
H6;40J;...................................................................;7;9;0x9FF0;0x9FF8;texto;;;;;;;;;;;;;
H6;41J;POCO DESPUES, UNA PEQUEÑA PUERTA APARECIO ANTE MIS OJOS.;12;4;0x9FFD;0xA011;texto;;;;;;;;;;;;;
H6;112J;BUSCABA ALGO... RESPONDI ASI, Y ME VOLTEE A MIRAR LA MANSION.;10;6;0x7DD7;0x7DFA;texto;;;;;;;;;;;;;
H6;113J;LA MANSION SEGUIA DE PIE EN MEDIO DEL BOSQUE, SIN HABER CAMBIADO DESDE QUE LLEGUE;10;6;0x7E0C;0x7E2E;texto;;;;;;;;;;;;;
H6;114J;EL CAZADOR MIRABA LA MANSION CON FASTIDIO. EN ESE CASO... LO MEJOR SERIA RENDIRSE, DIJO. ME ENCOGI DE HOMBROS Y BAJE LA MONTAÑA GUIADO POR EL CAZADOR.;3;13;0x7E34;0x7E8C;texto;;;;;;;;;;;;;
H3;92K;VAMOS POR LA IZQUIERDA, DIJO EMIKO ANTES QUE YO. YO TAMPOCO TENIA OBJECION.;8;8;0x3423;0x344C;texto;;;;;;;;;;;;;
H3;93K;LAS TRES EMPEZAMOS A CAMINAR AL MISMO TIEMPO. Y JUSTO AL DOBLAR A LA IZQUIERDA... UNA FIGURA NOS ESTABA ESPERANDO. KYAAAA! FUE TAN REPENTINO QUE NO PUDIMOS EVITAR GRITAR.;3;13;0x3451;0x34C0;texto;;;;;;;;;;;;;
H3;94K;ERA UN GUERRERO CON ARMADURA. CON OJOS QUE BRILLABAN COMO FUEGO FATUO DENTRO DEL CASCO, SE ACERCABA HACIA NOSOTRAS. NO, NO, VOLVAMOS! ME AFERRE A LAS OTRAS DOS.;3;13;0x34C4;0x3517;texto;;;;;;;;;;;;;
H3;95K;QUE ESTAS DICIENDO, SI ES SOLO UN EMPLEADO. EMIKO SE RIO Y SE ACERCO AL GUERRERO. LE DIJO UNA O DOS PALABRAS Y LUEGO VOLVIO.;3;13;0x351C;0x3573;texto;;;;;;;;;;;;;
H3;96K;MAMI LADEO LA CABEZA Y PREGUNTO. QUE PASO? ESTAMOS EN REMODELACION, DIJO... EL GUERRERO HIZO UNA REVERENCIA CON LA CABEZA.;7;9;0x3578;0x35BF;texto;;;;;;;;;;;;;
H3;97K;AAH. DE GOLPE SE ME FUE TODO EL SUSTO. NO NOS QUEDO OTRA QUE TOMAR EL CAMINO DE LA DERECHA.;7;9;0xA360;0xA394;texto;;;;;;;;;;;;;
H3;100K;NO RESPONDI Y ME QUEDE QUIETA. BUENO, QUE LE VAMOS A HACER. VOY YO PRIMERO, DIJO MAMI.;5;11;0x7DF9;0x7E33;texto;;;;;;;;;;;;;
H3;101K;BUENO, TE AVISO CUANDO LLEGUE ABAJO, DIJO MAMI, Y SE DESLIZO HACIA ABAJO SIN MAS.;8;8;0x7E37;0x7E67;texto;;;;;;;;;;;;;
H3;102K;TRAS ESPERAR UN RATO, UNA VOZ RESONO DESDE ABAJO: YAAA ESTA BIEEEEN;9;7;0x7E6B;0x7E96;texto;;;;;;;;;;;;;
H3;103K;EMIKO SE PARO FRENTE AL TOBOGAN. BUENO, AHORA VOY YO. IBA A DECIRLE QUE SI, PERO SE ME OCURRIO ALGO.;5;11;0x7E9B;0x7ED8;texto;;;;;;;;;;;;;
H3;104K;SI EMIKO SE IBA PRIMERO, ME QUEDARIA SOLA AQUI! EMIKO, VOY YO PRIMERO, LE DIJE, DETENIENDOLA APURADA. EN SERIO?;4;12;0x7EDD;0x7F2D;texto;;;;;;;;;;;;;
H3;105K;EMPUJE A EMIKO A UN LADO Y ME METI EN EL TUNEL.;10;6;0x7F31;0x7F58;texto;;;;;;;;;;;;;
H3;110K;CUANDO LAS TRES TERMINAMOS DE BAJAR, SE ENCENDIERON LUCES Y LOS ESPEJOS BRILLARON. QUE INCREIBLE ESTE LUGAR, DIJO MAMI CON LOS OJOS BRILLANDO DE EMOCION.;4;12;0x3A45;0x3AA4;texto;;;;;;;;;;;;;
H3;111K;YA HABIA ENTRADO A UNA CASA DE ESPEJOS ANTES, PERO NUNCA UNA TAN COMPLICADA Y ELABORADA COMO ESTA. BUENO, SIGAMOS ADELANTE, DIJO MAMI.;5;11;0x3AAA;0x3AF5;texto;;;;;;;;;;;;;
H3;112K;PERO POR CUAL LADO? AL MIRAR OTRA VEZ LOS INCONTABLES ESPEJOS, NUESTRAS TRES FIGURAS SE MEZCLABAN Y DISTORSIONABAN TANTO QUE YA NO SABIA CUAL ERA CUAL. CASI ME MAREE.;3;13;0x3AF9;0x3B58;texto;;;;;;;;;;;;;
H3;113K;SENTI COMO SI MI PROPIO CUERPO REALMENTE SE HUBIERA TORCIDO. YA ESTA BIEN? DESDE EL TUNEL DETRAS SE OYO UNA VOZ DEBIL Y ALARGADA.;3;13;0x3B5C;0x3BC2;texto;;;;;;;;;;;;;
H3;114K;POR UN MOMENTO NOS DETUVIMOS Y TODAS VOLTEAMOS HACIA EL TUNEL A LA VEZ.;10;6;0x3BC7;0x3BF2;texto;;;;;;;;;;;;;
H3;115K;SIIIIII, ESTA BIEN. ESTA VEZ LA VOZ SE OYO FUERTE, JUSTO A MI LADO.;10;6;0x3BFC;0x3C22;texto;;;;;;;;;;;;;
H3;116K;KYAAAAAA! CERRE LOS OJOS Y ME AFERRE A MAMI. QUE ESTABA BAJANDO DEL TUNEL?;7;9;0x3C36;0x3C6E;texto;;;;;;;;;;;;;
H3;117K;CORRIMOS. Y DE REPENTE, EL ESPEJO DE ADELANTE SE ABRIO. PARECIA SER LA SALIDA DEL CUARTO. NOS METIMOS AHI DE UN SALTO.;5;11;0x3C73;0x3CB7;texto;;;;;;;;;;;;;
H3;118K;EL SIGUIENTE CUARTO ERA OTRA VEZ UN CUARTO DE MUÑECOS. AL OTRO LADO DE UNA MESA LARGA HABIA MUÑECOS COMIENDO.;7;9;0x3CC2;0x3D08;texto;;;;;;;;;;;;;
H3;119K;CUANDO ENTRAMOS, LOS MUÑECOS EMPEZARON A MOVERSE OTRA VEZ. CLIC! CLAC!, SONABAN AL MOVERSE. A DIFERENCIA DEL CUARTO DEL BAILE, NO HABIA NADA ELEGANTE AQUI. HOMBRES Y MUJERES DELGADOS SUBIAN Y BAJABAN PAN Y VAJILLA EN SILENCIO.;0;16;0x3D13;0x3D8D;texto;;;;;;;;;;;;;
H3;120K;LA LUZ DE LAS VELAS A PUNTO DE APAGARSE HACIA EL LUGAR AUN MAS SINIESTRO. EN EL CUARTO SOLO RESONABA, SUAVE, EL SONIDO DEL MECANISMO.;5;11;0x3D92;0x3DD5;texto;;;;;;;;;;;;;
H3;121K;CLIC! CLAC!. SENTI QUE NO DEBIA HACER RUIDO, ASI QUE EMPECE A CAMINAR CON CUIDADO.;8;7;0x3DDA;0x3E0D;texto;;;;;;;;;;;;;
H3;122K;TAC TAC TAC... HABIA UN PUNTO CIEGO AL FONDO. DESDE LA SOMBRA DE LA MESA, AVANZO UNA MUÑECA QUE PARECIA UNA NIÑA.;7;9;0x3E13;0x3E52;texto;;;;;;;;;;;;;
H3;123K;Y ME OFRECIO UNA MANZANA ROJA.;10;6;0x3E59;0x3E76;texto;;;;;;;;;;;;;
H3;124K;LA MUÑECA SONREIA CON UNA EXPRESION INDESCRIPTIBLE, Y SUS OJOS REFLEJABAN DE FORMA SINIESTRA LA LUZ AZUL DEL SUELO.;7;9;0x3E8B;0x3ECE;texto;;;;;;;;;;;;;
H3;125K;2.@@1.@@TAC@@@@ NO@@GRA@TAC@@@@ QUI@CIA@TAC..@@ ERO@S@@@LA@@@@@ @@@@@@@@MUÑECA@ @@@@@@@@DE@@@@@ @@@@@@@@NIÑA@@@ @@@@@@@@SEGUIA@ @@@@@@@@OFRECIE @@@@@@@@NDOME@@ @@@@@@@@LA@@@@@ @@@@@@@@MANZANA;1;15;0x3ED4;0x3F1E;pregunta;;3;1;3;1;7;0;1. GRACIAS;2. NO QUIERO;TAC TAC TAC.. LA MUÑECA DE NIÑA SEGUIA OFRECIENDOME LA MANZANA;;;
H3;126K;AH, GRACIAS... ACEPTE LA MANZANA QUE ME OFRECIA SIN PENSARLO. ERA UNA MANZANA DE VERDAD, CON UNA MORDIDA YA DADA.;5;11;0x485E;0x48A6;texto;;;;;;;;;;;;;
H3;127K;LA MUÑECA ASINTIO SATISFECHA Y SIGUIO MIRANDOME COMO INSTANDOME A COMERLA.;9;7;0x48AC;0x48D8;texto;;;;;;;;;;;;;
H3;128K;QUE COSA, NO LA QUIERO. MAMI ME ARREBATO LA MANZANA Y LA TIRO AHI MISMO. LOS MUÑECOS DE LA MESA NOS MIRARON FIJO TODOS A LA VEZ.;3;13;0x48DD;0x4934;texto;;;;;;;;;;;;;
H3;129K;CRIIIIIC. ABRIMOS LA SIGUIENTE PUERTA COMO HUYENDO.;10;6;0x4940;0x4969;texto;;;;;;;;;;;;;
H3;130K;CAMINAMOS POR EL PASILLO UN RATO SIN DECIR NADA. LA SONRISA DE MAMI Y EMIKO SE IBA APAGANDO POCO A POCO.;7;9;0x4F4B;0x4F87;texto;;;;;;;;;;;;;
H3;131K;PENSAR EN QUE NOS ESPERARIA DESPUES ME PESABA EN EL PECHO. YA NO PUEDO MAS..., SE ME ESCAPO SIN QUERER.;5;11;0x4F8C;0x4FCF;texto;;;;;;;;;;;;;
H3;132K;MAMI Y EMIKO SE MIRARON. REIKA TAMBIEN ESTA ASUSTADA... SALGAMOS? SI, PERO COMO SALIMOS DE AQUI?;5;11;0x4FD4;0x5011;texto;;;;;;;;;;;;;
H3;133K;LA CASA EMBRUJADA DEBERIA TENER UNA SALIDA DE EMERGENCIA EN ALGUN LADO, POR SI HAY UN DESASTRE. PODRIAMOS ESCAPAR POR AHI. PERO HASTA AHORA, NO HABIAMOS VISTO NADA POR EL ESTILO.;2;14;0x5015;0x5073;texto;;;;;;;;;;;;;
H3;134K;AH! EMIKO SEÑALO HACIA ADELANTE. SEGUI SU DEDO CON LA MIRADA, Y AHI HABIA ALGO QUE NO ENCAJABA EN UNA CASA EMBRUJADA. ERA UNA CABINA TELEFONICA.;2;14;0x5077;0x50E3;texto;;;;;;;;;;;;;
H3;135K;QUE ALIVIO, CON ESO QUIZA PODAMOS CONTACTAR A ALGUN EMPLEADO. MAMI CORRIO HACIA LA CABINA. EMIKO Y YO LA SEGUIMOS. PERO... POR QUE PONDRIAN UNA CABINA JUSTO AQUI?;0;16;0x50E7;0x5154;texto;;;;;;;;;;;;;
H3;136K;TRRRRIN! EL TELEFONO EMPEZO A SONAR DE REPENTE. NOS MIRAMOS ENTRE NOSOTRAS. MAMI ESTIRO LA MANO HACIA EL AURICULAR. HOLA...?;5;11;0x5165;0x51B3;texto;;;;;;;;;;;;;
H3;137K;BUENAS TARDES, SEÑORITAS. ESA VOZ ERA LA DE LA ESTATUA DE BRONCE QUE ESTABA EN LA ENTRADA DE LA CASA EMBRUJADA.;7;9;0x51BF;0x51FB;texto;;;;;;;;;;;;;
H3;138K;QUE SIGAN LAS TRES JUNTAS TODAVIA, NOS TIENE A TODOS ADMIRADOS! POR FAVOR, DEJENOS SALIR DE AQUI, DIJO MAMI CON CANSANCIO.;4;12;0x5200;0x524C;texto;;;;;;;;;;;;;
H3;139K;2.@@1.@@NO@@@@@ ME@@NO@@PUEDO@@ UNO@ME@@HACER@@ @@@@UNO@ESO.@@@ @@@@@@@@PERO@@@ @@@@@@@@MEJOR@@ @@@@@@@@AUN,@@@ @@@@@@@@NO@@@@@ @@@@@@@@QUIEREN @@@@@@@@UNIRSE@ @@@@@@@@A@@@@@@ @@@@@@@@NOSOTRO @@@@@@@@S?@@@@@;1;15;0x5251;0x529C;pregunta;;3;1;3;1;7;0;1. NO ME UNO;2. ME UNO;NO PUEDO HACER ESO. PERO MEJOR AUN, NO QUIEREN UNIRSE A NOSOTROS?;;;
H3;140K;LES DIGO QUE NOS DEJEN SALIR! SI SE NIEGAN, NO HAY NADA QUE HACER. TENGO UN SUBORDINADO EXCELENTE, SE LO DEJARE A EL. LA LLAMADA SE CORTO DE GOLPE.;0;16;0x5A5B;0x5ACB;texto;;;;;;;;;;;;;
H3;141K;MI MANO TEMBLO AL COLGAR EL AURICULAR. SIN IMPORTAR EL MIEDO, NO TENIAMOS MAS OPCION QUE SEGUIR.;9;7;0x5AD1;0x5AF3;texto;;;;;;;;;;;;;
H3;142K;DESPUES DE CAMINAR UN RATO, LLEGAMOS A OTRO CUARTO SOSPECHOSO. UNA LUZ ROJA ILUMINABA TENUEMENTE TODO EL CUARTO. MIRE A MI ALREDEDOR UN MOMENTO.;2;14;0x5B7A;0x5BDB;texto;;;;;;;;;;;;;
H3;143K;ESTE ERA MUCHO MAS CHICO QUE LOS ANTERIORES, Y HASTA DONDE SE VEIA, NO HABIA NI UNA SOLA FIGURA DE CERA.;8;8;0x5BDF;0x5C0E;texto;;;;;;;;;;;;;
H3;144K;EN CAMBIO, LAS DISTINTAS FORMAS ALINEADAS EN LA PARED NOS HICIERON TEMBLAR LAS PIERNAS. ERAN INSTRUMENTOS DE TORTURA OCCIDENTALES QUE HABIA VISTO ALGUNA VEZ EN TELEVISION O EN LIBROS.;2;14;0x5C12;0x5C84;texto;;;;;;;;;;;;;
H3;145K;TODO ESTE CUARTO CIRCULAR ESTABA RECREADO COMO UNA SALA DE TORTURA.;10;6;0x5C88;0x5CB2;texto;;;;;;;;;;;;;
H3;146K;NO PARECIA HABER NINGUNA PUERTA MAS ADELANTE. LOS INSTRUMENTOS DE TORTURA ALINEADOS EN LA PARED SE VEIAN VIEJOS Y DESGASTADOS, CON UN COLOR PESADO, COMO SI REALMENTE SE HUBIERAN USADO.;2;14;0x5CB6;0x5D17;texto;;;;;;;;;;;;;
H3;147K;DESDE CUCHILLAS DE TODOS LOS TAMAÑOS HASTA UN ATAUD CON FORMA HUMANA LLENO DE PUAS. DEL TECHO COLGABAN VARIAS CUERDAS VIEJAS. Y AL FONDO HABIA UNA GUILLOTINA.;3;13;0x5D1B;0x5D7C;texto;;;;;;;;;;;;;
H3;148K;TODO ERA ESPELUZNANTE, CON LO QUE PARECIAN MANCHAS DE SANGRE PEGADAS. SIN SABER POR DONDE SEGUIR, ME ACERQUE AL CENTRO DEL CUARTO.;5;11;0x5D80;0x5DC8;texto;;;;;;;;;;;;;
H3;149K;EMIKO Y MAMI SE HABIAN QUEDADO PARADAS COMO CONGELADAS. QUE HACEMOS? NO HABRA SALIDA? MI VOZ HIZO ECO. ESPERAMOS UN RATO, PERO NO HABIA SEÑAL DE QUE APARECIERA UNA PUERTA.;2;14;0x5DCD;0x5E2D;texto;;;;;;;;;;;;;
H3;150K;NOS MIRAMOS ENTRE NOSOTRAS. GOGOGOGO... DE REPENTE, LA PARED DEL COSTADO SE MOVIO Y SALIO UN HOMBRE MUSCULOSO CON LA CARA CUBIERTA. SEGURAMENTE... ERA EL ENCARGADO DE ESTE CUARTO.;2;14;0x5E32;0x5EB2;texto;;;;;;;;;;;;;
H3;151K;NO PARECE MALA PERSONA, NO?, DIJO. EL SE ACERCABA HACIA NOSOTRAS PASO A PASO. NI SIQUIERA OI LA BROMA DE MAMI.;5;11;0x5EB7;0x5EFB;texto;;;;;;;;;;;;;
H3;152K;ELIJAN A UNA, DIJO EL HOMBRE CON UNA VOZ GRAVE Y TEMBLOROSA. ELEGIR QUE?!, GRITO MAMI CON RABIA.;5;11;0x5F00;0x5F3D;texto;;;;;;;;;;;;;
H3;153K;2.@@1.@@ELI OBS@DOY@JAN ERV@UN@@A@@ O@@@PAS@UNA EN@@O@@@,@@ SIL@AL@@REP ENC@FRE@ITI IO@@NTE@O@@ @@@@@@@@EL@ @@@@@@@@HOM @@@@@@@@BRE;5;11;0x5F42;0x5F7B;pregunta;;3;1;3;1;3;0;1. DOY UN PASO AL FRENTE;2. OBSERVO EN SILENCIO;ELIJAN A UNA, REPITIO EL HOMBRE;;;
H3;154K;DI UN PASO AL FRENTE, Y LAS OTRAS DOS ME MIRARON SORPRENDIDAS.;10;6;0x67CC;0x67EA;texto;;;;;;;;;;;;;
H3;155K;EL HOMBRE NO DIJO NADA Y ME AGARRO DEL HOMBRO. TENIA UNA FUERZA TREMENDA, NO PUDE RESISTIRME. REIKA!, RESONARON LAS VOCES DE MAMI Y EMIKO.;4;12;0x67EF;0x6837;texto;;;;;;;;;;;;;
H3;156K;ME PUSIERON DE PIE FRENTE AL ATAUD. EL ATAUD TENIA FORMA HUMANA, Y LA TAPA TENIA PUAS METALICAS.;7;9;0x683B;0x687F;texto;;;;;;;;;;;;;
H3;157K;SEGURAMENTE, SI ENTRABA AHI Y CERRABAN LA PUERTA, QUEDARIA ATRAVESADA POR TODOS LADOS... EL HOMBRE ME EMPUJO DENTRO DEL ATAUD.;5;11;0x6883;0x68CA;texto;;;;;;;;;;;;;
H3;158K;KYAAA! NO SE SI ESE GRITO ERA MIO, O TAL VEZ...;10;6;0x68D5;0x68F5;texto;;;;;;;;;;;;;
H3;159K;PUM. LA PUERTA SE CERRO. PERO... NADA SE CLAVO EN MI CUERPO.;7;9;0x690B;0x6937;texto;;;;;;;;;;;;;
H3;160K;NO SE COMO FUNCIONABA, PERO CUANDO ME DI CUENTA ESTABA PARADA EN UN PASILLO. EL ATAUD ESTABA CONECTADO CON EL PASILLO DE ALGUN MODO.;6;10;0x693B;0x6985;texto;;;;;;;;;;;;;
H3;161K;LA PUERTA DEL ATAUD SE CERRO Y TODO QUEDO ENVUELTO EN OSCURIDAD. YO... ESTABA BIEN. SEGURAMENTE HABIA ALGUN MECANISMO QUE HACIA QUE LAS PUAS NO SE CLAVARAN.;4;12;0x74C5;0x751B;texto;;;;;;;;;;;;;
H3;162K;MAMIII! UN GRITO ATERRADOR SEGUIA SONANDO. ERA LA VOZ DE EMIKO.;9;7;0x7522;0x7553;texto;;;;;;;;;;;;;
H3;163K;DETENGANSE, POR FAVOOOOR! EL GRITO DE EMIKO SE CORTO A LA MITAD. Y AFUERA DEL ATAUD TODO QUEDO EN SILENCIO.;5;11;0x755A;0x759F;texto;;;;;;;;;;;;;
H3;164K;QUE HABRIA PASADO AFUERA. MAMI... Y EMIKO...;9;7;0x75A4;0x75C6;texto;;;;;;;;;;;;;
H3;165K;EN ESE MOMENTO, ALGO LIQUIDO TOCO MI MANO. HABIA ENTRADO POR UNA RENDIJA DEL ATAUD. LO OLI. ERA SANGRE. NO PUDE ESCAPAR DEL ATAUD.;2;14;0x75CA;0x762A;texto;;;;;;;;;;;;;
H3;166K;AAAAAH! DESPUES DE ESO, EL GRITO DE EMIKO SIGUIO RESONANDO SIN PARAR EN MIS OIDOS.;8;8;0x7630;0x7667;texto;;;;;;;;;;;;;
H3;140M;ESTA BIEN, RESPONDIO MAMI RIENDO. ENTENDIDO. ENTONCES LAS ESPERARE. ME IMPRESIONO LO ELABORADA QUE ERA ESTA CASA EMBRUJADA.;4;12;0x5B01;0x5B63;texto;;;;;;;;;;;;;
H3;160M;REIKA! EMIKO VINO CORRIENDO DESDE EL OTRO LADO DEL PASILLO. QUE ALIVIO, PENSE QUE HABIAS MUERTO. SONREI UN POCO. NADIE SE MUERE EN UN PARQUE DE DIVERSIONES.;4;12;0xC2E3;0xC348;texto;;;;;;;;;;;;;
H3;161M;AHORA QUE LO PIENSO, NO VEO A MAMI. Y MAMI? A DONDE SE FUE? CREI QUE ESTABA CONTIGO, REIKA... PARECE QUE NOS SEPARAMOS.;4;12;0xC34C;0xC39F;texto;;;;;;;;;;;;;
H3;162M;...NO QUEDA MAS REMEDIO. VAMOS? SI, TIENES RAZON...;10;6;0xC3A3;0xC3C2;texto;;;;;;;;;;;;;
H3;176M;PARECIA UN LIBRO EN INGLES. LE ECHE UN VISTAZO RAPIDO. EL TITULO ESTABA EN LETRAS OCCIDENTALES. TOME UNO DE ELLOS.;5;11;0xA23B;0xA27F;texto;;;;;;;;;;;;;
H3;177M;KYAA! QUE ASCO. ESE LIBRO TENIA UN OJO PEGADO, Y ME MIRABA FIJAMENTE.;8;8;0xA286;0xA2B3;texto;;;;;;;;;;;;;
H3;178M;LOS DEMAS LIBROS PARECIAN SER TODOS SOBRE TEMAS OCULTOS. BUENO, ES UNA CASA EMBRUJADA, ASI QUE ERA DE ESPERARSE. LA AMBIENTACION ESTABA BIEN LOGRADA.;4;12;0xA2B7;0xA305;texto;;;;;;;;;;;;;
H3;179M;EMIKO, QUE HABIA ESTADO MIRANDO EL CUADERNO, VOLVIO SIN DECIR NADA. HABIA ALGO ESCRITO?, LE PREGUNTE COMO SI NADA. ELLA SOLO NEGO CON LA CABEZA.;4;12;0xA30A;0xA358;texto;;;;;;;;;;;;;
H3;217N;EN MEDIO DE LA HOGUERA, POR FIN ME DI CUENTA... QUE HABIA SIDO ENGAÑADA POR LA BRUJA...;8;8;0xCCD4;0xCD06;texto;;;;;;;;;;;;;
H3;196P;NO QUIERO IR, DIJO EMIKO CON FIRMEZA. ...PERO COMO SALIMOS DE AQUI? POR LA VENTANA O POR DONDE SEA. MIRAMOS HACIA AFUERA POR LA VENTANA.;2;14;0xD916;0xD971;texto;;;;;;;;;;;;;
H3;197P;AUNQUE ERA EL SEGUNDO PISO, NO ERA UN EDIFICIO NI UN DEPARTAMENTO NORMAL. HABIA BASTANTE ALTURA, Y NO HABIA ARBOLES NI ARBUSTOS QUE PUDIERAN AMORTIGUAR LA CAIDA.;4;12;0xD977;0xD9CB;texto;;;;;;;;;;;;;
H3;198P;NO SE PUEDE, DESPUES DE TODO... SI PIENSAS ESO, ENTONCES VE CON ESTA SEÑORA, REIKA. EMIKO ESTABA ENOJADA... O TAL VEZ USABA EL ENOJO PARA OCULTAR EL MIEDO.;2;14;0xD9CF;0xDA2F;texto;;;;;;;;;;;;;
H3;199P;QUE VAN A HACER USTEDES DOS? VAN A IR... O NO VAN A IR...;8;7;0xDA33;0xDA59;texto;;;;;;;;;;;;;
H3;200P;...AL FINAL, YO IRE CON LA SEÑORA. Y TU, EMIKO? EMIKO SOLO NEGO CON LA CABEZA, DE MAL HUMOR.;5;11;0xDA5D;0xDA95;texto;;;;;;;;;;;;;
H3;201P;BUENO... ENTONCES YO IRE, DIJE. SALI DE LA HABITACION JUNTO A LA ANCIANA.;9;7;0xDA99;0xDAC3;texto;;;;;;;;;;;;;
H3;202P;LA PUERTA QUE DEBERIA HABER ESTADO CERRADA CON LLAVE SE ABRIO EN CUANTO LA ANCIANA DIJO ALGO EN VOZ BAJA. CUANDO ENCONTRARA LA SALIDA, VOLVERIA POR EMIKO. ESO PENSABA.;3;13;0xDAC8;0xDB20;texto;;;;;;;;;;;;;
H3;203P;SEGUIMOS EL PASILLO CON LA ANCIANA AL FRENTE. NO TENIA NI IDEA DE POR DONDE IBAMOS. NO HACIA CALOR NI HABIA HUMO POR AQUI CERCA.;0;16;0xDB34;0xDB9B;texto;;;;;;;;;;;;;
H3;204P;ES POR AQUI, DIJO LA ANCIANA SEÑALANDO EL PASILLO. ALLI HABIA UNA PUERTA ESPERANDOME. ES LA SALIDA. EMPECE A CORRER.;3;13;0xDB9F;0xDBE2;texto;;;;;;;;;;;;;
H3;205P;POR FIN PODRE ESCAPAR... ESE PENSAMIENTO ME DOMINABA POR COMPLETO. ABRI LA PUERTA DE GOLPE. ERA EL EXTERIOR. HABIA UN PEQUEÑO CLARO, Y MAS ALLA SE EXTENDIA EL BOSQUE.;2;14;0xDBE6;0xDC4F;texto;;;;;;;;;;;;;
H3;206P;Y UNA GRAN MULTITUD DE PERSONAS NOS ESTABA ESPERANDO. TENIAN ANTORCHAS Y AZADONES EN LAS MANOS. SU ROPA NO PARECIA SER DE ESTA EPOCA.;5;11;0xDC53;0xDC9B;texto;;;;;;;;;;;;;
H3;207P;NO IBAN VESTIDOS DE FORMA POBRE, SU ROPA ERA COMPLETAMENTE DISTINTA A LA NUESTRA. AL MISMO TIEMPO, PARECIAN HABERNOS VISTO SALIR POR LA PUERTA, Y SE ACERCARON CON DESCONFIANZA, MIRANDONOS FIJO.;0;16;0xDC9F;0xDD0B;texto;;;;;;;;;;;;;
H3;208P;POR AHI NO! ES POR ATRAS! RODEEN POR ATRAS! FUE LA ANCIANA QUIEN GRITO ESO. COMO SI RESPONDIERAN AL LLAMADO, TODOS SALIERON CORRIENDO HACIA LA PARTE TRASERA DE LA MANSION.;2;14;0xDD0F;0xDD6D;texto;;;;;;;;;;;;;
H3;209P;BUENO, VAMONOS, DIJO LA ANCIANA Y ME GUIO HACIA EL BOSQUE. LOS ARBOLES BLOQUEABAN LA LUZ DEL SOL, Y AUNQUE ERA DE DIA, ESTABA OSCURO. PERO NO HABIA MALEZA, ASI QUE ERA FACIL CAMINAR.;2;14;0xDD71;0xDDD0;texto;;;;;;;;;;;;;
H3;210P;HASTA DONDE VAMOS? JUSTO CUANDO IBA A PREGUNTAR ESO... UN MOMENTO... LA ANCIANA HABIA DESAPARECIDO.;5;11;0xDDD4;0xDE15;texto;;;;;;;;;;;;;
H3;211P;MIRE ALREDEDOR CON DESESPERACION, PERO NO LA VI POR NINGUN LADO. VOLVI SOBRE MIS PASOS HACIA LA MANSION. AL LLEGAR, HABIA GENTE REUNIDA EN EL CLARO.;2;14;0xDE1B;0xDE7A;texto;;;;;;;;;;;;;
H3;212P;ES LA BRUJA! MATEN A LA BRUJA! RODEABAN DOS POSTES DE TORTURA, GRITANDO CON ENTUSIASMO.;7;9;0xDE85;0xDEBB;texto;;;;;;;;;;;;;
H3;213P;ALGUIEN, AYUDENME... QUIEN ESTA ATADA A LOS POSTES ES... SON MAMI Y EMIKO!;7;9;0xDEC0;0xDF02;texto;;;;;;;;;;;;;
H3;214P;LAS DOS GRITABAN Y SE RETORCIAN, PERO A NADIE LE IMPORTABA. LE PRENDIERON FUEGO. MAMI MIRO HACIA DONDE ESTABA, Y NUESTRAS MIRADAS SE CRUZARON MIENTRAS YO ME ESCONDIA ENTRE LOS ARBUSTOS.;3;13;0xDF07;0xDF5B;texto;;;;;;;;;;;;;
H3;215P;REIKA, AYUDAME! POR ESE GRITO, TODOS LOS QUE ESTABAN AHI SE VOLTEARON HACIA MI. REIKA... REIKA... LA VOZ SE FUE APAGANDO POCO A POCO.;3;13;0xDF5F;0xDFB1;texto;;;;;;;;;;;;;
H3;216P;LA GENTE ALREDEDOR DE LAS DOS ERA TANTA QUE NO HABIA FORMA DE ACERCARSE. LAS DOS FUERON ENVUELTAS POR LAS LLAMAS.;7;9;0xDFB6;0xDFEB;texto;;;;;;;;;;;;;
H3;217P;IJIJIJI, ME SALVE. LA RISA DE LA BRUJA SIGUIO RESONANDO DESDE LA MONTAÑA LEJANA... IJIJI...;9;7;0xDFED;0xE057;texto;;;;;;;;;;;;;
H3;225Q;TODAVIA HOY SIGO BUSCANDO A MAMI. TAMBIEN CORRIO EL RUMOR DE QUE HABIA ALGUIEN PARECIDO A ELLA EN UNA CASA EMBRUJADA, EN ALGUN LUGAR.;6;10;0xD284;0xD2C2;texto;;;;;;;;;;;;;
H3;125L;NO, NO LA QUIERO. SACUDI LA CABEZA POR EL ASCO, PERO AUN ASI LA NIÑA SEGUIA OFRECIENDOME LA MANZANA. YA, NO VENGAS MAS! MAMI SOLTO UN GRITO...;3;13;0x4977;0x49D0;texto;;;;;;;;;;;;;
H3;126L;CRIIIIIC! DETRAS SE OYO EL SONIDO DE UNA PUERTA ABRIENDOSE. NOS METIMOS POR LA RENDIJA Y, ANTES DE QUE TERMINARA DE ABRIRSE, EMPUJAMOS LA PUERTA CON TODAS NUESTRAS FUERZAS.;3;13;0x49DC;0x4A32;texto;;;;;;;;;;;;;
H3;127L;JUSTO CUANDO LA PESADA PUERTA DE HIERRO SEPARO LOS DOS ESPACIOS, SE OYO UN SONIDO SORDO A NUESTROS PIES.;9;7;0x4A36;0x4A63;texto;;;;;;;;;;;;;
H3;128L;AL MIRAR, VIMOS EL BRAZO DE LA MUÑECA, TODAVIA CON LA MANZANA EN LA MANO, RETORCIDO Y TIRADO EN EL SUELO. NO PUDIMOS EMITIR NI UN SONIDO, Y NOS QUEDAMOS UN RATO MIRANDOLO.;3;13;0x4A67;0x4AC0;texto;;;;;;;;;;;;;
H3;153L;...VOY YO. LA QUE DIO UN PASO AL FRENTE FUE, COMO ERA DE ESPERAR, MAMI. QUE PIENSAS HACER CONMIGO? QUE VALOR. EL HOMBRE LE AGARRO EL BRAZO A MAMI CON FUERZA.;3;13;0x69AA;0x69F8;texto;;;;;;;;;;;;;
H3;154L;DETENTE! SI HACES ALGO RARO ME VOY A ENOJAR! EL HOMBRE ARROJO A MAMI TAL CUAL DENTRO DEL ATAUD.;8;8;0x69FC;0x6A3B;texto;;;;;;;;;;;;;
H3;155L;Y CERRO LA TAPA. KYAAAAAAA! EL GRITO PROLONGADO DE MAMI RETUMBO. LA TAPA DEL ATAUD TENIA MUCHAS PUAS AFILADAS.;4;12;0x6A3F;0x6A95;texto;;;;;;;;;;;;;
H3;156L;DE LA RENDIJA DEL ATAUD EMPEZO A BROTAR SANGRE... EL HOMBRE HABIENDO TERMINADO SU TRABAJO, SALIO SATISFECHO DE LA HABITACION.;7;9;0x6AA2;0x6AE5;texto;;;;;;;;;;;;;
H3;157L;MAMI! NOS ABALANZAMOS SOBRE EL ATAUD. PERO AL IMAGINAR LO QUE HABIA ADENTRO, NO PUDIMOS ABRIRLO...;7;9;0x6AE9;0x6B25;texto;;;;;;;;;;;;;
H3;158L;AHI VOY! EMIKO CERRO LOS OJOS Y ABRIO DE GOLPE LA TAPA DEL ATAUD. EH? QUE?;8;8;0x6B29;0x6B60;texto;;;;;;;;;;;;;
H3;159L;FUE COMO UN TRUCO DE MAGIA. MAMI YA NO ESTABA ALLI, NI SIQUIERA HABIA UN CUERPO. ...PARECE QUE ESTA CONECTADO CON ALGUN OTRO LUGAR. SEGURAMENTE ERA ASI.;2;14;0x6B64;0x6BB8;texto;;;;;;;;;;;;;
H3;160L;TENEMOS QUE BUSCARLA. EMIKO Y YO SALIMOS DE LA HABITACION POR DONDE EL HOMBRE SE HABIA IDO. MAMI...!;7;9;0x6BBD;0x6BF8;texto;;;;;;;;;;;;;
H3;161L;BUSCAMOS EN EL CUARTO DE TORTURA, BUSCAMOS EN EL PASILLO, PERO NO ENCONTRAMOS A MAMI. MAMI DESAPARECIO... EMIKO Y YO NO SABIAMOS QUE HACER.;3;13;0xC3CC;0xC422;texto;;;;;;;;;;;;;
H3;162L;...BUENO, NO ES QUE HAYA MUERTO, TAL VEZ NOS ESPERA MAS ADELANTE. TIPICO DE EMIKO: ENSEGUIDA HABIA VUELTO A SER LA EMIKO DE SIEMPRE.;5;11;0xC426;0xC46A;texto;;;;;;;;;;;;;
H3;163L;TENIA RAZON. DE TODOS MODOS, NO SERVIA DE NADA QUEDARNOS DANDO VUELTAS EN UN LUGAR ASI.;8;8;0xC46E;0xC49B;texto;;;;;;;;;;;;;
H3;161LB;LA RESPUESTA LLEGO ENSEGUIDA. MAMI VENIA CORRIENDO DESDE EL OTRO LADO DEL PASILLO. EL ATAUD CONECTABA CON EL PASILLO. QUE ALIVIO, MAMI... CASI ME ECHO A LLORAR.;3;13;0xC4A5;0xC519;texto;;;;;;;;;;;;;
H3;162LB;QUE COSAS DICES? COMO VOY A MORIRME YO, DIJO MUY SEGURA DE SI MISMA. COSTABA CREER QUE FUERA LA MISMA PERSONA QUE HACIA UN MOMENTO HABIA SOLTADO ESE GRITO TAN TERRIBLE.;3;13;0xC51D;0xC573;texto;;;;;;;;;;;;;
H4;168L;DECIDI ENFRENTARME. NO PODIA INVOLUCRARLA A ELLA. AL PENSAR ESO SENTI COMO LA FUERZA BROTABA DENTRO DE MI. APARTE SU MANO DE UN TIRON Y, REUNIENDO FUERZAS DE CADA RINCON DE MI CUERPO, ME PARE FRENTE AL GUERRERO.;0;16;0x5E46;0x5EC4;texto;;;;;;;;;;;;;
H4;169L;ES IMPOSIBLE! PERO POR ALGUNA RAZON, HABIA UNA PARTE DE MI QUE SENTIA QUE NO LO ERA.;10;6;0x5ECC;0x5EF1;texto;;;;;;;;;;;;;
H4;170L;FRENTE A MI, EL GUERRERO ALZO SU ESPADA. DETUVE EL FILO CON MI MANO DERECHA. LA ESPADA SE ENTERRO HASTA EL CODO DE MI BRAZO DERECHO.;7;9;0x5F02;0x5F55;texto;;;;;;;;;;;;;
H4;171L;MI BRAZO SE PARTIO A LO LARGO POR LA MITAD, PERO LO TORCI HACIA UN LADO Y QUEBRE LA ESPADA CON FACILIDAD. ERA EXTRAÑO, NO SENTIA DOLOR. DESDE DENTRO DEL BRAZO SE VEIAN BARBAS DE BALLENA, RESORTES Y OTRAS PIEZAS.;2;14;0x5F5A;0x5FC1;texto;;;;;;;;;;;;;
H4;172L;AL MIRARME ASI DE NUEVO, COMPRENDI QUE DESPUES DE TODO NO ERA HUMANO. CON EL BRAZO IZQUIERDO QUE ME QUEDABA, GOLPEE AL GUERRERO.;5;11;0x5FC5;0x600F;texto;;;;;;;;;;;;;
H4;173L;EL GUERRERO CAYO COMO SI SE HUBIERA QUEDADO SIN FUERZAS, ESPARCIENDO ENGRANAJES Y RESORTES. TATSUKI... LO SIENTO... YO TAMPOCO ERA HUMANO.;5;11;0x6022;0x606C;texto;;;;;;;;;;;;;
H4;174L;AL DECIR ESO, SENTI QUE ALGO EN MI PECHO SE ALIVIABA. NUNCA LE HABIA OCULTADO NADA A MADOKA HASTA AHORA. AL PENSARLO, SONREI DE FORMA NATURAL. ADIOS;2;14;0x6073;0x60C9;texto;;;;;;;;;;;;;
H4;175L;CRUJIA, CRUJIA, CRUJIA, CRUJIA, CRUJIA, CRUJIA, CRUJIA...;2;14;0x60D7;0x6121;texto;;;;;;;;;;;;;
H4;176L;EL RESORTE DE MI PECHO SONABA CON FUERZA. PERDON, ABUELO. PERDI ALGO IMPORTANTE.;7;9;0x612B;0x6166;texto;;;;;;;;;;;;;
H4;177L;ESTA BIEN... MADOKA SONRIO COMO SI LO HUBIERA ENTENDIDO TODO. EL RESORTE YA ESTABA A PUNTO DE SALIR DISPARADO DE MI PECHO.;7;9;0x616A;0x61AF;texto;;;;;;;;;;;;;
H4;178L;ESCUCHE LAS ULTIMAS PALABRAS DE MADOKA. PORQUE YO TE VOY A RECONSTRUIR.;8;8;0x61BB;0x61E4;texto;;;;;;;;;;;;;
H6;65K;LE DIJE QUE SEGURAMENTE ESTABA ESCONDIDO, Y EL DRAGON NEGO CON LA CABEZA.;10;6;0x24CB;0x24EB;texto;;;;;;;;;;;;;
H6;66K;HACE MUCHOS AÑOS, DECADAS O SIGLOS, UNA PERSONA LO HABIA DESAFIADO A UN DUELO. ERA ALGUIEN FAMOSO POR SU NOBLEZA.;5;11;0x24F8;0x2544;texto;;;;;;;;;;;;;
H6;67K;PERO, QUE PASO EN REALIDAD? EN EL CAMPO DEL DUELO, LO TOMARON POR SORPRESA. LE CORTARON LA CABEZA. SE DICE QUE LA PERSONA QUE DERROTO AL DRAGON PASO A SER LLAMADA HEROE.;2;14;0x2548;0x25AD;texto;;;;;;;;;;;;;
H6;68K;CUANDO ME DI CUENTA, YA ESTABA AQUI, FUE TODO LO QUE DIJO. EL DRAGON CERRO LOS OJOS, Y AUNQUE ESPERE UN POCO, NO HUBO SEÑALES DE QUE FUERA A ABRIRLOS DE NUEVO. SALI DE LA HABITACION.;3;13;0x25B8;0x2613;texto;;;;;;;;;;;;;
H6;34K;BAJAR LAS ESCALERAS AQUI SERIA CAER DE LLENO EN LA TRAMPA DEL DISEÑADOR. ME ARME DE VALOR Y SEGUI SUBIENDO.;5;11;0x3FD6;0x4021;texto;;;;;;;;;;;;;
H6;35K;...................................................................................................................................;2;14;0x402E;0x404C;texto;;;;;;;;;;;;;
H6;36K;AUNQUE QUERIA RENDIRME VARIAS VECES, ME ANIME A MI MISMO CADA VEZ Y SEGUI SUBIENDO.;9;7;0x4059;0x4082;texto;;;;;;;;;;;;;
H6;37K;...................................................................................................................................;2;14;0x408F;0x40AD;texto;;;;;;;;;;;;;
H6;38K;SIN SABER CUANTO TIEMPO HABIA PASADO, CUANDO YA HABIA PERDIDO POR COMPLETO LA NOCION DEL TIEMPO, APARECIO DE REPENTE.;7;9;0x40B1;0x40ED;texto;;;;;;;;;;;;;
H6;39K;UNA PEQUEÑA PUERTA... POR FIN PUDE PASAR A LA SIGUIENTE HABITACION.;10;6;0x40F7;0x4121;texto;;;;;;;;;;;;;
H6;81K;2.@@1.@@VENIA@@ BUS@ABR@DE@@@@@ CAR@IR@@DENTRO@ MAS@LA@@DE@@@@@ ADE@PUE@ESTE@@@ LAN@RTA@CUARTO? TE@@@@@@O@@@@@@ EN@@@@@@DE@@@@@ EL@@@@@@ALGUN@@ PAS@@@@@LUGAR@@ ILL@@@@@MAS@@@@ O@@@@@@@LEJANO?;1;15;0x30BC;0x3108;pregunta;;3;1;3;1;7;0;1. ABRIR LA PUERTA;2. BUSCAR MAS ADELANTE EN EL PASILLO;VENIA DE DENTRO DE ESTE CUARTO? O DE ALGUN LUGAR MAS LEJANO?;;;
H6;82K;INTENTE ABRIR LA PUERTA. ...... NO ABRIA.;8;8;0x70CA;0x70F9;texto;;;;;;;;;;;;;
H6;83K;ESTARIA CON LLAVE? POR MAS QUE EMPUJABA O TIRABA, LA PUERTA NO CEDIO. SEGURAMENTE ERA LA PERSONA ENCERRADA ADENTRO LA QUE LA ESTABA GOLPEANDO.;2;14;0x70FF;0x715F;texto;;;;;;;;;;;;;
H6;84K;HABRA ALGUN MECANISMO ESPECIAL? INTENTE ALEJARME DE LA PUERTA POR UN MOMENTO PARA EXAMINARLA MEJOR, PERO NO PODIA SOLTAR EL POMO.;3;13;0x7164;0x71C6;texto;;;;;;;;;;;;;
H6;85K;AL MIRARLO CON ATENCION, LO QUE ESTABA SUJETANDO NO ERA EL POMO. ERA UNA MANO HUMANA. LA MANO ME ESTABA APRETANDO LA MIA. JALE MI MANO DE GOLPE!;2;14;0x71D0;0x7246;texto;;;;;;;;;;;;;
H6;86K;POR FIN LOGRE SOLTAR LA MANO. LA MANO QUE SALIA DEL POMO SE MOVIA RETORCIENDOSE, COMO SI BUSCARA ALGO. SALI CORRIENDO.;5;11;0x724A;0x72AB;texto;;;;;;;;;;;;;
H6;82M;QUIZA EL SONIDO VENIA DE MAS ADELANTE EN EL PASILLO. INTENTE SEGUIR AVANZANDO.;7;9;0x72C6;0x72F4;texto;;;;;;;;;;;;;
H6;83M;EN ESE MOMENTO, ALGUIEN ME AGARRO DEL BRAZO. ANTES DE QUE PUDIERA VOLTEAR, ESTA VEZ ME AGARRARON DEL TOBILLO.;5;11;0x72F8;0x734E;texto;;;;;;;;;;;;;
H6;84M;ME JALARON CON FUERZA Y CAI AL SUELO. LOGRE INCORPORARME COMO PUDE MIENTRAS ESTABA TIRADO. LO QUE ME SUJETABA EL PIE ERA UNA MANO HUMANA QUE SALIA POR LA RANURA DE LA PUERTA.;0;16;0x7359;0x73D3;texto;;;;;;;;;;;;;
H6;85M;LE DI UNA PATADA CON EL PIE DERECHO. APROVECHE QUE SE SOLTO PARA CERRAR LA PUERTA DE UN GOLPE.;8;8;0x73DD;0x7414;texto;;;;;;;;;;;;;
H6;86M;CATAPLUM! UN RUIDO SORDO RESONO. EL BRAZO ATRAPADO EN LA PUERTA FUE JALADO HACIA ADENTRO. ESO DEBIO DOLER. SALI CORRIENDO.;3;13;0x7427;0x747B;texto;;;;;;;;;;;;;
H6;64L;DECIDI DEJARLO EN PAZ. NO HABIA NECESIDAD DE HERIR EL ORGULLO DE QUIEN HABIA VIVIDO TANTOS AÑOS.;7;9;0x9C7B;0x9CBC;texto;;;;;;;;;;;;;
H6;65L;EL DRAGON TENIA LOS OJOS CERRADOS EN SILENCIO. SALI DE LA HABITACION SIN HACER RUIDO.;9;7;0x9CC1;0x9CE3;texto;;;;;;;;;;;;;
H5;75J;CORRI RAPIDO HACIA LA ESCALERA Y TRATE DE LLAMAR UNA VEZ MAS.;10;6;0x59CD;0x59EE;texto;;;;;;;;;;;;;
H5;76J;KAORU...? ERES TU, KAORU?;5;11;0x5A08;0x5A1A;texto;;;;;;;;;;;;;
H5;172J;DE CORAZON, ME ALEGRE DE HABER CONOCIDO A KAORU.;12;4;0x71A4;0x71BB;texto;;;;;;;;;;;;;
H5;173J;DE CORAZON, ME ALEGRE DE HABER CONOCIDO A KAORU. A PESAR DE LO GRANDE DE ESTE MUNDO, KAORU Y YO NOS ENCONTRAMOS...;5;11;0x71C5;0x71EA;texto;;;;;;;;;;;;;
H5;174J;DE CORAZON, ME ALEGRE DE HABER CONOCIDO A KAORU. A PESAR DE LO GRANDE DE ESTE MUNDO, KAORU Y YO NOS ENCONTRAMOS... Y NOS ENAMORAMOS.;2;14;0x71F5;0x71FF;texto;;;;;;;;;;;;;
H5;175J;PARA MI, KAORU SE HABIA CONVERTIDO EN UN SER DEL QUE NO PODIA PRESCINDIR.;10;6;0x7206;0x7225;texto;;;;;;;;;;;;;
H5;266J;2.@@1.@@RES CRE@CRE@PON ER@@ER@@DI@ EN@@EN@@CON MI@@KAO@UNA MIS@RU@@ACT MA@@@@@@ITU @@@@@@@@D@@ @@@@@@@@FIR @@@@@@@@ME.;5;11;0x7DA5;0x7DD9;pregunta;;3;1;3;1;3;0;1. CREER EN KAORU;2. CREER EN MI MISMA;RESPONDI CON UNA ACTITUD FIRME.;;;
H5;64K;NO, NO ES QUE NO QUIERA... VAMOS.;12;4;0x0B93;0x0BB4;texto;;;;;;;;;;;;;
H5;65K;NO, NO ES QUE NO QUIERA... VAMOS. ANTE SUS PALABRAS, MATE MIS PROPIOS SENTIMIENTOS.;7;9;0x0BC3;0x0BDB;texto;;;;;;;;;;;;;
H5;66K;SOLO CON PODER ESTAR CON KAORU, YA ERA FELIZ.;7;9;0x0BE3;0x0BF8;texto;;;;;;;;;;;;;
H5;205K;AL CABO DE UN RATO, TOME UNA DECISION. ...NO CONFIARE EN NADIE.;8;8;0x2996;0x29C5;texto;;;;;;;;;;;;;
H5;206K;LO DIJE CON DESDEN, COMO SI ESCUPIERA LAS PALABRAS.;7;9;0x29CC;0x29DF;texto;;;;;;;;;;;;;
H5;207K;DESDE LOS CUATRO AÑOS, ESTUVE SOLA... VIVI POR MI CUENTA.;12;4;0x29F0;0x2A0D;texto;;;;;;;;;;;;;
H5;208K;DESDE LOS 4 ESTUVE SOLA... EN EL JARDIN DE NIÑOS NO VINIERON A BUSCARME, EL DIA DE VISITA EN LA PRIMARIA, LA GRADUACION, LAS REUNIONES DE PADRES EN LA SECUNDARIA... TODOS ESOS RECUERDOS TRISTES PASARON POR MI MENTE.;0;16;0x2A21;0x2A78;texto;;;;;;;;;;;;;
H5;209K;LA SOLEDAD, LA TRISTEZA Y EL DOLOR DE AQUEL MOMENTO REGRESAN TAL COMO ERAN.;7;9;0x2A7F;0x2AA3;texto;;;;;;;;;;;;;
H5;210K;LA SOLEDAD, LA TRISTEZA Y EL DOLOR DE AQUEL MOMENTO REGRESAN TAL COMO ERAN. ESTA BIEN ASI, ENTONCES?;3;13;0x2AB2;0x2ABA;texto;;;;;;;;;;;;;
H5;211K;ELLA PUSO UNA EXPRESION TRISTE.;12;4;0x2AC6;0x2AD5;texto;;;;;;;;;;;;;
H5;212K;ELLA PUSO UNA EXPRESION TRISTE. AL FIN Y AL CABO, ERA MI PROPIO ROSTRO.;7;9;0x2ADD;0x2AF0;texto;;;;;;;;;;;;;
H5;213K;AUN NO ES TARDE... NO, LA GENTE SIEMPRE PUEDE EMPEZAR DE NUEVO.;5;11;0x2AFD;0x2B25;texto;;;;;;;;;;;;;
H5;214K;Y ELLA SONRIO, Y CERRO LOS OJOS. ARRASTRADA POR ESO, YO TAMBIEN CERRE LOS OJOS.;5;11;0x2B29;0x2B68;texto;;;;;;;;;;;;;
H5;215K;AHORA MISMO, SOY UNA CON ELLA.;7;9;0x2B7D;0x2B90;texto;;;;;;;;;;;;;
H5;216K;TENGO ALGO CALIDO ABRAZADO EN MI PECHO.;12;4;0x2B9C;0x2BAF;texto;;;;;;;;;;;;;
H5;217K;TENGO ALGO CALIDO ABRAZADO EN MI PECHO. UNA VIDA PEQUEÑA, PEQUEÑA. UN CORAZON QUE SE FUNDE CON EL MIO, ENVOLVIENDOME CON DULZURA.;3;13;0x2BBE;0x2BF6;texto;;;;;;;;;;;;;
H5;218K;ESA ERA YO... UNA PEQUEÑA BEBE QUE AUN NO HABIA ABIERTO LOS OJOS.;5;11;0x2C04;0x2C28;texto;;;;;;;;;;;;;
H5;219K;UNA NUEVA VIDA NACE, MIENTRAS OTRA VIDA LLEGA A SU FIN. LA VIDA SE HEREDA, Y SE EXPANDE ETERNA E INFINITAMENTE.;4;12;0x2C3A;0x2CA2;texto;;;;;;;;;;;;;
H5;220K;Y YO... MIS RECUERDOS REGRESAN DESBORDANDOSE.;7;9;0x2CA8;0x2CCB;texto;;;;;;;;;;;;;
H5;221K;CUANDO CONOCI A KAORU, LA CONFESION... Y LUEGO, DIAS FELICES.;10;6;0x2CEA;0x2D12;texto;;;;;;;;;;;;;
H5;222K;2.@1.@PAR AL@EL@A@@ GU@HO@MI, IE@MB@EL@ N@@RE@ERA QU@ID@... E@@EA@@@@ LL@L@@@@@ EN@@@@@@@ A@@@@@@@@ MI@@@@@@@ SO@@@@@@@ LE@@@@@@@ DA@@@@@@@ D@@@@@@@@;7;9;0x2D1D;0x2D48;pregunta;;2;1;2;1;3;0;1. EL HOMBRE IDEAL;2. ALGUIEN QUE LLENA MI SOLEDAD;PARA MI, EL ERA...;;;
H5;129L;2.@@1.@@NO@@@@@ IR@@ESP@PODIA@@ A@@@ERA@QUEDARM LA@@R@@@E@@@@@@ BIB@LAS@QUIETA, LIO@PAL@PERO@@@ TEC@ABR@TAMBIEN A@@@AS@@SENTIA@ @@@@DE@@GANAS@@ @@@@ELL@DE@@@@@ @@@@A@@@SEGUIR@ @@@@@@@@ESCUCHA @@@@@@@@NDO@@@@ @@@@@@@@SU@@@@@ @@@@@@@@HISTORI @@@@@@@@A.@@@@@;1;15;0x2020;0x7E08;pregunta;;3;1;3;1;7;0;1. ESPERAR LAS PALABRAS DE ELLA;2. IR A LA BIBLIOTECA;NO PODIA QUEDARME QUIETA, PERO TAMBIEN SENTIA GANAS DE SEGUIR ESCUCHANDO SU HISTORIA.;;;
H5;135L;POR QUE APARECIO ELLA? QUIZAS YO, AHORA, ACABABA DE TOMAR UNA DECISION IMPORTANTE.;8;7;0xC5D6;0xC60B;texto;;;;;;;;;;;;;
H5;136L;POR QUE APARECIO ELLA? QUIZAS YO, AHORA, ACABABA DE TOMAR UNA DECISION IMPORTANTE. MIENTRAS SEGUIA AHI PARADA UN RATO, KAORU APARECIO SIN ALIENTO.;2;14;0xC613;0xC63E;texto;;;;;;;;;;;;;
H5;137L;QUE TE PASO? TE ESTUVE BUSCANDO.;12;4;0xC648;0xC659;texto;;;;;;;;;;;;;
H5;138L;QUE TE PASO? TE ESTUVE BUSCANDO. KAORU DIJO ESO CON AIRE PREOCUPADO, Y DEJO ESCAPAR UN SUSPIRO DE ALIVIO.;7;9;0xC662;0xC67C;texto;;;;;;;;;;;;;
H5;139L;LO SIENTO, ES QUE ESTABA PENSANDO EN ALGO...;8;6;0xC683;0xC6A8;texto;;;;;;;;;;;;;
H5;140L;MIRE HACIA ARRIBA A KAORU.;14;2;0xC6B3;0xC6BC;texto;;;;;;;;;;;;;
H5;141L;MIRE HACIA ARRIBA A KAORU. ALLI ESTABA EL, TAN QUERIDO QUE SENTIA QUE PODRIA DEDICARLE TODA MI VIDA, CON UNA SONRISA SUAVE Y CALIDA.;3;13;0xC6CD;0xC708;texto;;;;;;;;;;;;;
H5;142L;UNA PERSONA AMABLE, PROACTIVA Y DE FIAR. REPETI ESAS PALABRAS DENTRO DE MI CORAZON.;7;9;0xC70E;0xC749;texto;;;;;;;;;;;;;
H5;143L;VAMOS, VOLVAMOS. KAORU ME TOMO DEL BRAZO.;5;11;0xC757;0xC771;texto;;;;;;;;;;;;;
H5;144L;ESTABA PENSANDO DEMASIADO. LO DE ANTES TAMBIEN DEBIO SER UNA VISION QUE VI PORQUE ESTABA PENSANDO DEMASIADO.;7;9;0xC776;0xC7A3;texto;;;;;;;;;;;;;
H5;145L;ESTABA PENSANDO DEMASIADO. LO DE ANTES TAMBIEN DEBIO SER UNA VISION QUE VI PORQUE ESTABA PENSANDO DEMASIADO. ESO PIENSO, AL VER LA SONRISA DE KAORU.;2;14;0xC7AC;0xC7BD;texto;;;;;;;;;;;;;
H5;146L;YA NO TE IMPORTA LA PROMESA QUE HICISTE CON HAYASE-KUN?;12;4;0xC7C2;0xC7DA;texto;;;;;;;;;;;;;
H5;147L;YA NO TE IMPORTA LA PROMESA QUE HICISTE CON HAYASE-KUN? SI, YA SE ACABO. QUE BIEN...;5;11;0xC7E2;0xC7FD;texto;;;;;;;;;;;;;
H5;148L;YA NO TE IMPORTA LA PROMESA QUE HICISTE CON HAYASE-KUN? SI, YA SE ACABO. QUE BIEN... SENTI ALEGRIA DE PODER PASAR TIEMPO A SOLAS, SOLO NOSOTROS DOS.;0;16;0xC806;0xC827;texto;;;;;;;;;;;;;
H5;149L;AH, CIERTO, EL ANILLO... QUE PASO?;12;4;0xC82B;0xC841;texto;;;;;;;;;;;;;
H5;150L;NOTE QUE FALTABA EN EL DEDO DE KAORU EL ANILLO DE COMPROMISO, LA RELIQUIA DE MI PADRE, QUE DEBERIA HABER ESTADO AHI.;7;9;0xC84F;0xC87F;texto;;;;;;;;;;;;;
H5;151L;AH... PARA NO PERDERLO, LO DEJE GUARDADO EN UN LUGAR SEGURO... ESTA BIEN.;9;7;0xC895;0xC8C5;texto;;;;;;;;;;;;;
H5;152L;AH... PARA NO PERDERLO, LO DEJE GUARDADO EN UN LUGAR SEGURO... ESTA BIEN. POR UN INSTANTE, NO DEJE PASAR QUE LA SONRISA DE KAORU SE DESDIBUJO. PERO NO, NO QUERIA VERLO.;0;16;0xC8D1;0xC909;texto;;;;;;;;;;;;;
H5;153L;HUBIERA SIDO MEJOR NO HABERLO VISTO... SI TAN SOLO NO LO HUBIERA VISTO.;5;11;0xC912;0xC927;texto;;;;;;;;;;;;;
H5;154L;YA VEO, ENTONCES ESTA BIEN. POR ALGUNA RAZON, ME DABA MIEDO COMPROBARLO.;5;11;0xC92E;0xC955;texto;;;;;;;;;;;;;
H5;155L;IIZUKA KAORU... MI NOVIO AMABLE, PROACTIVO Y DE FIAR.;10;6;0xC95C;0xC983;texto;;;;;;;;;;;;;
H5;168C;IIZUKA KAORU... MI NOVIO AMABLE, PROACTIVO Y DE FIAR. QUIZAS YO CONFIE EN ESTA PERSONA, Y SIGA CAMINANDO JUNTO A EL.;3;13;0xC98C;0xC9A9;texto;;;;;;;;;;;;;
H5;191M;3.@2.@@1.@@DES@ CO@NO@@CON@PUE@ NF@CON@FIA@S@@@ IA@FIA@R@@@DE@@ R@@R@@@EN@@UN@@ EN@EN@@MI@@RAT@ KA@NAD@MIS@O,@@ OR@IE@@MA@@TOM@ U@@@@@@@@@@E@@@ @@@@@@@@@@@UNA@ @@@@@@@@@@@DEC@ @@@@@@@@@@@ISI@ @@@@@@@@@@@ON@@ @@@@@@@@@@@@@@@ @@@@@@@@@@@@@@@;1;15;0x7EC8;0x7F12;texto;;;;;;;;;;;;;
H5;59Z;MARIKO... ES UN NOMBRE QUE ME SUENA.;10;6;0x58A7;0x58C3;texto;;;;;;;;;;;;;
H5;60Z;MARIKO... ES UN NOMBRE QUE ME SUENA. NO ES UNA ALUMNA DE MI CLASE. TENGO LA SENSACION DE QUE ES ALGUIEN QUE CONOZCO.;0;16;0x58CB;0x58F7;texto;;;;;;;;;;;;;
H5;61Z;PERO NO LOGRO RECORDARLO. DENTRO DE MI SE FORMA UN GRAN REMOLINO, Y DETRAS DE EL, MARIKO APARECE Y DESAPARECE. QUIEN RAYOS SERA.;3;13;0x58FE;0x594D;texto;;;;;;;;;;;;;
H5;62Z;DESDE EL VESTUARIO, DONDE SE SUPONE QUE NO HABIA NADIE MAS QUE YO, ESCUCHE EL SONIDO DE UN CASILLERO.;8;8;0x596F;0x599D;texto;;;;;;;;;;;;;
H5;63Z;DESDE EL VESTUARIO, DONDE SE SUPONE QUE NO HABIA NADIE MAS QUE YO, ESCUCHE EL SONIDO DE UN CASILLERO CERRANDOSE. AHORA, SENTI UNA PRESION EXTRAÑA DETRAS DE MI.;3;13;0x59A9;0x59C5;texto;;;;;;;;;;;;;
H6;26N;APENAS ENTRE AL CUARTO, UNA CORTINA ENORME SE METIO EN MI VISTA.;10;6;0x130F;0x1337;texto;;;;;;;;;;;;;
H6;27N;ESTABA COLGADA EN EL MEDIO, DE MODO QUE NO SE PODIA VER EL OTRO LADO DEL CUARTO. NO SE VEIA NINGUNA PUERTA DE SALIDA.;7;9;0x133B;0x1380;texto;;;;;;;;;;;;;
H6;28N;AL PARECER TENIA QUE IR HACIA EL OTRO LADO DE LA CORTINA. ME ACERQUE A ELLA E INTENTE ABRIRLA DE UN TIRON.;5;11;0x1384;0x13CB;texto;;;;;;;;;;;;;
H6;29N;NO LA ABRA! LA VOZ REPENTINA HIZO QUE DETUVIERA MI MANO. UNA VOZ DE MUJER QUE SONABA COMO UNA CAMPANILLA.;5;11;0x13D6;0x1411;texto;;;;;;;;;;;;;
H6;30N;LA DUEÑA DE LA VOZ PARECIA ESTAR JUSTO DETRAS DE LA CORTINA. POR FAVOR, NO LA ABRA.;8;8;0x1429;0x145B;texto;;;;;;;;;;;;;
H6;31N;LA MUJER ME SUPLICABA DESESPERADAMENTE. PERO TAMPOCO PODIA DARME LA VUELTA.;8;8;0x1461;0x148B;texto;;;;;;;;;;;;;
H6;32N;2.@@@1.@@@SI@@@@ PROM@ABRI@HAY@@@ ETER@R@@@@UNA@@@ NO@@@LA@@@SALIDA VER@@CORT@AL@@@@ SU@@@INA@@OTRO@@ FIGU@@@@@@LADO,@ RA@@@@@@@@DE@@@@ @@@@@@@@@@TODOS@ @@@@@@@@@@MODOS@ @@@@@@@@@@TENGO@ @@@@@@@@@@QUE@@@ @@@@@@@@@@ABRIR@ @@@@@@@@@@LA@@@@ @@@@@@@@@@CORTIN @@@@@@@@@@A@@@@@;0;16;0x1490;0x14EC;pregunta;;4;1;4;1;6;0;1. ABRIR LA CORTINA;2. PROMETER NO VER SU FIGURA;SI HAY UNA SALIDA AL OTRO LADO, DE TODOS MODOS TENGO QUE ABRIR LA CORTINA;;;
H6;33N;SI NO VEO SU FIGURA AUNQUE ABRA LA CORTINA, NO DEBERIA HABER PROBLEMA. AL DECIRLE ESO, LA MUJER ACEPTO A REGAÑADIENTES. CERRE LOS OJOS.;3;13;0xA55F;0xA5BE;texto;;;;;;;;;;;;;
H6;34N;ESCUCHE EL SONIDO DE LA CORTINA ABRIENDOSE. SIGA RECTO, ASI, POR FAVOR, DIJO LA MUJER, Y TOMANDOME DE LA MANO, ME GUIO. ME DEJE LLEVAR DE LA MANO POR ELLA, AVANZANDO PASO A PASO.;0;16;0xA5CA;0xA63D;texto;;;;;;;;;;;;;
H6;35N;PERO, A MEDIDA QUE AVANZABA, LA SENSACION DE ESA MANO IBA CAMBIANDO...;10;6;0xA647;0xA669;texto;;;;;;;;;;;;;
H6;36N;2.@1.@SE@@@@@ AG@AB@VOLVIA@ UA@RI@ASPERA, NT@R@@SUS@@@@ AR@LO@UÑAS@@@ @@@S@@Y@@@@@@ @@@OJ@LA@@@@@ @@@OS@FUERZA@ @@@@@@CON@@@@ @@@@@@LA@@@@@ @@@@@@QUE@@@@ @@@@@@ME@@@@@ @@@@@@SUJETAB @@@@@@A@@@@@@ @@@@@@CRECIAN;3;13;0xA679;0xA6C2;pregunta;;2;1;2;1;7;0;1. ABRIR LOS OJOS;2. AGUANTAR;SE VOLVIA ASPERA, SUS UÑAS Y LA FUERZA CON LA QUE ME SUJETABA CRECIAN;;;
H6;37N;ACASO HABIA CAIDO EN LA TRAMPA DE UN MONSTRUO TERRIBLE?;8;8;0x16A1;0x16CB;texto;;;;;;;;;;;;;
H6;38N;QUIEN SUJETABA MI MANO, NO SERIA ACASO UN HABITANTE DEL PAIS DE LOS MUERTOS?;10;6;0x16D2;0x16F6;texto;;;;;;;;;;;;;
H6;39N;AL POCO TIEMPO, ESCUCHE EL SONIDO DE UNA PUERTA ABRIENDOSE. LA MUJER SOLTO MI MANO. GRACIAS, SUSURRO DETRAS DE MI, Y EN ESE MISMO INSTANTE LA PUERTA SE CERRO DE UN PORTAZO.;2;14;0x1700;0x1769;texto;;;;;;;;;;;;;
H6;40N;ABRI LOS OJOS LENTAMENTE.;12;4;0x1779;0x1788;texto;;;;;;;;;;;;;
H6;41N;AL OTRO LADO DE LA PUERTA HABIA UNA TIERRA RESECA, UN HORIZONTE Y ESPEJISMOS SIN FIN. EL VIENTO ERA SECO, Y EL CALOR DEL SUELO CASI ME QUEMABA LOS PIES.;3;13;0x18CD;0x192A;texto;;;;;;;;;;;;;
H6;42N;AL DARME LA VUELTA, LA PUERTA HABIA DESAPARECIDO, Y QUEDE SOLO EN ESE LUGAR.;10;6;0x1935;0x195E;texto;;;;;;;;;;;;;
H6;43N;MI SOMBRA SE PROYECTABA NITIDA SOBRE LA TIERRA, COMO EN UN DIBUJO. SOLO SE VEIAN HUESOS DE UN BUFALO DE AGUA Y LOS RESTOS DE UN ARBOL MARCHITO. SIN SENTIR NADA ANTE ESA TIERRA MUERTA, COMO SACADA DE UNA PINTURA, ME PUSE A CAMINAR.;0;16;0x1963;0x19DE;texto;;;;;;;;;;;;;
H6;44N;AL CAMINAR UN RATO, VI ALGO QUE PARECIA UN EDIFICIO. AQUI TAMBIEN HABIA RASTROS DE GENTE.;9;7;0x19E8;0x1A11;texto;;;;;;;;;;;;;
H6;45N;AL ACERCARME, RESULTO SER UN COBERTIZO TOSCO, CON UN POZO DE PIEDRAS DESNUDAS Y EL CADAVER DE UN VIAJERO. EL CADAVER ESTABA MOMIFICADO, CON UNA MANO AUN APOYADA EN EL BORDE DEL POZO.;2;14;0x1A1D;0x1AA5;texto;;;;;;;;;;;;;
H6;46N;TAL VEZ YO TAMBIEN TERMINARIA ASI. PERO, HABRIA AGUA EN EL POZO?;8;8;0x1AA9;0x1AD3;texto;;;;;;;;;;;;;
H6;47N;2.@@1.@@MI@@@ EL@@SEG@GARGA AGU@URO@NTA@@ A@@@QUE@YA@@@ NO@@YA@@ESTAB SE@@SE@@A@@@@ HA@@SEC@COMPL SEC@O@@@ETAME ADO@@@@@NTE@@ @@@@@@@@RESEC @@@@@@@@A@@@@;3;13;0x1C3C;0x1C7B;pregunta;;3;1;3;1;5;0;1. SEGURO QUE YA SE SECO;2. EL AGUA NO SE HA SECADO;MI GARGANTA YA ESTABA COMPLETAMENTE RESECA;;;
H6;48N;SEGURO QUE YA ESTA SECO, PENSE. TIRE UNA PIEDRA QUE TENIA CERCA HACIA ADENTRO. PERO NI SIQUIERA LLEGUE A OIR EL SONIDO DE QUE CAYERA AL FONDO.;4;12;0x5217;0x5264;texto;;;;;;;;;;;;;
H6;49N;SIN DESANIMARME, ME PUSE A PENSAR BAJO LA SOMBRA QUE HACER. MIENTRAS SEGUIA DANDOLE VUELTAS, NOTE QUE EL CADAVER DEL VIAJERO SUJETABA ALGO CON FUERZA EN LA MANO.;3;13;0x526F;0x52CD;texto;;;;;;;;;;;;;
H6;50N;PARECIA SER UN OJO HECHO DE CRISTAL. ACASO HABRIA MUERTO EL VIAJERO JUSTO CUANDO INTENTABA ARROJARLO AL POZO? EN SU LUGAR, LO ARROJE YO.;3;13;0x52E5;0x5344;texto;;;;;;;;;;;;;
H6;51N;DEL INTERIOR DEL POZO BROTARON NUBES, E HICIERON LLOVER SOBRE EL DESIERTO.;10;6;0x534F;0x537B;texto;;;;;;;;;;;;;
H6;52N;BAJO LA LLUVIA, APARECIO UNA ANTIGUA CIUDAD GRIS. EL HORIZONTE MOSTRABA UNA FILA DE VIAJEROS YENDO A LA CIUDAD. PERO, PARA MI, TODOS ELLOS SE DISOLVIAN COMO ILUSIONES.;3;13;0x538B;0x53E6;texto;;;;;;;;;;;;;
H6;53N;YA QUE EL POZO ESTABA SECO... LA LLUVIA FORMO UN RIO, Y EL RIO ARRASTRABA LA ARENA DEL DESIERTO.;8;8;0x53EC;0x5418;texto;;;;;;;;;;;;;
H6;54N;Y CUANDO LA LLUVIA CESO, EL RIO EFIMERO Y LA ILUSION DESAPARECIERON TAMBIEN, Y CUANDO UNA PUERTA APARECIO EN EL FONDO, CONTUVE LA RESPIRACION Y LA ABRI.;5;11;0x5423;0x5472;texto;;;;;;;;;;;;;
H6;74N;AL OTRO LADO DE LA PESADA PUERTA, UNA GRAN CANTIDAD DE LIBROS ME ESPERABA.;9;7;0x7F60;0x7F8D;texto;;;;;;;;;;;;;
H6;75N;AUNQUE ESTANTERIAS DE CAOBA LLENABAN AMBOS LADOS DEL CUARTO DE PUNTA A PUNTA, NO DABAN SENSACION DE AGOBIO. CON SU AMBIENTE TRANQUILO, ERA EL LUGAR IDEAL PARA UN ESTUDIO.;4;12;0x7F97;0x7FF1;texto;;;;;;;;;;;;;
H6;76N;ENCONTRE UN LIBRO SOBRE EL ATRIL QUE HABIA EN EL CENTRO. ERA UN LIBRO MUY VIEJO Y GRANDE.;5;11;0x7FFF;0x8047;texto;;;;;;;;;;;;;
H6;77N;AL HOJEARLO, ESE LIBRO ESTABA ESCRITO EN UN IDIOMA QUE YO NO CONOCIA.;9;7;0x8053;0x8079;texto;;;;;;;;;;;;;
H6;78N;SERIA LATIN, O ALGO ASI? PERO, AUN ASI, PUDE LEER ESE LIBRO. NO SABIA POR QUE HABIA PODIDO LEERLO.;5;11;0x8085;0x80C4;texto;;;;;;;;;;;;;
H6;79N;TAL VEZ TUVIERA QUE VER CON EL CONTENIDO EN SI. PORQUE EN ESE LIBRO ESTABA ESCRITO TODO SOBRE MI.;5;11;0x80C8;0x8111;texto;;;;;;;;;;;;;
H6;80N;EL CAMINO QUE HABIA RECORRIDO EN MI VIDA. DESDE MI INFANCIA, HASTA COMO HABIA LLEGADO A ESTA MANSION.;8;8;0x8121;0x814F;texto;;;;;;;;;;;;;
H6;81N;Y ADEMAS, TODAS LAS INNUMERABLES COSAS EXTRAÑAS QUE HABIA VIVIDO EN ESTA MANSION... TODO ESTABA ESCRITO AHI.;7;9;0x8153;0x8185;texto;;;;;;;;;;;;;
H6;82N;SI PASABA A LA PAGINA SIGUIENTE, ESTARIA ESCRITO AHI MI FUTURO?... O ACASO ESTARIA EN BLANCO...;7;9;0x818A;0x81C6;texto;;;;;;;;;;;;;
H6;83N;PERO, TODO ESTO NO LO PODIA CREER, NI QUERIA CREERLO, NI TENIA INTENCION DE CREERLO.;8;8;0x81CA;0x81F4;texto;;;;;;;;;;;;;
H6;84N;AL MIRAR LAS ESTANTERIAS, HABIA UN SOLO ESPACIO VACIO DEL TAMAÑO DE UN LIBRO. PROBABLEMENTE ESE LIBRO HABIA ESTADO AHI.;7;9;0x8200;0x8242;texto;;;;;;;;;;;;;
H6;85N;AL CERRAR EL LIBRO, LO ENCAJE EN ESE ESPACIO VACIO. EL LIBRO ENCAJO PERFECTAMENTE, COMO SI FUERA PARTE DE LA ESTANTERIA MISMA.;7;9;0x8246;0x828A;texto;;;;;;;;;;;;;
H6;86N;ROGANDO QUE NUNCA VOLVIERA A ABRIRSE, SALI DEL CUARTO.;9;7;0x8295;0x82C0;texto;;;;;;;;;;;;;
H6;98N;AL PASAR LA PUERTA, SE EXTENDIAN UN CIELO NEGRO Y EL BOSQUE. DESPUES DE TODO LO VIVIDO EN LA MANSION, ME COSTABA CREERLO, PERO AQUELLO PARECIA SER DE VERDAD EL EXTERIOR.;2;14;0x909E;0x9100;texto;;;;;;;;;;;;;
H6;99N;MUCHO GUSTO, DE REPENTE ALGUIEN ME HABLO Y ME SOBRESALTE. AL VOLTEAR PARA BUSCAR LA VOZ, EN UN INSTANTE EL PAISAJE A MI ALREDEDOR HABIA CAMBIADO POR COMPLETO.;4;12;0x9104;0x9166;texto;;;;;;;;;;;;;
H6;100N;AQUELLO ERA... UNA HABITACION QUE PARECIA ESTAR DENTRO DE LA MANSION. UNA CHIMENEA, ESTANTERIAS, UN SOFA. MUEBLES QUE SE VEIAN ACOGEDORES.;4;12;0x9179;0x91D5;texto;;;;;;;;;;;;;
H6;101N;SE VE QUE ESTA SORPRENDIDO, DIJO QUIEN ESTABA SENTADO EN UN SILLON INDIVIDUAL EN EL CENTRO DE LA HABITACION.;7;9;0x91E1;0x921E;texto;;;;;;;;;;;;;
H6;102N;A PESAR DE ESTAR EN LA HABITACION, LLEVABA CAPA Y SOMBRERO CALADO HASTA LOS OJOS. SU EXPRESION QUEDABA OCULTA BAJO EL ALA DEL SOMBRERO, IMPOSIBLE DE DISTINGUIR.;4;12;0x922B;0x9283;texto;;;;;;;;;;;;;
H6;103N;POR QUE SE EMPEÑA EN UNA LUCHA INUTIL?;12;4;0x9287;0x929F;texto;;;;;;;;;;;;;
H6;104N;SU TONO ERA CORTES, PERO AUN ASI SE SENTIA OPRESIVO. ESA PERSONA SEÑALO EL LIBRO QUE TENIA EN LA MANO.;8;8;0x92AB;0x92E1;texto;;;;;;;;;;;;;
H6;105N;ERA EL LIBRO DEL ESTUDIO DE HACE UN MOMENTO... EL LIBRO DONDE ESTABA ESCRITO TODO DE MI.;10;6;0x92F1;0x9314;texto;;;;;;;;;;;;;
H6;106N;POR QUE SE RESISTE A EL? POR QUE NO PASA LAS PAGINAS? TAL VEZ AHI ESTE ESCRITO EL METODO PARA SALIR DE ESTA MANSION...;5;11;0x9328;0x936B;texto;;;;;;;;;;;;;
H6;107N;ES VERDAD, SI ESE LIBRO TENIA ESCRITO MI FUTURO, ENTONCES QUIZAS DECIA SI LOGRABA ESCAPAR DE ESTA MANSION, Y SI LO LOGRABA, COMO LO HABIA HECHO.;2;14;0x9370;0x93CC;texto;;;;;;;;;;;;;
H6;108N;2.@@1.@@VAMOS!@ EL@@EL@@EL@@@@@ MET@FUT@HOMBRE@ ODO@URO@SE@@@@@ PAR@LO@@PUSO@@@ A@@@DEC@DE@@@@@ ESC@IDO@PIE@@@@ APA@YO@@Y@@@@@@ R@@@MIS@ME@@@@@ ES.@MO@@EXTENDI ..@@@@@@O@@@@@@ @@@@@@@@EL@@@@@ @@@@@@@@LIBRO.@;1;15;0x93D0;0xA8E3;pregunta;;3;1;3;1;7;0;1. EL FUTURO LO DECIDO YO MISMO;2. EL METODO PARA ESCAPAR ES...;VAMOS! EL HOMBRE SE PUSO DE PIE Y ME EXTENDIO EL LIBRO.;;;
H6;109N;LO RECHACE. MI FUTURO LO DECIDO YO MISMO.;10;6;0xA8EF;0xA914;texto;;;;;;;;;;;;;
H6;110N;NADIE PUEDE OPONERSE AL DESTINO, ESTO YA ESTABA DECIDIDO, GRITO EL HOMBRE, Y AL MISMO TIEMPO ABRIO LAS PAGINAS POR SU CUENTA. SU ROSTRO SE TORCIO DE ASOMBRO.;5;11;0xA91F;0xA978;texto;;;;;;;;;;;;;
H6;111N;IMPOSIBLE... USTED LE GANO A EL? ESE LIBRO... ESE LIBRO ERA EL ORIGEN DEL SUFRIMIENTO DE AMBOS.;5;11;0xA983;0xA9CA;texto;;;;;;;;;;;;;
H6;112N;SIN PENSARLO, LE ARREBATE EL LIBRO AL HOMBRE QUE SE HABIA QUEDADO PARALIZADO, Y LO ARROJE HACIA LA CHIMENEA. EN UN INSTANTE LAS LLAMAS ENVOLVIERON EL LIBRO.;5;11;0xA9D1;0xAA2F;texto;;;;;;;;;;;;;
H6;113N;AAAAAAH! AL MISMO TIEMPO, TODO EL CUERPO DEL HOMBRE ESTALLO EN LLAMAS.;10;6;0xAA36;0xAA5F;texto;;;;;;;;;;;;;
H6;114N;SE REVOLCABA POR EL SUELO ESPARCIENDO LLAMAS... EL FUEGO SE PROPAGO POR TODA LA HABITACION.;9;7;0xAA64;0xAA99;texto;;;;;;;;;;;;;
H6;115N;SALI CORRIENDO DE LA HABITACION. EN ESE MOMENTO, ESCUCHE QUE EL HOMBRE GRITABA ALGO. ESAS PALABRAS QUEDARON GRABADAS EN MIS OIDOS. GRACIAS, ESO FUE, SIN DUDA, LO QUE DIJO.;2;14;0xAAA3;0xAB1C;texto;;;;;;;;;;;;;
H6;116N;DONDE ESTA LA SALIDA? CORRI DESESPERADAMENTE POR LA MANSION. EL FUEGO SE PROPAGABA MAS RAPIDO DE LO QUE IMAGINABA.;7;9;0xAB3E;0xAB74;texto;;;;;;;;;;;;;
H6;117N;CORRI DESESPERADAMENTE TRATANDO DE ESCAPAR DE LAS LLAMAS Y LLEGUE A UN PASILLO QUE ME RESULTABA FAMILIAR. MAS ADELANTE... HABIA UNA SALIDA. ME LANCE HACIA LA PUERTA QUE LLEVABA A LA LIBERTAD.;3;13;0xAB78;0xABD6;texto;;;;;;;;;;;;;
H6;118N;ESTA VEZ NO FUI ARRASTRADO DE VUELTA AL INTERIOR DE LA MANSION. ALLI ESTABA YO, DE PIE.;8;8;0xABE9;0xAC15;texto;;;;;;;;;;;;;
H6;119N;DETRAS DE MI, LAS LLAMAS ENVOLVIAN LA MANSION Y LAS PALABRAS DEL HOMBRE QUE HABIA MUERTO.;10;6;0xAC22;0xAC49;texto;;;;;;;;;;;;;
H6;120N;EL FUEGO HABIA DEVORADO TODO EN LA MANSION, Y POR FIN HABIA TERMINADO SU LABOR. TODO ERA UN MUNDO EN TONOS DE NEGRO Y GRIS.;4;12;0xAC22;0x97C1;texto;;;;;;;;;;;;;
H6;121N;LO UNICO QUE QUEDABA ENTRE LAS RUINAS ERAN CENIZAS, VIGAS DE HIERRO RETORCIDAS POR EL CALOR Y NEGRAS COLUMNAS.;8;8;0x97C6;0x97FE;texto;;;;;;;;;;;;;
H6;122N;ENTRE TODO ESO, SE PODIA VER UN SOLO FRAGMENTO DE COLOR VIVIDO. ASOMABA APENAS ENTRE LAS CENIZAS.;5;11;0x9802;0x9841;texto;;;;;;;;;;;;;
H6;123N;ERA UN LIBRO. SU TAPA DE CUERO NO TENIA NI UNA SOLA MARCA, NI RASTRO DE QUEMADURA. ENTONCES, UNA COLUMNA ENNEGRECIDA Y CARBONIZADA SE DERRUMBO.;5;11;0x9848;0x989E;texto;;;;;;;;;;;;;
H6;124N;LA TAPA DE CUERO DESAPARECIO DE LA VISTA. EL ENTORNO HABIA VUELTO DE NUEVO A SER UN MUNDO DE NEGRO Y GRIS.;8;8;0x98BC;0x98EC;texto;;;;;;;;;;;;;
H6;33O;AUNQUE ME SENTIA UN POCO MAL POR ELLA, DECIDI ABRIR LA CORTINA DE TODOS MODOS. TAL VEZ TUVIERA SUS RAZONES, PERO ESO NO TENIA NADA QUE VER CONMIGO.;5;11;0xA341;0xA395;texto;;;;;;;;;;;;;
H6;34O;YO TENIA QUE SEGUIR ADELANTE, Y PARA ESO TENIA QUE ABRIR LA CORTINA.;8;8;0xA399;0xA3CB;texto;;;;;;;;;;;;;
H6;35O;IGNORE LAS SUPLICAS DE LA MUJER Y ABRI LA CORTINA DE UN TIRON. AAAH, SE ESCUCHO SU VOZ LLENA DE ANGUSTIA.;5;11;0xA3CF;0xA427;texto;;;;;;;;;;;;;
H6;36O;AL OTRO LADO DE LA CORTINA... NO HABIA NADIE. RECORRI EL CUARTO ENTERO CON LA MIRADA, PERO NO HABIA NADIE AHI.;5;11;0xA42C;0xA469;texto;;;;;;;;;;;;;
H6;37O;NO HABIA RASTRO DE LA MUJER POR NINGUNA PARTE. ACASO HABRIA SIDO UNA ILUSION?;10;6;0xA46F;0xA48C;texto;;;;;;;;;;;;;
H6;38O;POR LO PRONTO, ENTRE EN BUSCA DE UNA SALIDA. ENSEGUIDA ENCONTRE UNA PUERTA.;10;6;0xA490;0xA4B8;texto;;;;;;;;;;;;;
H6;39O;DE REPENTE, DESDE UN RINCON OSCURO, SALIO UNA SOMBRA NEGRA. UN MONSTRUO DEFORME CON EXPRESION DE FURIA. COMO TE ATREVES!;7;9;0xA4D1;0xA51C;texto;;;;;;;;;;;;;
H6;40O;EL MONSTRUO GRITO CON LA VOZ DE LA MUJER. ESCAPE DE ESA HABITACION, SALVANDO LA VIDA A DURAS PENAS.;9;7;0xA528;0xA556;texto;;;;;;;;;;;;;
H6;3P;TOME EL LIBRO DE LA MANO DEL HOMBRE Y, CON LA MANO TEMBLANDO, PASE LAS PAGINAS. AHI ESTABA ESCRITO MI DESTINO DE AQUI EN ADELANTE: EL SUFRIMIENTO QUE ESTABA POR COMENZAR.;3;13;0xA708;0xA76B;texto;;;;;;;;;;;;;
H6;3PX;VAMOS! EL HOMBRE SE PUSO DE PIE Y ME TENDIO EL LIBRO. TOME EL LIBRO DE SU MANO Y, CON LA MANO TEMBLANDO, PASE LAS PAGINAS. AHI ESTABA ESCRITO MI DESTINO DE AQUI EN ADELANTE: EL SUFRIMIENTO QUE ESTABA POR COMENZAR.;0;16;0x93CE;0xA76B;texto;;;;;;;;;;;0x93CC;;
H6;4P;CONVERTIRME EN EL AMO DE ESTA MANSION, Y SEGUIR ESPERANDO;7;9;0xA779;0xA78C;texto;;;;;;;;;;;;;
H6;5P;MIRE HACIA EL HOMBRE Y...;12;4;0xA790;0xA7A3;texto;;;;;;;;;;;;;
H6;6P;AL MIRARLO, TENIA EL ROSTRO EN PAZ. TAL VEZ, AL ENCONTRAR EN MI A UN SUCESOR, POR FIN SE LIBERO DE ESTE LARGO SUFRIMIENTO?;5;11;0xA7B5;0xA804;texto;;;;;;;;;;;;;
H6;7P;ERA EL FUTURO REALMENTE TAL COMO ESTABA ESCRITO EN ESTE LIBRO? NO, QUIZAS YO SOLO HABIA ELEGIDO POR MI CUENTA UNA DE LAS POSIBILIDADES QUE EXISTIAN...;3;13;0xA814;0xA86E;texto;;;;;;;;;;;;;
H6;8P;ESO ERA ALGO QUE PODIA ENTENDER POCO A POCO, DE AHORA EN ADELANTE. A MI, AL MENOS, EL TIEMPO NO ME FALTABA...;7;9;0xA872;0xA8B4;texto;;;;;;;;;;;;;
H6;3Q;NO SE HABIA SECADO. ARROJE ADENTRO EL CUBO DEL POZO QUE HABIA EN EL COBERTIZO.;10;6;0x5495;0x54BA;texto;;;;;;;;;;;;;
H6;4Q;PASO BASTANTE TIEMPO HASTA QUE EL SONIDO DEL CUBO TOCANDO EL AGUA ME LO HIZO SABER.;9;7;0x54C7;0x54F3;texto;;;;;;;;;;;;;
H6;5Q;PERO, SIN DUDA HABIA AGUA. ME DI CUENTA DE QUE HABIA UNA ESCALERA INSTALADA HACIA EL FONDO DEL POZO, Y ME DECIDI A BAJAR.;4;12;0x54FD;0x5556;texto;;;;;;;;;;;;;
H6;6Q;NO SE CUANTO HABIA BAJADO YA, CUANDO AGUCE EL OIDO Y ESCUCHE VOCES DE GENTE HABLANDO DESDE ABAJO. ERA UN IDIOMA QUE NO CONOCIA.;5;11;0x5564;0x55AC;texto;;;;;;;;;;;;;
H6;7Q;CUANDO LA LUZ LLEGO HASTA AHI, VI FIGURAS DE GENTE QUE ALGUNA VEZ SACO AGUA EN ESE LUGAR. TAMBIEN ERA UNA ILUSION. AL TOCAR FONDO, LA ILUSION SE DESVANECIO.;5;11;0x55B1;0x55F5;texto;;;;;;;;;;;;;
H6;8Q;MAS ABAJO DE ESO SE EXTENDIA AGUA FRIA. EN LO PROFUNDO, DONDE CASI NO LLEGABA LA LUZ, ENCONTRE UNA PUERTA. ME LANCE DENTRO Y ABRI LA SIGUIENTE PUERTA.;3;13;0x5600;0x5659;texto;;;;;;;;;;;;;
H6;3R;RECHACE LO QUE EL HOMBRE ME PEDIA. SE HIZO UN SILENCIO.;10;6;0xAC7D;0xAC9C;texto;;;;;;;;;;;;;
H6;3RX;ENTREGUEME ESE LIBRO, POR FAVOR. RECHACE LO QUE EL HOMBRE ME PEDIA. SE HIZO UN SILENCIO.;8;8;0x9713;0xAC9C;texto;;;;;;;;;;;0x9711;;
H6;4R;SU EXPRESION SEGUIA SIENDO IMPOSIBLE DE LEER, PERO PASO UN TIEMPO QUE PODIA TOMARSE TANTO POR DECEPCION COMO POR ENOJO.;7;9;0xACA8;0xACE6;texto;;;;;;;;;;;;;
H6;5R;TRAS UN BREVE SILENCIO, EL HOMBRE POR FIN HABLO. ENTONCES, NO QUEDA MAS REMEDIO.;8;8;0xACEA;0xAD19;texto;;;;;;;;;;;;;
H6;6R;SU CAPA SE AGITO Y AL INSTANTE SIGUIENTE ME ENCONTRE EN EL SUELO CON LA CABEZA DANDOME VUELTAS, LEVANTE LA VISTA HACIA EL MIENTRAS MI CONCIENCIA SE DESVANECIA.;4;12;0xAD31;0xAD98;texto;;;;;;;;;;;;;
H6;7R;EL HOMBRE HABIA ABIERTO LAS PAGINAS DEL LIBRO QUE ME HABIA ARREBATADO. VEO QUE TAL COMO EL DIJO, ASI HA SIDO. ESO FUE LO ULTIMO QUE OI ANTES DE PERDER EL CONOCIMIENTO.;2;14;0xADA0;0xAE04;texto;;;;;;;;;;;;;
H6;10R;ENTONCES, ALGO QUE NO HABIA NOTADO EN MEDIO DEL CREPUSCULO: JUSTO ABAJO HABIA UN CAMINO. CON ESO PODIA VOLVER. ME PUSE DE PIE Y EMPECE A BAJAR LA PENDIENTE.;5;11;0x6FA9;0x6FFD;texto;;;;;;;;;;;;;
H6;1459;XSK TCRK MNU BUG LY KRKK RJGA JMHU IMP UIMC ACQ ACQ SGT UIMC UIMC XM QWW ENJ PM MPH UIMC TCRK QASH ENJ NQAB RJGA TCRK DER XM KT MIZ RJGA MFKX KT FTHX AQ REUX EF FD FD JL QRW KV MPH OFU MPH ZR PM TCRK MNU EF AQ UIMC AC XM ZKX KT IHI FTHX AQ NQAB AQ CH UK;0;16;0xFFFF;0xFFFF;texto;no;;;;;;;;;;;;
H6;1460;AAWD MPH AT MAIP SY TCRK DER LAX SY UK BUG CQD IMP LAX DFE DER EF DER AAWD KV DJ XSK XSK JL PH MAIP ENJ FJX XXVD PH NQAB UK KT OP AC MPH QRW AC DJ CYA EDJ CH PM MLP AC XXVD AAWD UIMC ZR FTHX FOJC REUX EDJ RJGA AT AAWD FJX AQ QWW MPH NQAB JL XSK UIMC;0;16;0xFFFF;0xFFFF;texto;no;;;;;;;;;;;;
H6;1461;UK TCRK EF LY CH QWW CQD OFU NJ MPH NQAB AC DFE PH EF MFKX AC XSK PM OFU DER MAIP EDJ MIZ LAX GAI QWW FD ZKX QRW PH LAX QWW MAIP FD ACQ ACLZ SGT UIMC EDJ UIMC XSK BUG JMHU UIMC MNU KV LR IHI ACLZ MNU NQAB AQ UK OFU ENJ DFE AC CYA CYA PM MPH KV;0;16;0xFFFF;0xFFFF;texto;no;;;;;;;;;;;;
H6;1462;QWW DER KV JL JMHU ACQ MIZ BUG RJGA MLP SGT MLP JL PM NQAB CYA CYA OP XSK JMHU UIMC PH LY QWW DER CR XM MLP FOJC FJX XM KT REUX ACLZ FTHX MPH CR DFE MAIP OFU LR TCRK XSK AT ACQ MPH QWW AAWD PM HMIC KT UIMC IMP QRW LAX AT MPH PM EDJ CH AT ZR AC NJ LR;0;16;0xFFFF;0xFFFF;texto;no;;;;;;;;;;;;
H6;1463;ZR FJX OP IHI TCRK CQD SY ZKX ACQ HMIC JL LY JMHU AC ZKX CH TCRK MAIP FTHX EF AT ZR REUX ENJ RJGA MNU REUX MPH BUG ACLZ OFU AC OP BUG CYA FTHX FJX LAX ACLZ BUG AAWD ZR NJ AQ OFU DJ TCRK JL UIMC REUX XSK AAWD CQD IMP FTHX KT PM ACLZ;0;16;0xFFFF;0xFFFF;texto;no;;;;;;;;;;;;
H6;1464;QWW DER AQ AQ TCRK UK FTHX ACLZ IHI FTHX XSK MLP KT KRKK UK ACLZ JL IHI MNU GAI MLP MIZ AAWD MFKX JMHU ENJ BUG DFE RJGA FJX PH ACLZ AQ OFU QRW PH KV QASH OBUE TCRK DFE FOJC AT KRKK KV CR CYA FJX KT LR DER AC SY MIZ MNU IHI XXVD CQD HMIC JL AQ NJ CR;0;16;0xFFFF;0xFFFF;texto;no;;;;;;;;;;;;
H6;1465;NQAB AAWD DFE AQ KT FD IMP PH JMHU KRKK NQAB UIMC FTHX AQ KRKK MFKX SGT XXVD SY ACLZ ACLZ SY FJX TCRK SY ZR JL JMHU PM CH FOJC MFKX SY QWW XM CYA BUG IMP GAI UK LAX CR EF AC UK OP QRW MAIP FD MNU AAWD ZKX DER CYA JMHU DJ KV UIMC MLP AQ CR MAIP;0;16;0xFFFF;0xFFFF;texto;no;;;;;;;;;;;;
H6;1466;DJ EF MIZ MFKX CH XSK XM OP IMP PH TCRK ACQ RJGA CR GAI JMHU CQD DFE FD AAWD RJGA REUX AQ AAWD REUX DER IHI MLP KV UK OBUE NJ NQAB ACQ LY OP DFE KT DJ PM JMHU XSK CQD AC AC PH OP MNU MAIP FTHX IHI KRKK MNU MFKX OP NQAB FD NQAB MFKX NJ MPH IMP;0;16;0xFFFF;0xFFFF;texto;no;;;;;;;;;;;;
H6;1467;UIMC REUX PH IMP OFU MPH AQ QWW OBUE UK ENJ FOJC CQD EDJ CH NJ CH XM QRW MLP DFE MLP FTHX FJX DJ QWW XM CYA CH EF OFU OP MPH MPH DFE MFKX NQAB LR NQAB BUG SGT XM ENJ LY HMIC ZKX ZKX JMHU OBUE BUG ZKX FOJC LAX XM HMIC JMHU DER DER MIZ HMIC AC FOJC UIMC CYA PM;0;16;0xFFFF;0xFFFF;texto;no;;;;;;;;;;;;
H6;1468;KV SY FTHX KT FJX LAX NQAB NJ MIZ CH ENJ UK MLP ACQ ACLZ IHI TCRK KT QASH NJ FJX TCRK MIZ KT PM IHI FOJC KV UIMC ENJ GAI MNU OP GAI QASH DJ MAIP OBUE FOJC MPH PH OP XSK MAIP JMHU NQAB JMHU ACQ KRKK MNU MPH FD ENJ MNU FJX AAWD UK XSK FJX JL MNU;0;16;0xFFFF;0xFFFF;texto;no;;;;;;;;;;;;
H6;1469;MIZ EF HMIC FD JL DJ AT DER ACLZ CYA QWW BUG MAIP CQD UK PH FD KV AAWD CYA ACLZ DJ JMHU KT IMP PM CR LR KV IHI KV SGT FJX GAI FOJC NJ AC AC ZKX QRW AQ ACLZ GAI CR KRKK CR DFE DER FOJC KV AT MPH DJ LY EF IMP GAI XXVD XSK MFKX TCRK NQAB ACQ ZR PM;0;16;0xFFFF;0xFFFF;texto;no;;;;;;;;;;;;
H6;1470;AC AC PH OP ACLZ ACQ FJX CYA UIMC AQ MFKX UK IMP LAX MAIP TCRK ENJ IMP ACLZ NJ MFKX MIZ EF CR DFE ACLZ XSK XM CH KRKK IHI DJ AC ZKX MLP KV RJGA FOJC RJGA AQ REUX NQAB KT RJGA UK NQAB XM OBUE BUG MNU DER AAWD SY MFKX AC MFKX KRKK OP JMHU IMP NQAB;0;16;0xFFFF;0xFFFF;texto;no;;;;;;;;;;;;
H6;1471;MLP OP FOJC ENJ XM QASH QRW OP NQAB LR MAIP AAWD EF IMP AQ UIMC REUX ACLZ HMIC CYA ACLZ KT CH AC MFKX AAWD MIZ BUG MLP MAIP EF LAX DFE NJ MFKX REUX FOJC CYA HMIC ACLZ QASH KRKK CH KT HMIC MLP DER MIZ DER AQ MNU TCRK ZKX LR ZR EDJ NJ TCRK MAIP CR;0;16;0xFFFF;0xFFFF;texto;no;;;;;;;;;;;;
H6;1472;ENJ CH ACQ UK KRKK FOJC GAI IHI XSK RJGA AT MPH OP JMHU LY QRW ACLZ JMHU ZR AC AQ OP EDJ CQD AT DER KRKK JL SGT EF KT JL TCRK ENJ CYA DFE EDJ KV AC MFKX FOJC PM NJ LAX UIMC NQAB UK AT ZR PH GAI MLP GAI KT NJ QASH JL QASH FTHX RJGA XSK OP NQAB;0;16;0xFFFF;0xFFFF;texto;no;;;;;;;;;;;;
H6;1473;XXVD IMP NJ KT SGT FTHX MPH ENJ DFE MFKX XSK XXVD LR EDJ QASH JMHU FD OP ENJ IMP MPH DJ OP OFU MFKX EF MPH XXVD AC RJGA GAI LY XM MNU KRKK LR FTHX XM DJ ACQ NJ BUG MLP IMP XSK PH FJX PM IHI DER XXVD DFE MIZ MAIP CQD MLP GAI OP NQAB OP AAWD OBUE ACQ;0;16;0xFFFF;0xFFFF;texto;no;;;;;;;;;;;;
H6;1474;QRW QASH NJ XSK XXVD AC AAWD ACLZ MFKX CYA IHI LY JL MLP BUG JL DJ ACQ CYA IHI IHI QRW FD DER LR OBUE EF CR OP TCRK OP IMP AT ZR CR CR RJGA JL AAWD ZKX EDJ AQ MLP FD DER XM AC DJ FD ENJ OFU QRW XXVD OP ZR DJ IMP PH CYA IHI AQ QASH CYA QRW MLP;0;16;0xFFFF;0xFFFF;texto;no;;;;;;;;;;;;
H6;1475;EF LY KRKK DJ AAWD FTHX SGT EF CR KRKK REUX ENJ QWW KT JL PH QASH ZR REUX QASH NJ XXVD FTHX EF CYA ACLZ RJGA CR XM FOJC LY QRW IMP MNU ENJ OFU AT MFKX ACQ ZKX NQAB SY AT JMHU KT NJ ACLZ OBUE QASH CH LAX KT LY KV ZR AT CH UIMC AC XXVD QRW SY ACLZ;0;16;0xFFFF;0xFFFF;texto;no;;;;;;;;;;;;
H6;1476;FD SY ZR KRKK KT FJX ACLZ FTHX DFE FOJC JL XSK PH CYA IMP EDJ AQ XSK AT MIZ MAIP LY LR FJX OBUE DER DJ QWW FJX MNU ACLZ DJ MNU MPH TCRK NQAB JMHU QWW DFE QASH KV SY UK JMHU ACLZ AAWD RJGA AC AT ACQ MFKX AAWD AQ MLP ENJ UIMC QWW MNU DER REUX CYA;0;16;0xFFFF;0xFFFF;texto;no;;;;;;;;;;;;
H6;1477;ENJ BUG SY EDJ ENJ XSK PH IMP AC CYA ZKX MLP AAWD CH EDJ PH FOJC TCRK IMP XM FOJC PH REUX IMP SGT LY MIZ EDJ MLP EF PH DER AQ PM QRW SGT HMIC ACQ MLP REUX NQAB ENJ DER ZKX TCRK HMIC LAX EF JMHU LR MPH OFU AAWD ACLZ KT LAX OFU OBUE XSK AT KT AC KT FTHX NJ;0;16;0xFFFF;0xFFFF;texto;no;;;;;;;;;;;;
H6;1478;DFE BUG DJ MPH AT CH AC NJ FTHX QRW FOJC HMIC REUX ACQ KV SY NJ FD MNU EDJ MFKX OP ZKX REUX SY AQ ZKX QWW JMHU BUG MIZ ACQ MIZ RJGA NJ XSK KRKK MAIP QWW MAIP OFU MLP ACLZ MLP ENJ AT ACLZ LAX XSK DJ LAX KV BUG SY HMIC FD QRW UK PM MAIP KT CQD;0;16;0xFFFF;0xFFFF;texto;no;;;;;;;;;;;;
H6;1479;TCRK MIZ JMHU FOJC KT QWW ZR PH MPH MLP PM CR TCRK ZR KT GAI ZR XM FTHX RJGA XM GAI NQAB CH EF QWW REUX LY MIZ ZR REUX FD LY AT MIZ PM PM DJ IHI KT EF AQ EF ENJ LR UIMC ENJ EF XM ACLZ OBUE BUG MAIP IMP PM CQD UK QRW MNU MPH TCRK UK BUG JL CQD;0;16;0xFFFF;0xFFFF;texto;no;;;;;;;;;;;;
H6;1480;FTHX HMIC MPH XSK CH RJGA OFU SGT QWW UIMC XM OFU DFE DJ GAI ZKX XSK QASH DFE MAIP XM AT CYA QASH LAX DFE XM CYA QASH KT ZR IHI UIMC KV ACLZ CYA DJ SY ACQ XM CR HMIC CH PH AT XSK ACLZ UK JMHU OBUE KT OP HMIC OBUE BUG HMIC UIMC MLP CQD RJGA EDJ JMHU FD;0;16;0xFFFF;0xFFFF;texto;no;;;;;;;;;;;;
H6;1481;SY SGT ZR DER AT MAIP AQ AC CYA FJX RJGA OFU ZR FOJC BUG MIZ QASH ZKX REUX OFU ACQ OBUE OFU QASH FD EF JL DJ DJ BUG DJ RJGA PM DJ JMHU QASH MPH FD AQ FD LAX AT QASH MFKX OFU MPH XM AQ IHI OP MLP EF MNU CYA RJGA CR MNU KV DER PH EF MLP XSK LY CH;0;16;0xFFFF;0xFFFF;texto;no;;;;;;;;;;;;
H6;1482;MNU KRKK LY CQD XM UK BUG JMHU KRKK MPH QRW XM EDJ AT EF MLP NQAB BUG FJX ZR XSK MLP ENJ CH MLP GAI ZR AT LY SGT OBUE AT IMP LR RJGA GAI DJ CH LY IMP MNU EDJ DFE ZR OFU DFE MNU QRW NQAB REUX DFE MNU ACLZ XXVD UK HMIC NQAB LY HMIC FOJC NJ;0;16;0xFFFF;0xFFFF;texto;no;;;;;;;;;;;;
H6;1483;SGT ACLZ AAWD PH DJ KT DFE NJ PM ZKX EDJ IHI AQ QWW EF UIMC IHI UIMC KV EF UK ACLZ GAI AT KV OBUE MNU FTHX QWW FOJC QWW MNU XM OFU DJ NJ MPH LR DJ RJGA KV NQAB LAX CH FJX ENJ XM FJX CH BUG KRKK CQD PM MAIP EF MPH AT ACQ JMHU SGT PM XM CQD ACQ XM;0;16;0xFFFF;0xFFFF;texto;no;;;;;;;;;;;;
H6;1484;KRKK XSK FTHX JMHU FD NJ LY XSK EDJ MAIP NQAB QASH QRW AC MIZ IMP MNU NJ JL QRW DJ OFU DER AAWD NQAB DFE LR MLP CQD FTHX EDJ DFE QRW DFE BUG OFU XSK IHI NJ OBUE SGT DER ZKX JMHU UK ACLZ GAI BUG BUG XXVD FOJC KRKK DFE KRKK ENJ LR OP RJGA RJGA OFU;0;16;0xFFFF;0xFFFF;texto;no;;;;;;;;;;;;
H6;1485;FJX XXVD LY SY QRW KT NQAB QWW JL XSK CH OBUE FOJC FJX DJ RJGA FD AT DJ PH SGT GAI JMHU AQ IMP MIZ TCRK PM OP ZR CH QWW CR AQ MAIP AC LR LY XXVD CYA FJX QWW KRKK OFU AQ KV LAX PM MNU LY FOJC BUG XSK DER DFE BUG UIMC AQ DER AT PM SY ENJ AC IMP;0;16;0xFFFF;0xFFFF;texto;no;;;;;;;;;;;;
H6;1486;CQD PH REUX CH MIZ SGT MFKX ACQ KRKK XSK UK MLP SY GAI ACQ JMHU MPH XXVD AC GAI XM KRKK MAIP GAI FOJC NJ CR FTHX JMHU NJ CYA IHI GAI IHI HMIC QRW LR NQAB FJX ACLZ MNU XSK OP MAIP KT LY CH HMIC MFKX RJGA ENJ OFU CQD PH CYA FTHX ZKX LY DER MNU NJ AAWD CR;0;16;0xFFFF;0xFFFF;texto;no;;;;;;;;;;;;
H6;1487;EDJ UK TCRK LR OP UIMC DJ AT XSK CYA OBUE OFU LY XM LY ACLZ RJGA KRKK FJX AT BUG AQ XXVD CR ACLZ IHI OP AQ GAI MIZ FOJC OBUE SGT QWW AQ FD MFKX OP DJ OBUE FD IMP FOJC XSK QRW ACLZ MLP XM SY PM FOJC EDJ HMIC JMHU DFE ENJ ZR MPH NJ RJGA MFKX MLP;0;16;0xFFFF;0xFFFF;texto;no;;;;;;;;;;;;
H6;1488;CYA ZKX UK IHI UK AT XM MLP AC QASH IMP KT QWW MNU AC OP EDJ EF QASH QASH QWW ACLZ XXVD KT LR REUX LAX JL ZKX ACQ UK CYA NJ PM CR QWW XXVD QWW JL REUX EF XXVD JMHU HMIC FOJC JMHU ACLZ REUX MPH BUG TCRK ACQ MFKX LAX FOJC XXVD OBUE MNU XSK PH MLP UIMC;0;16;0xFFFF;0xFFFF;texto;no;;;;;;;;;;;;
H6;1489;JL KT KRKK AC PM CQD DER REUX FTHX FOJC FD IMP FJX HMIC ACQ EF SY DFE ENJ QRW CR UIMC ZR DFE ACLZ JMHU QRW ACLZ LY NQAB ENJ SGT JMHU KRKK UIMC FJX ENJ XXVD ACQ QWW PM ENJ XSK AT FD ZR MIZ XM LAX UK ENJ AC UIMC GAI LAX QWW MIZ MAIP ZKX ACQ SGT OFU;0;16;0xFFFF;0xFFFF;texto;no;;;;;;;;;;;;
H6;1490;AQ KT SGT LY MFKX CH LY FTHX AC OP FTHX MIZ OFU MNU UIMC XSK AAWD QRW XSK FJX EF DJ IMP HMIC LY LAX RJGA REUX ENJ ENJ ZR EF QWW XXVD PM QRW TCRK KRKK JMHU MPH BUG IMP ZKX LAX GAI MAIP LR NJ QRW UIMC CYA TCRK MFKX MFKX PM MLP EF ENJ FD MAIP CQD MNU;0;16;0xFFFF;0xFFFF;texto;no;;;;;;;;;;;;
H6;1491;NQAB HMIC NQAB RJGA LR HMIC XSK IHI CQD LY DER ZKX PH KT QWW DJ QASH HMIC GAI MAIP MPH MIZ MNU DER XXVD IMP OFU PH AT FTHX CH JMHU OFU MAIP ZR LAX ACQ JL DFE JMHU MFKX ZR UIMC UIMC MPH DJ JMHU MNU CQD ACLZ TCRK NJ ACQ OBUE DFE OBUE UK MNU ACQ AQ JL;0;16;0xFFFF;0xFFFF;texto;no;;;;;;;;;;;;
H6;1492;SGT DJ CR TCRK SGT QWW CQD JMHU OBUE NJ LR LAX EDJ KV NJ MNU TCRK UK REUX REUX MAIP FD FD CQD LAX ACQ OFU OBUE MPH KRKK ACQ KRKK UIMC FD DJ XM MNU OFU JMHU MFKX REUX OFU UK QWW AC KRKK FTHX IHI QWW MFKX REUX XM EDJ NJ DER NQAB XM LR FD UK MFKX;0;16;0xFFFF;0xFFFF;texto;no;;;;;;;;;;;;
H6;1493;AC CH LAX KT ENJ CR MFKX ENJ LR ENJ UK MIZ DER FTHX FTHX EDJ PH MIZ TCRK JMHU AT QRW AT DJ AT LY CYA REUX IHI AAWD MPH MLP FD FD QRW OFU CYA MAIP FTHX FJX NJ CR EF MIZ IHI OP ACQ BUG MFKX XXVD LAX RJGA AT MNU KV FD ZR BUG CYA AT MNU MFKX MFKX AC FOJC;0;16;0xFFFF;0xFFFF;texto;no;;;;;;;;;;;;
H6;1494;SGT MAIP MNU QWW CYA DFE QRW ACQ ACQ UIMC CYA MLP FJX RJGA FJX JMHU JMHU CQD FD DER HMIC XXVD MLP SY SY CR ZKX REUX QRW KT CH PH JL HMIC QASH FD FJX ENJ BUG MPH BUG AAWD IMP OP XM QWW LAX QRW TCRK SY OP CR TCRK OP CYA MFKX JL CQD XM QASH QRW BUG CR;0;16;0xFFFF;0xFFFF;texto;no;;;;;;;;;;;;
H6;1495;XM XXVD NQAB ACLZ DFE MPH NJ KRKK XXVD XM MNU MLP FJX ENJ JL PH ENJ MIZ MPH AT TCRK PM MFKX ACQ CQD ACLZ FD MFKX CYA XSK DER NQAB SY FTHX ACLZ CQD UIMC MNU FOJC KRKK CR XXVD FTHX KRKK CYA CR QASH CR LAX RJGA AT KT RJGA MFKX GAI XSK MNU CQD IMP;0;16;0xFFFF;0xFFFF;texto;no;;;;;;;;;;;;
H6;1496;KV XSK MPH JL LR AQ IMP TCRK RJGA MAIP KT OFU LR MPH ACQ PM IMP FD MLP SY CR LR AC NQAB HMIC MIZ KV KV KRKK QWW CR CYA BUG FJX QWW JL EF UIMC PH TCRK QRW CH FJX AT HMIC NQAB PH REUX OP NJ MAIP CQD DJ BUG JMHU DFE ZR KT CH NQAB JMHU LR CYA ACLZ ZR;0;16;0xFFFF;0xFFFF;texto;no;;;;;;;;;;;;
H6;1497;EDJ FD MIZ MIZ LAX OP MAIP TCRK OBUE HMIC OP DJ FOJC ACLZ JL FOJC EDJ OFU ZKX UIMC OP FD QASH AC IHI XM JMHU MPH REUX ZKX ZKX ZKX RJGA OFU FOJC HMIC EDJ AQ HMIC CR MAIP OBUE FD UIMC QWW CQD NJ CH NQAB XM OP PM SY MAIP MLP GAI MIZ PM MNU BUG AAWD;0;16;0xFFFF;0xFFFF;texto;no;;;;;;;;;;;;
H6;1498;QRW JMHU JMHU QRW REUX ZKX IMP JL LAX DER IMP FD SY AAWD MAIP FJX QWW EDJ RJGA IMP QWW LAX KRKK AAWD TCRK MLP ZKX REUX IMP CR CR RJGA NQAB XXVD CQD AT ACQ FOJC AAWD FJX IHI PM XXVD MNU FOJC AQ CYA UK HMIC ENJ UIMC NQAB SY CR KV LAX FTHX RJGA;0;16;0xFFFF;0xFFFF;texto;no;;;;;;;;;;;;
H6;1499;DER DFE REUX NQAB XM JL FTHX IHI CH RJGA CYA CYA CYA IMP FD ZR MPH OP PM LR KRKK OFU KV ENJ OP UIMC ENJ CH FTHX MAIP EDJ ENJ IHI NQAB REUX XXVD SY IMP DFE KRKK KRKK KRKK EF BUG NJ ACQ AAWD ZR MIZ CH MFKX MIZ IHI OP DER AT NJ LAX MNU TCRK OFU BUG;0;16;0xFFFF;0xFFFF;texto;no;;;;;;;;;;;;
H6;1500;DJ EDJ CQD AT UK KRKK NJ CQD HMIC TCRK MPH CH ZKX QWW MAIP CYA DER XSK XSK UIMC MLP PH XXVD LAX CR FJX MPH OBUE BUG PH NJ DER CH CR KT FOJC FTHX JMHU OP FOJC XSK MNU NJ KRKK JL SGT CH OP FOJC ACLZ QRW AAWD HMIC CYA KV IMP KRKK MAIP MLP DER UK PH OP;0;16;0xFFFF;0xFFFF;texto;no;;;;;;;;;;;;
H6;1501;LAX JMHU QASH ACQ OFU LR PH REUX PH FJX NQAB ZR REUX UK JMHU PM XSK OBUE JMHU FOJC EDJ ACQ ZR DFE OP MNU MNU MFKX UIMC REUX REUX MFKX OP LY NQAB LR LY KV MPH AAWD AC MNU XSK ZKX ZR REUX MPH EDJ DJ BUG AQ EF OFU LAX OFU EF RJGA REUX CR SGT AAWD BUG;0;16;0xFFFF;0xFFFF;texto;no;;;;;;;;;;;;
H6;1502;KV MLP DFE PH LY PH BUG PM MAIP MNU PH ZR IMP FTHX KRKK FD CYA FD KT SGT REUX KV MFKX CH EDJ KRKK XXVD RJGA MIZ PM ACLZ OFU HMIC QRW CQD MFKX GAI FOJC FJX MIZ CYA ZR XSK MIZ DER UK FJX MFKX JMHU CH QASH LY ZR OP SY GAI QWW FD KV HMIC DER DJ LAX;0;16;0xFFFF;0xFFFF;texto;no;;;;;;;;;;;;
H6;1503;UK TCRK TCRK NJ PM JL RJGA PH SGT ZKX QRW FTHX SY IHI CR UK CQD XXVD KT XXVD ZR UIMC MPH FD MNU ZKX OP UK NJ QRW JL MIZ IMP NJ KRKK XSK FD QRW MPH MPH OFU FTHX RJGA MIZ PH QRW ACLZ JMHU AT AT CH FOJC MIZ QWW OP EDJ LR MNU NQAB TCRK EDJ FOJC REUX LAX;0;16;0xFFFF;0xFFFF;texto;no;;;;;;;;;;;;
H6;1504;AQ NJ LR IHI ZR SY CH FJX OBUE TCRK MPH FJX XM BUG MLP QWW AT PM DFE FOJC BUG NQAB EF DJ OP LAX CR TCRK REUX FD XSK UIMC CYA RJGA QASH AAWD MIZ XM XM DER XXVD MFKX SGT BUG AT AT PH EDJ IMP ACQ KT NQAB EF UIMC BUG PM LR OP EDJ BUG CYA CYA LR FJX;0;16;0xFFFF;0xFFFF;texto;no;;;;;;;;;;;;
H6;1505;SY REUX IMP CH CQD MNU SGT JL MNU XSK LR CH ZKX MLP FOJC FTHX QASH KRKK LAX AT MNU UIMC MLP CH XM KRKK FD QASH AC FD QWW AQ CH CH MLP AQ DJ ENJ MFKX DER QRW MPH AAWD CQD MNU XM CYA ZKX JMHU CYA GAI CH AT OFU GAI ZR HMIC AAWD LAX XSK CR XM BUG;0;16;0xFFFF;0xFFFF;texto;no;;;;;;;;;;;;
H6;1506;OBUE MLP MPH TCRK MLP ACQ JL REUX FOJC OP CYA DFE FOJC CH MIZ FD DFE JMHU HMIC EF MPH JMHU DER REUX PM PH DJ XM CQD OP LAX DFE ZR RJGA DFE AQ EDJ REUX SY FD FOJC FD MPH MIZ KT PH DFE XXVD JMHU MLP MFKX FOJC RJGA QRW FD MFKX FJX KV MFKX CH AC IHI PH;0;16;0xFFFF;0xFFFF;texto;no;;;;;;;;;;;;
H6;1507;AC PM FTHX FD MAIP GAI SY MPH NQAB QASH REUX NJ ZR XSK EDJ QASH EDJ KV XM TCRK AAWD QRW TCRK AQ SGT CQD QWW AAWD MPH SY ACQ ENJ LY HMIC NQAB EF NJ QRW FJX MAIP ZKX XM XM CH DJ SY KRKK JL DJ JMHU JL JL QASH PM HMIC JMHU NQAB MPH AQ NQAB AAWD ACLZ;0;16;0xFFFF;0xFFFF;texto;no;;;;;;;;;;;;
H6;1508;XXVD PM QWW QASH GAI QWW ENJ FJX AC MAIP NJ LAX KT MLP AC OP TCRK MFKX MPH EDJ MNU FOJC CYA KT PM LAX REUX IHI DFE ZKX HMIC RJGA JL FTHX KV QASH GAI MLP MFKX UK OBUE RJGA UK XSK ENJ ZR TCRK PH IMP MIZ GAI OFU CQD OBUE QASH JL CQD PH JMHU SY QRW;0;16;0xFFFF;0xFFFF;texto;no;;;;;;;;;;;;
H6;1509;FJX AQ ACQ MLP NJ TCRK OP MIZ MFKX EDJ OFU OP TCRK MLP QRW CR EDJ PM MPH CYA ZKX AQ OP OFU BUG TCRK OBUE EF IMP EDJ HMIC AC QASH PH XSK OP XXVD FD ACQ MPH MLP RJGA ACLZ NJ JL ZKX LY CR RJGA UK NJ BUG MNU GAI ACLZ CR JMHU OBUE FD XM NQAB IHI OP LR;0;16;0xFFFF;0xFFFF;texto;no;;;;;;;;;;;;
H6;1510;KT ENJ CQD GAI CYA QASH ACLZ HMIC FOJC MPH FJX MPH MIZ REUX BUG RJGA QASH PM CYA CYA HMIC XM FTHX AAWD ZKX AAWD QASH QWW EF DER LY AAWD FTHX SY ZKX EDJ OBUE NQAB NQAB FJX JL GAI LY FOJC CQD FJX AT AAWD DFE FD IMP ACLZ REUX UK CQD MIZ JMHU AQ XM NJ OP DFE;0;16;0xFFFF;0xFFFF;texto;no;;;;;;;;;;;;
H6;1511;KRKK AT UK DER AT LAX EDJ GAI JL CR UK IHI XXVD AT SY CH ACLZ MAIP XM XSK CH EDJ FD CYA ACQ UIMC AQ MLP LAX ZR UIMC EDJ RJGA CH RJGA MAIP AT ACLZ EF GAI QASH KT AQ KRKK SY XSK DJ XM AC AQ DFE QASH IMP HMIC TCRK EDJ EDJ ACLZ XSK ZKX OP;0;16;0xFFFF;0xFFFF;texto;no;;;;;;;;;;;;
H6;1512;HMIC LY IHI CH MPH EDJ ACQ PH UIMC CYA QRW UIMC XXVD KV OFU KT MFKX UIMC OBUE KT GAI EDJ CYA SGT IHI KT LAX DER ACLZ FJX ENJ RJGA DER FOJC FD UK UK ACLZ LR OP AAWD FTHX MLP ZKX ZR GAI IMP MNU EDJ QASH NQAB SGT QASH LAX ACLZ SY OFU SGT CYA LR;0;16;0xFFFF;0xFFFF;texto;no;;;;;;;;;;;;
H6;1513;PH CR EF IHI UK UIMC UIMC MNU DFE OBUE RJGA CYA TCRK ACQ ACLZ IMP FJX KRKK AC ZR QASH UK IMP GAI EDJ TCRK QASH KT ZR OFU OFU MPH CR ACLZ EF LR XXVD CQD FTHX SY IHI IHI ENJ OP JL PH BUG LR XXVD KT FJX CQD CQD DJ AQ OFU QASH FTHX BUG XXVD KV KT;0;16;0xFFFF;0xFFFF;texto;no;;;;;;;;;;;;
H6;1514;DJ FTHX CH DJ DFE OBUE RJGA MIZ SGT CR AAWD SGT EDJ IHI XXVD NQAB QWW ZKX QWW XXVD GAI QASH NQAB BUG MNU KRKK OBUE DFE GAI RJGA RJGA FJX OBUE MAIP JL QWW REUX XM SY XXVD MAIP FTHX QASH MNU MNU FJX ACQ IHI DER UK UK EDJ DER LR FD OBUE DJ TCRK XSK;0;16;0xFFFF;0xFFFF;texto;no;;;;;;;;;;;;
H6;1515;QASH AAWD QRW CH MAIP IMP DFE NJ AQ CR OFU ACQ OP OP IHI LAX XXVD BUG IHI KV FJX FOJC QASH QRW NQAB CH LR OFU GAI AC UIMC QWW UIMC PH UIMC MPH FOJC REUX EDJ JL QRW CR PH JMHU RJGA OP CH LR ZKX XM DFE ZR GAI UK MFKX OFU FD EDJ AT CH NQAB DER IMP SY;0;16;0xFFFF;0xFFFF;texto;no;;;;;;;;;;;;
H6;1516;AT OBUE FJX OP AC NJ SGT FJX LAX FTHX SY NQAB LAX NJ BUG AC PM MPH DFE AT UIMC AQ AAWD MAIP MPH JL CH FJX SGT OP GAI FTHX XM LR QRW FTHX REUX DER TCRK QASH NJ OFU AT AQ CH LR OFU SY RJGA MNU AQ UK CH JL HMIC REUX EF ACQ DFE KRKK ACLZ QWW DER LR FOJC;0;16;0xFFFF;0xFFFF;texto;no;;;;;;;;;;;;
H6;1517;HMIC RJGA SY AC XXVD UK ACQ AQ AQ AC SGT BUG SGT QWW MPH DER OFU RJGA QRW FD OP MLP XM RJGA GAI LR AT JMHU LAX LY ZR QWW OFU PM MFKX XXVD ZKX QWW HMIC AT AAWD OP QWW QRW RJGA CQD LR MNU ENJ NJ PH MLP ZR AT QASH QASH DER MIZ BUG OFU UIMC MFKX NJ OP GAI;0;16;0xFFFF;0xFFFF;texto;no;;;;;;;;;;;;
H6;1518;QWW TCRK ZR JMHU ACQ LR JMHU ACQ TCRK BUG FJX MPH NJ XM XXVD EF RJGA CQD QASH IHI FOJC IMP MFKX BUG CR RJGA FTHX PM BUG CR CQD TCRK XM CQD PH AC XXVD ENJ AAWD GAI KV RJGA QRW MAIP DJ BUG AC XSK PH MPH HMIC DER SGT NQAB FJX QWW QRW AAWD LAX CR DER;0;16;0xFFFF;0xFFFF;texto;no;;;;;;;;;;;;
H6;1519;XM IHI FOJC FOJC HMIC ACQ KT UIMC FOJC MPH MLP SGT OP XSK DJ FJX REUX AQ MNU XXVD DER HMIC HMIC CR TCRK SY LR XXVD MFKX ZR EF QASH UIMC QRW DER CH UIMC LY RJGA RJGA IMP FTHX AC MNU SGT OP LAX KT SGT SGT IHI AAWD PH UIMC MFKX EF ACLZ MNU MAIP EDJ LR IMP;0;16;0xFFFF;0xFFFF;texto;no;;;;;;;;;;;;
H6;1520;NQAB XSK FOJC NJ NQAB REUX CYA OBUE KRKK NQAB CH TCRK CH CQD NQAB PM KV XM GAI DER OP TCRK XM FD AC TCRK IHI EF KV UIMC MFKX RJGA FOJC XXVD ZKX KV DER LR TCRK QASH JL PH SY OFU GAI ACQ IHI ACLZ DJ FJX CQD REUX CR ZKX LY LR DJ PH SGT QRW QWW RJGA;0;16;0xFFFF;0xFFFF;texto;no;;;;;;;;;;;;
H6;1521;FOJC CH AAWD IMP ZR OFU REUX BUG LR DER ZR EDJ LR SY MAIP TCRK IMP UIMC GAI CH EF AAWD OFU MNU PH ACLZ SY KRKK EF NJ ACQ SGT DFE QASH AQ FJX IHI FOJC MPH LR CH LY MNU UK QWW PH MLP LR XSK QASH SY UK MPH ACQ BUG PH ZKX AC BUG MIZ UIMC XM XSK SGT ENJ;0;16;0xFFFF;0xFFFF;texto;no;;;;;;;;;;;;
H6;1522;KRKK XM ZKX GAI OFU BUG UIMC BUG FD MNU ZR OP LY MPH PM MNU XSK SY DJ FTHX LR CH IHI QASH ZR XSK MNU QRW UK MAIP FTHX FD TCRK MIZ EDJ XM FOJC CYA KV KRKK NQAB QWW SGT QASH DFE ZR LY QASH MNU RJGA UK XXVD CYA SY DER ZKX QRW EDJ AT NJ TCRK FOJC ZR BUG MIZ;0;16;0xFFFF;0xFFFF;texto;no;;;;;;;;;;;;
H6;1523;MIZ FJX MNU AC JL ZR BUG ENJ TCRK UIMC CQD MNU MNU MPH DER MAIP NJ DER AAWD IMP NJ AAWD ENJ QWW KT QRW MNU MLP CH XSK CH LR RJGA FOJC LR KRKK NQAB FJX FD IHI UIMC OFU OP JL JL MAIP FJX OFU UIMC QASH JMHU KRKK QASH QRW MAIP OFU FTHX IHI FTHX;0;16;0xFFFF;0xFFFF;texto;no;;;;;;;;;;;;
H6;1524;LR AAWD XXVD LAX ZKX XXVD OP MNU AT FD MPH NJ XM SY KT NJ SGT RJGA MAIP AAWD EDJ TCRK KRKK QWW OP OFU MNU BUG LR SGT MAIP IMP MLP JMHU HMIC ACQ EDJ GAI MIZ QWW AQ UK AQ OFU OBUE AC MFKX AQ FOJC DER PH SGT KT NQAB FOJC ZR GAI KV XXVD QASH ZR UK KV;0;16;0xFFFF;0xFFFF;texto;no;;;;;;;;;;;;
H6;1525;LY CYA UIMC KRKK BUG NJ MNU FOJC FJX MPH ENJ AT DJ DER DER PM AC QRW ZKX ZR QASH FOJC LAX LAX LY CQD MIZ FD KV XXVD IMP KT CYA PH NJ KT MLP UIMC SY MNU TCRK NJ AC QWW ACLZ CQD JMHU JMHU UK SY UIMC IHI FJX AC XXVD KT DER BUG UIMC XXVD FJX AT RJGA QRW;0;16;0xFFFF;0xFFFF;texto;no;;;;;;;;;;;;
H6;1526;AQ TCRK NJ AC UIMC RJGA QRW LR CQD JMHU ACLZ MNU MAIP FD XSK DFE LAX OBUE CYA ENJ IMP AAWD XXVD QASH OP QWW IMP TCRK BUG FTHX CH UIMC IHI FJX ACLZ FOJC QWW QRW GAI LY HMIC UK AC UK MPH UK NJ DFE JL FD OBUE PM AAWD XM UK ACQ CR AAWD DFE CH LY;0;16;0xFFFF;0xFFFF;texto;no;;;;;;;;;;;;
H6;1527;MAIP OBUE IMP REUX FJX BUG RJGA MLP MFKX MLP EDJ FTHX DER EDJ OBUE XXVD EDJ BUG JL RJGA XXVD DJ QWW PM CYA XSK AC AT FTHX ACQ FTHX FD QRW REUX QRW OFU FTHX AC MPH FOJC MIZ DFE OFU DJ REUX CR NJ DJ KT XM RJGA KV OBUE IMP UIMC UK ACQ JMHU AQ OBUE DJ;0;16;0xFFFF;0xFFFF;texto;no;;;;;;;;;;;;
H6;1528;KV FJX UIMC MAIP QASH NJ QASH FD FTHX ACQ GAI AT SGT KRKK PH SGT ACQ MFKX DFE NQAB NJ TCRK ACLZ QWW IHI OBUE IHI FOJC LR ENJ BUG FTHX MPH AQ FOJC PM EF KT DFE DER MNU CYA CR IMP ACQ OBUE GAI DFE ENJ HMIC ZKX GAI FTHX ZKX MLP RJGA AT IMP SGT ZR MIZ MNU;0;16;0xFFFF;0xFFFF;texto;no;;;;;;;;;;;;
H6;1529;KT NQAB UK TCRK OBUE REUX KRKK BUG FTHX UIMC DJ ZKX AC OP CH TCRK SY ENJ KRKK CYA ACLZ UIMC ACQ FJX ENJ CR MLP ZR DER QASH BUG XXVD QRW SGT OFU KT EF QWW UIMC NJ FTHX JMHU DFE SGT QASH QASH EF MPH UIMC KT IHI MNU LAX KT DFE PM AAWD ACLZ EF AT;0;16;0xFFFF;0xFFFF;texto;no;;;;;;;;;;;;
H6;1530;OBUE FJX DER FJX GAI UIMC TCRK RJGA PM FJX ZKX AC PH LY FTHX QASH OBUE QRW CYA AC ACLZ ACQ DJ MNU LAX AQ OFU OP ENJ HMIC AAWD ZR IHI EDJ FTHX ENJ LR TCRK KT PH NQAB EF LAX MFKX ACQ REUX PH LAX QRW KT NQAB PM TCRK CH BUG REUX MIZ MLP REUX IMP;0;16;0xFFFF;0xFFFF;texto;no;;;;;;;;;;;;
H6;1531;LAX CR NJ FOJC OBUE LR IHI DFE AAWD ZR BUG MNU UIMC MPH XSK ACLZ NQAB GAI ENJ OP CQD ENJ FD NQAB AT LAX ZKX GAI AT CR CH TCRK IMP IHI MLP MNU OFU DJ GAI IMP REUX MPH DER OBUE CH JL EF ZR XXVD LAX SGT OP FTHX OP XSK SY MPH AAWD FTHX RJGA KT EDJ AAWD;0;16;0xFFFF;0xFFFF;texto;no;;;;;;;;;;;;
H6;1532;IMP KV REUX ZR FOJC JL MFKX MLP CYA MLP BUG XXVD UK IMP REUX OBUE CR MNU AC IMP MPH FOJC JL ENJ MLP ACQ LY MPH JMHU QWW FOJC KRKK CH EDJ ACLZ JL QASH TCRK MIZ CQD ACLZ LR CR CYA CQD MIZ REUX MLP ZR AC FD NQAB EDJ XM EF XSK XSK SY KT KT IMP EF CQD UK;0;16;0xFFFF;0xFFFF;texto;no;;;;;;;;;;;;
H6;1533;RJGA IHI DJ OP IHI DER REUX OFU XM DFE MPH MIZ CR LAX JMHU DER REUX PM MAIP MIZ CQD SGT FTHX AAWD OFU MLP OBUE MLP XXVD QRW KRKK ACLZ ZR DJ SGT GAI AT QASH LAX NQAB SGT FJX MFKX DER SY CR DER XSK GAI AT ACQ SGT XXVD TCRK AAWD KRKK DJ UIMC CH;0;16;0xFFFF;0xFFFF;texto;no;;;;;;;;;;;;
H6;1534;EDJ PM QRW ZKX FJX EF AQ LR PM OFU AAWD EDJ QWW ACLZ MIZ CYA XSK MNU LR CQD MAIP REUX QWW MIZ MPH TCRK FD PM NJ RJGA CYA MPH BUG QASH CYA QWW JL IMP QASH GAI RJGA MFKX LY FOJC QASH FOJC BUG EF LAX KT OFU OBUE PM EDJ FJX CYA FJX MNU MLP ACQ DJ AC;0;16;0xFFFF;0xFFFF;texto;no;;;;;;;;;;;;
H6;1535;KRKK RJGA LAX GAI MPH EF QASH JMHU FOJC GAI LR SY LAX XM DJ ZKX REUX MFKX CYA CQD CQD RJGA UK AAWD OP XM GAI CYA JMHU GAI NQAB SGT DFE KRKK QRW JMHU LR ACQ FD CR ZR AAWD KT DFE HMIC AAWD XSK LY CR CQD GAI AC UIMC LAX PH LAX HMIC GAI QRW LR XXVD;0;16;0xFFFF;0xFFFF;texto;no;;;;;;;;;;;;
H6;1536;PH MLP PM OBUE CH HMIC CR EDJ OBUE QRW ZR JMHU ACQ MLP MAIP FOJC CYA DJ UK REUX DER MPH CR OFU EDJ LR BUG JMHU ZKX MAIP DER MAIP TCRK QRW LAX REUX ZR LY MNU PH GAI OFU DFE ZKX ENJ OBUE SY UIMC CR MPH OP XXVD MLP AQ LR PM DER QASH TCRK NJ;0;16;0xFFFF;0xFFFF;texto;no;;;;;;;;;;;;
H6;1537;NQAB RJGA HMIC XXVD RJGA PM SY KV XSK AT CYA HMIC CH KRKK NQAB MPH FD MPH OFU BUG EDJ HMIC HMIC EF AAWD OBUE SGT IHI OFU TCRK OP ACQ MFKX MPH FD AT CR LY EDJ ENJ QWW LR MNU QWW LAX AT IHI JMHU XSK CR KT SY XM CH AC AC HMIC MAIP XM ZKX CYA AAWD DER;0;16;0xFFFF;0xFFFF;texto;no;;;;;;;;;;;;
H6;1538;EF ZR CR JMHU MIZ QASH SY EDJ ACQ AT FJX OP FD FOJC HMIC JL EF ZR UIMC OFU KT ZR KT MAIP QWW XM MPH LAX NJ NJ EDJ JL FOJC MNU MPH MPH DFE AC MPH MAIP DER KRKK QASH XM TCRK MNU QASH BUG CH JMHU PH ACLZ FD MPH ZR LY CQD NQAB DJ UIMC JMHU TCRK;0;16;0xFFFF;0xFFFF;texto;no;;;;;;;;;;;;
H6;1539;SY MAIP JL AQ DER ACQ DJ LR EDJ GAI MAIP FOJC PM MLP MAIP UK LAX KV MNU FOJC IHI PM DJ KRKK CH IMP QRW UK XXVD PM OP KT FOJC PH FJX XSK PH PM ZKX QWW UIMC PM CQD ZR JMHU TCRK QWW AQ CQD DFE QASH AQ MIZ CR QWW CYA UK REUX CH QASH MPH LR ENJ XXVD;0;16;0xFFFF;0xFFFF;texto;no;;;;;;;;;;;;
H6;1540;FOJC GAI ACQ GAI UK FTHX QRW JMHU DER EF ACLZ RJGA MIZ CQD LY JL DER RJGA CH PH DER KT MLP NJ AQ CYA ZKX KRKK AAWD FJX GAI ZR OFU SY LR XSK ZKX FOJC EF REUX CYA SY AQ CQD MFKX IHI ZR ACQ CYA MLP GAI TCRK DER FD HMIC EF ACLZ REUX OFU GAI PH UK NQAB;0;16;0xFFFF;0xFFFF;texto;no;;;;;;;;;;;;
H6;1541;DFE KT BUG REUX NQAB AT ENJ MLP ACLZ SY FJX JMHU ACQ XM FD UIMC JMHU RJGA JMHU LY UIMC RJGA EDJ KV XM CH AQ LY AT REUX LY AQ LAX LAX QASH MAIP UK AQ DJ MNU KT JMHU QWW EDJ AT XSK REUX PH ZR CQD CQD HMIC OP AQ RJGA FD QRW ZR MPH MFKX CH REUX;0;16;0xFFFF;0xFFFF;texto;no;;;;;;;;;;;;
H6;1542;MFKX TCRK IMP IMP ACLZ AC MAIP AAWD ACQ AAWD MNU AC OBUE DER XXVD MPH ENJ JMHU KT CR GAI KV FD XXVD AAWD XSK MLP LAX FTHX DFE KRKK DFE RJGA JMHU EDJ KRKK LR TCRK AQ DFE GAI PM FOJC LR MAIP AC OBUE JL ACQ SY NQAB UIMC FTHX FOJC NQAB MPH OBUE KT;0;16;0xFFFF;0xFFFF;texto;no;;;;;;;;;;;;
H6;1543;KT KV ZR CYA PH OP MNU QRW AAWD FOJC OP AT KRKK CYA KRKK QRW FTHX OFU ACLZ IHI LAX ACLZ REUX PH QASH PH JL EF BUG IMP ACLZ EF ACQ OBUE DER PM DFE CR ENJ RJGA BUG SGT FD DFE UIMC XM AC CR REUX JMHU IMP KRKK QASH LAX ACLZ EDJ MIZ ZKX HMIC CYA;0;16;0xFFFF;0xFFFF;texto;no;;;;;;;;;;;;
H6;1544;MIZ CQD FOJC AT CYA PH PM QRW XM OBUE UIMC MPH AT CYA JMHU FJX HMIC MLP EDJ GAI IHI JMHU PM JMHU UIMC FJX MNU KV REUX MLP FTHX TCRK DJ KRKK DFE UK IHI MPH XM CH OBUE FJX PH UK ZKX DJ KT CYA QRW CQD IHI ENJ NJ OP HMIC QWW AT FOJC CQD BUG QRW HMIC PH AC;0;16;0xFFFF;0xFFFF;texto;no;;;;;;;;;;;;
H6;1545;MLP CYA KT FOJC QASH REUX IHI FOJC XSK AAWD MIZ ACQ FJX CYA CH HMIC CR HMIC SY CQD REUX UIMC TCRK KT RJGA MLP FTHX ENJ EDJ UK MNU KT MAIP HMIC ZKX SY DER SGT FOJC ACLZ ENJ QWW FD XM DER FJX SY OFU DER LY FOJC IMP RJGA FD MFKX MIZ QWW ACLZ BUG FD ENJ;0;16;0xFFFF;0xFFFF;texto;no;;;;;;;;;;;;
H6;1546;SGT LAX MAIP PH KRKK ZR PM ZKX IHI FD MLP UIMC KV KT XXVD NJ KV DER NJ OBUE KRKK OP LY CH OFU NQAB XXVD JL ZKX FD NJ UIMC MPH ACQ CR NQAB OBUE MFKX EDJ REUX PH LY AQ KV REUX OBUE MPH IMP JL GAI OFU AT LR OFU OBUE FD CYA FOJC JMHU FD JMHU TCRK XXVD;0;16;0xFFFF;0xFFFF;texto;no;;;;;;;;;;;;
H6;1547;JMHU OBUE UK MNU DJ OFU JL FTHX ACLZ XSK KRKK JMHU IMP IMP MFKX RJGA ACLZ DFE CH ZKX KRKK PM LY JMHU PH CYA AAWD MAIP XSK OP ZR MLP UK QWW LR HMIC XSK KV JL ACLZ XSK DER AC KT BUG DJ RJGA DJ QRW FTHX MIZ SGT SY ZR CYA NQAB FTHX BUG CQD ACLZ;0;16;0xFFFF;0xFFFF;texto;no;;;;;;;;;;;;
H6;1548;FTHX IHI KT MNU AT CH CR QRW CQD ACLZ CYA AQ JL XXVD DER REUX FJX CQD XM MFKX XM CH NQAB SY CYA QASH KV FTHX CH AT FOJC OP KV OBUE CH DFE CQD AAWD OBUE LY QWW SY REUX FOJC ACQ QASH MFKX KV PH MPH JMHU AC KRKK JL EDJ DJ UK PH XXVD REUX KT MAIP KV EF CH;0;16;0xFFFF;0xFFFF;texto;no;;;;;;;;;;;;
H6;1549;PM CYA EDJ DFE MFKX QASH XSK RJGA FJX FOJC JMHU TCRK LAX OP MPH FTHX CR MNU AAWD XSK CH EF MNU CH KRKK GAI DJ MAIP DJ EF AAWD UIMC FOJC DJ FTHX XXVD AQ OFU OFU NJ ZKX XSK CQD CR FOJC PM NJ MFKX SY RJGA XSK BUG MNU KRKK CH EDJ MNU EF IMP KV MAIP;0;16;0xFFFF;0xFFFF;texto;no;;;;;;;;;;;;
H6;1550;JL ENJ QRW JL XM NJ DJ IHI SGT GAI QRW DER ACLZ FOJC IHI XSK FD QASH MPH PH XM EF IMP JMHU SGT OBUE MAIP EF TCRK TCRK RJGA NQAB FOJC KT IMP PM BUG FTHX DER CH FJX ZR EF EF CH CH GAI AT AQ LAX ZR ACQ AT KRKK BUG UK LAX ZKX AT RJGA ENJ AQ JMHU JL FOJC;0;16;0xFFFF;0xFFFF;texto;no;;;;;;;;;;;;
H6;1551;EDJ MAIP DJ AAWD UIMC XXVD NQAB FJX JMHU DFE AT ACLZ MLP RJGA IHI DER LR AQ GAI ACLZ MNU NQAB KV LY PH XXVD LR MPH AC QRW HMIC CH OFU XXVD KT MAIP AC DER CH AQ PM FD CQD MAIP ZKX UK EF KT PH FJX SGT KV QWW UK DJ KV XXVD ENJ CR PM LR DJ BUG OFU KT;0;16;0xFFFF;0xFFFF;texto;no;;;;;;;;;;;;
H6;1552;ENJ CH UIMC AC PH ZR IMP DJ KV OP HMIC FJX AC LAX LR FTHX BUG MFKX CH ENJ OP TCRK AT XXVD NQAB DFE NQAB JMHU NJ BUG QRW ACLZ UIMC PM FOJC UIMC MNU HMIC ACLZ MAIP LR LY UIMC FTHX OFU KT QRW XSK OP BUG BUG JMHU NQAB MFKX XM XXVD OBUE CH LR;0;16;0xFFFF;0xFFFF;texto;no;;;;;;;;;;;;
H6;1553;ZKX RJGA AC MPH REUX EDJ OFU FD KRKK SY QRW ACLZ AQ CYA ZR IHI QWW MAIP OBUE XXVD QWW ACLZ AT XXVD SGT QASH IMP PH LR IHI SY XM QASH CQD DFE IMP XXVD PH TCRK FTHX QRW ZR MFKX LY HMIC FTHX NQAB OBUE JL PM ACLZ FJX UIMC BUG LAX AQ KT IHI ZKX LR FTHX;0;16;0xFFFF;0xFFFF;texto;no;;;;;;;;;;;;
H6;1554;ENJ OP FOJC AC OFU DER XXVD BUG OBUE ACLZ NJ DFE FJX UK HMIC FJX CQD RJGA FJX XXVD JL AC KRKK AAWD ZKX MIZ DFE HMIC KV XSK IMP QRW FOJC AT SGT IMP QWW OBUE KV OBUE ACQ AC ACLZ CYA DER KRKK KV PH UK SGT LR XXVD AQ MAIP QWW IHI OFU RJGA MPH QWW KT EF LR SGT;0;16;0xFFFF;0xFFFF;texto;no;;;;;;;;;;;;
H6;1555;FD ENJ AC MAIP OBUE ENJ EDJ LR MNU GAI CYA LY FTHX KV EF TCRK QWW XM OBUE LY MFKX JL QWW AQ XXVD LY KRKK AAWD ACLZ XM RJGA CH KT MFKX DER FD XXVD AQ AAWD AC MFKX FD ZKX OP SGT PH FOJC MAIP TCRK EF REUX MPH BUG IHI LY OBUE DJ JMHU OP UK IHI;0;16;0xFFFF;0xFFFF;texto;no;;;;;;;;;;;;
H6;1556;XM IHI AQ NQAB AC KV MIZ XXVD DER HMIC IMP DER CH EF LR MAIP MLP UIMC XXVD CH LAX LAX XM LY UIMC QASH BUG JMHU QRW XXVD BUG OBUE AT MIZ IHI RJGA IMP RJGA ENJ OFU DFE KV NJ OFU KRKK SY EF DER CQD AQ CR AAWD AAWD CR SY DJ AQ OP MLP NJ QWW QRW MNU;0;16;0xFFFF;0xFFFF;texto;no;;;;;;;;;;;;
H6;1557;BUG HMIC KV LR MFKX MAIP CH EF JMHU MFKX UK FTHX AT FTHX QRW QWW PM NQAB PH LY DER ZR UK KT MAIP SGT MPH KRKK OFU MIZ EF CR PH MNU OFU MLP LY JMHU FTHX RJGA JL AAWD XSK AC XSK AQ QWW SY XXVD DFE MPH ENJ QWW QWW LR PH SY OBUE KV BUG XXVD EDJ EF AQ FOJC;0;16;0xFFFF;0xFFFF;texto;no;;;;;;;;;;;;
H6;1558;MPH ENJ REUX JMHU MIZ ZR REUX TCRK QASH FTHX FJX RJGA CYA JMHU JL MLP DJ MFKX ENJ FD AC XM FJX QWW IHI DJ MAIP MPH MIZ OBUE LR XXVD KV OP ENJ ENJ LR IHI FTHX BUG KRKK GAI ZKX UK LY HMIC REUX JL DFE FJX AT UIMC AAWD AT OBUE UIMC JL MFKX XM;0;16;0xFFFF;0xFFFF;texto;no;;;;;;;;;;;;
H6;1559;LR FJX UK XXVD RJGA LAX OFU IMP AAWD MNU KT OBUE REUX FJX AAWD PM JMHU PM EF CQD EDJ EDJ MIZ ENJ RJGA LY UIMC OBUE ENJ PM ACLZ FTHX GAI MPH DJ XM QWW JMHU UIMC MFKX IHI OFU QRW AAWD CQD SGT HMIC JL KV LY DER MAIP FD CYA MLP EDJ MIZ KT JL IMP SGT IMP;0;16;0xFFFF;0xFFFF;texto;no;;;;;;;;;;;;
H6;1560;JL QWW SGT AC CQD UIMC QWW UK NQAB MLP FJX HMIC ACQ PH QASH KRKK NQAB PM AAWD MPH CR FJX MLP MIZ GAI QRW CYA QASH XSK IMP ACLZ PM MAIP QRW ACLZ FOJC MAIP OFU CQD GAI MNU QWW HMIC FOJC FD SGT LAX PM ACQ ENJ DJ LAX LR SGT DFE AAWD XSK XM UK KV CQD XSK;0;16;0xFFFF;0xFFFF;texto;no;;;;;;;;;;;;
H6;1561;MPH XXVD ACQ JL ACLZ SGT MIZ IMP QASH MIZ IMP CR MIZ MFKX FD RJGA AT QWW AAWD JMHU MNU BUG TCRK HMIC OP KT DFE XM RJGA AC DER CR MNU MNU FOJC RJGA OBUE OFU CH JL XM MAIP MIZ DFE CH PH QRW CQD OP RJGA MLP JL AT AQ TCRK JMHU CQD ACQ KV XM PM QWW KT CQD;0;16;0xFFFF;0xFFFF;texto;no;;;;;;;;;;;;
H6;1562;MNU REUX TCRK MLP GAI MLP BUG AQ XM CQD SGT CQD DER IMP MNU CQD GAI MFKX NQAB KT XXVD CQD IHI HMIC AQ JMHU OBUE ZR FOJC ACLZ DER JMHU EF XXVD OP DFE GAI UIMC XSK IMP DFE KT FD CQD PH QASH AQ AC EDJ AQ ZR DJ QWW EDJ DJ NJ IMP IHI JL JL FJX KV REUX;0;16;0xFFFF;0xFFFF;texto;no;;;;;;;;;;;;
H6;1563;GAI SGT MIZ IHI QWW KT IHI ACQ ZR ACQ XM JMHU ACQ AQ MLP IMP OFU AAWD KT FTHX FD ENJ MPH MLP IMP JL CQD IMP MIZ KV EF LAX CH BUG MFKX UIMC FD OBUE PH XSK RJGA XSK MLP AQ KV IMP NJ DER DJ NJ PM AAWD LY EF LR DJ EDJ ACQ IMP EDJ MPH KT AAWD ENJ LY;0;16;0xFFFF;0xFFFF;texto;no;;;;;;;;;;;;
H6;1564;KT ENJ UIMC SGT FD UK MAIP AT QASH MLP KRKK ACQ PH EF KV SGT UK CR CQD IMP FJX KRKK DER FJX NQAB IHI BUG ZKX ZR XXVD TCRK OBUE LR AT ENJ OP JMHU AT BUG KRKK TCRK AC OFU XM ENJ KT LR XXVD GAI REUX IMP SY JMHU XM OFU ACLZ QASH ZR AC AC HMIC CQD;0;16;0xFFFF;0xFFFF;texto;no;;;;;;;;;;;;
H6;1565;ZKX MLP QASH KT NJ CR DER MFKX SY HMIC XSK RJGA ACLZ IMP ENJ OP PH OP PM KRKK LR OP JL DER TCRK FD MLP EF CYA TCRK XSK KV EF AQ DJ MNU CQD NQAB MIZ KV OP AAWD AAWD IHI OFU FJX DJ OP TCRK RJGA KRKK OFU UIMC KRKK MNU FJX AQ REUX CR REUX CYA IMP;0;16;0xFFFF;0xFFFF;texto;no;;;;;;;;;;;;
H6;1566;LAX AT ZR IMP UIMC UIMC MAIP NJ HMIC REUX MNU IMP OBUE KRKK MAIP CH LAX FOJC LAX LY KV LR CYA CYA MAIP AC XSK IHI QWW FTHX QRW MNU SGT NQAB XSK OFU XSK IMP EDJ CYA CH FTHX ZKX GAI KT MAIP KRKK MFKX AQ MNU FTHX REUX MNU QWW AQ DJ CH AQ XSK QASH ACQ HMIC;0;16;0xFFFF;0xFFFF;texto;no;;;;;;;;;;;;
H6;1567;AQ ZR CH RJGA DFE RJGA MFKX GAI CH OFU RJGA FTHX ENJ OP EDJ MIZ CYA MIZ XXVD REUX KT NJ LY IMP TCRK OBUE QASH RJGA PH FOJC EF KRKK LR IHI PM EDJ FOJC AAWD AT CR CYA ENJ IMP SGT JMHU OP CR FD MAIP KV ACLZ REUX EDJ JMHU EDJ NJ ZKX MFKX DJ FJX CH;0;16;0xFFFF;0xFFFF;texto;no;;;;;;;;;;;;
H6;1568;DFE XSK LR TCRK SY ZKX LR DFE CR MLP FTHX EDJ DJ LY MAIP LY UK REUX ACQ RJGA MIZ CYA MFKX KV QRW PH DER UIMC LR OP CYA UIMC DER SY UIMC ACQ ZR QWW MPH AQ UIMC AT JMHU FOJC MPH MAIP ZR AQ NQAB AT MFKX DFE RJGA MNU MNU UK HMIC EF KRKK ZKX SY REUX EDJ;0;16;0xFFFF;0xFFFF;texto;no;;;;;;;;;;;;
H6;1569;ACLZ IHI MFKX DJ DJ MNU XM OBUE ZKX PH XM PM MAIP EF AC JMHU GAI IHI OP AQ BUG MLP EDJ AC EDJ QRW FTHX GAI DFE QASH REUX SY IHI MNU NJ MFKX AT ZKX FTHX LY RJGA SGT RJGA ENJ MIZ FD TCRK LAX AQ REUX MFKX MFKX SY AC REUX LR QASH BUG DJ TCRK UK QASH CQD;0;16;0xFFFF;0xFFFF;texto;no;;;;;;;;;;;;
H6;1570;QRW QASH KV DJ RJGA QRW JL FOJC MAIP REUX QASH OFU MPH KRKK TCRK DJ REUX DFE MFKX AC AAWD AAWD QRW JL UIMC MPH KT KT FD REUX CH DJ UK RJGA REUX OP CH XM OP ZKX LR KRKK AT KT LR MNU KT MAIP MAIP XM MPH ENJ GAI SGT NQAB KT XM MFKX LAX FTHX PM;0;16;0xFFFF;0xFFFF;texto;no;;;;;;;;;;;;
H6;1571;CH SY ZR NQAB LY PH HMIC LR OP XXVD XSK CQD XSK CQD NQAB KT MFKX TCRK ACLZ ZKX REUX OBUE MPH DER OBUE FOJC KT BUG FD CQD MAIP IHI QASH UIMC ACLZ KRKK EDJ XM LAX ZKX MAIP FJX KRKK SGT XXVD XSK ZKX KT KRKK DER RJGA RJGA KT XM UK FD PH LR QASH CR MPH REUX;0;16;0xFFFF;0xFFFF;texto;no;;;;;;;;;;;;
H6;1572;UIMC CH AQ OFU RJGA AC MAIP UIMC FTHX LR MIZ DFE AT MNU KRKK MLP CR EDJ OFU FOJC DJ AQ ZR KT AQ QRW FTHX FTHX XSK MNU UIMC SY CR PM FD MFKX CQD XXVD NQAB FJX CYA AQ SGT IMP RJGA IMP CH EDJ ZKX EDJ LR OBUE XXVD UK CYA OBUE CH ZKX MPH ACLZ SGT EDJ ZR;0;16;0xFFFF;0xFFFF;texto;no;;;;;;;;;;;;
H6;1573;MNU PM MFKX DER RJGA NJ LR DFE FOJC UK NQAB MIZ MIZ FTHX UK LY ACLZ PM UIMC BUG UK MPH SY DER UIMC KRKK DFE CYA LAX XSK REUX BUG MFKX XSK OBUE AAWD LAX UK CYA PM CH LR JL MIZ EDJ ZR NQAB MLP MLP QWW GAI EDJ EDJ OP JL SGT OBUE NJ LAX IMP IMP DJ KV LY;0;16;0xFFFF;0xFFFF;texto;no;;;;;;;;;;;;
H6;1574;MFKX NQAB PH DFE ACQ ZR MLP KRKK AC KV PH BUG DFE CH FOJC UK JL CR REUX LR TCRK AC XM FTHX JMHU GAI PM XXVD QRW EF REUX PH ACQ CR OFU NJ ZKX SY NJ RJGA ENJ CR UK MPH PH KT GAI HMIC PM MLP ENJ EDJ OFU CH CH ACLZ GAI ENJ XXVD CQD TCRK MFKX QASH CH;0;16;0xFFFF;0xFFFF;texto;no;;;;;;;;;;;;
H6;1575;BUG KRKK CYA GAI QRW CQD EF EDJ AT CR PM OFU XSK JL QASH RJGA MFKX NJ NJ QASH MIZ LAX NJ AQ FTHX KRKK ZR ACLZ DJ LY DFE DER CYA LAX QWW LAX QASH CH KRKK MNU UIMC XM OFU FD OBUE SGT RJGA DFE FOJC FJX ACLZ MFKX SGT XSK SY IMP OP SGT FD AAWD CR;0;16;0xFFFF;0xFFFF;texto;no;;;;;;;;;;;;
H6;1576;TCRK MAIP JMHU SGT JL KRKK MFKX KT KV XXVD JL PH KT DJ MNU QWW OFU EDJ JMHU EDJ KRKK AC BUG KT LY PH PH MAIP ACLZ OP HMIC CR PH GAI KV EF JL AAWD ZR NJ ENJ DJ HMIC GAI ZKX OFU OBUE AC MFKX FOJC IHI KRKK FJX XSK SY LAX OFU GAI JMHU CR AC MAIP SGT REUX;0;16;0xFFFF;0xFFFF;texto;no;;;;;;;;;;;;
H6;1577;EF XM ACLZ MIZ KRKK IHI XSK MLP MAIP OFU ENJ AC GAI MFKX CQD UIMC AT AQ QWW XM FJX ZKX ZR AT OBUE KT JL LY CYA AC XSK LAX XM LAX QWW UK NJ MAIP JMHU CH LR ACQ FTHX MFKX OFU FOJC DJ IHI MLP PM FOJC GAI QRW PH MPH ZR QRW QASH ZKX UIMC KRKK FJX PH;0;16;0xFFFF;0xFFFF;texto;no;;;;;;;;;;;;
H6;1578;DFE LR RJGA ZKX OFU AAWD GAI PM FTHX XXVD ACQ FD ZKX HMIC ZKX OP CYA ZKX PH JMHU AC XSK PH JL FJX MAIP ENJ FJX AQ CYA PH LY OBUE NJ MFKX ACQ CQD AQ UIMC TCRK MAIP XSK UIMC AQ LY OFU ZR MAIP MNU FJX LY NJ HMIC JL UIMC TCRK ZKX XSK ENJ DFE EF AC AAWD;0;16;0xFFFF;0xFFFF;texto;no;;;;;;;;;;;;
H6;1579;FTHX PM FOJC PH SY DJ UK SY LY AT TCRK BUG FD OFU IHI EF SGT AC MFKX LY MLP NQAB CQD HMIC RJGA REUX UK CQD AC PH QASH MIZ SGT UIMC CH LR ZR SGT IMP IHI RJGA MLP EDJ MLP PH KRKK IMP PH AAWD PH NQAB HMIC QWW EDJ EF UK AC DJ FTHX NJ ZR IMP AC SGT;0;16;0xFFFF;0xFFFF;texto;no;;;;;;;;;;;;
H6;1580;REUX LR SGT MFKX BUG UK ZKX JL UK QASH IMP REUX EDJ QASH BUG PH IHI LR SY IMP MLP JL ZR FJX EF XM FTHX ENJ MNU QRW AT NQAB JMHU DER QWW FJX EDJ FJX IMP DER EF CQD MNU IHI RJGA XXVD EDJ OBUE OP XM FD KV MPH FD ACLZ MNU FTHX AAWD LAX LY ACLZ JMHU KRKK KRKK;0;16;0xFFFF;0xFFFF;texto;no;;;;;;;;;;;;
H6;1581;CH REUX ZKX AC KRKK XXVD EDJ BUG OP PM AAWD OBUE TCRK NQAB HMIC ENJ AC CH JL LAX PM UK MPH FJX DFE SGT LAX CR LY PH NJ QWW MAIP EF DJ MLP FJX CQD QWW RJGA UK KV MIZ PM ENJ RJGA LR SGT SY LR QRW QRW JL UK LY SGT MIZ UK FOJC AT IHI DER PM MFKX SY;0;16;0xFFFF;0xFFFF;texto;no;;;;;;;;;;;;
H6;1582;SY TCRK ZKX DER UIMC GAI ACQ PH SY DJ QRW LY JMHU KV ZKX OP OBUE OBUE OP TCRK IMP RJGA ACLZ XM DER DJ SGT DER PM MLP DJ CQD KV JMHU LAX XXVD IMP OBUE JMHU FTHX TCRK QRW GAI MNU NJ ZR NJ IHI OFU TCRK MFKX LY GAI AT HMIC XSK CYA DJ FOJC NQAB;0;16;0xFFFF;0xFFFF;texto;no;;;;;;;;;;;;
H6;1583;IMP MAIP QASH KT XM QWW IHI QRW SGT BUG NJ MFKX SGT JMHU PH MLP ACLZ NJ OP MAIP XM QASH QWW ACQ ACLZ KRKK SY MPH ACQ DJ OP SY SGT XM EF NQAB OP NQAB AQ XXVD JMHU KRKK HMIC FD IMP PM CR CR KT NQAB DER XSK DJ TCRK MIZ FOJC ZKX NQAB CYA JL IHI NQAB MPH DJ;0;16;0xFFFF;0xFFFF;texto;no;;;;;;;;;;;;
H6;1584;OBUE SY ZKX CH RJGA MFKX JMHU MFKX ACLZ QRW ZKX HMIC JMHU OFU MLP AQ EF OFU NJ ZKX MAIP OP DER CQD KRKK MPH QASH OBUE SY KV AQ MLP QRW LY FOJC KRKK KV MIZ ENJ CYA KT ENJ PM SY LY DJ AQ PH SY IMP RJGA DJ JMHU LY JL MLP FOJC LR GAI SGT DFE QASH;0;16;0xFFFF;0xFFFF;texto;no;;;;;;;;;;;;
H6;1585;JL BUG AC OFU MIZ EDJ MIZ MIZ FTHX CH ACLZ PH FJX QWW NJ CQD JL ENJ GAI NQAB JL AQ ENJ OFU FTHX FOJC QRW PM KRKK IMP QWW PH CR AC HMIC UK MFKX CR LAX TCRK REUX REUX LR FOJC MPH JMHU PH QRW JMHU MAIP KV PH PM MIZ MFKX REUX SY CQD LR EDJ QRW DFE IMP;0;16;0xFFFF;0xFFFF;texto;no;;;;;;;;;;;;
H6;1586;MNU REUX MPH AT CR KRKK FTHX LAX ENJ QASH OP HMIC AT DER MIZ ACLZ KV AQ ACQ OP OFU ZKX CYA JL FOJC QASH EF ACQ XM FOJC BUG QRW IHI FJX TCRK CQD MFKX CYA HMIC MFKX NQAB DJ AC DJ KV ACQ BUG HMIC MNU MAIP REUX OFU KT ACQ MNU AAWD OFU IHI SY AT DFE ENJ;0;16;0xFFFF;0xFFFF;texto;no;;;;;;;;;;;;
H6;1587;HMIC AT OP PM CR DFE QWW LY KT AT AT AT DER BUG REUX MFKX REUX DFE SY ACQ QWW GAI SGT MPH AAWD CQD FJX XSK QRW EF FD NJ ACQ BUG MLP ZR IMP OBUE AQ MIZ IMP UIMC EF AC KV QRW KT XXVD RJGA ZKX JMHU SY LY AQ NJ BUG KRKK LY FD PH MNU EDJ QASH MNU AAWD;0;16;0xFFFF;0xFFFF;texto;no;;;;;;;;;;;;
H6;1588;LR ZR MLP FOJC MIZ UK SY KT ACQ TCRK DFE JMHU XSK OBUE KV OP FTHX QWW GAI MPH KV XSK DJ MNU XM JMHU PM AQ KV KRKK ACQ JL XM NJ RJGA CH XM DFE FTHX KRKK ZKX QWW ACLZ UK LR FOJC NQAB LR UIMC SGT JMHU AC MPH SY IHI REUX BUG UIMC QRW NQAB MPH CR MAIP;0;16;0xFFFF;0xFFFF;texto;no;;;;;;;;;;;;
H6;1589;PH CYA UK SY AQ HMIC XSK FOJC OBUE XM CH LAX XSK RJGA AC AT LY JL AT QRW AT AC UK ZR DER MLP UK SGT AAWD PH DER RJGA OBUE UK DER UK AAWD ENJ JL SY UIMC QASH XXVD MNU KV LY AQ ZKX SY RJGA QWW PM NJ NQAB PM BUG BUG SGT CQD QRW QASH XXVD OBUE OFU;0;16;0xFFFF;0xFFFF;texto;no;;;;;;;;;;;;
H6;1590;PM MFKX MPH AT MFKX CH MFKX LR FTHX JMHU ZR BUG XM LAX QRW KV IHI LR KV MPH XXVD XXVD QWW SGT XXVD SGT CR JL DER SY CYA LR TCRK MFKX UIMC UIMC MFKX PH KV LR FOJC CH MPH JMHU XSK MPH XXVD ACLZ MIZ UK AQ FTHX REUX IMP MNU MFKX MLP AQ CYA EDJ TCRK;0;16;0xFFFF;0xFFFF;texto;no;;;;;;;;;;;;
H6;1591;OP FOJC IHI UIMC ENJ REUX EDJ AT FD KT LY CH HMIC NQAB KV FOJC PH MIZ NJ ACLZ ZR EDJ AC MLP EF BUG MNU EF LR LAX SGT HMIC FD XSK SY SGT SGT FJX FOJC AQ UIMC PM AAWD NQAB OFU SY IMP LY DFE QRW MFKX SY QASH NJ EF ZKX OFU CQD DER FJX FJX KT XSK ACQ LAX;0;16;0xFFFF;0xFFFF;texto;no;;;;;;;;;;;;
H6;1592;ZKX MNU FOJC NJ ZKX OP MFKX MLP FD KT KT SY MPH QRW CH LY CYA DJ FTHX LY GAI XXVD AAWD UIMC EDJ OP KV CQD FJX AAWD QASH JMHU CH KRKK XXVD DER XM REUX IHI REUX ZR SY FOJC CYA KT LY KT GAI LR XM LAX NQAB NQAB XSK AQ PM SY PM DFE KRKK DFE DER ACLZ MIZ KT;0;16;0xFFFF;0xFFFF;texto;no;;;;;;;;;;;;
H6;1593;UK TCRK CYA CH FJX NQAB MAIP UIMC KV OFU MLP DER EDJ FD FJX AT GAI FD XM UIMC RJGA TCRK LAX QASH CYA QWW AAWD CYA FTHX OFU NQAB LAX FD ZKX BUG HMIC CR AAWD EF DFE MLP MFKX NQAB UK HMIC EDJ MLP MLP QRW MIZ XXVD PH PM SY QASH QRW ZKX SY UK ZR ACQ;0;16;0xFFFF;0xFFFF;texto;no;;;;;;;;;;;;
H6;1594;JL HMIC MLP KT ZR UK XXVD AQ OP AT OFU MFKX DJ LAX REUX CR PM QASH KT PH ZR OP NJ DER HMIC ZR HMIC LAX IHI ZKX MAIP MPH OBUE XM LR IHI AC BUG QWW AC OBUE OBUE MFKX ACQ OFU RJGA LY LR LY FTHX ENJ JL QRW AQ MFKX JL UIMC TCRK KV EF ENJ BUG LAX AQ MAIP;0;16;0xFFFF;0xFFFF;texto;no;;;;;;;;;;;;
H6;1595;FJX OBUE BUG DFE AQ ACLZ FTHX DFE CH IHI CR MLP CQD ZR PM MFKX BUG DJ KRKK MPH FTHX IMP ZR FD FTHX RJGA OFU LAX IHI NQAB LAX EDJ OBUE DJ DFE ACQ SY JL FOJC ACQ NQAB KRKK LR GAI IHI MIZ QWW KRKK ZKX KT ZKX OFU FJX MPH OBUE DJ DJ MLP QRW TCRK FJX EF XXVD;0;16;0xFFFF;0xFFFF;texto;no;;;;;;;;;;;;
H6;1596;DJ SGT FTHX IHI BUG ACLZ MPH ACQ REUX MFKX ZKX MNU PM ACQ FJX OFU AQ JL KRKK KT RJGA LY ZR QASH XM JL CH FJX ACQ MAIP FJX LY TCRK PH FJX XXVD UK EF TCRK XSK JL QWW PH GAI MNU ENJ EDJ DER ZKX QRW UIMC OFU SGT ACQ QWW GAI QWW NJ EF IHI XSK LY ZKX;0;16;0xFFFF;0xFFFF;texto;no;;;;;;;;;;;;
H6;1597;QWW MPH KT PM SGT EDJ PM CYA QASH PM JL OP MFKX FTHX IMP QWW DFE MAIP OP ZKX FOJC NQAB GAI CYA KV MAIP FJX QWW FJX OBUE MIZ LY CYA MLP NJ NJ CH ZKX QASH CH IHI AQ MFKX LAX IMP UIMC QASH MIZ LR NJ LR MIZ HMIC MIZ AAWD IHI ENJ KT CYA PH SY MPH;0;16;0xFFFF;0xFFFF;texto;no;;;;;;;;;;;;
H6;1598;DFE AQ EDJ OBUE BUG QWW LAX AAWD MAIP EDJ SGT ZR PM JL CQD EF KRKK AQ MIZ UIMC UIMC EF JL CYA MFKX MPH QASH AT KRKK OFU MNU ZKX QASH OP KRKK SY NJ AQ SY PH ACQ SGT SY DER JMHU DER LR TCRK DJ FJX KV ACLZ QWW ZKX KT CR LR KT FD OFU OP CH ACLZ QRW REUX;0;16;0xFFFF;0xFFFF;texto;no;;;;;;;;;;;;
H6;1599;HMIC FOJC CQD MIZ NQAB BUG NQAB CH MIZ UK HMIC JL BUG MNU DJ IMP ZR MAIP ZKX KRKK CH ACQ OBUE KV HMIC AAWD GAI ENJ RJGA FJX MFKX BUG KT HMIC DFE ACLZ QWW OFU EF DJ JMHU QASH IMP QWW CQD NQAB PH CYA GAI ZKX ZKX SGT AAWD AT QWW MFKX ZR AT CR SY;0;16;0xFFFF;0xFFFF;texto;no;;;;;;;;;;;;
H6;1600;UK SY REUX JMHU SY CYA TCRK DER EDJ EF OFU ZR LAX DJ NQAB MLP ACLZ FJX BUG JMHU XXVD EDJ ACQ EF QASH IHI UK IMP FD DER FD QWW OP MLP SY BUG CYA MAIP AC LY GAI TCRK AT LR LR CYA KRKK XSK SGT MIZ PM CQD KT RJGA IMP FOJC QASH BUG LAX MFKX MAIP;0;16;0xFFFF;0xFFFF;texto;no;;;;;;;;;;;;
H6;1601;MPH LR OBUE KV MIZ CR EDJ AQ CYA EF ZKX QASH HMIC UIMC SY XM OFU MLP AT IMP IHI FOJC UK ENJ OBUE PM FTHX XSK FJX FJX GAI GAI XSK RJGA PM ENJ JL GAI ACLZ FOJC PM NQAB IMP PH QWW LAX NJ ACLZ NJ EDJ MLP NJ KV UK TCRK JL JMHU KRKK MIZ ZR ACQ FJX MPH AT MAIP;0;16;0xFFFF;0xFFFF;texto;no;;;;;;;;;;;;
H6;1602;JL IHI HMIC LR FJX AAWD AQ MNU KT ZKX CR REUX DFE DFE OBUE GAI UIMC FTHX AAWD ENJ KRKK MIZ AQ PM DJ HMIC SY PM MFKX NQAB DER FJX DFE OFU CYA AT ACLZ RJGA MIZ XSK CH MPH NJ NQAB OBUE ACQ MAIP DFE CQD AC AQ DER FOJC MAIP KRKK CYA TCRK GAI UIMC CR FOJC;0;16;0xFFFF;0xFFFF;texto;no;;;;;;;;;;;;
H6;1603;KV FOJC PM FD LR AAWD FTHX LR ENJ CQD KV QWW ACLZ MAIP FTHX ACQ IHI OBUE FD AT KT FTHX LAX LR PM CYA JL REUX KRKK XXVD DFE EDJ IMP EF RJGA REUX REUX XM QRW XM PM NJ KRKK MIZ OBUE IHI DFE HMIC OP KRKK QASH ZKX HMIC SGT KRKK QWW OFU SGT MAIP IMP;0;16;0xFFFF;0xFFFF;texto;no;;;;;;;;;;;;
H6;1604;HMIC IMP NJ FTHX KRKK TCRK UIMC MFKX GAI QASH XXVD SY UK FJX LAX XXVD MPH GAI CR QWW PH IHI FOJC DFE OP JL KT QASH CQD JMHU QASH MIZ PM ZKX PM KV MIZ XM AAWD UK AT CH CYA LAX TCRK CH LR UIMC FTHX QWW MLP GAI PH QRW XM ZKX IHI XXVD QASH CYA BUG ZR;0;16;0xFFFF;0xFFFF;texto;no;;;;;;;;;;;;
H6;1605;FJX ZKX NJ OBUE FOJC NQAB QWW JL PH XXVD MPH DFE CR ENJ MLP DJ NJ DJ AAWD MLP FJX FD EF EDJ SY AAWD MNU FTHX RJGA EDJ AQ CH OFU UIMC TCRK PM LY TCRK LAX AQ OBUE AT MLP QWW CQD GAI AAWD JL OFU LAX UIMC AC DER UK DFE REUX TCRK BUG NQAB XXVD FOJC MFKX;0;16;0xFFFF;0xFFFF;texto;no;;;;;;;;;;;;
H6;1606;XSK IMP EF QRW HMIC AAWD DER AC DFE OBUE PM FJX JL OP ZR AC AAWD MLP KRKK PH DER EDJ IMP EDJ ZKX OP OP ACLZ HMIC JMHU JL ACLZ OFU REUX OP ZR JL QWW PH QRW AC UK QASH IHI OP TCRK DFE CQD AC ZR IHI REUX OP HMIC MIZ DER KT FTHX SY LR OBUE QWW MLP JMHU OBUE;0;16;0xFFFF;0xFFFF;texto;no;;;;;;;;;;;;
H6;1607;EDJ QRW PM LAX TCRK MNU EF ENJ XSK ZR ACLZ CR MAIP CYA AAWD KT CR AT SGT CR MLP JMHU MFKX GAI UIMC UK FJX AQ QASH MAIP ACQ ZKX HMIC QRW KV ACLZ CH DER FD ACLZ LR SGT XSK BUG UK MFKX ACLZ FD DER NJ ENJ IHI ZKX QWW ZKX EF BUG GAI UIMC NQAB AAWD GAI NJ;0;16;0xFFFF;0xFFFF;texto;no;;;;;;;;;;;;
H6;1608;OP EDJ FJX AT KT REUX LY ZR JMHU AC CQD IHI UIMC XXVD CH MIZ AT LAX LY ENJ PH XM CR QWW MFKX RJGA DER ACLZ LY NJ GAI DER CQD FTHX AAWD JL FD QRW AT FJX PH MNU CYA ZR UK REUX RJGA ZR ZKX NQAB NJ HMIC BUG SY AAWD EDJ MNU QASH FD ZKX MAIP UIMC OFU BUG;0;16;0xFFFF;0xFFFF;texto;no;;;;;;;;;;;;
H6;1609;MFKX CQD FJX XXVD FTHX LR FOJC LY NJ MFKX QWW HMIC MIZ UK QRW MFKX JL LAX IHI AT LAX KV ACLZ PM DFE OBUE AQ JL MNU NJ PM EDJ MLP QASH SGT QWW QRW DJ RJGA UIMC ACQ XSK XXVD LY KV MNU FJX XXVD AC MFKX EDJ XM UK JMHU ACLZ TCRK DER EDJ ZKX LY LAX;0;16;0xFFFF;0xFFFF;texto;no;;;;;;;;;;;;
H6;1610;EDJ LAX CQD CYA PH MAIP IHI AQ NJ RJGA NJ DER KV PM UK OFU DFE KT AQ DJ MIZ MFKX XM ACLZ HMIC ENJ KRKK DER FD ZKX XSK AAWD XSK MPH IMP EF ACLZ IHI LY DJ NQAB FJX MIZ XSK XSK XXVD ACLZ TCRK QRW IMP FOJC KV SGT FJX SY FOJC ACLZ CH EF OBUE TCRK;0;16;0xFFFF;0xFFFF;texto;no;;;;;;;;;;;;
H6;1611;KV HMIC QWW RJGA EDJ ACQ DER PH AAWD NJ QASH LR OBUE ACQ OFU XSK MIZ EDJ QWW CYA XSK MNU TCRK OFU MAIP PH EDJ KV RJGA REUX KT GAI XXVD ZR LY NJ JL ACQ DFE DFE GAI OP CYA ACQ MIZ ZKX LY XXVD ZKX MPH ZKX AC KRKK FTHX PH PM NJ ZR BUG MIZ CYA REUX SY HMIC AC;0;16;0xFFFF;0xFFFF;texto;no;;;;;;;;;;;;
H6;1612;MPH ACLZ XXVD KV EF AQ IHI LY XM AAWD ZR KRKK GAI MAIP QASH XSK MNU MIZ MLP QASH KRKK GAI KV FD AQ PH QRW CH CR DER ACQ MNU AQ MLP ENJ SY TCRK ZR TCRK DFE IMP AC FD KV UIMC CQD REUX MNU OBUE MNU UK FD DFE LR FD LAX FTHX ACLZ QWW OFU UK FOJC REUX;0;16;0xFFFF;0xFFFF;texto;no;;;;;;;;;;;;
H6;1613;ZKX OP UK CQD PH CYA ENJ CH LAX CQD MIZ ACLZ AQ CYA AAWD DJ OBUE MAIP FJX FD ACLZ KV REUX KV XXVD AC FJX DJ CYA KRKK REUX IHI PM QASH UIMC SGT OP ACLZ KRKK PM BUG LAX MNU XSK AC XXVD QRW MAIP CYA HMIC SGT QASH OFU FD ZR MLP KT SY XSK DJ CR UK OFU QASH;0;16;0xFFFF;0xFFFF;texto;no;;;;;;;;;;;;
H6;1614;BUG NJ CYA IMP DER GAI MPH MNU EF CH LR KRKK XSK KT OBUE ENJ FOJC GAI OFU NQAB MIZ IHI AQ IMP KRKK CR HMIC GAI LAX ENJ ACLZ AQ UK MAIP MLP SY LAX UIMC RJGA QRW KV NJ EF XM KV QWW OFU LR MPH AT XXVD IMP DFE UIMC TCRK CYA RJGA GAI AAWD AC IHI UIMC;0;16;0xFFFF;0xFFFF;texto;no;;;;;;;;;;;;
H6;1615;MAIP CH QRW MFKX AT DFE BUG OP ZKX XSK KT AC ZKX FD OBUE FJX QWW DER KT REUX IHI CR JMHU ACQ REUX CR QWW ACQ UIMC ACQ CH RJGA SY JL QASH FJX FD MPH LR HMIC XSK DFE QASH CYA IHI ACQ CQD CH ZKX XXVD MLP FD OFU MNU EDJ QWW BUG FTHX LAX ENJ IMP TCRK JL KV;0;16;0xFFFF;0xFFFF;texto;no;;;;;;;;;;;;
H6;1616;GAI MIZ FOJC MNU LAX LR FOJC FD DER AAWD HMIC KV CR QWW LAX NQAB CYA OFU OBUE KV ACQ MFKX XM KT HMIC NQAB ZKX UIMC OBUE AAWD KRKK XM ZR CQD TCRK MPH HMIC KRKK FD UIMC JMHU NQAB AAWD GAI ENJ XXVD HMIC MPH QWW UIMC CYA MFKX TCRK QASH OFU UK;0;16;0xFFFF;0xFFFF;texto;no;;;;;;;;;;;;
H6;1617;IMP IHI KRKK FTHX REUX ACLZ LY LAX AC CYA HMIC KT OFU SY IMP CYA DJ QRW CYA QASH FTHX PH EDJ NQAB IHI CYA MFKX TCRK EF ACQ PM PM PM FTHX QASH HMIC QWW KRKK CQD QASH REUX SGT SY HMIC LY LR AT AAWD ZKX FTHX XXVD QASH FD AT MLP TCRK SGT MFKX;0;16;0xFFFF;0xFFFF;texto;no;;;;;;;;;;;;
H6;1618;GAI HMIC XM LY UIMC RJGA DFE NQAB DER RJGA MFKX ACLZ ZR EF ZR XXVD JL IHI OP JMHU MLP QASH QASH LY NQAB REUX CR LAX MLP BUG MNU NQAB CH KT SGT AAWD LY QASH NJ JL XXVD ACLZ NJ TCRK LY JMHU KRKK RJGA FTHX DJ NQAB OFU AT LR AQ SGT EF QASH OFU JL CYA;0;16;0xFFFF;0xFFFF;texto;no;;;;;;;;;;;;
H6;1619;GAI MLP CH QRW GAI XSK MAIP ENJ XXVD MIZ HMIC ACQ QASH PH CH LR IMP KT PM UK KRKK UIMC FD FD PH MNU MFKX KT FJX KT XSK EF ENJ IHI CH FTHX HMIC IHI MPH REUX EF FD EF XXVD SY MLP SY FD DER NQAB ACQ ACQ DJ MAIP MIZ ENJ KV MLP MPH UIMC XXVD MNU;0;16;0xFFFF;0xFFFF;texto;no;;;;;;;;;;;;
H6;1620;UIMC QWW IHI ZKX OBUE ACQ MAIP OP SY QWW FOJC FD NJ DJ MLP SY QWW REUX FD DER QRW BUG MIZ REUX RJGA MAIP DER REUX AT IHI SY AC LAX DFE SGT BUG UIMC QRW LAX CR XXVD DER DER MFKX QRW ZR CR UIMC XXVD FTHX MAIP NJ FD NJ QWW BUG ENJ CH GAI PM PM KT UK;0;16;0xFFFF;0xFFFF;texto;no;;;;;;;;;;;;
H6;1621;KV QASH ZKX NQAB TCRK DER AAWD AQ FD FTHX OBUE XM ZR REUX FD OFU EF AT EDJ LY OFU DER GAI CQD HMIC ENJ ZKX AAWD PH CR DFE GAI AQ BUG EF AAWD HMIC EF XXVD AT AAWD AQ FJX ENJ MPH DER XSK CH NJ BUG AC IHI TCRK CQD GAI OBUE REUX UK MLP EDJ NQAB KT MNU ZKX;0;16;0xFFFF;0xFFFF;texto;no;;;;;;;;;;;;
H6;1622;AC KV JMHU ACLZ DER NJ FOJC FOJC AQ JMHU XXVD UIMC KV CYA ZKX CH IHI MFKX XSK CR ENJ REUX XSK FD KT LR XSK FTHX IHI CQD KRKK KV DER MNU CH HMIC CR OFU FJX SGT MFKX GAI ZKX IHI ZKX QASH IMP CR LAX DFE FTHX OP JL MNU PM NQAB REUX RJGA UIMC LY MPH;0;16;0xFFFF;0xFFFF;texto;no;;;;;;;;;;;;
H6;1623;QRW XSK ZKX EDJ JMHU DFE KT KV DJ FJX CYA ACQ KRKK REUX SY REUX IMP ACLZ QWW QASH MIZ MAIP TCRK XXVD DFE CH BUG MIZ MFKX FTHX XXVD QRW NJ MFKX SGT RJGA TCRK CR MPH AQ BUG BUG NJ SY LR KV LAX CH KT KRKK IHI DER LR UK ACLZ RJGA ZR QRW JMHU FTHX DJ;0;16;0xFFFF;0xFFFF;texto;no;;;;;;;;;;;;
H6;1624;UK MAIP XSK IMP XSK MPH XM UK DFE OP UIMC UIMC NJ XM UIMC CH KT FJX SY XM AQ SY CR MFKX OBUE JMHU XSK XSK KRKK KT OBUE XSK MNU AAWD SGT SGT MLP XM IMP OP OBUE FOJC EDJ QASH JL KT TCRK EDJ MNU OFU KT EDJ REUX ACLZ OFU AQ ACLZ UIMC KRKK MLP QASH;0;16;0xFFFF;0xFFFF;texto;no;;;;;;;;;;;;
H6;1625;KT UK LY QASH XSK QRW AAWD LY OP AC QRW MFKX XSK GAI LAX FD XSK QWW LR ACQ MLP XXVD SY MNU IHI UIMC OP DFE MIZ KV AC TCRK CR FOJC MPH FTHX XXVD AT AT AAWD DFE REUX MLP AAWD AC QRW XXVD KV LR OP OBUE CQD SY CH KV BUG EDJ OBUE HMIC MNU SY OFU UIMC;0;16;0xFFFF;0xFFFF;texto;no;;;;;;;;;;;;
H6;1626;REUX TCRK OP KV IMP KRKK KV LY BUG QWW CYA LY KT AQ QRW MFKX CH MPH XM PM OP AC FD MIZ XM ACLZ OP ZKX PH CYA LAX CH JMHU MPH PH NJ QASH MPH FJX LAX OBUE MPH IHI OFU MLP XXVD PM BUG KT MAIP JL MLP KT IMP AC CQD XM UIMC FTHX LAX DJ RJGA ACLZ DER;0;16;0xFFFF;0xFFFF;texto;no;;;;;;;;;;;;
H6;1627;BUG OFU FTHX AC JMHU MIZ REUX PH DER TCRK SY ENJ ACQ KV DER DER JMHU LR BUG HMIC REUX NQAB OBUE FOJC FTHX OFU MLP FJX IHI DER MPH XXVD FTHX DFE KT MAIP ZKX OP ZR EDJ MIZ GAI JMHU RJGA XSK REUX HMIC UIMC MFKX CQD AAWD MAIP FJX IHI IMP QRW GAI;0;16;0xFFFF;0xFFFF;texto;no;;;;;;;;;;;;
H6;1628;GAI JL PH EF QWW AT REUX GAI ACLZ NJ SGT ENJ CQD CQD CR AQ XM KT CH GAI HMIC DFE XXVD DFE EF IMP AT SGT BUG CYA QWW XSK OP OP IMP MAIP MAIP JL MLP CYA QASH IMP DFE SGT SY MAIP OBUE IMP BUG HMIC LR SGT MFKX SGT OP IMP LAX EF LAX SY MLP REUX REUX AC;0;16;0xFFFF;0xFFFF;texto;no;;;;;;;;;;;;
H6;1629;AQ MPH MNU CYA AT QWW PM PM ZKX LY ENJ LAX RJGA ZKX FOJC EF PM UIMC AT LY DFE MNU MNU CYA CYA ZKX PM OP BUG CQD DER AT ACQ ZR XXVD CYA RJGA CH GAI QASH QASH AC DJ JMHU GAI LY UIMC QRW JL EF JMHU FJX REUX ACQ AC ZKX EF DER MIZ MNU KT FTHX FD CQD ZKX;0;16;0xFFFF;0xFFFF;texto;no;;;;;;;;;;;;
H6;1630;XSK EF QASH GAI DER ZR ZR PM ZKX ENJ CH ACLZ KV FD ZR NQAB GAI FOJC DJ JMHU CR KRKK JL LR MAIP AQ ZR LAX KT CQD QWW FTHX HMIC QRW OFU FD MNU LY XSK AQ CH LAX KV CR ZKX OBUE FTHX AQ MLP ZKX EDJ CQD DER FOJC BUG AQ IMP QASH UK UIMC DJ DER NJ LR TCRK;0;16;0xFFFF;0xFFFF;texto;no;;;;;;;;;;;;
H6;1631;OFU LY ACLZ MLP AC IMP UK ACLZ ENJ HMIC CH ACLZ FTHX IHI TCRK AAWD RJGA PH SY IHI BUG TCRK AQ OP ACLZ XM XM ZKX EF PH CYA QWW IHI REUX ZKX MIZ CYA ZKX CR KT ENJ HMIC FTHX IMP SGT REUX MNU QWW MPH EF REUX EDJ AAWD AT FTHX XXVD NJ OP OFU ENJ EDJ UK DJ;0;16;0xFFFF;0xFFFF;texto;no;;;;;;;;;;;;
H6;1632;MPH ZR DFE AC TCRK MNU HMIC NJ MNU MPH DFE CYA NJ CQD XM EDJ XM JMHU MLP KV QWW PH AT AC ACQ NJ SGT AT FTHX JMHU NJ CYA ENJ ZKX KRKK XM REUX GAI CYA CH FJX PH BUG KT MPH QASH IMP ACLZ DER MLP XSK UK LR ACQ HMIC MIZ EDJ KT DER CH MLP CQD XSK FTHX ACLZ;0;16;0xFFFF;0xFFFF;texto;no;;;;;;;;;;;;
H6;1633;QRW SY QRW DFE UK FTHX NJ LAX DER AAWD ACQ ZKX CH MPH CR FJX ACLZ UIMC AC DJ KT LAX GAI CYA UIMC ACLZ CQD JL KRKK IMP KRKK REUX AT BUG OP TCRK MIZ LY FTHX BUG ZKX RJGA ENJ CYA LR QASH FOJC JL EF KT ACQ ACQ FOJC XM XM NQAB QRW FTHX XM RJGA MLP IHI NJ CQD;0;16;0xFFFF;0xFFFF;texto;no;;;;;;;;;;;;
H6;1634;DER OP MIZ FD SGT DJ OFU CR IHI QASH OFU HMIC DER OFU QRW ACQ CYA EDJ MPH KT MLP BUG ENJ MFKX QWW PM QASH UIMC SGT EDJ DFE SGT DFE KRKK EDJ XXVD FD ENJ AQ TCRK LAX ACLZ ENJ MFKX RJGA REUX MFKX KT XSK ENJ EDJ CR OFU MAIP SY JMHU AAWD TCRK MFKX;0;16;0xFFFF;0xFFFF;texto;no;;;;;;;;;;;;
H6;1635;KRKK JL OBUE ZR AT RJGA HMIC CQD DJ MIZ DJ RJGA EF ZR PM MNU PH KV XXVD FOJC ACLZ MNU TCRK JL OBUE OBUE FTHX MFKX CQD OP UIMC OFU PM IMP UIMC OBUE FOJC AQ AQ IMP MFKX BUG XSK JL UK RJGA XXVD OFU QRW QASH EDJ TCRK JL DJ XM XSK QRW OFU DFE BUG EDJ AAWD EDJ;0;16;0xFFFF;0xFFFF;texto;no;;;;;;;;;;;;
H6;1636;XM BUG FJX IHI CYA MAIP IHI QWW MPH UK XSK GAI LY IHI LAX EF ZR FTHX ZR UK FD HMIC AAWD OFU EF QASH MIZ ZR TCRK REUX JMHU AAWD TCRK LAX RJGA NJ MLP NQAB BUG KT KV MLP TCRK XM AQ FTHX CR LAX SY DFE LAX NJ UIMC OP RJGA HMIC KRKK TCRK LAX EF CQD ZR LY;0;16;0xFFFF;0xFFFF;texto;no;;;;;;;;;;;;
H6;1637;ZR MAIP QRW MIZ FD EF PH LR MAIP PM LAX OBUE ACQ DFE AT DFE DFE JL MNU EDJ QWW MPH TCRK PM ZKX LAX XSK ZKX PH IHI SY REUX BUG ZR LAX FJX DER XM DFE MFKX QRW EF REUX OFU IHI KV FOJC REUX TCRK EDJ OFU QASH RJGA MNU LAX UIMC ACLZ REUX DER FOJC;0;16;0xFFFF;0xFFFF;texto;no;;;;;;;;;;;;
H6;1638;LY NQAB IHI JL QRW CH MLP ZR SGT DER OBUE FD FD DJ IMP MAIP CR KT FTHX KV REUX QASH MIZ OFU MLP ACLZ LAX MAIP OP KT DJ DJ KV RJGA SGT LY NJ RJGA CR BUG FTHX NJ DER CH MPH LR UIMC ZR AQ EF LAX UIMC JL RJGA UIMC BUG MPH LR NQAB OFU MAIP XXVD SGT PH;0;16;0xFFFF;0xFFFF;texto;no;;;;;;;;;;;;
H6;1639;AQ DER CYA EDJ ENJ MPH REUX PH ACQ ZKX MIZ ZR XSK KV ACLZ JL NJ DFE JMHU XM HMIC OBUE QRW KV EDJ DJ JL EDJ TCRK EDJ OP ENJ KT BUG ZKX PM LR FJX LR RJGA PM DJ XXVD AT HMIC XXVD QRW XXVD TCRK AT SY OP CYA EF LY QRW CR AQ KV CYA UIMC ZKX SY DFE REUX;0;16;0xFFFF;0xFFFF;texto;no;;;;;;;;;;;;
H6;1640;LAX UIMC PM MFKX AAWD PM PH CR ACLZ MLP SY DER TCRK MLP MLP ZKX MIZ JL CR EDJ JMHU PH QASH MNU IHI ENJ MAIP FD AC NQAB MFKX HMIC DJ CH LY DFE UIMC UK ACLZ FJX JL PM NQAB REUX GAI ENJ PM CR XSK DER MIZ PH MNU RJGA PH JMHU ACQ XM EF MPH MLP PH QRW;0;16;0xFFFF;0xFFFF;texto;no;;;;;;;;;;;;
H6;1641;FOJC OBUE FD NJ KV ZKX FOJC MIZ TCRK QRW REUX GAI PM PM XXVD CQD RJGA QASH RJGA XSK CH DER MAIP ZKX OFU MAIP ACQ MIZ KT SGT QRW TCRK GAI FD KV IHI OBUE AQ AC XM DFE MIZ RJGA SGT XXVD OP FOJC REUX DJ KRKK SGT AAWD MAIP NJ RJGA MPH GAI XSK ACQ OBUE;0;16;0xFFFF;0xFFFF;texto;no;;;;;;;;;;;;
H6;1642;SGT KV MIZ LR SGT KRKK CQD PH ACLZ DER JMHU FJX GAI DER OBUE QRW REUX REUX AQ ACLZ AQ FJX CH MPH LR PH LAX FTHX MLP FTHX REUX QASH EDJ LY CYA SGT FTHX HMIC MLP AC JMHU JL KT CH DJ CQD ACLZ JMHU AT FJX PM FD ZKX UK FTHX ACLZ QRW AC EDJ CYA KV KRKK;0;16;0xFFFF;0xFFFF;texto;no;;;;;;;;;;;;
H6;1643;FOJC ZR CYA JMHU QRW KT MPH QRW IHI PH CYA AC LY SY UIMC REUX ACLZ MLP ZR AQ RJGA EDJ UIMC LAX EDJ GAI KV FJX ACQ ACLZ FJX JL ENJ FD FJX LR AQ QASH KT KV REUX OFU PM KV FD ZR EF FTHX MIZ MLP MFKX KRKK JL FTHX OBUE OBUE FD NJ AAWD DFE ACQ PH;0;16;0xFFFF;0xFFFF;texto;no;;;;;;;;;;;;
H6;1644;IHI REUX MPH KT LY KT ACQ KRKK PM MPH XM JMHU KRKK CQD KV CH QWW FD CH EF RJGA LY UIMC TCRK UIMC SY OP DFE LR KV DJ KRKK OFU XXVD MPH ZKX IMP ACLZ KT PH IHI IMP MAIP CYA AC ACLZ CYA QASH ACQ GAI KV PH DFE RJGA AT AT HMIC OP MLP IHI ACQ AAWD;0;16;0xFFFF;0xFFFF;texto;no;;;;;;;;;;;;
H6;1645;LAX MNU KV CQD REUX IMP ENJ MNU LY DFE CR MFKX MNU XM KRKK MAIP AQ PM FD MFKX IMP RJGA FOJC ACLZ LR AT TCRK UK CYA ACQ FD XM DJ FJX OP MAIP MIZ ACLZ MFKX IHI BUG AQ LY CYA OBUE QRW QASH OBUE AQ MFKX OP MPH TCRK TCRK QWW IHI NQAB IMP FJX EF;0;16;0xFFFF;0xFFFF;texto;no;;;;;;;;;;;;
H6;1646;MPH MIZ DER CR QRW BUG EDJ IHI BUG JL NJ CR AQ DER ACLZ MFKX QASH AC KT DFE ZR AQ KT CQD DER CR FD KRKK GAI FOJC XXVD ZR NQAB OP UK ENJ EDJ QASH UIMC MLP XXVD MPH FOJC FD EDJ FJX MLP CR XSK ACQ MIZ MIZ QRW FJX FOJC RJGA KRKK CR SY OP EF ZR;0;16;0xFFFF;0xFFFF;texto;no;;;;;;;;;;;;
H6;1647;ZKX QWW RJGA AQ MFKX XSK XM OP CH KRKK KV ACLZ IMP TCRK GAI FJX RJGA OFU MIZ FJX ACLZ DER BUG FD AAWD UK KRKK NJ EF FTHX EDJ CQD EDJ EF AAWD HMIC CR IHI BUG HMIC XSK HMIC LY DFE BUG MAIP MAIP JMHU ENJ MLP QRW UIMC NJ DJ AQ ACQ KRKK OBUE XXVD CQD ACLZ XM;0;16;0xFFFF;0xFFFF;texto;no;;;;;;;;;;;;
H6;1648;SY AT GAI RJGA PM DFE UIMC OP LAX GAI KV MIZ LR QRW MAIP AQ EF CR ZKX IHI CQD ZR NQAB LR ZKX CH CR JL HMIC SY OFU AAWD JMHU ENJ NQAB REUX DJ EF AC JL OFU LR EDJ GAI ACQ XSK JMHU AC BUG AT ACLZ OP LAX FOJC XXVD NJ PM OFU OFU UIMC ENJ SGT ZR QASH;0;16;0xFFFF;0xFFFF;texto;no;;;;;;;;;;;;
H6;1649;DJ ENJ DJ IHI CQD CYA ACLZ MPH LY KV AT OBUE QASH KT MIZ KV OBUE ENJ OFU JMHU RJGA CQD XSK CQD KV ENJ NJ FJX LY ENJ XXVD ACQ AC CH EF OFU ACQ MFKX QASH CR IHI AC BUG OFU IMP ENJ PH KRKK SGT IMP QRW LAX CQD OP RJGA ACLZ KT BUG LY DJ MNU KRKK;0;16;0xFFFF;0xFFFF;texto;no;;;;;;;;;;;;
H6;1650;FJX HMIC FOJC IHI ACLZ IMP ACLZ HMIC REUX JMHU JL KT EF ZR MAIP CR ACLZ OFU AAWD UK MLP LY KT JL MIZ IHI NQAB AQ QRW UIMC KT KRKK DER HMIC EDJ KT MLP XM CYA CQD RJGA ACQ SGT REUX GAI XXVD CR NJ ZKX AT MLP KT FD MIZ CH IHI JL KV EDJ MPH SGT FJX ZR;0;16;0xFFFF;0xFFFF;texto;no;;;;;;;;;;;;
H6;1651;SY DFE KRKK GAI ENJ KRKK BUG MFKX PH LY REUX XM KV CYA UK MLP ENJ JMHU NJ MFKX GAI NQAB AT DFE BUG AQ DER AT MLP PH QASH LR MNU PM FD BUG IHI MLP SGT KV XSK KT BUG CR MAIP MNU MPH TCRK XSK MPH LAX QRW DJ EDJ QRW AC EF UIMC FJX GAI LAX AQ IMP;0;16;0xFFFF;0xFFFF;texto;no;;;;;;;;;;;;
H6;1652;OFU IMP MNU HMIC ENJ GAI NJ DJ XXVD JMHU ENJ GAI IHI HMIC FD AAWD FOJC ACLZ EDJ QASH TCRK REUX CQD ZR ZKX MAIP LAX UK DFE ZKX LAX XSK XXVD QWW CH MPH UIMC GAI XM AQ MAIP QASH JL TCRK ENJ OP XSK REUX DER IHI EF ACQ FTHX LAX ACLZ MIZ UK MIZ HMIC MNU QRW;0;16;0xFFFF;0xFFFF;texto;no;;;;;;;;;;;;
H6;1653;REUX REUX CR DER XXVD FD QRW UK OFU JL CR PH FD IMP KV MFKX KT MFKX IHI CH OFU XM AQ GAI UK MFKX MFKX HMIC LY DER MAIP MPH DJ MFKX HMIC OBUE ACLZ NJ QWW NJ MNU CH SY CR TCRK UIMC EF NQAB DFE BUG IMP NQAB XXVD ZR QASH SGT ZR OFU JMHU ZKX RJGA;0;16;0xFFFF;0xFFFF;texto;no;;;;;;;;;;;;
H6;1654;MFKX TCRK PH QWW JMHU FJX AC KV OP DFE GAI OBUE QWW FJX OP NJ XSK QRW GAI DJ QWW MAIP ENJ AT UIMC EF CH UIMC BUG XM GAI OFU SY ZR AQ HMIC FTHX FOJC QRW PM ZKX AC ZR MNU ZR SY SGT CH ZR QRW REUX FD AAWD TCRK MLP DJ KRKK QRW QRW IHI LR SGT REUX BUG KV;0;16;0xFFFF;0xFFFF;texto;no;;;;;;;;;;;;
H6;1655;REUX MPH KV MNU ACQ NJ MNU KRKK KV MAIP MNU SY XM MLP FTHX UK JMHU SY SGT SY XXVD FD JMHU FOJC JMHU IHI QRW FTHX UIMC OFU DER AC OBUE OFU NQAB QWW MFKX GAI NQAB LY MNU AT ACLZ IHI OP XXVD ZR ACLZ QASH ACLZ CYA CR EF AT MAIP RJGA LR LY AC OBUE NJ;0;16;0xFFFF;0xFFFF;texto;no;;;;;;;;;;;;
H6;1656;EDJ CYA RJGA SY IMP LY XXVD KT LAX RJGA JMHU KRKK UK QWW AAWD GAI DER MPH CH EF LR CQD KT UK LY AC FOJC XM ACLZ FTHX HMIC LY OFU OBUE CH NQAB BUG RJGA HMIC AAWD FJX TCRK IMP BUG MAIP ENJ FOJC PM MFKX ENJ DFE FOJC NQAB FOJC RJGA XXVD ENJ JL;0;16;0xFFFF;0xFFFF;texto;no;;;;;;;;;;;;
H6;1657;PM LAX REUX LY SGT FD CYA KV ACQ EDJ AC DFE MLP SY ZKX DFE MAIP AT AC AT FOJC IMP FD NQAB DFE AT ENJ FTHX AQ OP DFE LAX QRW MAIP ACQ PM PH IHI EDJ OFU XM FJX AC CQD CR XM FTHX LR OP KV KT ACQ KRKK XXVD MIZ LAX MLP XXVD HMIC SY AQ MAIP XXVD PH JMHU;0;16;0xFFFF;0xFFFF;texto;no;;;;;;;;;;;;
H6;1658;OP FD HMIC MPH FOJC RJGA KV FD MLP MNU AC PH PH AC DJ AC FOJC DFE LY PM DJ XXVD XSK KRKK ENJ FJX PM FD QRW FJX CH KT EDJ SGT RJGA MLP AAWD AT BUG OBUE SGT DJ IHI EDJ KV GAI UIMC FTHX REUX AAWD TCRK NJ BUG MPH UIMC ZR BUG ACLZ PM CYA LY DJ REUX;0;16;0xFFFF;0xFFFF;texto;no;;;;;;;;;;;;
H6;1659;OBUE NQAB CR MIZ DER DJ DJ OBUE FOJC CR CH ZR ZKX OP QWW FOJC CR DER BUG XM CR FD AT ACLZ DER IHI CH LY MPH FOJC BUG IMP BUG NQAB ENJ PH LY OBUE JL CYA PH ACLZ XM EF CR CH UK UIMC FOJC XXVD NJ FD MLP PH AAWD IHI AAWD DFE MNU OFU JMHU REUX ZKX ZR ENJ;0;16;0xFFFF;0xFFFF;texto;no;;;;;;;;;;;;
H6;1660;PH JL MLP LY RJGA QRW XSK DFE OFU NJ ZR SGT ACQ ZR DER QWW PH DER CR UK QWW HMIC CYA MPH DJ REUX FTHX QRW EF MIZ IMP IMP GAI OP XXVD QASH CYA LY AC KT NJ XXVD DJ KV NQAB KV ACLZ SY EDJ KT NJ OP XM FOJC EF DER DFE IMP KV UK KRKK FOJC DER AC GAI;0;16;0xFFFF;0xFFFF;texto;no;;;;;;;;;;;;
H6;1661;DJ NQAB FD HMIC CR ACLZ DJ MLP NJ XM IMP REUX ENJ KT IHI MIZ BUG CYA TCRK ZKX JL IMP DFE FTHX MIZ CR QASH DJ UIMC ZKX MFKX OBUE JL HMIC MNU KT MFKX DJ CH MFKX MNU ACLZ KV FOJC SY ENJ UIMC MLP AC LY NQAB OBUE MAIP IMP MPH FOJC CQD QRW DJ CR QASH MFKX;0;16;0xFFFF;0xFFFF;texto;no;;;;;;;;;;;;
H6;1662;MFKX NJ OP AQ EF DER CH UK NJ LY LR MIZ RJGA CQD KV ZKX EF JL AAWD AC FJX EDJ ENJ MFKX LR EDJ PH UIMC MNU GAI KT KV SY CR QWW FOJC SY ACLZ EDJ KRKK BUG ACLZ AT KV JMHU MPH UK IHI MPH MPH MIZ IMP UK EDJ AC NQAB NJ QASH OP CQD FTHX AQ ACQ RJGA MFKX;0;16;0xFFFF;0xFFFF;texto;no;;;;;;;;;;;;
H6;1663;ZR REUX MLP OFU JL OP QASH ACLZ LY OP QRW FTHX QASH KT KT IMP ENJ ACQ GAI SGT NQAB QRW AC FOJC AAWD MLP LY GAI IMP AT OBUE JMHU CQD RJGA KV CQD OBUE QRW CQD FD AT XSK REUX DJ KV DFE HMIC KT GAI OP DFE JL ZKX MPH EF JL AC MFKX XM PH PH PH CR CQD KV;0;16;0xFFFF;0xFFFF;texto;no;;;;;;;;;;;;
H6;1664;MNU ENJ CQD SGT AT OFU QWW QASH AC ZKX AT ENJ PH FJX KRKK FD ZKX KRKK NJ AQ REUX AC SY MIZ FTHX QRW TCRK GAI FTHX CH ACQ RJGA XSK AAWD IHI CR ENJ EDJ QWW JMHU SGT AC MAIP AAWD IMP EDJ LAX QASH FJX SY REUX LR AC UIMC OP PH MLP SY CQD HMIC AC UIMC FTHX ZR;0;16;0xFFFF;0xFFFF;texto;no;;;;;;;;;;;;
H6;1665;XSK PM XXVD XXVD REUX NJ CQD CYA CYA MIZ MFKX OFU JL FTHX ACQ OP MAIP LY AC ZKX LAX DJ IHI XM AT QASH EF OBUE MLP BUG IHI MAIP AQ OBUE ENJ OFU AC AAWD CQD KT LY ZR OP ENJ DJ NQAB AAWD AAWD IHI TCRK MLP MFKX PH TCRK KV PM ACQ MLP MNU CQD UIMC DER GAI;0;16;0xFFFF;0xFFFF;texto;no;;;;;;;;;;;;
H6;1666;AQ OFU BUG ZR OBUE MNU ACQ KRKK MAIP JMHU SY QRW FD EF UK ENJ AC AQ FD HMIC AQ QWW QASH MIZ KRKK KRKK ACQ MIZ KT QASH QASH FOJC SY BUG ENJ CR PM QWW CR MPH ACQ AQ IHI QASH FD XXVD SY MLP REUX NQAB DER QWW MLP QWW TCRK MLP CYA ACQ REUX RJGA MIZ LY;0;16;0xFFFF;0xFFFF;texto;no;;;;;;;;;;;;
H6;1667;IMP QWW SGT GAI EDJ MNU FJX DJ FTHX MIZ ACLZ AC NQAB AC ACQ EF EF AT DJ RJGA AT CR ZKX FJX FTHX CR OFU EDJ XXVD FD MIZ PM FOJC IMP MPH AAWD ZKX ZKX CR REUX JMHU SY JL LR NJ XXVD ENJ CQD TCRK NJ HMIC AC CQD REUX FJX MIZ TCRK EF REUX BUG DJ EF AQ IMP HMIC;0;16;0xFFFF;0xFFFF;texto;no;;;;;;;;;;;;
H6;1668;NJ EDJ AAWD NQAB BUG EDJ EDJ FD DJ ACLZ AC OBUE FJX QRW UK OP PM LY IMP EF ENJ XSK ZR KV CYA EF ACQ XM KV JMHU FD PM SY LY NQAB OBUE ZKX FOJC AAWD KT ACQ IMP OBUE EF OFU UK FD IHI LY UK DJ CH LR UIMC AT KRKK EDJ REUX QASH DFE QWW AAWD AC PM LY;0;16;0xFFFF;0xFFFF;texto;no;;;;;;;;;;;;
H6;1669;CQD GAI EF FD OBUE MNU XSK PH CYA ENJ IMP HMIC EF REUX JMHU FTHX CH IHI AC JMHU ZKX AC OFU HMIC LY HMIC OP CYA OP BUG FJX ENJ IHI HMIC AAWD EF DFE OBUE CQD QRW JL TCRK TCRK OP XSK QWW FJX PH PH LY FOJC ZKX ENJ MPH NJ FOJC NJ DJ ACQ CH MFKX OP;0;16;0xFFFF;0xFFFF;texto;no;;;;;;;;;;;;
H6;1670;MPH IHI UIMC LAX REUX DJ CQD NJ OP MAIP KV RJGA TCRK AC TCRK CQD LY UIMC ENJ MLP LAX MLP QRW OP MAIP DER AQ KRKK FJX ACQ MNU PH QRW JMHU JMHU ENJ IHI JL OBUE PH XSK BUG MAIP AQ UIMC UK PM CH AQ NJ LAX KRKK FD OP JL PM CH QASH PM AT RJGA OFU BUG MNU MLP;0;16;0xFFFF;0xFFFF;texto;no;;;;;;;;;;;;
H6;1671;ZR NQAB EDJ MAIP LY FTHX ZKX UIMC QRW KT FOJC OBUE MIZ JMHU HMIC QRW REUX IHI XSK MPH MPH BUG IHI FD KV FJX FJX HMIC DER XXVD FTHX TCRK BUG QRW EF UIMC BUG KT MNU PM JL OBUE AC FOJC QRW LY NJ OP MLP RJGA AT FTHX XSK XXVD CYA OP BUG EDJ MLP REUX;0;16;0xFFFF;0xFFFF;texto;no;;;;;;;;;;;;
H6;1672;ACQ XM PH GAI IHI KT XM GAI IMP AC LY IMP RJGA JL KV IHI FD MNU FOJC UIMC CQD MPH OBUE ZR LR AQ PM LAX KRKK DJ BUG SGT FD SGT ZKX DER JL KRKK MIZ FD FOJC JL MAIP CR XSK TCRK SY FTHX DJ TCRK LAX XXVD DER NJ ACLZ JMHU AAWD AC LY QWW ENJ EF IMP KT;0;16;0xFFFF;0xFFFF;texto;no;;;;;;;;;;;;
H6;1673;REUX SGT XSK ZR REUX MPH MFKX MPH ACQ HMIC DJ AQ OBUE KV DER PH ACLZ OBUE MAIP LAX LAX CH NJ AAWD UIMC KRKK ACQ XSK BUG MIZ SY DJ MAIP SGT QWW IMP QRW NQAB IHI XXVD PH QASH AAWD DER TCRK KV PM OP GAI OBUE MFKX FTHX AT XXVD LR QWW FD TCRK HMIC;0;16;0xFFFF;0xFFFF;texto;no;;;;;;;;;;;;
H6;1674;MAIP FD UIMC IHI PM AQ QRW ZKX IHI EF NJ AC AC HMIC QASH AT QRW RJGA DFE AC DFE FTHX MIZ DJ ZKX GAI REUX QRW AC CYA GAI TCRK KRKK AT XSK GAI HMIC JL CH UIMC GAI AT OP QWW XXVD EDJ KV KRKK AC PM SY LY QWW OFU ACQ IHI PM PM IHI FJX MIZ EDJ MPH MPH FOJC;0;16;0xFFFF;0xFFFF;texto;no;;;;;;;;;;;;
H6;1675;MPH RJGA LR OFU KV GAI OFU ZKX DJ AAWD GAI KT LAX AAWD XXVD UIMC CH KT SY BUG MAIP QRW ENJ XSK SGT DFE SY CR XSK UK MFKX EF TCRK QWW EDJ FOJC MFKX LAX PH UK IMP RJGA TCRK ZKX JL CH SY XXVD ACQ KT PM IHI OFU KV HMIC BUG JL NJ NQAB XSK DFE ZKX MNU;0;16;0xFFFF;0xFFFF;texto;no;;;;;;;;;;;;
H6;1676;SGT BUG SGT AQ QASH PH MPH PH CR CQD ZKX CQD FD QWW UIMC CH JMHU UK AAWD IHI JMHU MIZ AAWD FOJC PH MAIP LY XM AC EDJ JMHU REUX SGT KRKK LR MAIP CH OP ZKX XXVD MNU PH MFKX KV KRKK DER LR FTHX EDJ QRW PH LY FD CYA ZKX ZR UK XSK XSK MPH JMHU IHI KV UIMC;0;16;0xFFFF;0xFFFF;texto;no;;;;;;;;;;;;
H6;1677;SGT MFKX MNU QRW MPH QWW PM MNU ZR ZR XM NQAB AC FD UK FJX ACLZ JMHU IMP CQD EF LR JL MLP LAX FD SGT MPH EF CYA ENJ FTHX AC QWW JMHU NJ UIMC AQ QASH CYA MNU LR RJGA PH MIZ MIZ AC NQAB DJ IHI OFU NQAB KT SGT JL JMHU AAWD EDJ BUG AAWD MAIP UIMC UIMC KT QWW;0;16;0xFFFF;0xFFFF;texto;no;;;;;;;;;;;;
H6;1678;REUX RJGA EF AC OBUE EF EDJ UIMC MLP AT EF MIZ RJGA MPH KRKK SGT MFKX KRKK QRW XSK BUG ZR JMHU LY LR AT SY FTHX XSK BUG AC TCRK MAIP XXVD MLP DJ QASH OP AT XM AC AT UIMC XSK LY BUG DFE EDJ TCRK FTHX GAI MPH FTHX PH REUX OBUE QWW MPH FTHX DFE FD;0;16;0xFFFF;0xFFFF;texto;no;;;;;;;;;;;;
H6;1679;XSK OBUE FD LR MFKX MNU FJX KT XXVD IMP MNU MFKX CR XM AAWD MAIP KRKK MAIP MAIP OP CYA NQAB EDJ NJ XSK PH DJ JMHU EDJ AT KV OBUE IMP ENJ QASH MLP UK OP OFU JMHU RJGA MLP DFE MIZ FTHX DJ PH AC TCRK QWW GAI UK UK IMP EDJ UK UIMC KV FJX AAWD ZR;0;16;0xFFFF;0xFFFF;texto;no;;;;;;;;;;;;
H6;1680;AAWD ZR LR UK MFKX RJGA DJ KV XXVD DFE ENJ REUX ACLZ NQAB DFE KT SY CR GAI OFU LY NQAB AAWD XM UK DJ KV AAWD MIZ XSK GAI REUX CQD DFE CH EDJ ACLZ CR FTHX CYA MIZ ACQ PH FTHX FD IHI AAWD ACLZ SGT REUX CQD MFKX ZKX GAI DER TCRK CR DER ZR SGT AQ IHI KRKK;0;16;0xFFFF;0xFFFF;texto;no;;;;;;;;;;;;
H6;1681;MLP SY NJ KV UK FTHX AC MLP SGT OBUE QASH MAIP MIZ EDJ UK ZR QWW DER AQ LAX LY DER JL XM PH EF AAWD FOJC FD FOJC LY OP UK ACQ JL XM REUX CQD BUG FJX ZR XSK QRW MIZ REUX AQ FTHX CQD FTHX AAWD XXVD AC EF HMIC BUG RJGA UIMC MFKX JMHU OFU NJ IMP RJGA;0;16;0xFFFF;0xFFFF;texto;no;;;;;;;;;;;;
H6;1682;RJGA BUG AQ CYA XM REUX AQ MAIP SGT EF FTHX XSK NJ TCRK GAI MFKX FD ACLZ CQD MAIP CQD KV BUG ZR EDJ EDJ XXVD SY JL LR SGT MIZ UIMC REUX LR FOJC EF NJ LAX XM FJX TCRK ZR JMHU SGT SGT MAIP REUX ENJ UIMC NQAB DER ENJ REUX DFE AAWD AQ MLP AQ;0;16;0xFFFF;0xFFFF;texto;no;;;;;;;;;;;;
H6;1683;FOJC CYA HMIC PM EF NQAB AQ EDJ XM KRKK MIZ REUX REUX CQD OP GAI KV EF XXVD AAWD NQAB QRW CR PM UK LAX MAIP LAX IHI ZKX RJGA ZR UIMC NJ UK CQD EDJ AC MPH UIMC IMP QWW CH DER FD FJX FD SGT PM REUX ZR ENJ FD NJ EDJ ZKX FTHX PH ZR QASH CYA UK JMHU ACLZ;0;16;0xFFFF;0xFFFF;texto;no;;;;;;;;;;;;
H6;1684;EDJ FD DJ MIZ ZR DJ ENJ KRKK SY DER EF JL ACQ CH BUG QRW NQAB IHI IHI LR EF MPH FTHX AAWD MFKX FD CQD MFKX EDJ ACQ MAIP JL DJ DJ NQAB UIMC TCRK MIZ MIZ AAWD QASH ZKX JL AC OFU XSK LY DFE AAWD IMP IHI IMP AQ EF TCRK ACQ FJX QWW PM UK XXVD SY LR AT;0;16;0xFFFF;0xFFFF;texto;no;;;;;;;;;;;;
H6;1685;ENJ PM AT MNU OFU IMP FOJC IHI QASH ACQ ACLZ LR MIZ SGT ACQ CQD FOJC GAI QWW ZR ACQ KV XXVD PH AAWD OFU OFU TCRK MIZ UK DER KT FTHX AC MAIP OP CR MAIP IHI KRKK CQD DER AQ FTHX MFKX OP FD QRW LAX CR KRKK NJ PM PM DFE MNU ACQ ZKX XSK SGT KV IMP UIMC NQAB;0;16;0xFFFF;0xFFFF;texto;no;;;;;;;;;;;;
H6;1686;CQD GAI FOJC IHI DER MIZ PH FJX OFU XSK PM CQD ZKX CQD AC OFU DER MAIP AT FOJC FJX DER RJGA NQAB QWW SY AQ EF BUG PH SY XM SY LAX KT ENJ AC EDJ BUG ACLZ AQ KV REUX SGT QASH QASH KV EDJ DFE QWW XSK BUG XXVD OP ZR MNU OP MPH PM OP UK OP EF UIMC ZR;0;16;0xFFFF;0xFFFF;texto;no;;;;;;;;;;;;
H6;1687;QRW PM JMHU FJX LR EDJ XM MIZ ZKX JMHU CH DER KT KRKK IHI OFU IHI CH NJ UK ZKX LY OFU TCRK ACLZ FTHX GAI JL IMP ZKX XSK MFKX SY OFU JL JMHU NJ PH DFE AT QRW IHI XXVD UIMC SY UIMC KV ENJ TCRK FOJC AC MAIP SY ACLZ OFU MIZ ENJ RJGA CH CQD KRKK CH OP EF LAX;0;16;0xFFFF;0xFFFF;texto;no;;;;;;;;;;;;
H6;1688;KRKK QRW QWW QASH JMHU NQAB SGT AC DJ MNU JL BUG XXVD XSK AAWD CYA XM MLP CR MFKX MPH LR FTHX MPH UIMC EDJ KV ACQ SGT SGT FOJC EF PM QRW ENJ CQD CQD EF MIZ MLP OBUE EDJ DFE BUG PM AQ MFKX OBUE DER ZR DER MLP IHI DFE LAX TCRK DFE JMHU SGT CYA QRW;0;16;0xFFFF;0xFFFF;texto;no;;;;;;;;;;;;
H6;1689;KV XM JMHU DFE REUX FTHX FTHX MIZ IMP OBUE KV GAI JL PH AQ PM EF LR QRW FOJC FTHX MNU LY LR GAI IMP DFE XM KV AT BUG SY QRW XM KT OFU LR CYA PM QASH UK UIMC JL ACLZ DJ MFKX FD FJX ZR ACLZ QASH MLP JL SGT ACLZ EF KRKK ENJ QWW JMHU HMIC XSK MAIP QASH CR;0;16;0xFFFF;0xFFFF;texto;no;;;;;;;;;;;;
H6;1690;AAWD NQAB AT CQD NQAB MAIP OP NQAB XXVD ACQ SGT EF MPH UK SGT ZKX OFU REUX SY JL LR ZKX AAWD REUX CH QWW MPH PH MLP PH OP JL MLP PM AC AAWD UK MIZ NQAB SY ACQ UIMC RJGA LY KV KRKK XXVD LAX JL OFU LY XXVD MAIP ENJ UK JL FOJC QASH FTHX REUX BUG UK;0;16;0xFFFF;0xFFFF;texto;no;;;;;;;;;;;;
H6;1691;OP XSK XSK OFU AQ EF OP PM MPH DFE MFKX XSK MPH IHI JMHU CYA SY MFKX MFKX REUX UK JL LAX FJX XXVD AAWD DJ FJX EDJ OP MFKX XM KT OFU OP AC CQD JMHU SY LAX CYA TCRK JMHU ZR OP FD BUG CH NQAB TCRK KT MAIP LY EF NJ AC SY FOJC XXVD EF NJ XM NJ ACLZ UIMC;0;16;0xFFFF;0xFFFF;texto;no;;;;;;;;;;;;
H6;1692;UIMC CR OFU OBUE CH EDJ PH OBUE SY JMHU IMP ZKX CQD KRKK HMIC XM PH HMIC AT FJX PM AQ MNU ACLZ BUG UIMC LY PM PM IHI LR XSK GAI AAWD MAIP BUG MIZ ZR SY GAI ACLZ SGT IMP ZKX DJ ENJ GAI ENJ ZR XSK EF RJGA MLP NQAB NJ ACQ XXVD RJGA CQD CH JMHU ACQ;0;16;0xFFFF;0xFFFF;texto;no;;;;;;;;;;;;
H6;1693;MPH CR QRW QASH XM RJGA XSK PM LAX UK LAX AAWD SGT BUG NQAB DER OP AQ MAIP IMP CR PM OP JMHU DFE XM MPH ZR LR QWW NJ IHI MPH FTHX DFE DFE DFE FOJC MLP GAI PH QASH XXVD AQ UK FD AT KV LR REUX ZR ZKX MLP CH ZR QRW DFE KRKK QWW MLP IHI DFE AAWD ZR IHI;0;16;0xFFFF;0xFFFF;texto;no;;;;;;;;;;;;
H6;1694;AQ OFU PM MFKX UK HMIC MLP BUG FD DJ EF XM DER QASH PM OP QRW SGT PM REUX PH JL OP QRW FOJC MIZ ZKX EF OFU MIZ CR LY JL REUX LAX JMHU UIMC ACQ XSK LAX RJGA HMIC ACQ UIMC FD KRKK LR JL IMP HMIC MFKX UK OP AAWD XXVD FD XSK AT MLP UK BUG FTHX AAWD EF;0;16;0xFFFF;0xFFFF;texto;no;;;;;;;;;;;;
H6;1695;UK CR QASH LAX AAWD NJ CH CYA MNU LY MAIP FOJC MLP FTHX ZR EF LAX MFKX NJ XSK SGT FD OBUE AC KT MNU FJX FTHX FOJC OBUE UK FTHX PH ZR KRKK KV ACQ JMHU KT OFU QWW MLP XSK TCRK OP MIZ EDJ AT MIZ GAI KT LR QASH XSK SGT UK JL OBUE EF EDJ LAX LY ACLZ NJ;0;16;0xFFFF;0xFFFF;texto;no;;;;;;;;;;;;
H6;1696;UK AQ AC REUX UK XM JMHU XSK FD KT UK ZKX MIZ LY XSK JMHU REUX MAIP OBUE ENJ DJ KT CR DJ OP DER ACQ MLP EF SGT MIZ MLP DJ MLP AAWD CQD PM AQ KT HMIC CH EDJ MNU OFU ACLZ CH ACLZ MFKX SY ZKX KRKK FD SGT NQAB GAI QWW AC GAI REUX MAIP SY MLP SGT AQ MPH;0;16;0xFFFF;0xFFFF;texto;no;;;;;;;;;;;;
H6;1697;NJ JL AT PM PH ENJ MNU RJGA DJ KV DJ LR BUG SGT XSK QASH CH AQ XM LAX AAWD KV ZR XXVD MAIP ZKX REUX EDJ XXVD CR DFE XM OFU DJ AT QWW LY XM AQ EDJ LR IMP PM QRW FOJC IHI MFKX TCRK MAIP OP OFU CR KT AT MFKX DER GAI REUX SGT PM XSK KV ENJ UIMC TCRK;0;16;0xFFFF;0xFFFF;texto;no;;;;;;;;;;;;
H6;1698;XM FD MLP KT JL MNU XSK XM OFU FTHX KRKK CQD UK QRW NQAB BUG FJX TCRK BUG CYA ZKX JL CQD REUX XSK KRKK MLP CH CR MNU MLP QRW KT HMIC FD KV ACLZ IHI EDJ ACQ CQD FD GAI KT LR UK LR CYA REUX NQAB MLP DFE KRKK KRKK AQ LY GAI FJX ZKX JMHU FTHX KT FOJC;0;16;0xFFFF;0xFFFF;texto;no;;;;;;;;;;;;
H6;1699;MNU OP PM EF SY PM CH XSK LAX ZKX OP RJGA QWW OP AC PM OBUE OBUE REUX FJX PM CYA FTHX LR FTHX SY LAX LAX GAI MIZ FD KT MPH MPH KRKK MFKX ZKX LR KV LY IMP MPH CH HMIC EDJ FOJC LAX FOJC EDJ QWW MFKX JMHU CQD CR ACQ QRW QWW RJGA FD QRW MFKX FTHX;0;16;0xFFFF;0xFFFF;texto;no;;;;;;;;;;;;
H6;1700;IHI ENJ AT NJ DFE BUG ENJ UK TCRK MPH CYA ACQ LAX UK ZKX AC BUG XSK ZR MAIP FD OP XXVD SY MIZ LR LAX ZKX CQD PM RJGA HMIC CH ZR DFE DJ IHI MNU MIZ PM OFU ZR XXVD AC FTHX ZR NQAB OBUE KRKK GAI QASH JL UK PH KRKK BUG KRKK ENJ CR REUX HMIC JMHU CR AC;0;16;0xFFFF;0xFFFF;texto;no;;;;;;;;;;;;
H6;1701;ACQ JMHU IHI DER CH CQD AQ QASH EDJ IHI SY NQAB PH ACLZ OFU EF AQ NQAB MPH PH UK MLP DJ ZKX LR NQAB PM AC KV XXVD ZR NJ MLP OP GAI OFU XSK DJ LR RJGA LR QRW LY QRW CH MNU AC REUX LAX ENJ PH OFU HMIC NQAB MAIP HMIC MAIP CYA OFU DJ MAIP KV DER QRW;0;16;0xFFFF;0xFFFF;texto;no;;;;;;;;;;;;
H6;1702;QASH UK SGT BUG FOJC CYA QRW DJ IHI CR CH HMIC ZR SY DJ MAIP EF FJX SY KT QRW HMIC XXVD MNU MIZ QWW ZR AC MFKX EDJ KRKK OFU AQ HMIC FTHX ACQ UK AC JMHU MFKX KV NJ OFU PH RJGA ACQ OFU SGT TCRK LR DJ KV OP SY REUX MLP IMP OFU AAWD IHI CQD XM EDJ;0;16;0xFFFF;0xFFFF;texto;no;;;;;;;;;;;;
H6;1703;EDJ AQ OFU GAI ZR KV ACQ ZR BUG IMP BUG QRW NJ MLP CQD AC NJ XXVD OP FTHX CR JL FOJC CR OBUE MAIP MPH AT CQD MFKX NJ HMIC KT PM KV XSK QWW OBUE NJ LY BUG MFKX AAWD AAWD LAX XM AQ PM XM GAI UK HMIC HMIC QASH ACQ SY FD KT PM KRKK XSK MLP LY FJX CYA;0;16;0xFFFF;0xFFFF;texto;no;;;;;;;;;;;;
H6;1704;CR SGT KV REUX MNU EDJ PM FJX FJX AQ QRW AC DJ FD REUX CYA SGT IHI XSK UK FOJC KV UK FOJC UK FTHX XSK OFU LY MFKX TCRK MLP SGT FD SY OBUE SGT CR BUG QASH XM DFE FJX LY CQD FD ZKX EDJ XM MPH FD LAX FTHX DFE AQ EF KV KV FTHX AT XM AAWD RJGA FJX;0;16;0xFFFF;0xFFFF;texto;no;;;;;;;;;;;;
H6;1705;NQAB LY KT CH REUX HMIC CYA BUG OP LR LAX MIZ UIMC ACLZ GAI FOJC NQAB ACLZ ACLZ GAI JL GAI OFU MNU QWW JL RJGA BUG LR HMIC FOJC ZKX FJX MLP MNU JL JL LY LR KT BUG UIMC EF PH FOJC FTHX KRKK AT EDJ FJX DJ OFU DFE DFE AAWD LY OFU LAX FD SY QWW;0;16;0xFFFF;0xFFFF;texto;no;;;;;;;;;;;;
H6;1706;IHI UK LY OBUE LY SGT PH OBUE ACQ XXVD PM CH QWW TCRK MPH NQAB CR XM SY KRKK CH AT MIZ MFKX QASH KV JL MLP RJGA XM UIMC MFKX IHI ZKX OFU IMP DER REUX OP MFKX LR DER MPH OBUE FJX XXVD ZR CR FOJC CH KRKK ENJ CYA DJ IHI OP ACLZ JL QWW MAIP MPH BUG KT;0;16;0xFFFF;0xFFFF;texto;no;;;;;;;;;;;;
H6;1707;QWW RJGA ACLZ OP REUX IMP LY AT CR QRW DFE MFKX FOJC JMHU ZKX MNU ZR PM SGT FOJC REUX DJ TCRK AT DFE ENJ DJ AAWD TCRK EDJ MNU IMP ZR XSK QRW OP FJX DJ CQD MLP ACLZ PM DFE IHI JMHU MLP MPH LY AQ TCRK AQ FOJC HMIC DER FOJC NJ PM JMHU LR CQD MNU UIMC;0;16;0xFFFF;0xFFFF;texto;no;;;;;;;;;;;;
H6;1708;XXVD FTHX ZR FJX FD NJ QRW MPH DFE MPH CH ZR HMIC CR EF CYA SGT GAI ACQ GAI LY MPH KV QASH IMP DER AAWD LAX AT ZKX OBUE ZKX SY JMHU GAI MFKX LY ZKX LY JL EF CR DFE XXVD CYA XSK REUX DER AQ LR FOJC JMHU UK OFU EF MNU UIMC FOJC QRW AC TCRK FJX OBUE QASH AC;0;16;0xFFFF;0xFFFF;texto;no;;;;;;;;;;;;
H6;1709;FD LR DFE OBUE AQ UK QRW FD PH RJGA FTHX LAX XSK XXVD TCRK ZR FD AQ ZR OP GAI MAIP BUG AC CR UIMC XXVD NQAB ENJ FOJC KV DFE REUX TCRK MIZ KV TCRK LAX QWW JMHU RJGA LAX AQ FJX DFE REUX CYA UIMC MPH REUX AT XSK MIZ QASH CYA AC CYA KV DFE RJGA XM QWW FTHX;0;16;0xFFFF;0xFFFF;texto;no;;;;;;;;;;;;
H6;1710;LAX KV KV MLP MAIP MIZ UIMC KT LAX CYA ZKX IHI MIZ KT XM XSK FOJC JL DER PM GAI FD NJ JMHU DJ CQD PM SGT CH SY LR ACQ EDJ XM UK TCRK LY MNU LAX QWW OP FD MPH FD CQD QRW QASH REUX DER KT MPH JL QWW XM KV MAIP OP AQ EF ACLZ JL KRKK CR ZR OBUE;0;16;0xFFFF;0xFFFF;texto;no;;;;;;;;;;;;
H6;1711;LY FOJC AAWD DFE LY OFU CQD XM OBUE BUG CR XSK CYA ACQ UIMC EF JL JMHU GAI JMHU JL OP BUG NJ XSK BUG IHI CH PM EDJ MIZ AC LR EF XM EDJ ACQ MIZ NQAB SGT ZKX LR QRW QWW HMIC SY MNU PH RJGA LR UIMC ZR ENJ CYA SGT ACLZ KV DFE JMHU EF ZKX MLP MNU CQD DFE;0;16;0xFFFF;0xFFFF;texto;no;;;;;;;;;;;;
H6;1712;ACLZ LY KRKK PH MIZ FJX NJ AC ZR FD XM IHI FOJC DER KRKK ZKX RJGA ZR SY KT ZKX NJ AC HMIC KRKK OBUE JL AAWD FTHX UIMC AAWD REUX OFU DFE RJGA IHI FD KT MAIP MFKX CH REUX FD ZR OFU BUG LAX OP AT FD XSK MAIP MFKX ENJ PM QRW UK CYA PM IHI SGT;0;16;0xFFFF;0xFFFF;texto;no;;;;;;;;;;;;
H6;1713;TCRK GAI AAWD CQD ACQ REUX IMP FTHX JL JMHU FD BUG MPH EDJ AT RJGA CQD AT ACQ LR KV IMP IMP QRW OBUE AQ IHI JL DFE KV AQ XSK SGT CYA CH FOJC CQD DFE AC AQ ACQ RJGA FTHX IHI MAIP PH MFKX SY IHI EDJ BUG REUX CYA AT ZKX AT FOJC JMHU BUG LAX AC SGT CR KV;0;16;0xFFFF;0xFFFF;texto;no;;;;;;;;;;;;
H6;1714;ZR MNU ACLZ MIZ JMHU UK KV SGT QWW XM DFE SGT AT UIMC KT OFU PM AQ ACQ ENJ FOJC OFU SY JMHU UK OP CYA REUX XM NJ LY ZR ACLZ MPH LAX CH NJ AQ OP NJ DFE KRKK ACLZ ACQ PH EF MIZ IHI HMIC MLP TCRK CQD JL FTHX ZKX EDJ KT RJGA OBUE FJX TCRK KV AT RJGA KRKK;0;16;0xFFFF;0xFFFF;texto;no;;;;;;;;;;;;
H6;1715;DFE FJX DER REUX AQ KT QWW LAX PM CQD MLP HMIC AQ KT UIMC XXVD QRW JL NQAB REUX KV EF ACQ QASH XXVD DER RJGA FD AT IHI MNU RJGA SGT CH XSK QRW EF ENJ SY MPH OP TCRK FD NJ OFU KT KRKK EF DJ HMIC BUG XXVD GAI ACQ ACLZ JL KT SGT DER XXVD ENJ MPH QASH KT;0;16;0xFFFF;0xFFFF;texto;no;;;;;;;;;;;;
H6;1716;LY QASH XM EF MNU AAWD FTHX OFU IMP FTHX EDJ CQD QRW SY KV MAIP EF AQ EDJ XM QASH SY NQAB OP UIMC EF GAI ACQ MAIP DJ MNU BUG SY MAIP IMP CYA OFU IMP SY AC ACQ XM IMP ZR KV CR NJ AC KV RJGA IMP NJ IHI SGT MFKX QASH KT UIMC OFU LY AQ QRW AQ LY FJX;0;16;0xFFFF;0xFFFF;texto;no;;;;;;;;;;;;
H6;1717;CH ACLZ AAWD FJX QASH CR CH OP ZR MIZ MIZ FJX UK CQD EF OBUE GAI ACLZ JMHU ENJ PH AC ACLZ CQD AAWD ZKX CYA AAWD AT LAX CR AQ MLP HMIC OBUE ZKX IHI LY FOJC SGT SGT ENJ DJ QASH PH AT ENJ AT HMIC MAIP AAWD QASH BUG IMP NQAB QASH FOJC IMP MPH ACQ TCRK;0;16;0xFFFF;0xFFFF;texto;no;;;;;;;;;;;;
H6;1718;AT DFE OP CR MPH PH AT EF FOJC TCRK MAIP LAX EF MIZ JL MAIP DER SGT NJ QRW AQ FTHX KT MFKX PH CR IMP QASH HMIC MFKX XXVD FTHX CH LAX TCRK KV CQD REUX OP ACLZ KT ACLZ AQ GAI XSK KV KRKK CH NJ GAI SGT PM EDJ ACLZ OBUE MAIP BUG GAI FD MIZ MFKX XXVD;0;16;0xFFFF;0xFFFF;texto;no;;;;;;;;;;;;
H5;147N;SALI CORRIENDO SIN ESPERAR SUS PALABRAS;12;4;0x8A1A;0x8A31;texto;;;;;;;;;;;;;
H5;148N;SUBI CORRIENDO AL TERCER PISO Y ME DIRIGI A LA BIBLIOTECA, AL FONDO DEL PASILLO;10;6;0x8A3E;0x8A66;texto;;;;;;;;;;;;;
H5;149N;ME PARE FRENTE A LA PESADA PUERTA DE MADERA Y GIRE EL POMO;10;6;0x8A7E;0x8AA4;texto;;;;;;;;;;;;;
H5;150N;ME PARE FRENTE A LA PESADA PUERTA DE MADERA Y GIRE EL POMO. QUISE CREER QUE KAORU ME ESTARIA ESPERANDO AHI DENTRO;3;13;0x8ABF;0x8ADC;texto;;;;;;;;;;;;;
H5;151N;PERO SI ESA IMAGEN PREDECIA MI FUTURO...;10;6;0x8AE0;0x8AFF;texto;;;;;;;;;;;;;
H5;152N;NO VI A NADIE SENTADO EN LA MESA DE RECEPCION. ENTRE Y BUSQUE CON LA MIRADA A KAORU, COMO ASOMANDOME;5;11;0x8B0B;0x8B4C;texto;;;;;;;;;;;;;
H5;153N;EL ESTABA AHI SOLO, SENTADO EN UNA SILLA, LEYENDO UN LIBRO. EN CUANTO NOTO MI PRESENCIA, SE PUSO DE PIE DESPACIO Y ME RECIBIO CON UNA SONRISA;2;14;0x8B51;0x8BA6;texto;;;;;;;;;;;;;
H5;154N;TE LASTIMASTE? ESTAS BIEN? PREGUNTO CON SU SONRISA DE SIEMPRE;8;8;0x8BB1;0x8BDC;texto;;;;;;;;;;;;;
H5;155N;TE LASTIMASTE? ESTAS BIEN? PREGUNTO CON SU SONRISA DE SIEMPRE. LO DE ANTES ERA MENTIRA. ME DI CUENTA DE QUE ME SENTIA ALIVIADA.;2;14;0x8BE4;0x8C05;texto;;;;;;;;;;;;;
H5;156N;SI, NO ES GRAVE...;12;4;0x8C09;0x8C1C;texto;;;;;;;;;;;;;
H5;157N;SI, NO ES GRAVE... NO LE CONTE QUE ME HABIA ENCONTRADO CON ELLA;7;9;0x8C24;0x8C3E;texto;;;;;;;;;;;;;
H5;158N;YA VEO. PARECE QUE HAYASE NO VINO. SI SIGO ESPERANDO NO VA A APARECER... PODRIAS ESPERARME AQUI? VOY A IR A BUSCARLO;3;13;0x8C42;0x8CA1;texto;;;;;;;;;;;;;
H5;159N;SIN DARME TIEMPO A RESPONDER, EL SALIO DE LA BIBLIOTECA;5;11;0x8CAE;0x8CD2;texto;;;;;;;;;;;;;
H5;160N;LA PUERTA SE CERRO CON TANTO ESTRUENDO QUE PARECIA QUE EL VIDRIO SE IBA A ROMPER;10;6;0x8CF0;0x8D15;texto;;;;;;;;;;;;;
H5;161N;ME DI VUELTA DE GOLPE Y TRATE DE GIRAR EL POMO, PERO LA PUERTA ESTABA FIRMEMENTE CERRADA Y NI SIQUIERA PARECIA QUE FUERA A ABRIRSE;7;9;0x8D1F;0x8D66;texto;;;;;;;;;;;;;
H5;162N;ME ASOME POR EL VIDRIO DE LA PUERTA Y VI QUE ESTABA TRABADA POR FUERA CON UN PESTILLO PARA QUE NO SE ABRIERA;8;8;0x8D6B;0x8DA0;texto;;;;;;;;;;;;;
H5;163N;DEL OTRO LADO, DE REPENTE VI SU ESPALDA ALEJANDOSE POR EL PASILLO;5;11;0x8DAE;0x8DD0;texto;;;;;;;;;;;;;
H5;164N;ESPERA! ABREME LA PUERTA!;4;12;0x8DFC;0x8E27;texto;;;;;;;;;;;;;
H5;165N;GOLPEE LA PUERTA Y LO LLAME, PERO COMO SI NO ME ESCUCHARA SIGUIO POR EL PASILLO Y DESAPARECIO POR LAS ESCALERAS DE LA DERECHA;7;9;0x8E35;0x8E76;texto;;;;;;;;;;;;;
H5;166N;SE OYO UN RUIDO AL FONDO DE LA ESTANTERIA;7;9;0x8EA2;0x8EAC;texto;;;;;;;;;;;;;
H5;167N;ME ASOME CON CUIDADO DESDE UN COSTADO DE LA ESTANTERIA Y MIRE HACIA EL FONDO, PERO NO HABIA NADIE ALLI;7;9;0x8EB7;0x8EFE;texto;;;;;;;;;;;;;
H5;168N;ME ASOME CON CUIDADO DESDE UN COSTADO DE LA ESTANTERIA Y MIRE HACIA EL FONDO, PERO NO HABIA NADIE ALLI. SOLO HABIA UN LIBRO GRUESO Y UN PERIODICO ABIERTOS SOBRE EL ESCRITORIO;0;16;0x8F06;0x8F29;texto;;;;;;;;;;;;;
H5;169N;SIN SABER POR QUE, ME LLAMO LA ATENCION. ME ACERQUE HASTA ESE ESCRITORIO;5;11;0x8F31;0x8F4A;texto;;;;;;;;;;;;;
H5;170N;PISE ALGO;14;2;0x8F67;0x8F71;texto;;;;;;;;;;;;;
H5;171N;PISE ALGO. AL QUITAR EL PIE Y MIRAR BIEN, VI UNOS ANTEOJOS CAIDOS CON EL LENTE ROTO Y EL ARMAZON DE TITANIO TORCIDO;3;13;0x8F82;0x8FC3;texto;;;;;;;;;;;;;
H5;172N;SENTIA QUE DEBIA DISCULPARME, PERO MAS QUE ESO, EL SILENCIO DE LA BIBLIOTECA ME PROVOCABA UNA RARA SENSACION DE EXTRAÑEZA;7;9;0x8FC7;0x9008;texto;;;;;;;;;;;;;
H5;173N;SOBRE EL ESCRITORIO HABIA UN ESTUCHE DE ANTEOJOS CON EL NOMBRE HAYASE ESCRITO;10;6;0x9014;0x9043;texto;;;;;;;;;;;;;
H5;174N;SOBRE EL ESCRITORIO HABIA UN ESTUCHE DE ANTEOJOS CON EL NOMBRE HAYASE ESCRITO. DE NUEVO SE OYO UN SONIDO DEL OTRO LADO DE LA ESTANTERIA;5;11;0x9061;0x9070;texto;;;;;;;;;;;;;
H5;175N;HAY ALGUIEN AHI?;7;9;0x907A;0x9082;texto;;;;;;;;;;;;;
H5;176N;LLAME CON VOZ TEMEROSA, PERO NO OBTUVE NINGUNA RESPUESTA;10;6;0x908F;0x90AD;texto;;;;;;;;;;;;;
H5;177N;DE REPENTE, ALGUIEN ME AGARRO DE LA MUÑECA;10;6;0x90C9;0x90E6;texto;;;;;;;;;;;;;
H5;178N;DE REPENTE, ALGUIEN ME AGARRO DE LA MUÑECA Y SOLTE UN GRITO DE SORPRESA. AL VOLTEARME, UN HOMBRE DESCONOCIDO ME TORCIA EL BRAZO IZQUIERDO, CON UNA SONRISA BURLONA;2;14;0x90F5;0x912B;texto;;;;;;;;;;;;;
H5;179N;TRATE DE RESISTIRME, PERO EL HOMBRE ME TORCIA EL BRAZO POR DETRAS Y EL DOLOR ERA TAN FUERTE QUE NO PODIA MOVERME;5;11;0x9142;0x917B;texto;;;;;;;;;;;;;
H5;180N;EL HOMBRE ACERCO TANTO SU CARA QUE SENTI SU ALIENTO. SEGUN LOS RUMORES ERES MUY LINDA... YOKO-CHAN.;5;11;0x9180;0x91D1;texto;;;;;;;;;;;;;
H5;181N;ESE HOMBRE ERA EL MISMO QUE HABIA VISTO REFLEJADO EN LA SUPERFICIE DEL AGUA DE LA FUENTE;10;6;0x91D5;0x91F5;texto;;;;;;;;;;;;;
H5;182N;ESE HOMBRE ERA EL MISMO QUE HABIA VISTO REFLEJADO EN LA SUPERFICIE DEL AGUA DE LA FUENTE. SI SEGUIA ASI, YO...;7;9;0x91FD;0x9205;texto;;;;;;;;;;;;;
H5;183N;TRATE DE SACUDIR EL CUERPO CON TODAS MIS FUERZAS Y ME RESISTI CON DESESPERACION;7;9;0x9223;0x923D;texto;;;;;;;;;;;;;
H5;184N;TRATE DE SACUDIR EL CUERPO CON TODAS MIS FUERZAS Y ME RESISTI CON DESESPERACION. OYE. CUANDO EL HOMBRE HIZO UNA SEÑAL, OTRO HOMBRE DELGADO APARECIO DESDE UN COSTADO DEL ESTANTE.;0;16;0x9246;0x927F;texto;;;;;;;;;;;;;
H5;185N;TE ATREVISTE A ROMPERME MIS ANTEOJOS CAROS. ESTO TE VA A COSTAR CARO... ERA, SIN DUDA ALGUNA, HAYASE.;2;14;0x928A;0x92E1;texto;;;;;;;;;;;;;
H5;186N;SE ACERCO A MI CON UNA EXPRESION DE DESPRECIO;5;11;0x92E9;0x9304;texto;;;;;;;;;;;;;
H5;187N;EN ESE INSTANTE UN DOLOR PUNZANTE ME ATRAVESO EL VIENTRE Y NO PODIA RESPIRAR COMO QUERIA. ME QUEDE ENCOGIDA EN EL SUELO FRIO, TRAGANDO AIRE CON DESESPERACION;0;16;0x9318;0x9386;texto;;;;;;;;;;;;;
H5;188N;HAYASE, TIENES QUE SER GENTIL CON LAS CHICAS, DIJO SHIRAISHI. PERDON, PERDON... MAS BIEN, SHIRAISHI, ATALE LOS BRAZOS RAPIDO, RESPONDIO HAYASE.;0;16;0x938E;0x93D4;texto;;;;;;;;;;;;;
H5;189N;ME DERRIBARON A LA FUERZA, Y SHIRAISHI, EL QUE ANTES ME TORCIO EL BRAZO, ME ATO LAS MANOS A LA ESPALDA.;7;9;0x93D9;0x9420;texto;;;;;;;;;;;;;
H5;190N;EN MI INTERIOR SE EXTENDIA UNA NIEBLA BLANCA;12;4;0x9424;0x9443;texto;;;;;;;;;;;;;
H5;191N;EN MI INTERIOR SE EXTENDIA UNA NIEBLA BLANCA. TODO ESTABA SUCEDIENDO TAL COMO EN AQUELLA IMAGEN. SI HUBIERA QUERIDO EVITARLO, PODRIA HABERLO EVITADO...;3;13;0x944B;0x947C;texto;;;;;;;;;;;;;
H5;192N;SHIRAISHI CURVO LOS LABIOS CON LASCIVIA Y, MIENTRAS ME TOCABA EL CABELLO, HABLO COMO SI QUISIERA CALMARME, TAMBIEN DAS LASTIMA, QUE TE VENDAN SOLO PARA CUBRIR LA REPARACION DE UNA MOTO...;0;16;0x948F;0x9505;texto;;;;;;;;;;;;;
H5;193N;HAYASE ME SUJETO AMBAS PIERNAS.;12;4;0x9512;0x9522;texto;;;;;;;;;;;;;
H5;194N;HAYASE ME SUJETO AMBAS PIERNAS. SI, SI, VENDER A SU PROPIA NOVIA... IIZUKA TAMBIEN PERDIO LA CABEZA;3;13;0x952A;0x955C;texto;;;;;;;;;;;;;
H5;195N;MIENTRAS MIRABA EL TECHO BORROSO, NO PUDE EVITAR IMAGINAR ALGO TERRIBLE. ERA UNA IDEA QUE JAMAS QUISE CREER;5;11;0x956C;0x95B3;texto;;;;;;;;;;;;;
H5;196N;SHIRAISHI ESTIRO LOS BRAZOS DESDE ATRAS DE MI CUERPO INDEFENSO Y POSO SUS MANOS SUCIAS SOBRE LOS BOTONES DE MI BLAZER;7;9;0x95B9;0x95F9;texto;;;;;;;;;;;;;
H5;197N;GRITE CON TODA LA FUERZA DE MIS PULMONES;10;6;0x382E;0x3844;texto;;;;;;;;;;;;;
H5;198N;GRITE CON TODA LA FUERZA DE MIS PULMONES. DESDE LA ENTRADA DE LA BIBLIOTECA SE ACERCARON PASOS APRESURADOS;4;12;0x3862;0x3889;texto;;;;;;;;;;;;;
H5;199N;DETRAS DE MI SE OYO UN SONIDO SORDO;10;6;0x38A8;0x38BA;texto;;;;;;;;;;;;;
H5;200N;DETRAS DE MI SE OYO UN SONIDO SORDO. HAYASE ABRIO LOS OJOS DE PAR EN PAR Y MIRO HACIA ARRIBA, ATONITO;4;12;0x38CA;0x38EB;texto;;;;;;;;;;;;;
H5;201N;QUITA ESA MANO ASQUEROSA DE ENCIMA!;12;4;0x38EF;0x390E;texto;;;;;;;;;;;;;
H5;202N;QUITA ESA MANO ASQUEROSA DE ENCIMA! ESA VOZ ERA, SIN DUDA, LA VOZ DE KAORU. AL INSTANTE, LAS LAGRIMAS EMPEZARON A CORRER SIN PARAR POR MIS MEJILLAS;2;14;0x3916;0x394E;texto;;;;;;;;;;;;;
H5;203N;HAYASE RETIRO LA MANO DE GOLPE Y RETROCEDIO NERVIOSO. YO... NO HICE NADA...;5;11;0x3954;0x3999;texto;;;;;;;;;;;;;
H5;204N;HAYASE SE ESCONDIO DETRAS DE LA ESTANTERIA COMO UN CACHORRO ASUSTADO;10;6;0x399F;0x39C5;texto;;;;;;;;;;;;;
H5;205N;KAORU ME DESATO LAS CUERDAS DE LOS BRAZOS Y ME ABRAZO CON TERNURA;5;11;0x39D3;0x39FC;texto;;;;;;;;;;;;;
H5;206N;YOKO... APARTE LA MIRADA DE KAORU. ...LO SIENTO;0;16;0x3A10;0x3A50;texto;;;;;;;;;;;;;
H5;207N;NO PUDE SOPORTAR SEGUIR AHI Y SALI CORRIENDO DE LA BIBLIOTECA;10;6;0x3A5A;0x3A80;texto;;;;;;;;;;;;;
H5;208N;SIN ALIENTO, VOLVI HASTA LA FUENTE. RESPIRABA AGITADAMENTE CON LOS HOMBROS, MIRANDO HACIA ABAJO;7;9;0x3A8B;0x3ACD;texto;;;;;;;;;;;;;
H5;209N;CADA VEZ QUE PARPADEABA CAIAN LENTAMENTE GRUESAS LAGRIMAS QUE MOJABAN EL CONCRETO GRIS BAJO MIS PIES;8;8;0x3AD1;0x3B0D;texto;;;;;;;;;;;;;
H5;210N;CUANDO LEVANTE LA VISTA COMO DESAFIANDO LAS LAGRIMAS, EL CIELO SE TENIA DE UN VIOLETA AZULADO, Y LA PENA Y LA ANGUSTIA DESBORDARON DESDE EL FONDO DE MI PECHO;5;11;0x3B12;0x3B67;texto;;;;;;;;;;;;;
H5;211N;POR QUE...;7;9;0x3B75;0x3B7A;texto;;;;;;;;;;;;;
H5;212N;POR MAS QUE LO PENSARA NO ENCONTRABA UNA RESPUESTA... NO ENTENDIA NADA... SOLO SENTIA COMO UNA DESESPERACION INDESCRIPTIBLE ME IBA CONSUMIENDO EL CORAZON;3;13;0x3B81;0x3BD2;texto;;;;;;;;;;;;;
H5;213N;OYE, RESPONDEME... SI DE VERDAD ERES MI MADRE, POR QUE... UNA COSA TAN HORRIBLE...;9;7;0x3BD6;0x3C08;texto;;;;;;;;;;;;;
H5;214N;OYE, RESPONDEME... SI DE VERDAD ERES MI MADRE, POR QUE ME HICISTE ALGO TAN HORRIBLE...? LE GRITE A MI PROPIO REFLEJO EN EL AGUA;3;13;0x3C12;0x3C24;texto;;;;;;;;;;;;;
H5;215N;PERO LA SUPERFICIE TRANQUILA DEL AGUA SEGUIA EN SILENCIO. ES DURO, VERDAD?;7;9;0x3C31;0x3C65;texto;;;;;;;;;;;;;
H5;216N;UNA VOZ SURGIO DE REPENTE, COMO LA PRIMERA VEZ.;7;9;0x3C6F;0x3C84;texto;;;;;;;;;;;;;
H5;217N;UNA VOZ SURGIO DE REPENTE, COMO LA PRIMERA VEZ. POR MUCHO QUE CONFIES, LA GENTE ES DEBIL Y SIEMPRE TRAICIONA. INCLUSO KAORU, TU NOVIO.;7;9;0x3C95;0x3CD0;texto;;;;;;;;;;;;;
H5;218N;AL FINAL, LAS PERSONAS SE QUIEREN MAS A SI MISMAS. POR MUCHO QUE HAYAN AMADO A ALGUIEN, SON CAPACES DE TRAICIONARLO POR PLACER, DINERO O PODER;5;11;0x3CD5;0x3D27;texto;;;;;;;;;;;;;
H5;219N;ESO... TITUBEE ANTE SUS PALABRAS Y NO PUDE RESPONDER;8;7;0x3D3A;0x3D63;texto;;;;;;;;;;;;;
H5;220N;ESO... TITUBEE ANTE SUS PALABRAS Y NO PUDE RESPONDER. ELLA VOLVIO A APARECER DESDE LA SUPERFICIE DEL AGUA, SIN MOJARSE NI UN POCO, TODAVIA VESTIDA CON SU UNIFORME MARINERO;0;16;0x3D74;0x3DAD;texto;;;;;;;;;;;;;
H5;221N;TE LO PREGUNTO UNA VEZ MAS. REALMENTE CONFIAS EN KAORU?;10;6;0x3DB1;0x3DD9;texto;;;;;;;;;;;;;
H5;222N;TE LO PREGUNTO UNA VEZ MAS. REALMENTE CONFIAS EN KAORU? EH!? SENTI COMO SI ESAS PALABRAS HUBIERAN LEIDO MI CORAZON POR COMPLETO;0;16;0x3DE1;0x3E0A;texto;;;;;;;;;;;;;
H5;223N;DESEO CREER EN EL. Y AUN ASI, HAY UNA PARTE DE MI QUE NO PUEDE OCULTAR LA ANSIEDAD QUE CRECE EN EL FONDO DE MI CORAZON;8;8;0x3E0F;0x3E42;texto;;;;;;;;;;;;;
H5;224N;...DE VERDAD CONFIO EN KAORU?;7;9;0x3E4C;0x3E61;texto;;;;;;;;;;;;;
H5;225N;CUANTO MAS LO PENSABA, MAS SENTIA QUE ME PERDIA EN UN LABERINTO SIN RESPUESTAS HASTA CASI PERDERME A MI MISMA;7;9;0x3E69;0x3EA9;texto;;;;;;;;;;;;;
H5;226N;CUANTO MAS LO PENSABA, MAS SENTIA QUE ME PERDIA EN UN LABERINTO SIN ENCONTRAR RESPUESTA, AL PUNTO DE CASI PERDERME A MI MISMA. ELLA EXTENDIO LA MANO SOBRE LA SUPERFICIE DEL AGUA;2;14;0x3EB3;0x3EC4;texto;;;;;;;;;;;;;
H5;227N;EN ESE INSTANTE, LA IMAGEN VOLVIO A APARECER;12;4;0x3ECF;0x3EE4;texto;;;;;;;;;;;;;
H5;228N;QUE ME VAS A MOSTRAR ESTA VEZ...? ME QUEDE SIN VOZ. KAORU;5;11;0x3EE9;0x3F1D;texto;;;;;;;;;;;;;
H5;229N;ALLI ESTABA KAORU, TENDIDO EN EL DEPOSITO DE MATERIAL, RODEADO POR VARIOS ALUMNOS. LOS QUE LO RODEABAN LE GRITABAN INSULTOS SIN PIEDAD;2;14;0x3F28;0x3F87;texto;;;;;;;;;;;;;
H5;230N;OYE, IIZUKA, TRAJISTE EL DINERO QUE PROMETISTE? POR TU CULPA, POR PULIR LA MOTO, TUVIMOS UN ACCIDENTE. LA REPARACION NO SALE NADA BARATA!;0;16;0x3F8B;0x3FFE;texto;;;;;;;;;;;;;
H5;231N;PROBABLEMENTE ERAN ALUMNOS DE TERCER AÑO. NUNCA LOS HABIA VISTO Y SE DIVERTIAN ATORMENTANDO A KAORU COMO SI FUERA UNA MARIONETA;7;9;0x4002;0x4052;texto;;;;;;;;;;;;;
H5;232N;ENTONCES, ENTRE LOS INSULTOS, SE ESCUCHO UNA VOZ QUE ME RESULTABA FAMILIAR;10;6;0x405C;0x407D;texto;;;;;;;;;;;;;
H5;261O;AUNQUE HUBIERA GENTE QUE TRAICIONA, YO NO ME TRAICIONARIA A MI MISMA... POR ESO CONFIO... EN MI MISMA;0;16;0x79F0;0x7A40;texto;;;;;;;;;;;;;
H5;262O;MARIKO FRUNCIO EL ROSTRO DE GOLPE AL OIR ESAS PALABRAS;12;4;0x7A48;0x7A61;texto;;;;;;;;;;;;;
H5;263O;MI PADRE, HIROYUKI, JAMAS TE TRAICIONO;5;11;0x7A6B;0x7A8C;texto;;;;;;;;;;;;;
H5;264O;MI PADRE TENIA CANCER. PENSANDO EN TU FUTURO, Y SUFRIENDO CON ANGUSTIA, ELIGIO DECIRTE ADIOS;7;9;0x7A90;0x7ADD;texto;;;;;;;;;;;;;
H5;265O;...;7;9;0x7AF1;0x7AF4;texto;;;;;;;;;;;;;
H5;266O;CUANDO MARIKO CLAVO LA MIRADA EN EL ANILLO DE NUESTRO CALIDO LAZO QUE COLGABA EN MI PECHO, SE QUEDO ATONITA Y EMPEZO A SOLLOZAR.;7;9;0x7AFC;0x7B3E;texto;;;;;;;;;;;;;
H5;267O;ES MENTIRA! ES MENTIRA!;5;11;0x7B60;0x7B73;texto;;;;;;;;;;;;;
H5;268O;MARIKO SE RETORCIA MEDIO ENLOQUECIDA;12;4;0x7B78;0x7B8B;texto;;;;;;;;;;;;;
H5;269O;MARIKO SE RETORCIA MEDIO ENLOQUECIDA. SUS MOVIMIENTOS, CASI LOS DE UNA BESTIA, POCO A POCO SE CALMARON HASTA VOLVERSE ALGO FAMILIAR Y NOSTALGICO.;4;12;0x7B93;0x7BC5;texto;;;;;;;;;;;;;
H5;270O;SI FUERA MENTIRA, YO NO DEBERIA HABER NACIDO...;7;9;0x7BD0;0x7BE8;texto;;;;;;;;;;;;;
H5;271O;MAMA;7;9;0x7C06;0x7C0B;texto;;;;;;;;;;;;;
H5;272O;ELLA VOLVIO HACIA MI UN ROSTRO A PUNTO DE DESMORONARSE Y SOLLOZANDO SIN ALIVIO ALZO LA VISTA AL CIELO;9;7;0xC18C;0xC1B9;texto;;;;;;;;;;;;;
H5;273O;HIROYUKI...;7;9;0xC1CD;0xC1D0;texto;;;;;;;;;;;;;
H5;274O;EN EL INSTANTE EN QUE MI MADRE SUSURRO ESO, UN DESTELLO ATRAVESO LA OSCURIDAD Y ENVOLVIO SU CUERPO;5;11;0xC1DD;0xC20A;texto;;;;;;;;;;;;;
H5;275O;MI MADRE, CON UNA EXPRESION INOCENTE COMO LA DE UNA NIÑA, EMPEZO A FLOTAR LENTAMENTE EN EL AIRE, COMO AFERRANDOSE A LA LUZ.;4;12;0xC21B;0xC257;texto;;;;;;;;;;;;;
H5;276O;MAS ALLA DE AQUELLA LUZ, VI LA FIGURA DE MI PADRE, HIROYUKI.;7;9;0xC26B;0xC283;texto;;;;;;;;;;;;;
H5;277O;PAPA......;7;9;0xC28D;0xC294;texto;;;;;;;;;;;;;
H5;278O;LOS DOS, DENTRO DE LA LUZ, SE ABRAZARON Y SE VOLVIERON UNO SOLO;7;9;0xC2A6;0xC2BD;texto;;;;;;;;;;;;;
H5;279O;EN EL ROSTRO DE MI MADRE HABIA UNA SONRISA LLENA DE ALIVIO;7;9;0xC2CC;0xC2E7;texto;;;;;;;;;;;;;
H5;280O;LA LUZ QUE CAIA DESDE EL CIELO AUMENTO AUN MAS SU INTENSIDAD, Y SE CONVIRTIO EN UN FINO ANILLO DE LUZ QUE SE DESVANECIO EN LA OSCURIDAD;5;11;0xC2EF;0xC325;texto;;;;;;;;;;;;;
H5;281O;ADIOS, MAMA... Y GRACIAS;4;12;0xC340;0xC372;texto;;;;;;;;;;;;;
H5;282O;SUJETE A KAORU POR EL HOMBRO Y ME LANCE HACIA NUESTRO MUNDO, MAS ALLA DEL MARCO CUADRADO QUE SE RETORCIA INESTABLE.;5;11;0xC37C;0xC3B6;texto;;;;;;;;;;;;;
H5;61P;ESO NO PUEDE SER... VOLVI A MIRAR EL PASILLO UNA VEZ MAS;7;9;0x57C2;0x57F2;texto;;;;;;;;;;;;;
H5;62P;ESO NO PUEDE SER... VOLVI A MIRAR EL PASILLO UNA VEZ MAS. EL PASILLO MANTENIA EL MISMO ASPECTO DE SIEMPRE;2;14;0x57FC;0x5814;texto;;;;;;;;;;;;;
H5;287P;HACIA AQUEL LUGAR...;7;9;0x8100;0x8108;texto;;;;;;;;;;;;;
H5;199Q;MI MADRE VOLVIO HACIA MI UN ROSTRO A PUNTO DE DESMORONARSE E INCLINO LA CABEZA, COMO SI OTRA VEZ HUBIERA PERDIDO EL ANIMO;8;8;0xC3DF;0xC40E;texto;;;;;;;;;;;;;
H5;200Q;HIROYUKI...... EN EL INSTANTE EN QUE MI MADRE SUSURRO ESO, BROTARON LLAMAS DE UN ROJO INTENSO Y ENVOLVIERON SU CUERPO;5;11;0xC41F;0xC473;texto;;;;;;;;;;;;;
H5;201Q;POR UN INSTANTE, ME PARECIO VER LA FIGURA DE MI ABUELO FLOTANDO DENTRO DE LAS LLAMAS;10;6;0xC47E;0xC4A5;texto;;;;;;;;;;;;;
H5;202Q;POR UN INSTANTE, ME PARECIO VER LA FIGURA DE MI ABUELO FLOTANDO DENTRO DE LAS LLAMAS. DE LAS LLAMAS ARDIENTES BROTO UNA LUZ DESLUMBRANTE, QUE LO ENGULLO TODO.;3;13;0xC4BB;0xC4E7;texto;;;;;;;;;;;;;
H5;203Q;Y ENTONCES, COMO ENVOLVIENDONOS, SE EXTENDIO UNA OSCURIDAD VACIA, SIN NADA;5;11;0xC4F5;0xC516;texto;;;;;;;;;;;;;
H5;204Q;ADIOS, MAMA... Y GRACIAS;4;12;0xC537;0xC560;texto;;;;;;;;;;;;;
H5;205Q;SUJETE A KAORU POR EL HOMBRO Y ME LANCE HACIA NUESTRO MUNDO, MAS ALLA DEL MARCO CUADRADO QUE SE RETORCIA INESTABLE.;5;11;0xC571;0xC5AB;texto;;;;;;;;;;;;;
H5;210R;ASI ES...;14;2;0x983C;0x9840;texto;;;;;;;;;;;;;
H5;211R;ASI ES... MI MADRE, MARIKO, DEJO ESCAPAR UNA EXCLAMACION SIN PODER EVITARLO;8;8;0x9849;0x9860;texto;;;;;;;;;;;;;
H5;212R;ES CIERTO... ASI ES;12;4;0x9864;0x9874;texto;;;;;;;;;;;;;
H5;213R;ES CIERTO... ASI ES. TODAVIA NO ES TARDE, VERDAD;8;8;0x987C;0x9885;texto;;;;;;;;;;;;;
H5;214R;ES CIERTO... ASI ES. TODAVIA NO ES TARDE, VERDAD. SIN DARME CUENTA, YA HABIA EMPEZADO A CORRER;3;13;0x989A;0x98AF;texto;;;;;;;;;;;;;
H5;215R;FRENTE AL DEPOSITO DE MATERIAL, AGARRE LA PUERTA CON FUERZA Y LA ABRI DE GOLPE;10;6;0x98BE;0x98E3;texto;;;;;;;;;;;;;
H5;216R;FRENTE AL DEPOSITO DE MATERIAL, AGARRE LA PUERTA CON FUERZA Y LA ABRI DE GOLPE. AHI YA NO HABIA NADIE, SALVO KAORU, TENDIDO EN EL SUELO.;4;12;0x98F1;0x990F;texto;;;;;;;;;;;;;
H5;217R;CORRI HACIA EL Y LO INCORPORE ENTRE MIS BRAZOS. YOKO, YO... LO SIENTO. NO HACE FALTA QUE HABLES;4;12;0x991C;0x9970;texto;;;;;;;;;;;;;
H5;218R;LO SIENTO... ME QUITARON EL ANILLO... LO ABRACE, INTERRUMPIENDO EL RESTO DE SUS PALABRAS.;5;11;0x997B;0x99C1;texto;;;;;;;;;;;;;
H5;219R;Y MIENTRAS CONFIRMABA SU OLOR CONTRA MI PECHO, SUSURRE;10;6;0x99CC;0x99EB;texto;;;;;;;;;;;;;
H5;220R;Y MIENTRAS CONFIRMABA SU OLOR CONTRA MI PECHO, SUSURRE. ESO... ESTA BIEN;7;9;0x99F6;0x99FE;texto;;;;;;;;;;;;;
H5;221R;DE AHORA EN MAS, BASTA CON QUE USTEDES CREEN NUEVOS RECUERDOS EN SU LUGAR. ME PARECIO ESCUCHAR LA VOZ DE MI MADRE, LLEVADA POR UNA BRISA SUAVE.;3;13;0x9A05;0x9A58;texto;;;;;;;;;;;;;
H5;192S;YO... CONFIO EN KAORU;14;2;0x2D5A;0x2D64;texto;;;;;;;;;;;;;
H5;193S;YO... CONFIO EN KAORU. MI MADRE, CON UNA EXPRESION TRISTE, SE DESVANECIO COMO SI FUERA NIEBLA;5;11;0x2D87;0x2DB8;texto;;;;;;;;;;;;;
H5;194S;ME QUEDE PARALIZADA EN ESE LUGAR;12;4;0x2DBC;0x2DCD;texto;;;;;;;;;;;;;
H5;195S;ME QUEDE PARALIZADA EN ESE LUGAR. YA NO ME QUEDABAN FUERZAS NI PARA IR AL DEPOSITO DE MATERIAL A CONFIRMAR LA VERDAD;5;11;0x2DD7;0x2DF9;texto;;;;;;;;;;;;;
H5;196S;CAMINE SIN FUERZAS Y ESPERE A KAORU EN EL PORTON.;12;4;0x2E04;0x2E2C;texto;;;;;;;;;;;;;
H5;197S;CAMINE SIN FUERZAS Y ESPERE A KAORU EN EL PORTON. CUANTO TIEMPO PASARIA... KAORU APARECIO CON LA CARA LLENA DE HERIDAS.;7;9;0x2E39;0x2E67;texto;;;;;;;;;;;;;
H5;198S;FRENTE A MI ESTABA EL, TAN QUERIDO QUE SENTIA QUE PODRIA DEDICARLE TODA MI VIDA.;5;11;0x2E75;0x2E9A;texto;;;;;;;;;;;;;
H5;199S;...KAORU. UNA PERSONA AMABLE, DECIDIDA Y EN QUIEN SE PUEDE CONFIAR;2;14;0x2EA1;0x2EC5;texto;;;;;;;;;;;;;
H5;200S;KAORU, CON PASOS INSEGUROS, SE ACERCO LENTAMENTE. CON UNA MIRADA FRIA, KAORU ME OBSERVO. MORDIENDOME EL LABIO, PENSE: ESTO TAMBIEN ES REALIDAD;2;14;0x2ECE;0x2F21;texto;;;;;;;;;;;;;
H5;201S;YOKO, TOMA, TE DEVUELVO ESTO. Y DEJO CAER EL ANILLO DE COMPROMISO EN MI MANO;8;8;0x2F27;0x2F61;texto;;;;;;;;;;;;;
H5;202S;SI LO TENGO YO, SIENTO QUE TERMINARIA PERDIENDOLO... SOSTUVE EL ANILLO CON FUERZA, Y LAS LAGRIMAS BROTARON DE MI;7;9;0x2F66;0x2FA5;texto;;;;;;;;;;;;;
H5;203S;NO... QUEDATELO TU, KAORU, POR FAVOR......;12;4;0x2FA9;0x2FC3;texto;;;;;;;;;;;;;
H5;204S;NO... QUEDATELO TU, KAORU, POR FAVOR... HUNDI MI MEJILLA CONTRA SU PECHO, QUE PARECIA A PUNTO DE DESMORONARSE. LEVANTE LENTAMENTE EL ROSTRO Y ME QUEDE MIRANDO SUS OJOS;3;13;0x2FCB;0x3003;texto;;;;;;;;;;;;;
H5;205S;ESTO ESTA BIEN ASI, VERDAD, MAMA......;7;9;0x300C;0x3023;texto;;;;;;;;;;;;;
H5;206S;ESTO ESTA BIEN ASI, VERDAD, MAMA...... NO LLEGUE A DECIRLO EN VOZ ALTA;2;14;0x302E;0x303D;texto;;;;;;;;;;;;;
H4;146Z;NO QUIERO MORIR. CORRI DESESPERADO, ORDENANDO A MIS PIERNAS TEMBLOROSAS QUE SIGUIERAN, CAYENDO PARA ESQUIVAR LA HOJA. ME ARRASTRE POR EL PISO CON LAS UÑAS CASI ARRANCADAS. NO VOY A MORIR!!;2;14;0x5779;0x57D5;texto;;;;;;;;;;;;;
H4;147Z;SE SUPONE QUE FUI CREADO, PERO LUCHABA DESESPERADAMENTE POR SEGUIR VIVIENDO. NO TENIA NI TIEMPO PARA PENSAR EN ESO. PERO MI CUERPO DEBILITADO APENAS ME OBEDECIA.;2;14;0x57DA;0x5832;texto;;;;;;;;;;;;;
H4;148Z;HABIA UNA MANO QUE ME TENDIA AYUDA. AGARRATE! ERA MADOKA, QUE ME HABIA SEGUIDO HASTA AHI. EL GUERRERO YA LEVANTABA SU ESPADA MELLADA.;2;14;0x5839;0x5891;texto;;;;;;;;;;;;;
H4;149Z;MADOKA ME TOMO DE LA MANO Y ME AYUDO A LEVANTARME, Y LOS DOS SALIMOS CORRIENDO. LA ESPADA PARTIO UNA DE LAS CAJAS EN DOS. EL MUÑECO DE ADENTRO SE DESGARRO, Y RESORTES Y ENGRANAJES VOLARON.;2;14;0x5895;0x5911;texto;;;;;;;;;;;;;
H4;150Z;EN MEDIO DE ESO VI UNA CABEZA PARTIDA A LA MITAD. ERA MI PROPIO ROSTRO DE CUANDO ERA NIÑO.;9;7;0x5918;0x5942;texto;;;;;;;;;;;;;
H4;151Z;EL GUERRERO YA VOLVIA A LEVANTAR LA ESPADA. DE ALGUNA FORMA LOGRAMOS ESCAPAR DEL CUARTO INTERIOR, Y APOYADO EN EL HOMBRO DE MADOKA, MIRE HACIA ATRAS.;5;11;0x5948;0x5993;texto;;;;;;;;;;;;;
H4;152Z;SI SEGUIMOS ASI, A TI TAMBIEN TE VAN A ATRAPAR. NO, TENEMOS QUE AVANZAR AUNQUE SEA UN PASO. ANTE LAS PALABRAS SERIAS DE MADOKA, ASENTI LEVEMENTE CON LA CABEZA. MADOKA DIJO COMO SI MURMURARA:;2;14;0x5997;0x59F9;texto;;;;;;;;;;;;;
H4;153Z;NO ME DEJES SOLA. YA FALTABA POCO PARA LLEGAR A LA PUERTA DEL DEPOSITO. LA PUERTA ERA PESADA Y NO SE PODIA ABRIR ENSEGUIDA. EL GUERRERO YA ESTABA A PUNTO DE ALCANZARNOS.;3;13;0x5A03;0x5A67;texto;;;;;;;;;;;;;
H4;176AB;AUNQUE ME QUEDARA CON DUDAS, TENIA QUE SEGUIR ADELANTE.;10;6;0x633B;0x6358;texto;;;;;;;;;;;;;
H1;148K;SI ESCAPO DE AQUI, QUIEN VA A AYUDARLA!;7;9;0x380C;0x3826;texto;;;;;;;;;;;;;
H1;188K;AL DESPERTAR, AUN ESTABA EN LA HABITACION DEL HOSPITAL. REI-CHAN ESTABA A MI LADO. YO SEGUIA EN LA CAMA, Y ELLA ESTABA SENTADA EN UNA SILLA JUNTO A MI.;5;11;0x3ADC;0x3B2C;texto;;;;;;;;;;;;;
H1;189K;TENIA HERIDAS POR TODO EL CUERPO, PERO REI-CHAN NO TENIA NI UN RASGUÑO. POR FIN PODRAS SALIR DEL HOSPITAL, DIJO ELLA. S-SI..., RESPONDI. REI-CHAN SE HABIA QUEDADO CUIDANDOME SIN DESCANSO DURANTE VARIOS DIAS.;0;16;0x3B30;0x3B95;texto;;;;;;;;;;;;;
H1;190K;VOY A VOLVER A CASA Y DISCULPARME CON MI MADRE. SE ME HABIA OLVIDADO POR COMPLETO QUE ELLA SE HABIA ESCAPADO DE SU CASA.;7;9;0x5619;0x5650;texto;;;;;;;;;;;;;
H1;191K;GRACIAS POR CUIDARME TODO ESTE TIEMPO, LE DIJE CON SINCERIDAD. NO HAY DE QUE, RESPONDIO ELLA SONRIENDO.;2;14;0x5655;0x56A4;texto;;;;;;;;;;;;;
H1;192K;ESA TARDE, ELLA SE FUE A SU CASA. SUSPIRE MIENTRAS PENSABA EN LO OCURRIDO AQUEL DIA. SENTIA COMO SI TODO HUBIERA SIDO UN SUEÑO.;3;13;0x56A9;0x56FD;texto;;;;;;;;;;;;;
H1;193K;DETRAS DE MI SE OYO UN SONIDO: PLAS...;8;8;0x570C;0x572E;texto;;;;;;;;;;;;;
H1;194K;PLAS... PLAS...;7;9;0x5742;0x5757;texto;;;;;;;;;;;;;
H1;195K;ESO SE OIA DESDE EL VIDRIO DE LA VENTANA DE LA HABITACION.;12;4;0x575B;0x5775;texto;;;;;;;;;;;;;
H1;196K;ESTA AHI... JUSTO... DETRAS?..... OTRA VEZ... ESTA AHI.;4;12;0x5779;0x579E;texto;;;;;;;;;;;;;
H1;197K;PLAS PLAS PLAS PLAS PLAS PLAS PLAS PLAS PLAS PLAS PLAS PLAS PLAS PLAS PLAS PLAS PLAS PLAS;2;14;0x57AC;0x5817;texto;;;;;;;;;;;;;
H1;107M;ENTREMOS A ESA HABITACION. ENTRAMOS A LA HABITACION QUE TENIA ESCRITO CUARTO DEL CRISANTEMO. AL MIRAR ADENTRO, LA LUZ DE LA LUNA ENTRABA BRILLANTE DESDE ALGUN LADO.;3;13;0x2C0A;0x2C68;texto;;;;;;;;;;;;;
H1;199N;CUANTO TIEMPO HABRA PASADO DESDE ENTONCES. PENSE QUE CON UN POCO DE TIEMPO LO OLVIDARIA, PERO CUANTO MAS PASABA EL TIEMPO, MAS FUERTES SE VOLVIAN LAS GANAS DE VERLA.;2;14;0x58C0;0x5924;texto;;;;;;;;;;;;;
H1;200N;EL PASO DEL TIEMPO ERA RAPIDO, EL PAISAJE A MI ALREDEDOR AVANZABA COMO EN AVANCE RAPIDO. SOLO YO, QUE LA BUSCABA A ELLA, HABIA QUEDADO ATRAS, DEJADO POR EL FLUJO DEL TIEMPO.;3;13;0x598D;0x598D;texto;;;;;;;;;;;;;
H1;201N;NAOKI-SAN. DESDE ALGUN LUGAR SE OIA SU VOZ.;3;13;0x59BE;0x59BE;texto;;;;;;;;;;;;;
H1;202N;NAOKI-SAN. ESA VOZ RESONABA DENTRO DE MI CABEZA.;3;13;0x59EF;0x59EF;texto;;;;;;;;;;;;;
H1;203N;TAKAHASHI NAOKI-SAN. ME DI VUELTA HACIA DONDE VENIA LA VOZ.;3;13;0x5A20;0x5A20;texto;;;;;;;;;;;;;
H1;204N;AHI ESTABA ELLA, SONRIENDO. POR FIN... NOS ENCONTRAMOS.;6;10;0x5A57;0x5A57;texto;;;;;;;;;;;;;
H1;205N;ENCONTRE EN SU SONRISA LO QUE HABIA ESTADO BUSCANDO.;6;10;0x5A82;0x5A82;texto;;;;;;;;;;;;;
H1;137Q;POR UN INSTANTE, LA SONRISA DE REI-CHAN PASO POR MI MENTE.;12;4;0x4526;0x453C;texto;;;;;;;;;;;;;
H1;138Q;ESE SENTIMIENTO, AUNQUE A PUNTO DE SER TRAGADO POR UNA MASA NEGRA LLAMADA MIEDO, SEGUIA BRILLANDO.;8;8;0x4540;0x4573;texto;;;;;;;;;;;;;
H1;139Q;ESE SENTIMIENTO, AUNQUE A PUNTO DE SER TRAGADO POR UNA MASA NEGRA LLAMADA MIEDO, SEGUIA BRILLANDO. VAMONOS...;5;11;0x457B;0x4580;texto;;;;;;;;;;;;;
H1;179Q;VOY A VOLVER A CASA Y DISCULPARME CON MI MADRE. RECORDE LA RAZON POR LA QUE ELLA SE HABIA ESCAPADO DE SU CASA. LE DIJE: CREO QUE ES MEJOR QUE LE CUENTES LO QUE REALMENTE PIENSAS, SEGURO QUE TAMBIEN VA A ENTENDERTE.;0;16;0x5460;0x54CA;texto;;;;;;;;;;;;;
H1;180Q;SI. LO INTENTARE, DIJO ELLA. SEGURO QUE TE ENTENDERA, LE DIJE. ME SENTIA FRUSTRADO POR NO PODER DARLE UN CONSEJO MEJOR.;4;12;0x54CE;0x5510;texto;;;;;;;;;;;;;
H1;181Q;DE TODOS MODOS, GRACIAS POR CUIDARME, LE DIJE. NO HAY DE QUE, RESPONDIO ELLA SONRIENDO.;4;12;0x5514;0x555A;texto;;;;;;;;;;;;;
H1;182Q;AL DIA SIGUIENTE, ELLA SE FUE A SU CASA. Y YO SEGUIA EN LA CAMA.;9;7;0x555F;0x5586;texto;;;;;;;;;;;;;
H1;183Q;REI-CHAN SEGUIA AVANZANDO, MIENTRAS YO ME QUEDABA PARADO. SENTIA COMO SI SU MANO ESTUVIERA A PUNTO DE ALCANZAR LA MIA SIN LOGRARLO. SOLO ESA FRUSTRACION RECORRIA MI INTERIOR.;2;14;0x558B;0x55DC;texto;;;;;;;;;;;;;
H1;184Q;ME PREGUNTABA SI ALGUN DIA LOGRARIA ALCANZARLA. Y... UNA VEZ MAS, PENSE EN ELLA...;6;10;0x55E0;0x560A;texto;;;;;;;;;;;;;
H2;111P;YA ESTOY EN MI LIMITE. ESTO ES UN VERDADERO DELITO. HABLEMOS CON EL CASERO. SI HACE FALTA, HASTA PODEMOS DENUNCIARLO A LA POLICIA. ESPERA, ESPERA UN MOMENTO!;4;12;0x1F92;0x1FEF;texto;no;;;;;;;;;;;;
H2;112P;TODA ESTA SERIE DE HOSTIGAMIENTOS NO ERA OBRA DE TOSHIRO, SINO DE SU COMPAÑERO DE PISO. TOSHIRO ME PROMETIO LLAMARLE LA ATENCION, AUNQUE ESO ARRUINARA SU AMISTAD CON EL.;2;14;0x1FF4;0x2057;texto;no;;;;;;;;;;;;
H2;113P;ME ARME DE VALOR Y LE CONTE TODO A MIKA HASTA AHORA, TRATANDO DESESPERADAMENTE DE DEFENDER A TOSHIRO, PERO MIS PALABRAS FUERON INTERRUMPIDAS.;5;11;0x205B;0x20A4;texto;no;;;;;;;;;;;;
H2;114P;MIRA, AUNQUE SEA ASI, QUE TIENE QUE VER ESO CON NOSOTRAS? ADEMAS, FUMINA, POR QUE TOMAS PARTIDO POR EL DE AL LADO?;4;12;0x20B5;0x2107;texto;no;;;;;;;;;;;;
H2;115P;FUMINA, ENTRE ESE TOSHIRO Y YO, QUIEN ES MAS IMPORTANTE PARA TI?;10;6;0x210D;0x212D;texto;no;;;;;;;;;;;;
H2;116P;N-NO ESTOY TOMANDO SU PARTIDO. ES SOLO QUE... SOLO QUE? ESO FUE LO UNICO QUE LOGRE DECIR. SALI CORRIENDO A ENCERRARME EN MI CUARTO.;5;11;0x2131;0x2179;texto;no;;;;;;;;;;;;
H2;117P;TOSHIRO... CIERTO, LA CARTA. ME ACORDE DE QUE HABIA LLEGADO UNA CARTA DE TOSHIRO. SAQUE EL SOBRE ENSEGUIDA Y LO ABRI.;7;9;0x2185;0x21C7;texto;no;;;;;;;;;;;;
H2;118P;PARA FUMINA-SAN: LO LOGRE! MI AMIGO NAOYA LO ENTENDIO. ME ALEGRO DE HABER TENIDO EL VALOR DE HABLARLE.;5;11;0x21D3;0x2215;texto;no;;;;;;;;;;;;
H2;119P;CON ESTO YA NO LES VAMOS A CAUSAR MAS MOLESTIAS.;10;6;0x2219;0x2239;texto;no;;;;;;;;;;;;
H2;120P;TODO ES GRACIAS AL VALOR QUE USTED ME DIO. GRACIAS. ME GUSTARIA CONOCERLA EN PERSONA. UN DIA DE ESTOS IRE A DISCULPARME. KUBO TOSHIRO.;2;14;0x223D;0x22AA;texto;no;;;;;;;;;;;;
H2;121P;EN EL TEXTO NO HABIA NI UNA SOLA MENCION AL GATO O A LA BICICLETA. DE TODOS MODOS, DECIDI ESCRIBIRLE A TOSHIRO PARA PREGUNTARLE. ME SENTE FRENTE AL ESCRITORIO.;5;11;0x43BA;0x4409;texto;no;;;;;;;;;;;;
H2;121G;EL TEXTO NO MENCIONABA NI LA BASURA NI LA BICICLETA. DE TODOS MODOS, DECIDI ESCRIBIRLE A TOSHIRO PARA PREGUNTARLE. ME SENTE FRENTE AL ESCRITORIO.;5;11;0xB497;0xB4EC;texto;;;;;;;;;;;;;
H2;122P;PARA TOSHIRO-SAN: LE AGRADEZCO LO DEL ESTEREO. AUN ASI, SEGUIMOS TENIENDO PROBLEMAS. MI AMIGA SALIO LASTIMADA POR ESO.;2;14;0x4422;0x4482;texto;no;;;;;;;;;;;;
H2;122G;PARA TOSHIRO-SAN: LE AGRADEZCO LO DEL ESTEREO. AUN ASI, SEGUIMOS TENIENDO PROBLEMAS. MI AMIGA SALIO LASTIMADA POR ESO.;2;14;0xB4FD;0xB55F;texto;;;;;;;;;;;;;
H2;123P;SE QUE SUENA COMO SI DESCONFIARA DE SU AMIGO, Y ESO ME PESA, PERO PODRIA VOLVER A PREGUNTARLE UNA VEZ MAS? OTSUKI FUMINA.;3;13;0x4486;0x44D7;texto;no;;;;;;;;;;;;
H2;123G;SE QUE SUENA COMO SI DESCONFIARA DE SU AMIGO, Y ESO ME PESA, PERO PODRIA VOLVER A PREGUNTARLE UNA VEZ MAS? OTSUKI FUMINA.;3;13;0xB562;0xB5B4;texto;;;;;;;;;;;;;
H2;124P;BUENOS DIAS. A LA MAÑANA SIGUIENTE, MIENTRAS PREPARABA EL DESAYUNO, MIKA ASOMO LA CABEZA DESDE SU CUARTO. DESPUES DE LO QUE HABIA PASADO EL DIA ANTERIOR, ME COSTABA UN POCO MIRARLA A LA CARA.;3;13;0x44F1;0x4548;texto;no;;;;;;;;;;;;
H2;124G;BUENOS DIAS. A LA MAÑANA SIGUIENTE, MIENTRAS PREPARABA EL DESAYUNO, MIKA ASOMO LA CABEZA DESDE SU CUARTO. DESPUES DE LO QUE HABIA PASADO EL DIA ANTERIOR, ME COSTABA UN POCO MIRARLA A LA CARA.;3;13;0xB5CD;0xB625;texto;;;;;;;;;;;;;
H2;125P;B-BUENOS DIAS. HOY NO VOY A IR A TRABAJAR. A MIKA TODAVIA PARECIA DOLERLE LA HERIDA, PORQUE ARRASTRABA LA PIERNA DERECHA.;5;11;0x4553;0x4596;texto;no;;;;;;;;;;;;
H2;125G;B-BUENOS DIAS. HOY NO VOY A IR A TRABAJAR. A MIKA TODAVIA PARECIA DOLERLE LA HERIDA, PORQUE ARRASTRABA LA PIERNA DERECHA.;5;11;0xB62F;0xB673;texto;;;;;;;;;;;;;
H2;126P;Y BUENO, PERDON POR PEDIRTELO, PERO PODRIAS VOLVER TEMPRANO? CON LA PIERNA ASI, TODO SE ME HACE INCOMODO.;7;9;0x459A;0x45D3;texto;no;;;;;;;;;;;;
H2;126G;Y BUENO, PERDON POR PEDIRTELO, PERO PODRIAS VOLVER TEMPRANO? CON LA PIERNA ASI, TODO SE ME HACE INCOMODO.;7;9;0xB676;0xB6B0;texto;;;;;;;;;;;;;
H2;127P;DE POR SI, NO SOY DE LAS QUE SE DESVIAN AL VOLVER A CASA. ADEMAS, PARA COMPENSAR EL MAL HUMOR DE MIKA DE AYER, POR SUPUESTO QUE ACEPTE.;5;11;0x45D7;0x4625;texto;no;;;;;;;;;;;;
H2;127G;DE POR SI, NO SOY DE LAS QUE SE DESVIAN AL VOLVER A CASA. ADEMAS, PARA COMPENSAR EL MAL HUMOR DE MIKA DE AYER, POR SUPUESTO QUE ACEPTE.;5;11;0xB6B3;0xB702;texto;;;;;;;;;;;;;
H2;128P;AL ATARDECER, FALTE AL CLUB Y RECHACE LA INVITACION DE MIS AMIGAS PARA VOLVER A CASA ENSEGUIDA.;8;8;0x4632;0x466D;texto;no;;;;;;;;;;;;
H2;128G;AL ATARDECER, FALTE AL CLUB Y RECHACE LA INVITACION DE MIS AMIGAS PARA VOLVER A CASA ENSEGUIDA.;8;8;0xB713;0xB750;texto;;;;;;;;;;;;;
H2;129P;APENAS LLEGUE AL EDIFICIO, ME APURE Y MIRE DENTRO DEL BUZON. ADENTRO HABIA UN SOBRE MARRON QUE YA CONOCIA BIEN.;7;9;0x467E;0x46BC;texto;no;;;;;;;;;;;;
H2;129G;APENAS LLEGUE AL EDIFICIO, ME APURE Y MIRE DENTRO DEL BUZON. ADENTRO HABIA UN SOBRE MARRON QUE YA CONOCIA BIEN.;7;9;0xB75A;0xB799;texto;;;;;;;;;;;;;
H2;130P;2.@@1.@SER EST@VO@A@@ O@@@LV@LA@ ES.@AM@RES ..@@OS@PUE @@@@AL@STA @@@@CU@DE@ @@@@AR@AYE @@@@TO@R?@;5;10;0x46CA;0x46F1;pregunta;no;3;1;2;1;3;0;1. VOLVAMOS AL CUARTO;2. ESTO ES...;SERA LA RESPUESTA DE AYER?;;;
H2;130G;2.@1.@@SER VO@EST@A@@ LV@O@@@LA@ AM@ES.@RES OS@..@@PUE AL@@@@@STA CU@@@@@DE@ AR@@@@@AYE TO@@@@@R?@;5;10;0xB7A5;0xB7CD;pregunta;;2;1;3;1;3;0;1. ESTO ES...;2. VOLVAMOS AL CUARTO;SERA LA RESPUESTA DE AYER?;;;
H2;131P;ABRI EL SOBRE AHI MISMO Y EMPECE A LEER. PARA FUMINA-SAN: LEI LA CARTA. PARA SER SINCERO, ES UN MALENTENDIDO. ES CIERTO QUE MI AMIGO PUEDE HABERLES CAUSADO MOLESTIAS,;0;16;0x474A;0x47C0;texto;no;;;;;;;;;;;;
H2;132P;PERO NO ES EL TIPO DE PERSONA QUE MANIPULARIA UNA BICICLETA. CREO QUE ESO FUE OBRA DE OTRA PERSONA.;8;8;0x47C4;0x47F8;texto;no;;;;;;;;;;;;
H2;133P;PARA DISCULPARME, LE PARECE SI NOS VEMOS HOY? SI PODEMOS SERLES DE AYUDA, CUENTEN CON NOSOTROS. KUBO TOSHIRO.;5;11;0x47FC;0x4841;texto;no;;;;;;;;;;;;
H2;134P;OBRA DE OTRA PERSONA? SI ESO ERA CIERTO, SIGNIFICABA QUE HABIA ALGUIEN MAS QUE NOS GUARDABA RENCOR. ME APURE A VOLVER A MI CUARTO.;4;12;0x4846;0x4897;texto;no;;;;;;;;;;;;
H2;135P;ENTRE AL CUARTO Y ADENTRO ESTABA TODO OSCURO. BUSQUE A TIENTAS EL INTERRUPTOR DEL TUBO FLUORESCENTE, PERO LA LUZ NO ENCENDIA. PARECIA QUE SE HABIA CORTADO LA LLAVE DE LUZ. ENTRECERRE LOS OJOS PARA MIRAR DENTRO DEL CUARTO.;0;16;0x48B7;0x492B;texto;no;;;;;;;;;;;;
H2;136P;A DONDE HABRIA IDO MIKA? SI HASTA CAMINAR LE COSTABA.;10;6;0x4930;0x4950;texto;no;;;;;;;;;;;;
H2;137P;DE REPENTE, ME ACORDE DE LO QUE PASO EL DIA ANTERIOR.;12;4;0xB949;0xB958;texto;no;;;;;;;;;;;;
H2;138P;MIKA-CHAN? NO HUBO RESPUESTA. AVANCE A TIENTAS. CUANDO LLEGUE AL CENTRO DEL COMEDOR, SE OYO EL SONIDO DE UNA LLAVE GIRANDO... ME DI VUELTA ASUSTADA. ALGO SE MOVIO EN LA OSCURIDAD.;2;14;0xB971;0xB9E4;texto;no;;;;;;;;;;;;
H2;139P;APENAS LO PENSE, SENTI UN GOLPE EN LA CABEZA Y CAI DESMAYADA AL SUELO. EL LUGAR DONDE ME GOLPEARON PALPITABA CON FUERZA.;7;9;0xB9E8;0xBA40;texto;no;;;;;;;;;;;;
H2;140P;DE PRONTO LA HABITACION SE ILUMINO CON LUZ ELECTRICA. ME PASE UN POCO DE FUERZA, NO? ESCUCHE UNA VOZ QUE CONOCIA BIEN. POR FIN MIS OJOS SE ACOSTUMBRARON A LA LUZ.;4;12;0xBA46;0xBA9E;texto;no;;;;;;;;;;;;
H2;141P;AHI ESTABA MIKA, MIRANDOME DESDE ARRIBA MUY TRANQUILA. MIKA-CHAN? QUE ES ESTO...? NADA, ES QUE ULTIMAMENTE TE ESTAS DANDO AIRES. LOS OJOS DE MIKA TENIAN UN BRILLO BURLON.;0;16;0xBAA9;0xBB1D;texto;no;;;;;;;;;;;;
H2;142P;ERA LA PRIMERA VEZ QUE VEIA A MIKA ASI. SIN HACERME CASO MIENTRAS YO SEGUIA ATONITA, MIKA EMPEZO A HABLAR: YO TAMBIEN TENGO A ALGUIEN IMPORTANTE, EH? A MI ESO SOLO ME FASTIDIABA.;2;14;0xBB21;0xBB77;texto;no;;;;;;;;;;;;
H2;143P;PERO SABES, DESPUES DE TANTOS AÑOS JUNTAS UNO LE TERMINA TOMANDO CARIÑO, NO? POR ESO PENSE EN TENERTE SIEMPRE CERCA.;7;9;0xBB81;0xBBBB;texto;no;;;;;;;;;;;;
H2;144P;POR ESO, CUANDO SUPE QUE MIS TIOS SE IBAN AL EXTRANJERO, TE INVITE A VIVIR CONMIGO.;8;8;0xBBBF;0xBBF3;texto;no;;;;;;;;;;;;
H2;145P;Y AUN ASI, ESTAS TRATANDO DE ESCAPAR DE MI.;12;4;0xBBF7;0xBC0A;texto;no;;;;;;;;;;;;
H2;146P;Y AUN ASI, ESTAS TRATANDO DE ESCAPAR DE MI. POR ESO PENSE EN DARTE UN CASTIGO AHORA MISMO.;7;9;0xBC10;0xBC32;texto;no;;;;;;;;;;;;
H2;147P;2.@@1.@@ME@@@ NO@@MIK@ESTA@ ES@@A-C@DANDO UNA@HAN@VUELT BRO@...@AS@@@ MA@@@@@@LA@@@ @@@@@@@@CABEZ @@@@@@@@A.@@@ @@@@@@@@QUE@@ @@@@@@@@RAYOS @@@@@@@@ESTA@ @@@@@@@@DICIE @@@@@@@@NDO@@ @@@@@@@@MIKA?;3;13;0xBC43;0xBC86;pregunta;no;3;1;3;1;5;0;1. MIKA-CHAN...;2. NO ES UNA BROMA;ME ESTA DANDO VUELTAS LA CABEZA. QUE RAYOS ESTA DICIENDO MIKA?;;;
H2;148P;MIKA-CHAN, HICE ALGO MALO? SI HICE ALGO QUE NO TE GUSTO, TE PIDO PERDON... SIN QUERER, SE ME QUEBRO LA VOZ EN LLANTO.;7;9;0x4971;0x49AB;texto;no;;;;;;;;;;;;
H2;149P;QUE SI HAY ALGO QUE NO ME GUSTA? TODO LO QUE HACES ME HA MOLESTADO SIEMPRE!;8;8;0x49AF;0x49DB;texto;no;;;;;;;;;;;;
H2;150P;SIEMPRE FUE ASI DESDE QUE ERAMOS CHICAS. TE ESCONDIAS DETRAS DE MI. SIN MI NO PODIAS HACER NADA.;8;8;0x49E0;0x4A12;texto;no;;;;;;;;;;;;
H2;151P;Y AUN ASI, QUE FUE ESO? QUE FUE ESA ACTITUD DE AYER?! ME COMPARASTE CON ESE TOSHIRO, PONIENDONOS EN UNA BALANZA! DEBISTE QUEDARTE DETRAS DE MI LLORIQUEANDO!;4;12;0x4A16;0x4A70;texto;no;;;;;;;;;;;;
H2;152P;SIN MANDAR CARTAS INNECESARIAS. NO PODIA CREERLO. ERA ESTA LA VERDADERA CARA DE MIKA?;5;11;0x4A82;0x4AC9;texto;no;;;;;;;;;;;;
H2;153P;MIKA APUNTO CON UN CUCHILLO QUE BRILLABA A MI, TIRADA EN EL SUELO. POR FAVOR, PARA! TRANQUILA, NO TE VOY A MATAR. SOLO TE VOY A DEJAR UNA HERIDA QUE NUNCA VA A DESAPARECER.;4;12;0x4AD5;0x4B33;texto;no;;;;;;;;;;;;
H2;154P;PERO TRANQUILA, YO NO TE VOY A ABANDONAR... MIKA APOYO EL CUCHILLO CONTRA MI MEJILLA.;5;11;0x4B37;0x4B7C;texto;no;;;;;;;;;;;;
H2;155P;YA NO HAY NADA QUE HACER! JUSTO CUANDO ESTABA POR RENDIRME, SONO EL TIMBRE DE LA PUERTA. MIKA SE PUSO TENSA. EL TIMBRE SIGUIO SONANDO, DOS, TRES VECES.;2;14;0x4B8A;0x4BF9;texto;no;;;;;;;;;;;;
H2;156P;MIKA CHASQUEO LA LENGUA, AGARRO UNA CINTA ADHESIVA QUE TENIA CERCA Y ME ATO CON ELLA. TAMBIEN ME TAPO LA BOCA, ASI QUE NI SIQUIERA PODIA GRITAR. ME METIO ASI, A LA FUERZA, EN MI PROPIO CUARTO.;2;14;0x4E88;0x4EF4;texto;no;;;;;;;;;;;;
H2;157P;SI NO TE PORTAS BIEN, DESPUES LA VAS A PASAR MUY MAL. MIKA LO DIJO CON TONO AMENAZANTE Y CERRO LA PUERTA DEL CUARTO.;7;9;0x4EFE;0x4F40;texto;no;;;;;;;;;;;;
H2;158P;ME QUEDE SOLA EN LA OSCURIDAD. QUIEN HABRIA VENIDO? AGUCE EL OIDO DEL OTRO LADO DE LA PUERTA. SE ESCUCHABA UNA VOZ.;7;9;0x4F4B;0x4F8A;texto;no;;;;;;;;;;;;
H2;159P;SE ENCUENTRA LA SEÑORITA OTSUKI FUMINA? TODAVIA NO HA VUELTO. QUE RARO... COMO LA CARTA YA NO ESTABA, PENSE QUE YA HABIA LLEGADO...;4;12;0x4F8E;0x4FE0;texto;no;;;;;;;;;;;;
H2;160P;2.@@1.@@N!?@@ HAB@POR@ACASO RA@@FAV@...@@ ALG@OR,@TOSHI UNA@DAT@RO-SA FOR@E@@@N!@@@ MA@@CUE@@@@@@ DE@@NTA@@@@@@ AVI@!@@@@@@@@ SAR@@@@@@@@@@ LE.@@@@@@@@@@ ..@@@@@@@@@@@;3;13;0x4FE6;0x5025;pregunta;no;3;1;3;1;5;0;1. POR FAVOR, DATE CUENTA!;2. HABRA ALGUNA FORMA DE AVISARLE...;N!? ACASO... TOSHIRO-SAN!;;;
H2;161P;TRATE DE ALGUNA MANERA DE AVISARLE A TOSHIRO, PERO NO PODIA MOVER LAS MANOS NI LOS PIES. NO ME QUEDO OTRA QUE QUEDARME QUIETA, TIRADA EN EL SUELO, Y VER COMO SE DESARROLLABAN LAS COSAS.;2;14;0x5055;0x50B0;texto;no;;;;;;;;;;;;
H2;162P;AL RATO, DEL OTRO LADO SE OYERON PASOS Y LUEGO EL SONIDO DE UNA PUERTA CERRANDOSE. NO HABIA CASO, TOSHIRO SE HABIA IDO.;7;9;0x50B4;0x50FC;texto;no;;;;;;;;;;;;
H2;163P;TU TOSHIRO-SAN YA SE FUE. MIKA VOLVIO AL CUARTO.;9;7;0x5100;0x5126;texto;no;;;;;;;;;;;;
H2;164P;SEGURO QUE TENIAS ESPERANZAS PUESTAS EN ESE HOMBRE, NO? SIEMPRE ES LO MISMO. PERO SABES, LA UNICA QUE DE VERDAD TE ENTIENDE SOY YO, Y AUN ASI TE DEJAS LLEVAR POR OTRO......;2;14;0x512A;0x518F;texto;no;;;;;;;;;;;;
H2;165P;MIKA AGARRO EL CUCHILLO QUE HABIA DEJADO SOBRE LA MESA. YA NO HICE NADA MAS. SI HABIA LLEGADO HASTA ACA, NO ME QUEDABA MAS QUE ACEPTAR MI DESTINO.;5;11;0x519A;0x51E1;texto;no;;;;;;;;;;;;
H2;166P;BUENA CHICA. DEBERIAS HABER HECHO ESTO DESDE EL PRINCIPIO. MIKA SONRIO FRIAMENTE.;8;8;0x51E5;0x520E;texto;no;;;;;;;;;;;;
H2;167P;BUENA CHICA. DEBERIAS HABER HECHO ESTO DESDE EL PRINCIPIO. MIKA SONRIO FRIAMENTE... Y DE REPENTE, ESA EXPRESION SE LE CONGELO.;5;11;0x521A;0x522C;texto;no;;;;;;;;;;;;
H2;168P;MIKA SE QUEDO MIRANDO HACIA AFUERA DEL BALCON. YO TAMBIEN SEGUI SU MIRADA.;10;6;0x5231;0x5258;texto;no;;;;;;;;;;;;
H2;169P;MIKA SE QUEDO MIRANDO HACIA AFUERA DEL BALCON. YO TAMBIEN SEGUI SU MIRADA. AHI HABIA UN HOMBRE DESCONOCIDO.;7;9;0x525E;0x526D;texto;no;;;;;;;;;;;;
H2;170P;EL LEVANTO UNA MACETA Y LA LANZO CONTRA LA PUERTA DE VIDRIO. EL VIDRIO SE HIZO AÑICOS. POR EL HUECO ABIERTO, ESA PERSONA ENTRO AL CUARTO.;3;13;0x5272;0x52D5;texto;no;;;;;;;;;;;;
H2;171P;TU ERES FUMINA-SAN, VERDAD? ASENTI CON DESESPERACION. AHORA ENTIENDO. LA PERSONA QUE TE ESTABA CAUSANDO PROBLEMAS ESTABA JUSTO AL LADO TUYO......;5;11;0x52E1;0x5327;texto;no;;;;;;;;;;;;
H2;172P;MIKA LEVANTO LA HOJA DESNUDA DEL CUCHILLO Y SE ABALANZO SOBRE EL.;12;4;0x532C;0x5345;texto;no;;;;;;;;;;;;
H2;173P;MIKA LEVANTO LA HOJA DESNUDA DEL CUCHILLO Y SE ABALANZO SOBRE EL. EL LA ESQUIVO CON FACILIDAD, AGARRO SU MUÑECA Y LE DIO UN GOLPE SECO EN EL ESTOMAGO.;5;11;0x534C;0x537A;texto;no;;;;;;;;;;;;
H2;174P;MIKA LEVANTO LA HOJA DESNUDA DEL CUCHILLO Y SE ABALANZO SOBRE EL. EL LA ESQUIVO CON FACILIDAD, AGARRO SU MUÑECA Y LE DIO UN GOLPE SECO EN EL ESTOMAGO. ELLA SE DESPLOMO SIN SIQUIERA PODER GRITAR.;2;14;0x5381;0x5399;texto;no;;;;;;;;;;;;
H2;175P;ESTAS BIEN? EL ME DESATO ENSEGUIDA. LUEGO ME MIRO Y SONRIO SUAVEMENTE.;7;9;0x539D;0x53D1;texto;no;;;;;;;;;;;;
H2;176P;MUCHO GUSTO, SOY KUBO TOSHIRO.;7;9;0x53E1;0x53F3;texto;no;;;;;;;;;;;;
H2;177P;PENSANDO QUE ESTA SERIA LA ULTIMA VEZ QUE LO VERIA, SENTI UNA PUNTA DE TRISTEZA Y ME DI VUELTA UNA VEZ MAS. AHI ESTABA EL EDIFICIO DEL QUE ACABABA DE SALIR.;4;12;0x5655;0x56A9;texto;no;;;;;;;;;;;;
H2;128Q;MIENTRAS TOSTABA EL PAN PARA EL DESAYUNO, MIKA SALIO DE SU CUARTO SIN DECIR NADA Y SE SENTO A LA MESA. YO TAMBIEN ME QUEDE CALLADA Y LE PUSE EL PLATO DELANTE.;4;12;0xB7E7;0xB849;texto;no;;;;;;;;;;;;
H2;129Q;DESDE ENTONCES, LA RELACION ENTRE MIKA Y YO SE VOLVIO DE ALGUNA MANERA INCOMODA.;10;6;0xB84D;0xB86F;texto;no;;;;;;;;;;;;
H2;130Q;TAMPOCO LLEGABA RESPUESTA DE TOSHIRO. SERIA QUE SE HABIA OFENDIDO POR LO QUE LE ESCRIBI? PASABA LOS DIAS CON UNA SENSACION DE INCOMODIDAD.;4;12;0xB87C;0xB8CA;texto;no;;;;;;;;;;;;
H2;131Q;AL RATO LLEGO LA HORA DE IR A LA ESCUELA, ASI QUE ME LEVANTE EN SILENCIO. OYE, FUMINA. MIKA ME HABLO DE REPENTE SOBRE AQUELLO... PERO ME DI CUENTA DE QUE TRATABA DE ACTUAR COMO SI NADA.;0;16;0xB8CE;0xB940;texto;no;;;;;;;;;;;;
H2;132Q;HICE COMO QUE NO LA HABIA ESCUCHADO Y ME FUI DE AHI.;10;6;0x7E87;0x7EA3;texto;no;;;;;;;;;;;;
H2;133Q;ME PREGUNTABA SI HABIA SIDO DEMASIADO FRIA. ME DOLIA EL PECHO POR LA CULPA. ESE DIA ENTERO LO PASE LLENA DE UNA SENSACION DE CULPA.;5;11;0x7EA8;0x7EED;texto;no;;;;;;;;;;;;
H2;153Q;ESTABA OSCURO, Y TARDE UN RATO EN ACOSTUMBRAR LA VISTA. AUNQUE LA DISTRIBUCION FUERA IGUAL, EL CUARTO DE OTRO SE SENTIA DEMASIADO DISTINTO.;7;9;0x8DF5;0x8E38;texto;no;;;;;;;;;;;;
H2;154Q;ENTRECERRE LOS OJOS. ESTARIA REALMENTE MIKA AHI?;10;6;0x8E3C;0x8E57;texto;no;;;;;;;;;;;;
H2;155Q;ENTONCES, DE ALGUN LADO, SE ESCUCHO UN GEMIDO AHOGADO.;9;7;0x8E61;0x8E89;texto;no;;;;;;;;;;;;
H2;156Q;MIRE HACIA DONDE VENIA LA VOZ Y ENCONTRE A ALGUIEN TIRADO EN UN RINCON DEL CUARTO. ESO ERA... MIKA!;7;9;0x8E9E;0x8ED4;texto;no;;;;;;;;;;;;
H2;170Q;TAL VEZ ESTA PERSONA SEA TOSHIRO. QUIZAS, POR ESCRIBIRLE ESA CARTA, TERMINE PONIENDOLO ENTRE LA ESPADA Y LA PARED CON SU AMIGO... ENTONCES QUIEN ES EL COMPAÑERO DE PISO?;3;13;0xA0BD;0xA111;texto;no;;;;;;;;;;;;
H2;131T;PERO AHORA, QUIZAS MIKA ME ESTE ESPERANDO. TOME LA CARTA EN MANO Y ME APURE HACIA MI CUARTO.;8;8;0x46FD;0x4735;texto;no;;;;;;;;;;;;
H2;145T;HASTA YO, QUE SIEMPRE AGUANTABA, ME ENOJE. DEJANDOME LLEVAR POR LA FURIA, EMPECE A HABLAR SIN PARAR: QUE ME DOY AIRES?! UN CASTIGO?! NO ES BROMA! YO NO SOY TU JUGUETE, MIKA!;2;14;0x4C07;0x4C71;texto;no;;;;;;;;;;;;
H2;146T;MIKA QUEDO DESCONCERTADA ANTE MI CONTRAATAQUE QUE NO ESPERABA;12;4;0x4C76;0x4C90;texto;no;;;;;;;;;;;;
H2;147T;QUE, QUE DICES?! DESPUES DE TODO LO QUE TE AYUDE, ASI ME HABLAS?! ME ABOFETEO LA MEJILLA. MI RABIA SE DESBORDO Y YA NO PUDE CONTENERME.;5;11;0x4C94;0x4CE8;texto;no;;;;;;;;;;;;
H2;148T;REFLEJAMENTE, YO TAMBIEN LE DI UNA CACHETADA A ELLA. ERA LA PRIMERA VEZ QUE PELEABA CON MIKA.;9;7;0x4CEE;0x4D18;texto;no;;;;;;;;;;;;
H2;149T;MIKA, CON UNA EXPRESION DEMONIACA, SACO UN CUCHILLO QUE HABIA ESCONDIDO. MIENTRAS YO ME QUEDABA PARALIZADA DEL SHOCK, LA MANO DE MIKA VOLVIO A GOLPEARME.;5;11;0x4D1D;0x4D74;texto;no;;;;;;;;;;;;
H2;150T;POR EL GOLPE CAI AL SUELO. TE VOY A DEJAR UNA HERIDA QUE NUNCA VA A DESAPARECER. MIKA APOYO LA HOJA CONTRA MI MEJILLA. YA, PARA! TRANQUILA, NO TE VOY A ABANDONAR...;0;16;0x4D80;0x4DF4;texto;no;;;;;;;;;;;;
H2;151T;YA NO HAY NADA QUE HACER! JUSTO CUANDO ESTABA POR RENDIRME, SONO EL TIMBRE DE LA PUERTA. MIKA SE PUSO TENSA. EL TIMBRE SIGUIO SONANDO, DOS, TRES VECES.;0;16;0x4DF8;0x4E72;texto;no;;;;;;;;;;;;
H2;157T;POR FAVOR, DATE CUENTA! MOVI DESESPERADAMENTE BRAZOS Y PIERNAS. BUENO, ENTONCES VUELVO OTRO DIA. SALUDEME A FUMINA-SAN. AH, Y ADEMAS... ALGO TOCO LA PUNTA DE MIS DEDOS.;3;13;0x53FC;0x5457;texto;no;;;;;;;;;;;;
H2;158T;ESO ES UN RADIOCASETE! SIN PENSARLO, CON LAS MANOS ATADAS, APRETE EL BOTON DE REPRODUCCION. GIRE EL VOLUMEN AL MAXIMO. LA CANCION EMPEZO A SONAR.;5;11;0x5462;0x54C5;texto;no;;;;;;;;;;;;
H2;159T;ESCUCHE VOCES DISCUTIENDO DEL OTRO LADO DE LA PUERTA. MOVI MI CUERPO CON ESFUERZO Y LOGRE ARROJARME CONTRA LA PUERTA. POR EL IMPACTO LA PUERTA SE ABRIO Y CAI RODANDO AL SUELO.;3;13;0x54D1;0x553E;texto;no;;;;;;;;;;;;
H2;160T;EN LA ENTRADA ESTABAN MIKA Y UN HOMBRE QUE PARECIA SER TOSHIRO. CUANDO MIKA ME VIO SALIR RODANDO, VINO CORRIENDO HACIA MI. ME ESTREMECI ANTE SU EXPRESION DE FURIA.;2;14;0x554A;0x55B5;texto;no;;;;;;;;;;;;
H2;161T;CUANDO VOLVI EN MI, MIKA ESTABA SIENDO INMOVILIZADA. TRATABA DESESPERADAMENTE DE ZAFARSE DE TOSHIRO, PERO NO PODIA CONTRA SU FUERZA.;5;11;0x55D1;0x5629;texto;no;;;;;;;;;;;;
H2;162T;AL VER A MI MEJOR AMIGA ASI, ME PUSE A LLORAR.;12;4;0x562D;0x5644;texto;no;;;;;;;;;;;;
H2;163T;DESPUES DE VARIAS SEMANAS, HABIA VUELTO AL EDIFICIO.;10;6;0xBC9F;0xBCBB;texto;no;;;;;;;;;;;;
H2;164T;DESPUES DE ESO, SUPE TODO.;12;4;0xBCCC;0xBCDB;texto;no;;;;;;;;;;;;
H2;165T;QUIEN HABIA ESTADO PONIENDO EL ESTEREO A TODO VOLUMEN ERA NAOYA. YO LE HABIA CONTADO ESTO A TOSHIRO, CON QUIEN INTERCAMBIABA CARTAS.;5;11;0xBCE1;0xBD2B;texto;no;;;;;;;;;;;;
H2;166T;TOSHIRO LE ADVIRTIO A NAOYA QUE DEJARA DE PONER EL ESTEREO. NAOYA SE DIO CUENTA DE QUE MOLESTABA A LOS VECINOS, Y ENSEGUIDA DEJO DE PONERLO DE MADRUGADA.;3;13;0xBD38;0xBD95;texto;no;;;;;;;;;;;;
H2;167T;PERO MIKA HABIA ESTADO LEYENDO A ESCONDIDAS TODAS NUESTRAS CARTAS.;10;6;0xBDA0;0xBDBE;texto;no;;;;;;;;;;;;
H2;168T;A MIKA NO LE HABIA GUSTADO QUE YO, EN VEZ DE DEPENDER DE ELLA, HUBIERA ACTUADO POR MI CUENTA;10;6;0xBDC3;0xBDEB;texto;no;;;;;;;;;;;;
H2;169T;Y ENTONCES PENSO EN DARME UN CASTIGO. HACIENDOLO PASAR POR OBRA DE UN VECINO, SIGUIO CON VARIOS TIPOS DE HOSTIGAMIENTO.;7;9;0xBDEF;0xBE28;texto;no;;;;;;;;;;;;
H2;170T;Y TRATO DE HERIRME... PERO TOSHIRO SE LO IMPIDIO.;10;6;0xBE2C;0xBE51;texto;no;;;;;;;;;;;;
H2;171T;CONTINUARON DIAS DIFICILES, TANTO MENTAL COMO FISICAMENTE.;12;4;0xBE64;0xBE7D;texto;no;;;;;;;;;;;;
H2;172T;EN MEDIO DE TODO ESO, QUIENES ME APOYARON FUERON TOSHIRO Y NAOYA.;10;6;0xBE81;0xBEA5;texto;no;;;;;;;;;;;;
H2;173T;FUMINA-SAN, QUE HAGO CON ESTE PAQUETE? QUIEN ME PREGUNTO ESO FUE TOSHIRO, QUE LLEVABA UNA CAJA DE CARTON EN BRAZOS.;7;9;0xBEB7;0xBEF1;texto;no;;;;;;;;;;;;
H2;174T;POR ACA, LE DIJE, Y TOMANDO LA CAJA DE CARTON LA CARGUE EN EL CAMION.;8;8;0xBEF5;0xBF22;texto;no;;;;;;;;;;;;
H2;175T;HOY ES EL DIA DE LA MUDANZA. NO PODIA SEGUIR VIVIENDO EN UN CUARTO DONDE HABIA PASADO SEMEJANTE INCIDENTE. AUNQUE ME MUDO A UN EDIFICIO SOLO PARA MUJERES MUY CERCA DE AQUI......;3;13;0xBF27;0xBF8C;texto;no;;;;;;;;;;;;
H2;176T;IGUAL VAS A ESTAR CERCA, ASI QUE SI TIENES ALGUN PROBLEMA, CUENTA CON NOSOTROS, ME DIJERON LOS DOS. AL CONOCERLOS EN PERSONA Y HABLAR CON ELLOS, RESULTARON SER BUENA GENTE.;2;14;0xBF90;0xBFE9;texto;no;;;;;;;;;;;;
H2;177T;ME ALEGRA TENER CERCA GENTE EN LA QUE PUEDO CONFIAR. PERO TAMPOCO PIENSO DEPENDER DE ELLOS. SI TENGO LA TRANQUILIDAD DE SABER QUE ESTAN CERCA, PUEDO HACER CUALQUIER COSA YO SOLA.;3;13;0xBFEF;0xC043;texto;no;;;;;;;;;;;;
H2;149Z;ME QUEDE QUIETA DENTRO DEL CUARTO HASTA QUE LLEGARA LA POLICIA.;10;6;0x90C4;0x90E4;texto;no;;;;;;;;;;;;
H2;149ZX;TARDE EN EXPLICAR TODO. ME QUEDE QUIETA HASTA QUE LLEGO LA POLICIA.;10;6;0x8D87;0x90E4;texto;;;;;;;;;;;0x8D85;;
H2;150Z;DESDE EL CUARTO DE AL LADO NO SE OIA NADA MAS. EL SILENCIO DABA MIEDO. LA POLICIA TODAVIA NO LLEGABA...;7;9;0x90E9;0x911A;texto;no;;;;;;;;;;;;
H2;151Z;AAAAAAAH...... DE REPENTE, UN GRITO AGUDO RESONO, Y ME QUEDE PARALIZADA. VOLVIO EL SILENCIO.;7;9;0x9125;0x916C;texto;no;;;;;;;;;;;;
H2;152Z;NO PUEDE SER, NO PUEDE SER... UN TIMBRE REPENTINO, DING DONG! VOLVI A DAR UN SALTO.;5;11;0x9170;0x91B3;texto;no;;;;;;;;;;;;
H2;153Z;POR FIN LLEGARON! CORRI APURADA HACIA LA ENTRADA Y ABRI LA PUERTA. AHI HABIA DOS POLICIAS UNIFORMADOS, PARADOS CON EXPRESION SEVERA. USTED ES QUIEN HIZO LA DENUNCIA, VERDAD?;2;14;0x91B7;0x9217;texto;no;;;;;;;;;;;;
H2;154Z;ES AL LADO, AL LADO ESTA MIKA-CHAN... SEÑALE HACIA EL CUARTO VECINO Y EXPLIQUE CON VOZ TEMBLOROSA. LOS POLICIAS SE MIRARON ENTRE SI, SE DIRIGIERON AL CUARTO DE AL LADO, Y YO LOS SEGUI.;2;14;0x921B;0x9281;texto;no;;;;;;;;;;;;
H2;155Z;KUBO-SAN, SOMOS LA POLICIA. QUISIERAMOS HABLAR UN MOMENTO... EL POLICIA GOLPEO LA PUERTA, PERO NADIE SALIA. LOS POLICIAS SE MIRARON ENTRE SI, Y EN ESE MOMENTO...;5;11;0x928D;0x92DA;texto;no;;;;;;;;;;;;
H2;156Z;CLIC, Y FINALMENTE LA PUERTA SE ABRIO, Y POR PRIMERA VEZ EL VECINO MOSTRO SU CARA. ES USTED KUBO TOSHIRO-SAN? SI. QUISIERAMOS HABLAR UN MOMENTO...;3;13;0x92E6;0x9330;texto;no;;;;;;;;;;;;
H2;157Z;DE REPENTE, EL ESTEREO EMPEZO A SONAR TAN FUERTE QUE DOLIAN LOS OIDOS. TODOS DIMOS UN SALTO. QUE DIABLOS PASA?! GRITO EL POLICIA TAPANDOSE LOS OIDOS. E-ES EL ESTEREO.;2;14;0x933C;0x93AC;texto;no;;;;;;;;;;;;
H2;158Z;AUNQUE YA ESTABA ACOSTUMBRADA A OIRLO, ESCUCHARLO ASI DE CERCA ERA UNA BARBARIDAD. MIENTRAS ME TAPABA LOS OIDOS, ENCONTRE ALGO QUE RECONOCIA A LOS PIES DEL HOMBRE... LO SABIA!;2;14;0x93B1;0x9405;texto;no;;;;;;;;;;;;
H2;159Z;EL HOMBRE LE DABA EXPLICACIONES A LA POLICIA. ME ESCABULLI POR SU LADO Y ENTRE. ESPERA, ESPERA! GRITO PARA DETENERME, PERO LO IGNORE Y SEGUI HACIA EL FONDO.;2;14;0x9409;0x9466;texto;no;;;;;;;;;;;;
H2;160Z;DETRAS DE MI SE OIA AL HOMBRE Y A LOS POLICIAS DISCUTIENDO. YO IBA ABRIENDO, UNA POR UNA, LAS PUERTAS DEL CUARTO.;7;9;0x947A;0x94B5;texto;no;;;;;;;;;;;;
H2;161Z;Y ENTONCES ENCONTRE A MIKA. CUBIERTA DE SANGRE, TENDIDA EN EL SUELO. AAAAAAAH!;7;9;0x94B9;0x94FF;texto;no;;;;;;;;;;;;
H2;185AC;QUE LE PASO?! KUBO-SAN?! AYUDENME, POR FAVOR! ME ARRASTRE DESESPERADAMENTE HASTA LA PUERTA, Y LOGRE DESTRABAR LA CERRADURA CON LAS MANOS ATADAS DETRAS, CAYENDO RODANDO HACIA AFUERA.;2;14;0xB09F;0xB109;texto;no;;;;;;;;;;;;
H2;186AC;DENTRO DEL CUARTO, EL HOMBRE ESTABA SOLO, AFERRADO A SU ANTIGUO MEJOR AMIGO, DESHECHO EN LLANTO.;8;7;0xB11C;0xB149;texto;no;;;;;;;;;;;;
H2;178P;FUERON SOLO UNOS MESES, PERO LO QUE VIVI AQUI NO LO OLVIDARIA EN TODA MI VIDA. LO QUE PERDI FUE DEMASIADO GRANDE. SE ME LLENARON LOS OJOS DE LAGRIMAS, PERO ME CONTUVE Y DI UN PASO HACIA ADELANTE.;1;15;0x56B2;0x5719;texto;no;;;;;;;;;;;;
H2;178T;NO QUEDA NADA MAS POR CARGAR? ME PREGUNTO TOSHIRO. NO, NO QUEDA NADA. EL CAMION ARRANCO RUMBO AL NUEVO EDIFICIO.;3;13;0xC048;0xC099;texto;no;;;;;;;;;;;;
H4;207AO;DECIDI QUEDARME ESPERANDO. PERO POR MAS QUE PASARA EL TIEMPO, MADOKA NUNCA BAJO POR LA CUESTA.;7;9;0x9764;0x9799;texto;;;;;;;;;;;;;
H4;208AO;IMPACIENTE, SUBI CORRIENDO LA CUESTA. ENCONTRE LA SILUETA DE MADOKA EN MEDIO DEL BOSQUE DE BAMBUES.;7;9;0x97BC;0x97EB;texto;;;;;;;;;;;;;
H4;209AO;CORRI A TODA VELOCIDAD DIRECTO HACIA MADOKA. PERO, EN UN INSTANTE, ALGO SE ENGANCHO EN MI PIE Y PERDI EL CONOCIMIENTO.;7;9;0x9801;0x9845;texto;;;;;;;;;;;;;
H4;210AO;MIENTRAS MI CONCIENCIA SE APAGABA, RECORDE QUE DE NIÑO JUGABA ARMANDO TRAMPAS ASI. COMO ERA DE ESPERAR DE MADOKA... NO HABIA QUE SUBESTIMARLA.;2;14;0x9851;0x98A2;texto;;;;;;;;;;;;;
H4;211AO;AL DESPERTAR, ESTABA ATADO SOBRE LA MESA DE TRABAJO DE UN TALLER DENTRO DE UN DEPOSITO. MADOKA TENIA EL TENROKI Y UN OJO DE CRISTAL, Y SOSTENIA ALGUNA HERRAMIENTA EN LA MANO. A MI LADO, ALGUIEN MAS YACIA DORMIDO.;0;16;0x98B7;0x992C;texto;;;;;;;;;;;;;
H4;212AO;ERA MI CUERPO DE SIETE AÑOS. AH, DESPERTASTE? DIJO MADOKA. MADOKA, QUE ES LO QUE PIENSAS HACER? INTENTE INCORPORARME, PERO NO PUDE. NO TE PREOCUPES, RESPONDIO ELLA, AHORA TE VOY A HACER LA OPERACION PARA TRASPLANTAR EL ALMA.;0;16;0x9936;0x99A4;texto;;;;;;;;;;;;;
H4;213AO;QUE DEMONIOS ESTA PASANDO? LO SIENTO, DIJO MADOKA. YO LEI EL TENROKI ANTES QUE TU, TATSUKI. ME DIO CURIOSIDAD MIENTRAS QUEMABAS EL FUTON.;3;13;0x99AF;0x9A0D;texto;;;;;;;;;;;;;
H4;214AO;AHORA QUE LO PENSABA, MADOKA ESTUDIABA LITERATURA CLASICA JAPONESA. PODIA LEERLO SIN SUFRIR COMO YO. LAS NOTAS DE TU ABUELO ME ANGUSTIARON. SI TAN SOLO NO LO HUBIERA SABIDO... ME ARREPENTI DE LEERLO.;0;16;0x9A11;0x9A82;texto;;;;;;;;;;;;;
H4;215AO;CON QUE ERA ESO... POR ESO MADOKA SE QUEDABA SIEMPRE EN LA ERMITA. ESCUCHE ESE SONIDO, CRUJIA CRUJIA, Y CONFIRME MIS SOSPECHAS, DIJO ELLA. PERO NO PUDE DECIR NADA. AUNQUE SABIA LA RAZON.;2;14;0x9A8F;0x9AEF;texto;;;;;;;;;;;;;
H4;216AO;BAJE LA CABEZA. ELLA HABIA ESTADO CUIDANDOME TODO ESTE TIEMPO.;10;6;0x9AF3;0x9B14;texto;;;;;;;;;;;;;
H4;217AO;YO TAMBIEN LEI EL TENROKI A ESCONDIDAS DE TI, DIJO MADOKA. Y TAMBIEN EXPLORE DENTRO DEL DEPOSITO. Y ASI FUE COMO ENCONTRE UN METODO. UN METODO PARA SALVARTE.;4;12;0x9B1F;0x9B7A;texto;;;;;;;;;;;;;
H4;218AO;MADOKA SONRIO, TRAVIESA COMO SIEMPRE. PENSE EN VOLVER A TOKIO PARA INVESTIGAR SI HABIA OTRO METODO, PERO PARECE QUE TU TAMBIEN RECURRISTE A MEDIDAS DRASTICAS. BUENO, CONFIA EN MIS HABILIDADES.;1;15;0x9B8C;0x9BFB;texto;;;;;;;;;;;;;
H4;219AO;YA TE HABRAS DADO CUENTA, PERO VOY A TRASPLANTAR TU MENTE AL CUERPO DE CUANDO ERAS EL NIÑO QUE ESTABA EN EL DEPOSITO.;7;9;0x9C00;0x9C3F;texto;;;;;;;;;;;;;
H4;220AO;ASI YO ME CONVERTIRE EN TU CREADORA, Y TU COMPARTIRAS EL SECRETO CONMIGO, TATSUKI.;8;7;0x9C43;0x9C78;texto;;;;;;;;;;;;;
H4;221AO;CON EL TIEMPO TAMBIEN TE CONSTRUIRE TU CUERPO ORIGINAL. MADOKA, ME GANASTE.;10;6;0x9CB5;0x9CE7;texto;;;;;;;;;;;;;
H4;224AP;EL FUEGO ARDIO DURANTE UN DIA Y UNA NOCHE. A LA MAÑANA SIGUIENTE LLOVIZNABA. EL HUMO BLANCO SE ELEVABA. AL REMOVER LAS CENIZAS CON CUIDADO, ENCONTRE EL ROSTRO SONRIENTE Y HERMOSO DE MADOKA.;2;14;0x6FCB;0x7033;texto;;;;;;;;;;;;;
H4;225AP;SONREI SIN PODER EVITARLO. SENTI QUE ESTOS ULTIMOS SEIS MESES SIN ELLA HABIAN SIDO REALMENTE SOLITARIOS. NUNCA MAS NOS SEPARARIAMOS. ESTARIAMOS JUNTOS HASTA QUE NUESTROS RESORTES LLEGARAN A SU LIMITE.;0;16;0x703A;0x70B0;texto;;;;;;;;;;;;;
H4;226AP;SI, LLORE. PERO, EN ESE MOMENTO, UN BRAZO SALIO DISPARADO DE ENTRE LAS CENIZAS Y CON UNA FUERZA TREMENDA AGARRO MI CUELLO. CON ESE MISMO IMPULSO, MADOKA SE INCORPORO Y ME TIRO AL SUELO.;2;14;0x70B4;0x711D;texto;;;;;;;;;;;;;
H4;227AP;POR... QUE...? MADOKA SEGUIA SONRIENDO. SU MANO APRETABA MI CUELLO COMO SI QUISIERA ARRANCARMELO DE RAIZ.;5;11;0x7124;0x715D;texto;;;;;;;;;;;;;
H4;228AP;CRUJIA, CRUJIA, CRUJIA, CRUJIA, CRUJIA. DE NUEVO, ESE SONIDO VOLVIO A MIS OIDOS.;10;6;0x7168;0x718C;texto;;;;;;;;;;;;;
H4;229AP;HABIA SIDO UN FRACASO? UNO DESDE MI PECHO... OTRO DESDE EL SUYO. QUEDE ENVUELTO EN UNA OSCURIDAD INFINITA.;7;9;0x7198;0x71D7;texto;;;;;;;;;;;;;
H4;86AL;ME DABAN GANAS DE QUEDARME ASI UN POCO MAS, DISFRUTANDO DEL CONTACTO CON MADOKA... YA, PESAS MUCHO! PARECIA BASTANTE ENOJADA. ME APARTE DE UN SALTO, APURADO.;2;14;0xBB85;0xBBE2;texto;;;;;;;;;;;;;
H4;87AL;MADOKA ME DIO UNA CACHETADA DE REPENTE. AY, DUELE, DIJE. ES OBVIO, RESPONDIO ELLA. SE ESCUCHO UN ALETEO DESDE ALGUN LADO. Q-QUE ES ESO? GRITO ELLA.;3;13;0xBBEA;0xBC41;texto;;;;;;;;;;;;;
H4;88AL;ENCENDI LA LINTERNA Y APUNTE LA LUZ HACIA EL OBJETO QUE VOLABA A NUESTRO ALREDEDOR.;9;7;0xBC45;0xBC77;texto;;;;;;;;;;;;;
H4;109AL;ME LLAMO LA ATENCION LA GRAN CAJA DE MADERA DEL FONDO Y DECIDI EXAMINARLA UN POCO MAS. PARECE UN ATAUD, DIJE SINCERAMENTE LO QUE PENSABA. QUE ASCO, YA DE POR SI DA MIEDO, NO DIGAS COSAS RARAS, RESPONDIO MADOKA.;0;16;0xCB31;0xCB97;texto;;;;;;;;;;;;;
H4;110AL;MADOKA ME DIO UN CODAZO. NO LO HABIA DICHO CON ESA INTENCION. PERO SI HABIA DOS CAJAS ASI APOYADAS, UNA GRANDE Y UNA PEQUEÑA. POR ALGUNA RAZON, ESAS DOS ME LLAMABAN LA ATENCION.;3;13;0xCB9C;0xCBEB;texto;;;;;;;;;;;;;
H4;111AL;2.@1.@CUA LA@LA@L@@ CA@CA@DE@ JA@JA@LAS PE@GR@DOS QU@AN@ABR EÑ@DE@O?@ A@@@@@@@@;7;9;0xCBEF;0xCC15;pregunta;;2;1;2;1;3;0;1. LA CAJA GRANDE;2. LA CAJA PEQUEÑA;CUAL DE LAS DOS ABRO?;;;
H4;112AL;ABRI LA CAJA PEQUEÑA. DENTRO HABIA UN MUÑECO DEL TAMAÑO DE UN NIÑO, VESTIDO CON UN KIMONO DE TELA CRUZADA Y GETAS PUESTAS. EN EL INTERIOR DE LA CAJA HABIA ALGO ESCRITO ASI...;4;12;0xD42F;0xD482;texto;;;;;;;;;;;;;
H4;113AL;HECHO POR KOKONOE KIYOMASA. NUMERO 5, MODELO 2.;12;4;0xD488;0xD49D;texto;;;;;;;;;;;;;
H4;114AL;ERA UN MUÑECO DE UN NIÑO. SOLO DONDE DEBIAN IR LOS OJOS HABIA DOS HUECOS OSCUROS, COMO SIN TERMINAR. ME HIZO RECORDAR EL ASPECTO DEL ABUELO CUANDO MURIO. ASI ERAS TU DE NIÑO, TATSUKI?;0;16;0xD4A5;0xD510;texto;;;;;;;;;;;;;
H4;115AL;SERA QUE YO FUI EL MODELO, PENSE. ME SENTI MAL Y DEJE DE INVESTIGAR MAS, DECIDIENDO APURAR EL PASO.;5;11;0xD514;0xD555;texto;;;;;;;;;;;;;
H4;159AL;FUI HACIA EL TALLER. TENIA QUE ENCONTRAR ALGO QUE PUDIERA SERVIR DE ARMA.;9;7;0xDFF6;0xE021;texto;;;;;;;;;;;;;
H4;160AL;ENTRAMOS AL TALLER A BUSCAR. QUE TAL ESTO, DIJO MADOKA. HABIA UN MARTILLO GRANDE.;7;9;0xE02C;0xE059;texto;;;;;;;;;;;;;
H4;161AL;NO SABIA PARA QUE SE HABIA USADO, PERO AUNQUE ME DOLIA EL BRAZO NO PODIA PREOCUPARME POR ESO. EL ESPIRITU ZORRO YA SE ACERCABA HASTA LA ENTRADA. ESCONDETE TU, LE DIJE.;3;13;0xE05E;0xE0CD;texto;;;;;;;;;;;;;
H4;162AL;REUNI VALOR Y LE HICE FRENTE AL ESPIRITU ZORRO. ALCE EL MARTILLO CON FUERZA APUNTANDO A SU CABEZA. PERO EL ESPIRITU ZORRO LO ESQUIVO CON RAPIDEZ Y SE ABALANZO SOBRE MADOKA. FUE UNA PESADILLA.;2;14;0xE0D4;0xE14C;texto;;;;;;;;;;;;;
H4;163AL;LOS COLMILLOS DEL ESPIRITU ZORRO LE DESGARRARON LA GARGANTA A MADOKA. LAS SALPICADURAS DE SANGRE ME ALCANZARON A MI TAMBIEN. LA LINTERNA QUE ELLA SOSTENIA CAYO AL SUELO Y RODANDO ILUMINO SU CUERPO CAIDO.;2;14;0xE165;0xE1C1;texto;;;;;;;;;;;;;
H4;164AL;EL ESPIRITU ZORRO TAMBIEN DEJO DE MOVERSE. CAI DE RODILLAS AHI MISMO, SIN FUERZAS. MADOKA, LLAME, PERO NO HUBO RESPUESTA. DEBIO SER UNA MUERTE INSTANTANEA.;2;14;0xE1D1;0xE222;texto;;;;;;;;;;;;;
H4;165AL;ABRACE SU CUERPO Y LLORE DESCONSOLADAMENTE. NO PODIA DEJAR DE SOLLOZAR. SEGUI TRATANDO DE DARLE ALGO DE CALOR A SU CUERPO QUE POCO A POCO IBA PERDIENDO TEMPERATURA.;3;13;0xE22D;0xE286;texto;;;;;;;;;;;;;
H4;166AL;NO SE CUANTO TIEMPO HABIA PASADO. ESTABA SUBIENDO LA ESCALERA HACIA EL SEGUNDO PISO. ACASO HABIA AHI UN SECRETO QUE VALIERA EL PRECIO DE LA VIDA DE MADOKA. NO PODIA CREERLO.;0;16;0xE705;0xE766;texto;;;;;;;;;;;;;
H4;167AL;ESE SECRETO, LO DE HEREDAR A LOS KOKONOE... PISANDO LOS CRUJIENTES ESCALONES, AL TERMINAR DE SUBIR, UNA LUZ TENUE ILUMINABA LA HABITACION.;2;14;0xE76A;0xE7E3;texto;;;;;;;;;;;;;
H4;168AL;SE OIA UNA RESPIRACION CALMA Y MUY PAUSADA. Y ERAN VARIAS. MIS OJOS SE FUERON ACOSTUMBRANDO A LA OSCURIDAD.;5;11;0xE7E8;0xE822;texto;;;;;;;;;;;;;
H4;169AL;ESQUELETOS.;9;7;0xE855;0xE856;texto;;;;;;;;;;;;;
H4;170AL;SERA UNA MOMIA, PENSE.;10;6;0xE865;0xE869;texto;;;;;;;;;;;;;
H4;171AL;DECENAS DE MOMIAS VIVIENTES ME MIRABAN FIJAMENTE. BIENVENIDO DESCENDIENTE DE SANGRE DE LOS KOKONOE, RESONO UNA VOZ. TU QUE BUSCAS LA VIDA ETERNA, AHORA TE LA CONCEDERE A TI TAMBIEN.;2;14;0xE87C;0xE8D7;texto;;;;;;;;;;;;;
H4;172AL;ENTRE LAS MOMIAS, UNA SE LEVANTO. ERA YO MISMO. CAMINABA HACIA MI, INVITANDOME. SUPE SIN SABER POR QUE QUE ESE ERA EL VERDADERO QUINTO MODELO FINAL QUE EL ABUELO HABIA ESTADO FABRICANDO.;0;16;0xE8F0;0xE969;texto;;;;;;;;;;;;;
H4;173AL;ESTO ES LA VIDA ETERNA, MURMURE CON DESPRECIO. UNA VOZ RESPONDIO.;8;8;0xE976;0xE9A0;texto;;;;;;;;;;;;;
H4;174AL;POR GENERACIONES LOS KOKONOE DEJABAN SUS CUERPOS Y TRASLADABAN SUS ALMAS A LOS MUÑECOS QUE CREABAN. MIS PUÑOS TEMBLABAN;7;9;0xE9A8;0xE9EF;texto;;;;;;;;;;;;;
H4;175AL;PARA QUE... HACER ALGO ASI! RUGI. ENTONCES EL OTRO YO ABRIO LA BOCA. EL QUE HABLABA ERA EL.;5;11;0xE9F4;0xEA35;texto;;;;;;;;;;;;;
H4;176AL;EL HOMBRE NO PUEDE RESISTIRSE A SU PROPIO DESTINO. PERO NUESTRO ANCESTRO TENROU NOS CONCEDIO ESTA TECNICA PARA DESAFIAR A LOS DIOSES. DI UN PASO AL FRENTE. ALGO DENTRO DE MI ESTALLO.;3;13;0xEA3C;0xEAA8;texto;;;;;;;;;;;;;
H4;177AL;POR ALGO ASI, MADOKA MURIO. ACASO ME DIRAN QUE ESO ES EL DESTINO. SI ALGO ASI ES EL DESTINO, ENTONCES YO MISMO LO DESTRUIRE.;3;13;0xEAAC;0xEB0A;texto;;;;;;;;;;;;;
H4;178AL;LE DI UN GOLPE A MI MISMO QUE LO MANDO A VOLAR, Y BAJE CORRIENDO LAS ESCALERAS. ABUELO, ESTO ERA ESO TAN IMPORTANTE QUE DECIAS. CORRI MIENTRAS LAS LAGRIMAS CAIAN.;2;14;0xEB17;0xEB71;texto;;;;;;;;;;;;;
H4;179AL;LLEGUE Y ME LANCE CONTRA LA PUERTA UNA Y OTRA VEZ CON TODO EL CUERPO. PERO NO CEDIO NI UN POCO. DETRAS DE MI VARIOS MUÑECOS VENIAN PERSIGUIENDOME. ACASO YO TAMBIEN TERMINARIA CONVERTIDO EN UN MUÑECO.;2;14;0xEB75;0xEBE2;texto;;;;;;;;;;;;;
H4;180AL;EN ESE MOMENTO NOTE QUE ALGO RODABA A MIS PIES. ERA EL OJO DE CRISTAL DEL ABUELO. SE HABRA CAIDO DE ESTE LADO DE LA PUERTA? LO RECOGI Y LO COLOQUE EN EL HUECO DE LA PUERTA.;0;16;0xEBE6;0xEC60;texto;;;;;;;;;;;;;
H4;181AL;LA PUERTA QUE NO SE HABIA MOVIDO EN ABSOLUTO COMENZO A ABRIRSE LENTAMENTE, Y UNA LUZ DESLUMBRANTE ENTRO DE GOLPE. SALI DISPARADO HACIA AFUERA TRATANDO DE HUIR A TODA VELOCIDAD.;4;12;0xEC6A;0xECBC;texto;;;;;;;;;;;;;
H4;182AL;2.@@1.@@PERO@ NO@@NO@@AHI@@ TEN@PUE@DENTR GO@@DO@@O@@@@ MAS@DEJ@TODAV REM@AR@@IA@@@ EDI@A@@@ESTA@ O@@@MAD@EL@@@ QUE@OKA@CUERP HUI@ASI@O@@@@ R.@@.@@@DE@@@ @@@@@@@@MADOK @@@@@@@@A.@@@;3;13;0xECC7;0xED0D;pregunta;;3;1;3;1;5;0;1. NO PUEDO DEJAR A MADOKA ASI.;2. NO TENGO MAS REMEDIO QUE HUIR.;PERO AHI DENTRO TODAVIA ESTA EL CUERPO DE MADOKA.;;;
H4;183AL;NO PODIA DEJAR A MADOKA ASI, ABANDONADA ENTRE ESOS MONSTRUOS. MIRE HACIA ATRAS. DESDE ADENTRO VENIAN PERSIGUIENDOME LOS MUÑECOS DEFORMES. QUE HAGO, PENSE, PIENSA.;0;16;0xED1D;0xED8C;texto;;;;;;;;;;;;;
H4;184AL;ES VERDAD, LO RECORDE. TODOS USTEDES SON MUÑECOS HECHOS POR LOS KOKONOE, GRITE. EL TENROKI DECIA QUE SI UN MUÑECO ES IDENTIFICADO COMO TAL, LA TECNICA SE DESHACE Y EL MUÑECO SE DERRITE.;0;16;0xEF7B;0xEFEB;texto;;;;;;;;;;;;;
H4;185AL;FUNCIONARIA O NO. VI COMO LOS MUÑECOS DEJABAN DE MOVERSE. LA CARNE DE ESAS CRIATURAS SE DERRITIO QUEDANDO REDUCIDA A SOLO HUESOS. AL VERLO SENTI UNA TRISTEZA INDESCRIPTIBLE.;0;16;0xEFF0;0xF054;texto;;;;;;;;;;;;;
H4;186AL;VOLVI AL DEPOSITO Y SAQUE EL CUERPO DE MADOKA. MIENTRAS LA ABRAZABA HICE UN JURAMENTO. SIN FALTA TE VOY A DEVOLVER LA VIDA, COMO KOKONOE.;5;11;0xF05B;0xF0AE;texto;;;;;;;;;;;;;
H4;68AN;DECIDI PREPARARME PARA ENTRAR AL DEPOSITO. AUNQUE NO HABIA MUCHO QUE PREPARAR: UNA LINTERNA, Y QUIZAS EL TENROKI Y EL OJO DE CRISTAL DEL ABUELO. ME QUEDE MIRANDO FIJAMENTE EL OJO DE CRISTAL.;0;16;0xAE51;0xAEC5;texto;;;;;;;;;;;;;
H4;69AN;LA PUPILA Y EL IRIS ESTABAN TALLADOS CON TANTA PRECISION QUE PARECIA REAL. PARECIA FRAGIL, PERO ERA DURO. AL MIRARLO BIEN, EN EL IRIS HABIA LETRAS TALLADAS.;2;14;0xAEDC;0xAF41;texto;;;;;;;;;;;;;
H4;70AN;KOKONOE KIYOMASA. AÑO 15 DE LA ERA TAISHO. MODELO FINAL 3.;12;4;0xAF4A;0xAF67;texto;;;;;;;;;;;;;
H4;71AN;ENTONCES EL ABUELO SI ERA UN MUÑECO. SEGUIRA VIVO EL VERDADERO ABUELO? ME TEMBLABAN TANTO LAS MANOS QUE CASI SE ME CAE EL OJO.;5;11;0xAF6B;0xAFBA;texto;;;;;;;;;;;;;
H4;184AN;NO HABIA OPCION, ME LANCE HACIA ADELANTE. ZARANDEADO ENTRE LOS MUÑECOS DEFORMES, HERIDO, ME ARROJE AL INTERIOR MIENTRAS MI BRAZO IZQUIERDO SALIA VOLANDO. NO ME DOLIO.;2;14;0xF0CA;0xF12B;texto;;;;;;;;;;;;;
H4;185AN;ME PREGUNTE QUE SERIA, Y AL MIRAR VI QUE ME FALTABA EL BRAZO DESDE EL CODO, Y SE VEIAN BARBAS DE BALLENA Y ENGRANAJES. VAYA, ASI QUE EL MUÑECO ERA YO.;3;13;0xF12F;0xF180;texto;;;;;;;;;;;;;
H4;186AN;MIENTRAS MI CUERPO SE DESTROZABA POCO A POCO, LLEGUE AL TALLER. DE ALGUNA MANERA LOGRE ABRAZAR LOS RESTOS DE MADOKA. PERO QUEDE RODEADO POR LOS MONSTRUOS DEFORMES.;2;14;0xF184;0xF1DF;texto;;;;;;;;;;;;;
H4;187AN;ENCENDI EL ACEITE QUE HABIA EN EL TALLER Y LO ESPARCI. MADOKA, ESTE ERA UN DEPOSITO SECO, EL FUEGO SE EXTENDIO EN UN INSTANTE. LOS MONSTRUOS NO SE ACERCABAN.;2;14;0xF1EC;0xF247;texto;;;;;;;;;;;;;
H4;188AN;CERRE LOS OJOS. VINO A MI MENTE LA SONRISA DE MADOKA DE CUANDO AUN VIVIA. LA ABRACE CON FUERZA. YA NUNCA MAS NOS SEPARAREMOS, MADOKA.;5;11;0xF24B;0xF294;texto;;;;;;;;;;;;;
H4;112AM;DECIDI ABRIR LA CAJA GRANDE. LA TAPA ERA RESISTENTE Y NO PARECIA FACIL DE ABRIR. AL MIRAR MEJOR, ME DI CUENTA DE QUE NO ESTABA APOYADA, SINO EMPOTRADA EN LA PARED.;2;14;0xD373;0xD3D6;texto;;;;;;;;;;;;;
H4;113AM;2.@@1.@@MADOKA, QUI@NO,@CON@@@@ ZAS@ES@@LOS@@@@ SEA@UNA@BRAZOS@ UNA@CAJ@CRUZADO PUE@A.@@S,@@@@@ RTA@@@@@DIJO@@@ SEC@@@@@QUIZAS@ RET@@@@@SEA@@@@ A.@@@@@@UNA@@@@ @@@@@@@@PUERTA@ @@@@@@@@SECRETA @@@@@@@@.@@@@@@;1;15;0xD3DA;0xD41C;pregunta;;3;1;3;1;7;0;1. NO, ES UNA CAJA.;2. QUIZAS SEA UNA PUERTA SECRETA.;MADOKA, CON LOS BRAZOS CRUZADOS, DIJO QUIZAS SEA UNA PUERTA SECRETA.;;;
H4;114X;CON MUCHO ESFUERZO LOGRE ABRIR LA TAPA DE LA CAJA. ADENTRO HABIA UNA ARMADURA DE LA EPOCA SENGOKU, CON ESPADA Y TODO EN LA CINTURA. DECEPCIONADO, INTENTE DEJARLA COMO ESTABA.;1;15;0xF2A7;0xF318;texto;;;;;;;;;;;;;
H4;115X;PERO ENTONCES SE OYO UN SONIDO. CRUJIA, CRUJIA, CRUJIA. VENIA DE LA ARMADURA... NO, DEL GUERRERO.;8;8;0xF31A;0xF356;texto;;;;;;;;;;;;;
H4;116X;ESTA COSA ESTA VIVA. DEBE SER UN MUÑECO GUERRERO HECHO POR ALGUN KOKONOE DE OTRA EPOCA. CRUJIA, CRUJIA, CRUJIA. CON ESE CRUJIDO, EL GUERRERO SE GIRO HACIA MI.;3;13;0xF358;0xF3B3;texto;;;;;;;;;;;;;
H4;117X;LOS OJOS DENTRO DEL CASCO BRILLABAN COMO FUEGOS FATUOS.;12;4;0xF3B5;0xF3D9;texto;;;;;;;;;;;;;
H4;118X;PAM! CERRE LA TAPA DE GOLPE. NO VI NADA, NO VI NADA... DIJE CON UNA SONRISA FORZADA, SECANDOME EL SUDOR FRIO. MADOKA TAMBIEN SE RIO, JA JA JA, Y SALIMOS DEL ALMACEN.;0;16;0xF3DB;0xF450;texto;;;;;;;;;;;;;
H4;114AM;SI ES ASI, PROBEMOS GOLPEANDOLA, DIJE. SI EMPUJAR NO FUNCIONA, PROBEMOS TIRANDO, Y ESTABA A PUNTO DE GOLPEARLA.;7;9;0xF458;0xF493;texto;;;;;;;;;;;;;
H4;115AM;PERO CON ESE PRIMER GOLPE, CAI DANDO TUMBOS HACIA LA OSCURIDAD. POR SUERTE NO CAI DE CARA. LO DE ANTES ERA UNA PUERTA GIRATORIA. ESTA CASA ESTA LLENA DE MECANISMOS, DE VERDAD.;2;14;0xF4A7;0xF50C;texto;;;;;;;;;;;;;
H4;116AM;PARECIA QUE ESTO ERA UN SOTANO. LA LINTERNA SE ME HABIA CAIDO POR EL GOLPE. LA RECOGI Y MIRE A MI ALREDEDOR.;5;11;0xF510;0xF553;texto;;;;;;;;;;;;;
H4;117AM;AQUELLO ERA UN INFIERNO. MUÑECOS COMO DEMONIOS HAMBRIENTOS O ALMAS EN PENA SE ENTRELAZABAN, AMONTONADOS. ERA ESTE EL CEMENTERIO DE LAS OBRAS FALLIDAS. TRAGUE SALIVA. OYE, ESTAS BIEN, DIJO UNA VOZ.;0;16;0xF561;0xF5CF;texto;;;;;;;;;;;;;
H4;118AM;DESDE ARRIBA LA LUZ DE UNA LINTERNA ME ILUMINO. MADOKA HABIA ABIERTO LA PUERTA Y ME ESTABA BUSCANDO. ESTOY BIEN, LOGRE RESPONDER DE ALGUNA MANERA. ELLA TAMBIEN QUEDO SIN PALABRAS AL VER LA MONTAÑA DE OBRAS FALLIDAS.;0;16;0xF5D3;0xF646;texto;;;;;;;;;;;;;
H4;119AM;CASI GRITO DEL SUSTO, DIJO MADOKA CON ESFUERZO MIENTRAS ME IZABA CON UNA CUERDA. QUE ES ESO? SEGURAMENTE SON MUÑECOS FALLIDOS HECHOS POR GENERACIONES DE KOKONOE. TRAGUE SALIVA.;0;16;0xF64B;0xF6BE;texto;;;;;;;;;;;;;
H4;120AM;VOLVAMOS, SUSURRO MADOKA CON ESA SOLA PALABRA.;12;4;0xF6C3;0xF6D4;texto;;;;;;;;;;;;;
H4;188AM;NO TUVE MAS REMEDIO QUE HUIR DE ESE LUGAR. Y NUNCA VOLVI.;8;8;0xEDA7;0xEDD5;texto;;;;;;;;;;;;;
H4;189AM;DE VUELTA EN MI DEPARTAMENTO DE TOKIO, VOLVI A ESCUCHAR AQUEL SONIDO.;10;6;0xEDDC;0xEDFA;texto;;;;;;;;;;;;;
H4;190AM;CRUJIA, CRUJIA, CRUJIA, CRUJIA, CRUJIA, CRUJIA, CRUJIA, CRUJIA, CRUJIA...;7;9;0xEE05;0xEE2E;texto;;;;;;;;;;;;;
H4;191AM;DESDE DENTRO DE MI PECHO EL SONIDO VOLVIA A SONAR. ERA EL MISMO SONIDO DE CUANDO EL ABUELO SE DERRETIA.;7;9;0xEE3D;0xEE6A;texto;;;;;;;;;;;;;
H4;192AM;ME SUMERGI EN LA LECTURA DEL TENROKI INTENTANDO ENCONTRAR UNA FORMA DE PROLONGAR MI VIDA, PERO PARECIA INUTIL.;7;9;0xEE70;0xEEB0;texto;;;;;;;;;;;;;
H4;193AM;NO HABIA NADA DE QUE SORPRENDERSE. YO MISMO ERA EL MUÑECO.;10;6;0xEEB4;0xEED4;texto;;;;;;;;;;;;;
H4;194AM;EL SONIDO SE HACIA CADA VEZ MAS FUERTE. ME MIRE LAS MANOS. LA CARNE YA SE HABIA DERRETIDO DEJANDO SOLO LOS HUESOS.;5;11;0xEEDF;0xEF29;texto;;;;;;;;;;;;;
H4;195AM;EL RESORTE DENTRO DE MI PECHO GIRABA CON VIOLENCIA A PUNTO DE SALIR DISPARADO. YA CASI...;9;7;0xEF2E;0xEF60;texto;;;;;;;;;;;;;
H4;160D;VUELVO A SER LO QUE ERA, UN SIMPLE OBJETO.;12;4;0x4E83;0x4E95;texto;;;;;;;;;;;;;
H4;177F;YO HEREDE EL LEGADO DE LOS KOKONOE.;8;8;0xE6E3;0xE6EF;texto;;;;;;;;;;;;;
H4;234E;SE TRATA DE PASAR TU MENTE ACTUAL AL CUERPO DE CUANDO ERAS NIÑO, EL QUE ESTABA EN EL DEPOSITO. ASI TU Y YO COMPARTIREMOS EL SECRETO. Y CON EL TIEMPO, HAGAMOS TAMBIEN TU CUERPO ORIGINAL.;2;14;0xA137;0xA1A2;texto;;;;;;;;;;;;;
H3;163AZ;REIKA! DEL OTRO LADO DEL PASILLO, MAMI Y EMIKO VINIERON CORRIENDO. QUE ALIVIO, PENSE QUE HABIAS MUERTO. SONREI UN POCO.;2;14;0xC247;0xC29A;texto;;;;;;;;;;;;;
H3;164AZ;NO ES QUE UNO VAYA A MORIRSE EN UN PARQUE DE DIVERSIONES, NO? ES CIERTO. LA TENSION SE DISOLVIO Y NOS REIMOS JUNTAS UN RATO.;5;11;0xC29E;0xC2DB;texto;;;;;;;;;;;;;
H3;165AZ;VOLVIMOS A AVANZAR POR EL PASILLO. PAT, PAT... UN SONIDO SE ACERCABA DESDE ATRAS. AUNQUE NOS DIMOS VUELTA CON MIEDO, CON ESA LUZ TENUE NO SE VEIA MAS ALLA.;2;14;0x7A73;0x7AE1;texto;;;;;;;;;;;;;
H3;166AZ;2.@@1.@@ME@@@@@ PRE@VOL@DABA@@@ GUN@VER@MIEDO@@ TAR@LA@@CONFIRM LE@@MIR@AR@@@@@ A@@@ADA@QUE@@@@ LAS@@@@@ERA@@@@ DOS@@@@@ESE@@@@ @@@@@@@@SONIDO, @@@@@@@@PERO@@@ @@@@@@@@NO@@@@@ @@@@@@@@SABERLO @@@@@@@@ERA@@@@ @@@@@@@@PEOR@@@;1;15;0x7AE5;0x7B33;pregunta;;3;1;3;1;7;0;1. VOLVER LA MIRADA;2. PREGUNTARLE A LAS DOS;ME DABA MIEDO CONFIRMAR QUE ERA ESE SONIDO, PERO NO SABERLO ERA PEOR;;;
H3;167BE;OYE, HABIA ALGUIEN DETRAS? EMIKO NEGO LEVEMENTE CON LA CABEZA. NO SERA UN ACOSADOR? DIJO MAMI EN BROMA.;3;13;0x8129;0x8174;texto;;;;;;;;;;;;;
H3;168BE;PUES VERAS... SE ME OLVIDO EL MIEDO Y NO PUDE EVITAR UNA SONRISA FORZADA.;10;6;0x8178;0x8195;texto;;;;;;;;;;;;;
H3;169BE;NOS DETUVIMOS TODAS JUNTAS Y EL SONIDO DE ATRAS TAMBIEN SE PARO EN SECO. NOS MIRAMOS Y APURAMOS EL PASO, PERO EL SONIDO TAMBIEN ACELERO Y NOS SIGUIO.;5;11;0x8199;0x81E9;texto;;;;;;;;;;;;;
H3;170BE;SONABA COMO PISADAS DE PIES DESCALZOS. DEL PURO MIEDO, EMPEZAMOS A CORRER. PERO ESE SONIDO ACELERO AUN MAS Y VINO DIRECTO HACIA NOSOTRAS.;5;11;0x81ED;0x823A;texto;;;;;;;;;;;;;
H3;171BE;CORRIMOS HASTA EL FINAL DEL PASILLO HASTA QUEDAR SIN SALIDA. AUN ASI, ESA COSA SEGUIA ACERCANDOSE, AUMENTANDO CADA VEZ MAS DE VELOCIDAD.;5;11;0x823F;0x8284;texto;;;;;;;;;;;;;
H3;172BE;PAT PAT PAT PAT PAT PAT PAT PAT PAT PAT PAT PAT PAT PAT PAT...;5;11;0x8292;0x830B;texto;;;;;;;;;;;;;
H3;173BE;AAAAAH! GRITAMOS TODAS A LA VEZ Y NOS AGACHAMOS, ABRAZANDONOS LAS RODILLAS. ENTONCES ESE SONIDO PASO JUSTO AL LADO NUESTRO Y SE DESVANECIO, COMO SI FUERA ABSORBIDO HACIA EL OTRO LADO DE LA PARED.;0;16;0x8315;0x837F;texto;;;;;;;;;;;;;
H3;167AZ;VOLVIMOS A MIRAR ATRAS UNA VEZ MAS, PERO AUN ASI NO SE VEIA NADA. PAT, PAT, PAT. SE OIA UN SONIDO, COMO EL DE PISADAS DESCALZAS. NOS MIRAMOS ENTRE NOSOTRAS Y APURAMOS EL PASO.;0;16;0x7F67;0x7FDB;texto;;;;;;;;;;;;;
H3;168AZ;PERO ESE SONIDO TAMBIEN ACELERO Y NOS SIGUIO. DEL PURO MIEDO, TERMINAMOS POR ECHAR A CORRER. PERO ENSEGUIDA NOS ALCANZO.;5;11;0x7FDF;0x8026;texto;;;;;;;;;;;;;
H3;169AZ;PAT PAT PAT PAT PAT PAT PAT PAT PAT PAT PAT PAT...;5;9;0x8034;0x80AD;texto;;;;;;;;;;;;;
H3;170AZ;AAAAAH! GRITAMOS TODAS A LA VEZ Y NOS AGACHAMOS, ABRAZANDONOS LAS RODILLAS. AL RATO, ESE SONIDO PASO JUSTO AL LADO NUESTRO Y SE DESVANECIO, COMO ABSORBIDO HACIA EL OTRO LADO DE LA PARED.;0;16;0x80B7;0x8121;texto;;;;;;;;;;;;;
H3;171AZ;DESPUES DE ESO, SEGUIMOS CAMINANDO UN RATO HASTA LLEGAR FRENTE A UNA PUERTA. MAMI ABRIO LA PUERTA MAS CERCANA. CRIIIIIC. DENTRO DE LA HABITACION NO HABIA NADA QUE NOS ASUSTARA EN PARTICULAR. PARECIA SER UN ESTUDIO.;0;16;0x8387;0x840A;texto;;;;;;;;;;;;;
H3;172AZ;UN POCO DESILUSIONADAS, ENTRAMOS CON CAUTELA DE TODOS MODOS. LAS PAREDES TENIAN ESTANTERIAS LLENAS DE LIBROS.;7;9;0x840F;0x8452;texto;;;;;;;;;;;;;
H3;173AZ;TODOS LOS LIBROS PARECIAN ESTAR EN OTRO IDIOMA. NO PARECIA HABER NADA QUE YO PUDIERA LEER. HABIA UN ESCRITORIO, MAMI SE ACERCO Y SOLTO UNA EXCLAMACION.;4;12;0x8457;0x84A9;texto;;;;;;;;;;;;;
H3;174AZ;2.@@1.@@HAY@@ VER@VER@UN@@@ EL@@EL@@CUADE LIB@CUA@RNO,@ RO@@DER@DIJO@ @@@@NO@@MAMI. @@@@@@@@PERO@ @@@@@@@@TAMBI @@@@@@@@EN@@@ @@@@@@@@ME@@@ @@@@@@@@INTER @@@@@@@@ESABA @@@@@@@@N@@@@ @@@@@@@@LOS@@ @@@@@@@@LIBRO @@@@@@@@S@@@@;3;13;0x84AE;0x84ED;pregunta;;3;1;3;1;5;0;1. VER EL CUADERNO;2. VER EL LIBRO;HAY UN CUADERNO, DIJO MAMI. PERO TAMBIEN ME INTERESABAN LOS LIBROS;;;
H3;175AZ;MIRE DE REOJO LO QUE PARECIA UN LIBRO EN INGLES. EL TITULO ESTABA LLENO DE LETRAS OCCIDENTALES. TOME UNO DE ESOS LIBROS EN MIS MANOS.;5;11;0x8662;0x86A6;texto;;;;;;;;;;;;;
H3;176AZ;IUGH, QUE ASCO. ESE LIBRO TENIA UN OJO PEGADO, Y SE QUEDO MIRANDOME FIJAMENTE.;8;8;0x86AD;0x86DA;texto;;;;;;;;;;;;;
H3;177AZ;LOS DEMAS LIBROS PARECIAN SER TODOS SOBRE TEMAS OCULTISTAS. BUENO, TRATANDOSE DE UNA CASA EMBRUJADA, ENTENDIA QUE QUISIERAN AMBIENTAR ASI, PERO...;4;12;0x86DE;0x872C;texto;;;;;;;;;;;;;
H3;178AZ;LAS DOS QUE HABIAN ESTADO MIRANDO EL CUADERNO VOLVIERON EN SILENCIO. HABIA ALGO ESCRITO? PREGUNTE SIN DARLE MUCHA IMPORTANCIA. REIKA... CREO QUE ES MEJOR QUE NO LO VEAS. EL ROSTRO DE EMIKO ESTABA PALIDO.;0;16;0x8731;0x8792;texto;;;;;;;;;;;;;
H3;179AZ;A JUZGAR POR LAS CARAS DE LAS DOS, PARECIA MEJOR NO VERLO.;12;4;0x8797;0x87B1;texto;;;;;;;;;;;;;
H3;180AZ;BUENO, SIGAMOS ADELANTE. PROPUSO MAMI. MEZCLADO CON SU VOZ, ESCUCHE ALGUN SONIDO.;7;9;0x87C7;0x8803;texto;;;;;;;;;;;;;
H3;181AZ;NO SE OYE ALGO? LA QUE HABLO ANTES QUE YO FUE EMIKO. SI, SE OYE ALGO, ASENTI.;7;9;0x8808;0x8843;texto;;;;;;;;;;;;;
H3;182AZ;NO PUEDE SER... EL ROSTRO DE MAMI PALIDECIO. CORRIO A LA ESQUINA DE LA SALA, Y AL LLEGAR, PUSO LA MANO EN EL PICAPORTE DE LA PUERTA QUE LLEVABA AL SIGUIENTE CUARTO.;4;12;0x8847;0x8896;texto;;;;;;;;;;;;;
H3;183AZ;AY, CALIENTE! MAMI APARTO DE INMEDIATO LA MANO QUE HABIA TOCADO EL PICAPORTE. Q-QUE PASO? ...ES UN INCENDIO ESAS PALABRAS ME DEJARON IMPACTADA.;3;13;0x889A;0x88F2;texto;;;;;;;;;;;;;
H3;184AZ;CIERTAMENTE, TAMBIEN PODIA SONAR COMO UN FUEGO ARDIENDO CON FUERZA. PERO... ESTO TAMBIEN SERA PARTE DE LA ATRACCION? DIJO EMIKO CON UNA VOZ QUE APENAS SE OIA.;3;13;0x88F7;0x894A;texto;;;;;;;;;;;;;
H3;185AZ;NO ES SOLO EL SONIDO. EL PICAPORTE ESTABA CALIENTE. EL FUEGO YA LLEGO HASTA AFUERA DE LA PUERTA. QUE UNA CASA EMBRUJADA SE ESTUVIERA INCENDIANDO... POR POCO PIERDO EL SENTIDO.;3;13;0x894E;0x89A6;texto;;;;;;;;;;;;;
H3;186AZ;MAMI AGARRO EL PICAPORTE CON UN PAÑUELO E INTENTO ABRIR LA PUERTA. NO, ESTA CON LLAVE. ESCAPEMOS POR DONDE ENTRAMOS. EMIKO CORRIO HACIA LA PUERTA POR LA QUE HABIAMOS ENTRADO.;0;16;0x89AB;0x8A13;texto;;;;;;;;;;;;;
H3;187AZ;ESTA TAMPOCO ABRE! NO HABIA OTRA PUERTA... HABIAMOS QUEDADO ENCERRADAS EN ESTA HABITACION.;7;9;0x8A17;0x8A4E;texto;;;;;;;;;;;;;
H3;188AZ;LAS DOS, TRANQUILICENSE. PENSEMOS EN COMO SALVARNOS. MAMI DIJO MIRANDONOS A LOS OJOS, REPITIENDOLO. ESAS PALABRAS PARECIAN DIRIGIDAS TAMBIEN A ELLA MISMA.;0;16;0x8A53;0x8AB5;texto;;;;;;;;;;;;;
H3;189AZ;...ROMPAMOS ESTA PUERTA, DIJO MAMI, Y RETROCEDIENDO DOS O TRES PASOS, SE LANZO CONTRA LA PUERTA CON SU PROPIO CUERPO. NO SE ABRIO TAN FACILMENTE. RETROCEDIO DOS O TRES PASOS DE NUEVO.;3;13;0x8AD0;0x8B31;texto;;;;;;;;;;;;;
H3;190AZ;NOS PUSIMOS JUNTO A MAMI. A LA UNA, A LAS DOS, A LAS TRES! NOS LANZAMOS CONTRA LA PUERTA AL MISMO TIEMPO. COMO ERA DE ESPERAR, NO FUNCIONO... LAS COSAS NO SON COMO EN LAS PELICULAS.;2;14;0x8B36;0x8B85;texto;;;;;;;;;;;;;
H3;191AZ;CON SOLO NOSOTRAS TRES, NO ALCANZA, USEMOS ESTO. MAMI SEÑALO EL ESCRITORIO DE LA SALA.;9;7;0x8B8A;0x8BBC;texto;;;;;;;;;;;;;
H3;192AZ;NO SERIA MEJOR ESTO? EMIKO SEÑALO UN SOFA. ES CIERTO, PARA GOLPEAR LA PUERTA ESTO PARECE MEJOR.;3;13;0x8BC0;0x8C09;texto;;;;;;;;;;;;;
H3;193AZ;HAGAMOSLO ASI. LEVANTAMOS EL SOFA ENTRE TODAS. AHORA! GOLPEAMOS LA PUERTA CON EL SOFA CON TODAS NUESTRAS FUERZAS. SONO UN ESTRUENDO TREMENDO. CON ESTO PARECIA QUE IBA A FUNCIONAR.;2;14;0x8C0D;0x8C68;texto;;;;;;;;;;;;;
H3;194AZ;LEVANTAMOS EL SOFA DE NUEVO Y NOS PREPARAMOS PARA EMBESTIR OTRA VEZ. A LA UNA, A LAS DOS, A LAS TRES! CARGAMOS CONTRA LA PUERTA. EN ESE INSTANTE SE ABRIO.;5;11;0x8C6D;0x8CC4;texto;;;;;;;;;;;;;
H3;195AZ;VINE A AYUDARLAS! QUIEN ASOMO LA CARA POR LA PUERTA ERA EL HOMBRE QUE HACIA UN RATO ESTABA EN EL CUARTO DE TORTURA. A JUZGAR POR SUS PALABRAS, SEGURAMENTE HABIA VENIDO A AYUDARNOS.;3;13;0x8CD0;0x8D2C;texto;;;;;;;;;;;;;
H3;196AZ;PERO... EL NO IBA A PODER CUMPLIR ESA MISION. EL SOFA IMPACTO CONTRA EL HOMBRE CON TODA SU FUERZA. PUM! SALIO VOLANDO HASTA LA PARED DEL LADO OPUESTO DEL PASILLO... Y QUEDO INCONSCIENTE.;2;14;0x8D30;0x8D99;texto;;;;;;;;;;;;;
H3;197AZ;AY, LO HICIMOS! GRITO MAMI. MANDAMOS VOLANDO AL QUE VINO A AYUDARNOS... SENTI QUE SE ME LLENABAN LOS OJOS DE LAGRIMAS. UN AMBIENTE INCOMODO SE INSTALO ENTRE NOSOTRAS.;2;14;0x8DAA;0x8E00;texto;;;;;;;;;;;;;
H3;198AZ;BUENO, NO IMPORTA. YA QUE LA PUERTA SE ABRIO, ESCAPEMOS RAPIDO. CON ESAS PALABRAS DE MAMI, ECHAMOS A CORRER.;7;9;0x8E04;0x8E43;texto;;;;;;;;;;;;;
H3;199AZ;ES-, ESPEREN. QUE HACEMOS CON EL? ME DETUVE UN MOMENTO Y SEÑALE AL HOMBRE DESMAYADO DETRAS NUESTRO.;5;11;0x8E47;0x8E8C;texto;;;;;;;;;;;;;
H3;200AZ;AL FINAL, NO TUVIMOS MAS REMEDIO QUE ARRASTRARLO CON NOSOTRAS.;10;6;0x8E90;0x8EB4;texto;;;;;;;;;;;;;
H3;201AZ;HACIA DONDE SE SUPONE QUE ESCAPAMOS? PREGUNTO EMIKO, CASI AL BORDE DEL GRITO. ESO NADIE LO SABIA. LA PERSONA QUE SE SUPONIA DEBIA SABERLO ESTABA DESMAYADA JUSTO AQUI.;2;14;0x8EBF;0x8F19;texto;;;;;;;;;;;;;
H3;202AZ;AVANZABAMOS POR EL INTERIOR DE LA MANSION EN LLAMAS, TRATANDO DE IR HACIA DONDE NO HABIA FUEGO. COMO TENIAMOS ESE PESO EXTRA, NO LOGRABAMOS AVANZAR BIEN...;5;11;0x8F1E;0x8F64;texto;;;;;;;;;;;;;
H3;203AZ;EN ESE MOMENTO, SE OYO EL SONIDO DE GENTE CORRIENDO CON ESTREPITO. SEGURO VENIAN A AYUDARNOS. POR AQUI! GRITO MAMI. VINIERON CORRIENDO DESDE EL FRENTE DEL PASILLO.;0;16;0x8F68;0x8FD0;texto;;;;;;;;;;;;;
H3;204AZ;SAMURAIS, GUERREROS, BRUJAS Y TODA CLASE DE MONSTRUOS VENIAN HACIA NOSOTRAS.;8;8;0x8FE9;0x901B;texto;;;;;;;;;;;;;
H3;205AZ;AAAAAH! EMPEZAMOS A CORRER. QUE DEMONIOS ES ESTO?! GRITO MAMI. ESO TAMBIEN QUERIA SABERLO YO...;4;12;0x9026;0x906C;texto;;;;;;;;;;;;;
H3;206AZ;ATRAVESAMOS UN PASILLO ANGOSTO, BAJAMOS UNA ESCALERA, CRUZAMOS UNA SALA. AUN ASI, AUN NOS SEGUIAN PERSIGUIENDO.;8;8;0x9071;0x90AC;texto;;;;;;;;;;;;;
H3;207AZ;OYE, REIKA! GRITO EMIKO MIENTRAS CORRIAMOS. NO SERA QUE ELLOS TAMBIEN ESTAN ESCAPANDO?! EH? ESAS PALABRAS NO ME ENTRARON EN LA CABEZA DE INMEDIATO.;2;14;0x90B0;0x9105;texto;;;;;;;;;;;;;
H3;208AZ;PIENSAN QUE NOSOTRAS SABEMOS DONDE ESTA LA SALIDA... PUEDE QUE SEA ESO. ESA GENTE ES EL PERSONAL DE ESTE LUGAR, PERO QUIZA NO SABEN A DONDE ESCAPAR Y POR ESO NOS SIGUEN.;2;14;0x9109;0x9169;texto;;;;;;;;;;;;;
H3;209AZ;NOS DETUVIMOS. EH... DISCULPEN! MAMI TRATO DE DETENERLOS. PERO EL IMPULSO DE ELLOS NO SE DETUVO.;3;13;0x916E;0x91B8;texto;;;;;;;;;;;;;
H3;210AZ;CLANC! CREO QUE LA GENTE QUE MIRABA DESDE AFUERA SE LLEVO UNA SORPRESA. NO ES ALGO QUE SE VEA TODOS LOS DIAS: GENTE Y FANTASMAS CAYENDO POR UNA VENTANA.;5;11;0x91D1;0x9220;texto;;;;;;;;;;;;;
H3;211AZ;CUANDO ME DI CUENTA, ESTABA SOBRE EL CESPED. OYE, REIKA, QUITATE DE ENCIMA! NO ME DOLIA NADA, Y ES QUE HABIA CAIDO ENCIMA DE EMIKO. ME APARTE A TODA PRISA.;2;14;0x9224;0x9278;texto;;;;;;;;;;;;;
H3;212AZ;QUE LES PARECIO, SEÑORITAS? DE PRONTO RESONO UNA VOZ. ERA LA VOZ DE LA ESTATUA DE BRONCE. DISFRUTARON EL FINAL DE LA CASA EMBRUJADA?;2;14;0x927D;0x92E9;texto;;;;;;;;;;;;;
H3;213AZ;EL FINAL? MIRE HACIA EL EDIFICIO... ARDIA DE VERDAD, CON UNA DENSA COLUMNA DE HUMO NEGRO. LA CASA EMBRUJADA REALMENTE SE ESTABA INCENDIANDO.;5;11;0x92EE;0x9333;texto;;;;;;;;;;;;;
H3;214AZ;HOY ES EL ULTIMO DIA DE LA CASA EMBRUJADA! DISFRUTARON DEL TERROR DEFINITIVO, LA PUESTA EN ESCENA DE LAS LLAMAS?;7;9;0x9339;0x9378;texto;;;;;;;;;;;;;
H3;215AZ;...NO PUEDE SER... ACASO, SIENDO HOY EL ULTIMO DIA DE LA CASA EMBRUJADA, REALMENTE LE PRENDIERON FUEGO?;8;8;0x937C;0x93A7;texto;;;;;;;;;;;;;
H3;216AZ;RESONO LA CARCAJADA DE LA ESTATUA DE BRONCE. NO PUEDE SER!? GRITAMOS LAS TRES AL MISMO TIEMPO. LA ENTRADA DEL EDIFICIO SE DERRUMBO. LA ESTATUA DE BRONCE RODO POR EL SUELO. AUN ASI, SIGUIO RIENDO.;2;14;0x93AD;0x941F;texto;;;;;;;;;;;;;
H3;172BD;NOS REUNIMOS Y ABRIMOS ESE CUADERNO. PARECIA SER ALGO DONDE ESCRIBIAN LOS QUE ENTRABAN A ESTA CASA EMBRUJADA. AL LADO TAMBIEN HABIA UN BOLIGRAFO.;5;11;0x84FA;0x8549;texto;;;;;;;;;;;;;
H3;173BD;...QUE ES ESTO... EMIKO DEJO ESCAPAR UNA EXCLAMACION. LO UNICO ESCRITO EN EL CUADERNO ERAN SOLO DOS PALABRAS.;7;9;0x854D;0x8586;texto;;;;;;;;;;;;;
H3;174BD;AYUDENME AYUDENME AYUDENME AYUDENME AYUDENME AYUDENME AYUDENME AYUDENME AYUDENME AYUDENME AYUDENME AYUDENME...;2;13;0x859A;0x85D3;texto;;;;;;;;;;;;;
H3;175BD;SAQUENME SAQUENME SAQUENME SAQUENME SAQUENME SAQUENME SAQUENME SAQUENME SAQUENME SAQUENME SAQUENME SAQUENME...;2;13;0x85D9;0x8607;texto;;;;;;;;;;;;;
H3;176BD;NO PODIA MOVERME, NI SIQUIERA PODIA GRITAR. REIKA... YA ESTA BIEN. YO NO ESTABA NADA BIEN, PERO RESPONDI ASI DE TODOS MODOS.;2;14;0x860B;0x865A;texto;;;;;;;;;;;;;
H3;186BD;...ROMPAMOS ESTA PUERTA. DIJO MAMI, Y RETROCEDIENDO DOS O TRES PASOS, SE LANZO CONTRA LA PUERTA CON SU PROPIO CUERPO. NO SE ABRIO TAN FACILMENTE. RETROCEDIO DOS O TRES PASOS DE NUEVO.;3;13;0xD2D1;0xD332;texto;;;;;;;;;;;;;
H3;187BD;NOS PUSIMOS JUNTO A MAMI. A LA UNA, A LAS DOS, A LAS TRES! LAS TRES NOS LANZAMOS CONTRA LA PUERTA AL MISMO TIEMPO. COMO ERA DE ESPERAR, NO FUNCIONO... LAS COSAS NO SALEN COMO EN LAS PELICULAS.;2;14;0xD337;0xD386;texto;;;;;;;;;;;;;
H3;188BD;SOLO NOSOTRAS TRES, NO ALCANZA, USEMOS ESTO. MAMI SEÑALO EL ESCRITORIO DE LA HABITACION.;9;7;0xD38B;0xD3BD;texto;;;;;;;;;;;;;
H3;189BD;NO SERIA MEJOR ESTO? EMIKO SEÑALO UN SOFA. ES CIERTO, PARA GOLPEAR LA PUERTA ESTO PARECE MEJOR.;3;13;0xD3C1;0xD40A;texto;;;;;;;;;;;;;
H3;190BD;HAGAMOSLO ASI. LEVANTAMOS EL SOFA ENTRE TODAS. AHORA! GOLPEAMOS LA PUERTA CON EL SOFA CON TODAS NUESTRAS FUERZAS. SONO UN ESTRUENDO TREMENDO. CON ESTO PARECIA QUE IBA A FUNCIONAR.;2;14;0xD40E;0xD469;texto;;;;;;;;;;;;;
H3;191BD;LEVANTAMOS EL SOFA DE NUEVO Y NOS PREPARAMOS PARA EMBESTIR OTRA VEZ. A LA UNA, A LAS DOS, A LAS TRES! CARGAMOS CONTRA LA PUERTA. EN ESE INSTANTE SE ABRIO.;5;11;0xD46E;0xD4C5;texto;;;;;;;;;;;;;
H3;192BD;VINE A AYUDARLAS! QUIEN ASOMO LA CARA POR LA PUERTA ERA EL HOMBRE QUE HACIA UN RATO ESTABA EN EL CUARTO DE TORTURA. A JUZGAR POR SUS PALABRAS, SEGURAMENTE HABIA VENIDO A AYUDARNOS.;3;13;0xD4D1;0xD52D;texto;;;;;;;;;;;;;
H3;193BD;PERO... EL NO IBA A PODER CUMPLIR ESA MISION. EL SOFA IMPACTO CONTRA EL HOMBRE CON TODA SU FUERZA. PUM! SALIO VOLANDO HASTA LA PARED DEL LADO OPUESTO DEL PASILLO... Y QUEDO INCONSCIENTE.;2;14;0xD531;0xD59A;texto;;;;;;;;;;;;;
H3;194BD;AY, LO HICIMOS! GRITO MAMI. MANDAMOS VOLANDO AL QUE VINO A AYUDARNOS... SENTI QUE SE ME LLENABAN LOS OJOS DE LAGRIMAS. UN AMBIENTE INCOMODO SE INSTALO ENTRE NOSOTRAS.;2;14;0xD5A5;0xD5FB;texto;;;;;;;;;;;;;
H3;195BD;BUENO, NO IMPORTA. YA QUE LA PUERTA SE ABRIO, ESCAPEMOS RAPIDO. CON ESAS PALABRAS DE MAMI, ECHAMOS A CORRER.;7;9;0xD5FF;0xD63E;texto;;;;;;;;;;;;;
H3;196BD;ES-, ESPEREN. QUE HACEMOS CON EL? ME DETUVE UN MOMENTO Y SEÑALE AL HOMBRE DESMAYADO DETRAS NUESTRO.;5;11;0xD642;0xD687;texto;;;;;;;;;;;;;
H3;197BD;A ESE TIPO, DEJALO NOMAS. MAMI Y EMIKO YA HABIAN ECHADO A CORRER. YO NO PODIA SIMPLEMENTE DEJAR ABANDONADO A ESE HOMBRE.;4;12;0xD68B;0xD6D7;texto;;;;;;;;;;;;;
H3;198BD;POCO A POCO, POR EL CALOR DE LAS LLAMAS, EMPECE A PERDER EL CONOCIMIENTO...;7;9;0xD6E2;0xD710;texto;;;;;;;;;;;;;
H3;199BD;HAS TOMADO LA DECISION DE CONVERTIRTE EN UNA RESIDENTE DE ESTE LUGAR, VERDAD? DESDE ALGUN LUGAR, ESCUCHE UNA VOZ QUE YA HABIA OIDO ANTES.;5;11;0xD71F;0xD763;texto;;;;;;;;;;;;;
H3;200BD;ERA LA VOZ DE LA ESTATUA DE BRONCE. ESPERABA DE TODO CORAZON QUE TE CONVIRTIERAS EN RESIDENTE DE ESTE LUGAR.;7;9;0xD767;0xD7A1;texto;;;;;;;;;;;;;
H3;201BD;PARECE QUE A LAS OTRAS DOS NO LES TERMINO DE GUSTAR ESTE LUGAR. HACE UN MOMENTO, FALLECIERON. JE JE JE JE. FALLECIERON?;3;13;0xD7A7;0xD7F9;texto;;;;;;;;;;;;;
H3;202BD;PARECE QUE FUISTE TU LA QUE MAS CREYO EN NUESTRA EXISTENCIA. Y DESDE HOY, ERES UNA MAS DE NOSOTROS. AL FIN Y AL CABO, YA ESTAS MUERTA. JE JE JE JE.;2;14;0xD7FE;0xD864;texto;;;;;;;;;;;;;
H3;203BD;SIGUE CREYENDO PARA SIEMPRE. ASI PODRAS PERMANECER EN ESTE MUNDO. CREER... PERO EN QUE?;2;14;0xD869;0xD8AE;texto;;;;;;;;;;;;;
H3;204BD;SENTI COMO MI CUERPO IBA CAMBIANDO POCO A POCO. EN AQUELLO EN LO QUE MENOS HABIA QUERIDO CREER... Y EN LO QUE MAS HABIA CREIDO...;4;12;0xD8B5;0xD90D;texto;;;;;;;;;;;;;
H3;205G;SAQUENME SAQUENME SAQUENME SAQUENME SAQUENME SAQUENME SAQUENME SAQUENME SAQUENME SAQUENME SAQUENME SAQUENME...;1;15;0xC036;0xC065;texto;;;;;;;;;;;;;
H3;161V;PONIENDO AUN MAS FUERZA, ALZANDO LA VOZ, SEGUI GOLPEANDO LA PUERTA. PERO LAS VOCES DE LAS DOS SE IBAN ALEJANDO. QUE SERIA DE MI DE AHORA EN MAS... EN LA OSCURIDAD, NO PUDE HACER OTRA COSA MAS QUE LLORAR DESCONSOLADAMENTE.;0;16;0x79F2;0x7A62;texto;;;;;;;;;;;;;
H3;118AE;Y A MI LADO HABIA ALGUIEN IDENTICO A MAMI Y EMIKO...;10;6;0x2350;0x2376;texto;;;;;;;;;;;;;
H1;300;@@@@@@@@@@@@@@@@@@@@@@@@@@@@@@@@@@@@@@@@@@@@@@@@@@@@@@@@@@@@@@@@@@@@@@@@@@@@@@@@@@@@@@@@@@@@@@@@@@@@@@@@@@@@@@@@@CONTINUAR @@@@@@@@@@@@@@@REINICIAR @@@@@@@@@@@@@@@REINICIAR @TODAS LAS @HISTORIAS;2;14;0x03A;0x03A;texto;no;;;;;;;;;;;;
H2;300;@@@@@@@@@@@@@@@@@@@@@@@@@@@@@@@@@@@@@@@@@@@@@@@@@@@@@@@@@@@@@@@@@@@@@@@@@@@@@@@@@@@@@@@@@@@@@@@@@@@@@@@@@@@@@@@@@CONTINUAR @@@@@@@@@@@@@@@REINICIAR @@@@@@@@@@@@@@@REINICIAR @TODAS LAS @HISTORIAS;2;14;0x03A;0x03A;texto;no;;;;;;;;;;;;
H3;300;@@@@@@@@@@@@@@@@@@@@@@@@@@@@@@@@@@@@@@@@@@@@@@@@@@@@@@@@@@@@@@@@@@@@@@@@@@@@@@@@@@@@@@@@@@@@@@@@@@@@@@@@@@@@@@@@@CONTINUAR @@@@@@@@@@@@@@@REINICIAR @@@@@@@@@@@@@@@REINICIAR @TODAS LAS @HISTORIAS;2;14;0x03A;0x03A;texto;no;;;;;;;;;;;;
H4;300;@@@@@@@@@@@@@@@@@@@@@@@@@@@@@@@@@@@@@@@@@@@@@@@@@@@@@@@@@@@@@@@@@@@@@@@@@@@@@@@@@@@@@@@@@@@@@@@@@@@@@@@@@@@@@@@@@CONTINUAR @@@@@@@@@@@@@@@REINICIAR @@@@@@@@@@@@@@@REINICIAR @TODAS LAS @HISTORIAS;2;14;0x03A;0x03A;texto;no;;;;;;;;;;;;
H5;300;@@@@@@@@@@@@@@@@@@@@@@@@@@@@@@@@@@@@@@@@@@@@@@@@@@@@@@@@@@@@@@@@@@@@@@@@@@@@@@@@@@@@@@@@@@@@@@@@@@@@@@@@@@@@@@@@@CONTINUAR @@@@@@@@@@@@@@@REINICIAR @@@@@@@@@@@@@@@REINICIAR @TODAS LAS @HISTORIAS;2;14;0x03A;0x03A;texto;no;;;;;;;;;;;;
H1;301;@@@@@@@@@@@@@@@@@@@@@@@@@@@@@@@@@@@@@@@@@@@@@@@@@@@@@@@@@@@@@@@@@@@@@@@@@@@@@@@@@@@@@@@@@@@@@@@@@@@@@@@@@@@@@@@@@@@@@@@@@@@@@@@@COMENZAR @@HISTORIA;2;14;0x069;0x069;texto;no;;;;;;;;;;;;
H2;301;@@@@@@@@@@@@@@@@@@@@@@@@@@@@@@@@@@@@@@@@@@@@@@@@@@@@@@@@@@@@@@@@@@@@@@@@@@@@@@@@@@@@@@@@@@@@@@@@@@@@@@@@@@@@@@@@@@@@@@@@@@@@@@@@COMENZAR @@HISTORIA;2;14;0x069;0x069;texto;no;;;;;;;;;;;;
H3;301;@@@@@@@@@@@@@@@@@@@@@@@@@@@@@@@@@@@@@@@@@@@@@@@@@@@@@@@@@@@@@@@@@@@@@@@@@@@@@@@@@@@@@@@@@@@@@@@@@@@@@@@@@@@@@@@@@@@@@@@@@@@@@@@@COMENZAR @@HISTORIA;2;14;0x069;0x069;texto;no;;;;;;;;;;;;
H4;301;@@@@@@@@@@@@@@@@@@@@@@@@@@@@@@@@@@@@@@@@@@@@@@@@@@@@@@@@@@@@@@@@@@@@@@@@@@@@@@@@@@@@@@@@@@@@@@@@@@@@@@@@@@@@@@@@@@@@@@@@@@@@@@@@COMENZAR @@HISTORIA;2;14;0x069;0x069;texto;no;;;;;;;;;;;;
H5;301;@@@@@@@@@@@@@@@@@@@@@@@@@@@@@@@@@@@@@@@@@@@@@@@@@@@@@@@@@@@@@@@@@@@@@@@@@@@@@@@@@@@@@@@@@@@@@@@@@@@@@@@@@@@@@@@@@@@@@@@@@@@@@@@@COMENZAR @@HISTORIA;2;14;0x069;0x069;texto;no;;;;;;;;;;;;
H1C;304;@@@@@@@@@@@@@@@@@@@@@@@@@@@@@@@@@@@@@@@@@@@@@@@@@@@@@@@@@@@@@@@@@@@@@@@@@@@@@@@@@@@@@@@@@@@@@@@@@@@@@@@@@@@@@@@@@@@@@@@@@@@@@@@@@@RELEER DESDE @@EL PRINCIPIO @@@@@@@@@@@@@@@@@@@@@@@@@@@@@@@@@@@@SI @NO;0;16;0x060;0x060;texto;no;;;;;;;;;;;;
H2C;304;@@@@@@@@@@@@@@@@@@@@@@@@@@@@@@@@@@@@@@@@@@@@@@@@@@@@@@@@@@@@@@@@@@@@@@@@@@@@@@@@@@@@@@@@@@@@@@@@@@@@@@@@@@@@@@@@@@@@@@@@@@@@@@@@@@RELEER DESDE @@EL PRINCIPIO @@@@@@@@@@@@@@@@@@@@@@@@@@@@@@@@@@@@SI @NO;0;16;0x060;0x060;texto;no;;;;;;;;;;;;
H3C;304;@@@@@@@@@@@@@@@@@@@@@@@@@@@@@@@@@@@@@@@@@@@@@@@@@@@@@@@@@@@@@@@@@@@@@@@@@@@@@@@@@@@@@@@@@@@@@@@@@@@@@@@@@@@@@@@@@@@@@@@@@@@@@@@@@@RELEER DESDE @@EL PRINCIPIO @@@@@@@@@@@@@@@@@@@@@@@@@@@@@@@@@@@@SI @NO;0;16;0x060;0x060;texto;no;;;;;;;;;;;;
H4C;304;@@@@@@@@@@@@@@@@@@@@@@@@@@@@@@@@@@@@@@@@@@@@@@@@@@@@@@@@@@@@@@@@@@@@@@@@@@@@@@@@@@@@@@@@@@@@@@@@@@@@@@@@@@@@@@@@@@@@@@@@@@@@@@@@@@RELEER DESDE @@EL PRINCIPIO @@@@@@@@@@@@@@@@@@@@@@@@@@@@@@@@@@@@SI @NO;0;16;0x060;0x060;texto;no;;;;;;;;;;;;
H5C;304;@@@@@@@@@@@@@@@@@@@@@@@@@@@@@@@@@@@@@@@@@@@@@@@@@@@@@@@@@@@@@@@@@@@@@@@@@@@@@@@@@@@@@@@@@@@@@@@@@@@@@@@@@@@@@@@@@@@@@@@@@@@@@@@@@@RELEER DESDE @@EL PRINCIPIO @@@@@@@@@@@@@@@@@@@@@@@@@@@@@@@@@@@@SI @NO;0;16;0x060;0x060;texto;no;;;;;;;;;;;;
H1;305;@@@@@@@@@@@@@@@@@@@@@@@@@@@@@@@@@@@@@@@@@@@@@@@@@@@@@@@@@@@@@@@@@@@@@@@@@@@@@@@@@@@@@@@@@@@@@@@@@@@@@@@@@@@@@@@@@@@@@@@@@@@@@@@@@@RELEER TODAS @@LAS HISTORIAS @@DESDE EL @@INICIO@@@@@@@@@@@@@@@@@@@@@@@@@@@@SI @NO;0;16;0x056;0x056;texto;no;;;;;;;;;;;;
H2;305;@@@@@@@@@@@@@@@@@@@@@@@@@@@@@@@@@@@@@@@@@@@@@@@@@@@@@@@@@@@@@@@@@@@@@@@@@@@@@@@@@@@@@@@@@@@@@@@@@@@@@@@@@@@@@@@@@@@@@@@@@@@@@@@@@@RELEER TODAS @@LAS HISTORIAS @@DESDE EL @@INICIO@@@@@@@@@@@@@@@@@@@@@@@@@@@@SI @NO;0;16;0x056;0x056;texto;no;;;;;;;;;;;;
H3;305;@@@@@@@@@@@@@@@@@@@@@@@@@@@@@@@@@@@@@@@@@@@@@@@@@@@@@@@@@@@@@@@@@@@@@@@@@@@@@@@@@@@@@@@@@@@@@@@@@@@@@@@@@@@@@@@@@@@@@@@@@@@@@@@@@@RELEER TODAS @@LAS HISTORIAS @@DESDE EL @@INICIO@@@@@@@@@@@@@@@@@@@@@@@@@@@@SI @NO;0;16;0x056;0x056;texto;no;;;;;;;;;;;;
H4;305;@@@@@@@@@@@@@@@@@@@@@@@@@@@@@@@@@@@@@@@@@@@@@@@@@@@@@@@@@@@@@@@@@@@@@@@@@@@@@@@@@@@@@@@@@@@@@@@@@@@@@@@@@@@@@@@@@@@@@@@@@@@@@@@@@@RELEER TODAS @@LAS HISTORIAS @@DESDE EL @@INICIO@@@@@@@@@@@@@@@@@@@@@@@@@@@@SI @NO;0;16;0x056;0x056;texto;no;;;;;;;;;;;;
H5;305;@@@@@@@@@@@@@@@@@@@@@@@@@@@@@@@@@@@@@@@@@@@@@@@@@@@@@@@@@@@@@@@@@@@@@@@@@@@@@@@@@@@@@@@@@@@@@@@@@@@@@@@@@@@@@@@@@@@@@@@@@@@@@@@@@@RELEER TODAS @@LAS HISTORIAS @@DESDE EL @@INICIO@@@@@@@@@@@@@@@@@@@@@@@@@@@@SI @NO;0;16;0x056;0x056;texto;no;;;;;;;;;;;;
H6;1456;@@@@@@@@@@@@@@@@@@@@@@@@@@@@@@@@@@@@@@@@@@@@@@@@@@@@@@@@@@@@@@@@@@@@@@@@@@@@@@@@@@@@@@@@@@@@@@@@@@@@@@@@@@@@@@@@@@@@@@@@@@@@@@@@CONTINUAR        @@@@@@@@@@@@@@@@ENTRAR EN @@@MANSION;2;14;0x0B4;0x0B4;texto;no;;;;;;;;;;;;
H6;1457;@@@@@@@@@@@@@@@@@@@@@@@@@@@@@@@@@@@@@@@@@@@@@@@@@@@@@@@@@@@@@@@@@@@@@@@@@@@@@@@@@@@@@@@@@@@@@@@@@@@@@@@@@@@@@@@@@@@@@@@@@@@@@@@@@@@@@ENTRAR @@@@@MANSION;0;16;0x0A4;0x0A4;texto;no;;;;;;;;;;;;
H6;1458;@@@@@@@@@@@@@@@@@@@@@@@@@@@@@@@@@@@@@@@@@@@@@@@@@@@@@@@@@@@@@@@@@@@@@@@@@@@@@@@@@@@@@@@@@@@@@@@@@@@@@@@@@@@@@@@@@@@@@@@@@@@@@@@@@@ENTRAR A LA @@@@MANSION                          @@@@@@@@@@@@@@@@@@@@@@@@@@@@@@@@@@@@SI @NO;0;16;0x064;0x064;texto;no;;;;;;;;;;;;
H6;37S;ACASO HABIA CAIDO EN LA TRAMPA DE UN MONSTRUO TERRIBLE? QUIEN ME GUIABA NO SERIA UN HABITANTE DEL REINO DE LOS MUERTOS?;5;11;0x15AC;0x15FC;texto;;;;;;;;;;;;;
H6;38S;SIN QUERER, ABRI LOS OJOS.;12;4;0x15FE;0x160F;texto;;;;;;;;;;;;;
H6;39S;ALLI HABIA UN MONSTRUO DEFORME CON EXPRESION DE FURIA. ME VISTE, VERDAD?;8;8;0x1629;0x1652;texto;;;;;;;;;;;;;
H6;40S;GRITE, ME SOLTE DESESPERADO DE LA MANO DEL MONSTRUO Y HUI SIN MIRAR ATRAS.;8;8;0x1661;0x1696;texto;;;;;;;;;;;;;
H6;41T;LA SIGUIENTE HABITACION PARECIA UN COMEDOR. HABIA UNA GRAN MESA RODEADA DE SILLAS.;6;10;0x1ADF;0x1B1E;texto;;;;;;;;;;;;;
H6;42T;AL VERLA, DE PRONTO ME DIO HAMBRE.;12;4;0x1B26;0x1B3C;texto;;;;;;;;;;;;;
H6;43T;AL FONDO DE LA HABITACION PARECIA HABER UNA COCINA. DECIDI IR A BUSCAR COMIDA.;6;10;0x1B3E;0x1B7E;texto;;;;;;;;;;;;;
H6;44T;QUIZA QUEDARA AL MENOS UNA LATA. PERO EN LOS ESTANTES NO HABIA NADA QUE PARECIERA COMIDA. IBA A RENDIRME, PENSANDO QUE ESPERABA DEMASIADO, PERO AUN QUEDABA EL ARMARIO DE ARRIBA.;3;13;0x1B87;0x1BEC;texto;;;;;;;;;;;;;
H6;45T;EL ARMARIO ESTABA MUY ALTO. ASI NO LO ALCANZABA.;8;8;0x1BEE;0x1C1D;texto;;;;;;;;;;;;;
H6;20V;EN EL AGUJERO GEMIAN MUCHAS FIGURAS PEQUEÑAS, COMO LOS DEMONIOS HAMBRIENTOS DEL INFIERNO. VERLAS RETORCERSE ME REVOLVIO EL ESTOMAGO.;5;11;0x346F;0x34BA;texto;;;;;;;;;;;;;
H6;21V;QUE COSA HABRIA SALIDO DE AQUI?;12;4;0x34C3;0x34DD;texto;;;;;;;;;;;;;
H6;22V;AL VERME, LOS DEMONIOS DEBIERON PENSAR QUE LLEGABA COMIDA. SALTABAN CON FURIA Y SALPICABAN BABA. ALGUNOS INTENTABAN TREPAR POR EL AGUJERO, PERO SE QUEDABAN SIN FUERZAS A MEDIO CAMINO Y CAIAN.;0;16;0x34DF;0x354D;texto;;;;;;;;;;;;;
H6;23V;QUE ERA ESTE LUGAR? CUANDO LEVANTE LA VISTA, LA PUERTA POR LA QUE HABIA ENTRADO YA NO ESTABA.;6;10;0x354F;0x3585;texto;;;;;;;;;;;;;
H6;24V;ABRI LA PUERTA DE ENFRENTE.;12;4;0x3587;0x359A;texto;;;;;;;;;;;;;
H6;20W;DECIDI ABRIR LA SIGUIENTE PUERTA SIN MIRAR DENTRO DEL AGUJERO.;10;6;0x35AC;0x35D4;texto;;;;;;;;;;;;;
H6;21W;SEGURO QUE EN EL AGUJERO SE ESCONDIA ALGO TERRIBLE. SI VOLVIA... MEJOR IRME DE AHI CUANTO ANTES.;3;13;0x35D6;0x362A;texto;;;;;;;;;;;;;
H6;22W;CUIDANDO DONDE PISABA, ME PARE FRENTE A LA SIGUIENTE PUERTA. MI SOMBRA CAYO SOBRE ELLA. Y LUEGO OTRA MAS. LA SOMBRA DE ALGO DEFORME...;3;13;0x362C;0x3693;texto;;;;;;;;;;;;;
H6;23W;ABRI LA PUERTA CON CUIDADO Y ESCAPE A LA SIGUIENTE HABITACION.;10;6;0x369C;0x36C0;texto;;;;;;;;;;;;;
H6;24Y;NUNCA IMAGINE QUE HABRIA UN PERRO SALVAJE ADENTRO. CORRI ASUSTADO HACIA LA PUERTA POR LA QUE ACABABA DE ENTRAR. PERO ERA PESADA Y NO SE MOVIA NI EMBISTIENDOLA.;3;13;0x399C;0x39F2;texto;;;;;;;;;;;;;
H6;25Y;HACE UN RATO SE HABIA ABIERTO TAN FACIL... EL PERRO SE ME ACERCABA ARRASTRANDOSE.;8;8;0x39FA;0x3A3D;texto;;;;;;;;;;;;;
H6;26Y;SUS OJOS ARDIAN DE RENCOR HACIA LOS HUMANOS.;12;4;0x3A42;0x3A5B;texto;;;;;;;;;;;;;
H6;27Y;SERIA POR HABER SIDO ABANDONADO Y TENER QUE SOBREVIVIR SOLO. EL PERRO MOSTRO LOS COLMILLOS.;8;8;0x3A5D;0x3A9A;texto;;;;;;;;;;;;;
H6;28Y;PERO EL PERRO ME OLFATEO, SACUDIO LA CABEZA Y VOLVIO A SU RINCON.;8;8;0x3AA9;0x3AE2;texto;;;;;;;;;;;;;
H6;29Y;SIN PROVOCAR AL PERRO, ABRI LA SIGUIENTE PUERTA.;10;6;0x3AE4;0x3B07;texto;;;;;;;;;;;;;
H6;24Z;TOME LA ESPADA QUE SOSTENIA LA ARMADURA Y ME ENFRENTE AL PERRO. EL PERRO SE ME LANZO ENCIMA!;6;10;0x3B26;0x3B81;texto;;;;;;;;;;;;;
H6;25Z;LA ESPADA TEMBLO EN MIS MANOS Y DESGARRO AL PERRO. CON UN GEMIDO CORTO, CAYO AL SUELO.;8;8;0x3B98;0x3BE8;texto;;;;;;;;;;;;;
H6;26Z;PERO QUE ES ESTO... MIRE LA ESPADA Y LUEGO EL CADAVER DEL PERRO.;10;6;0x3BF0;0x3C15;texto;;;;;;;;;;;;;
H6;27Z;EL CADAVER DEL PERRO SE FUE CONVIRTIENDO EN UNA PERSONA. QUE... SIGNIFICA ESTO? YO... MATE A UNA PERSONA?;6;10;0x3C24;0x3C60;texto;;;;;;;;;;;;;
H6;28Z;ME ALEJE TAMBALEANDOME Y HUI A LA SIGUIENTE HABITACION.;10;6;0x3C68;0x3C94;texto;;;;;;;;;;;;;
H6;48AA;SEGURO QUE YA ESTA SECO, PENSE. TIRE UNA PIEDRA QUE TENIA CERCA HACIA ADENTRO. PERO NI SIQUIERA LLEGUE A OIR EL SONIDO DE QUE CAYERA AL FONDO.;4;12;0x566F;0x56BE;texto;;;;;;;;;;;;;
H6;49AA;SIN DESANIMARME, ME PUSE A PENSAR BAJO LA SOMBRA QUE HACER. MIENTRAS SEGUIA DANDOLE VUELTAS, NOTE QUE EL CADAVER DEL VIAJERO SUJETABA ALGO CON FUERZA EN LA MANO.;3;13;0x56C7;0x5722;texto;;;;;;;;;;;;;
H6;50AA;PARECIA SER UN OJO HECHO DE CRISTAL. ACASO HABRIA MUERTO EL VIAJERO JUSTO CUANDO INTENTABA ARROJARLO AL POZO? EN SU LUGAR, LO ARROJE YO.;3;13;0x5738;0x5797;texto;;;;;;;;;;;;;
H6;51AA;ENTONCES, COMO POR MAGIA, EL AGUA BROTO COMO UNA FUENTE, HIZO VOLAR EL TECHO DEL COBERTIZO Y SE EXTENDIO COMO SI QUISIERA CUBRIR EL CIELO SECO.;5;11;0x57A0;0x5802;texto;;;;;;;;;;;;;
H6;52AA;MIRE AL CIELO MIENTRAS LAS GOTAS ME GOLPEABAN HASTA DOLER. EN UN INSTANTE, LAS NUBES DE LLUVIA SE EXTENDIERON Y EMPAPARON LA TIERRA.;5;11;0x5804;0x584B;texto;;;;;;;;;;;;;
H6;53AA;BAJO LA LLUVIA, SENTI UNA FRESCURA COMO SI VOLVIERA A LA VIDA. LA LLUVIA CAIA SOBRE LA TIERRA, Y LA TIERRA HACIA CRECER LAS PLANTAS.;3;13;0x584D;0x58AC;texto;;;;;;;;;;;;;
H6;54AA;LOS ARBOLES CRECIERON RAPIDO ANTE MIS OJOS HASTA VOLVERSE ENORMES. NOTE QUE EN EL TRONCO DE UNO HABIA UNA PUERTA, Y LA ABRI.;5;11;0x58BC;0x5906;texto;;;;;;;;;;;;;
H6;48AB;NO SE HABIA SECADO. ARROJE ADENTRO EL CUBO DEL POZO QUE HABIA EN EL COBERTIZO. PASO MUCHO TIEMPO HASTA QUE OI EL CUBO TOCAR EL AGUA. PERO SIN DUDA HABIA AGUA.;3;13;0x592F;0x59A0;texto;;;;;;;;;;;;;
H6;49AB;ME DI CUENTA DE QUE HABIA UNA ESCALERA INSTALADA HACIA EL FONDO DEL POZO, Y ME DECIDI A BAJAR.;5;11;0x59A2;0x59EB;texto;;;;;;;;;;;;;
H6;50AB;BAJE LENTAMENTE. CUANTO HABRIA BAJADO? AL AGUZAR EL OIDO, ESCUCHE CORRER UNA VETA DE AGUA. ESTABA CERCA. ALIVIADO, BAJE LA GUARDIA.;3;13;0x59F3;0x5A43;texto;;;;;;;;;;;;;
H6;51AB;RESBALE DE LA ESCALERA Y CAI AL FONDO DEL POZO. PLAF! CHOQUE CONTRA EL AGUA Y ME HUNDI MAS Y MAS.;3;13;0x5A45;0x5AAC;texto;;;;;;;;;;;;;
H6;52AB;EN EL FONDO, ADONDE APENAS LLEGABA LA LUZ, ENCONTRE UNA PUERTA. ABRI LA SIGUIENTE PUERTA.;8;8;0x5AB5;0x5AE6;texto;;;;;;;;;;;;;
H6;47AC;TRAJE UNA SILLA DEL COMEDOR. AL REVISAR EL ARMARIO DE ARRIBA, ENCONTRE UN LIBRO GRANDE.;8;8;0x5AEC;0x5B1C;texto;;;;;;;;;;;;;
H6;48AC;ERA UN RECETARIO, AL PARECER ESCRITO POR EL DUEÑO DE ESTA COCINA.;10;6;0x5B32;0x5B57;texto;;;;;;;;;;;;;
H6;49AC;MIRE LAS RECETAS ILUSTRADAS Y SUSPIRE. OJALA PUDIERA COMER ESTO. ENTONCES, SOBRE LA PAGINA ABIERTA APARECIO EL PLATO TAL CUAL LA RECETA.;1;15;0x5B59;0x5BCA;texto;;;;;;;;;;;;;
H6;50AC;SORPRENDIDO, CERRE EL RECETARIO Y EL PLATO DESAPARECIO. AL DARME VUELTA, VI LA MESA LLENA DE COMIDA. SERIA EL MENU CON QUE SE ATENDIA A LOS INVITADOS DE ESTA MANSION.;1;15;0x5BD2;0x5C3D;texto;;;;;;;;;;;;;
H6;51AC;POR EL OLOR Y EL ASPECTO, NO PARECIA UNA ILUSION. SENTI QUE VEIA EL CORAZON DEL DUEÑO DEL RECETARIO, QUE AUN EN ESTA RUINA QUERIA ATENDER A SUS INVITADOS.;3;13;0x5C3F;0x5C99;texto;;;;;;;;;;;;;
H6;52AC;QUIZAS DE VERDAD SE PODIA COMER. PERO, SIN SIQUIERA SENTARME, ABRI LA SIGUIENTE PUERTA.;6;10;0x5CA2;0x5CDC;texto;;;;;;;;;;;;;
H6;47AD;ERA IMPOSIBLE ENCONTRAR COMIDA EN UN LUGAR ASI. CUANDO IBA A RENDIRME, SONO UN PITIDO ELECTRONICO. ERA EL MICROONDAS DE LA COCINA.;3;13;0x5CFE;0x5D5F;texto;;;;;;;;;;;;;
H6;48AD;ME PARECIO RARO, PERO ABRI EL MICROONDAS CON MIEDO. PARA MI SORPRESA, POR DENTRO ESTABA CALIENTE, Y HABIA UN POLLO ASADO.;3;13;0x5D67;0x5DCC;texto;;;;;;;;;;;;;
H6;49AD;SIN AGUANTAR EL HAMBRE, LO SAQUE.;10;6;0x5DCE;0x5DED;texto;;;;;;;;;;;;;
H6;50AD;EL AROMA, EL COLOR, EL BRILLO... NO HABIA DUDA DE QUE ERA UN POLLO ASADO DE VERDAD. AL PENSARLO, ME DIO MAS HAMBRE. ME LO VOY A COMER.;3;13;0x5DF5;0x5E49;texto;;;;;;;;;;;;;
H6;51AD;TOME UN CUCHILLO E INTENTE CORTARLE EL VIENTRE AL POLLO.;10;6;0x5E52;0x5E7F;texto;;;;;;;;;;;;;
H6;52AD;KIEEE! KIEEE!;10;6;0x5E8B;0x5E98;texto;;;;;;;;;;;;;
H6;53AD;DE PRONTO, EL POLLO SE ECHO A REIR. DE SU VIENTRE BROTO SANGRE ROJA COMO UNA FUENTE Y EMPAPO TODO A SU ALREDEDOR.;5;11;0x5EAC;0x5EF8;texto;;;;;;;;;;;;;
H6;54AD;CONFUNDIDO POR LO QUE PASO, SALI CORRIENDO DE LA HABITACION.;10;6;0x5EFA;0x5F1F;texto;;;;;;;;;;;;;
H6;47AE;TRAJE UNA SILLA DEL COMEDOR Y REVISE EL ARMARIO DE ARRIBA.;10;6;0x5F2B;0x5F4F;texto;;;;;;;;;;;;;
H6;48AE;ENCONTRE VARIAS LATAS Y LAS LLEVE AL COMEDOR.;10;6;0x5F51;0x5F82;texto;;;;;;;;;;;;;
H6;49AE;BUSCANDO EN EL COMEDOR, ENCONTRE ENSEGUIDA UN ABRELATAS. CON LAS MANOS TEMBLANDO DE EMOCION, ABRI UNA LATA.;8;8;0x5F8B;0x5FC4;texto;;;;;;;;;;;;;
H6;50AE;ALGO NEGRO SE RETORCIA.;13;3;0x5FD4;0x5FDD;texto;;;;;;;;;;;;;
H6;51AE;GRITE Y SALTE HACIA ATRAS. DE LA LATA SALIAN ARRASTRANDOSE MONTONES DE COSAS NEGRAS. LOS BICHOS YA HABIAN ANIDADO ADENTRO.;3;13;0x5FE5;0x603E;texto;;;;;;;;;;;;;
H6;52AE;CONTENIENDO LAS NAUSEAS, FUI A LA SIGUIENTE HABITACION.;10;6;0x6040;0x6062;texto;;;;;;;;;;;;;
H6;47AF;SI NO LA HABIA ENCONTRADO BUSCANDO TANTO, SEGURO TAMPOCO HABRIA COMIDA EN EL ARMARIO DE ARRIBA.;8;8;0x607D;0x60AB;texto;;;;;;;;;;;;;
H6;48AF;DE PRONTO ME DIO MIEDO. POR UN DIA SIN COMER NO ME IBA A MORIR. PERO Y SI ESTO DURABA VARIOS DIAS?;5;11;0x60AD;0x60EF;texto;;;;;;;;;;;;;
H6;49AF;MORIR DE HAMBRE. AL PENSARLO, SE ME APRETO EL ESTOMAGO VACIO. ME DEJE CAER EN UNA SILLA.;8;8;0x60F7;0x6136;texto;;;;;;;;;;;;;
H6;50AF;AL RATO, YA MAS CALMADO, ME LEVANTE. DE PRONTO ME MIRE LA PALMA. ERA UNA MANO BLANCA, DELGADA, SOLO DE HUESOS.;3;13;0x6138;0x618D;texto;;;;;;;;;;;;;
H6;51AF;...!? AL INSTANTE SIGUIENTE, MI MANO HABIA VUELTO A LA NORMALIDAD. ERA DEMASIADO REAL PARA SER UNA ILUSION.;6;10;0x619F;0x61D8;texto;;;;;;;;;;;;;
H6;52AF;...O SEA QUE ESTO TAMBIEN PODIA PASAR. TRAGUE SALIVA Y ABRI LA SIGUIENTE PUERTA.;8;8;0x61DA;0x6209;texto;;;;;;;;;;;;;
H6;80AG;ESPERE LA ENTRADA DEL PROTAGONISTA. BASTA CON QUE YO SEA EL PROTAGONISTA DE MI PROPIA VIDA.;6;10;0x7019;0x704E;texto;;;;;;;;;;;;;
H6;81AG;SI ME TOCA O NO LA LUZ DEL REFLECTOR, LO DECIDO YO.;10;6;0x7056;0x7081;texto;;;;;;;;;;;;;
H6;82AG;EN LOS BASTIDORES, CERRE LOS OJOS Y ESPERE LA ENTRADA DEL PROTAGONISTA.;10;6;0x708A;0x70AE;texto;;;;;;;;;;;;;
H6;19S;2.@@1.@UNA@ NO@@MI@LUZ@ MIR@RA@EXTR AR@@R@@AÑA@ DEN@DE@SE@@ TRO@NT@FILT DEL@RO@RABA AGU@DE@DESD JER@L@@E@@@ O@@@AG@EL@@ @@@@UJ@FOND @@@@ER@O@@@ @@@@O@@DEL@ @@@@@@@AGUJ @@@@@@@ERO@;5;11;0x0AB3;0x0AF2;pregunta;si;3;1;2;1;4;0;1. MIRAR DENTRO DEL AGUJERO;2. NO MIRAR DENTRO DEL AGUJERO;UNA LUZ EXTRAÑA SE FILTRABA DESDE EL FONDO DEL AGUJERO;;;
H6;23S;2.@@1.@CREI TOM@ES@HABE AR@@CA@R@@@ LA@@PA@ESCA ESP@R@@PADO ADA@AF@...@ DE@@UE@PERO LA@@RA@ESTO ARM@@@@ERA@ ADU@@@@SU@@ RA@@@@@NIDO @@@@@@@?@@@;5;11;0x0B45;0x0B84;pregunta;;3;1;2;1;4;0;1. ESCAPAR AFUERA;2. TOMAR LA ESPADA DE LA ARMADURA;CREI HABER ESCAPADO... PERO ESTO ERA SU NIDO?;;;
H6;47T;2.@@1.@@MI@@@ EL@@SEG@GARGA AGU@URO@NTA@@ A@@@QUE@YA@@@ NO@@YA@@ESTAB SE@@SE@@A@@@@ HA@@SEC@COMPL SEC@O@@@ETAME ADO@@@@@NTE@@ @@@@@@@@RESEC @@@@@@@@A@@@@;3;13;0x1C85;0x1CC6;pregunta;;3;1;3;1;5;0;1. SEGURO QUE YA SE SECO;2. EL AGUA NO SE HA SECADO;MI GARGANTA YA ESTABA COMPLETAMENTE RESECA;;;
H6;46T;2.@@1.@CON@ REN@TR@UNA@ DIR@AE@SILL ME@@R@@A@@@ @@@@UN@PODR @@@@A@@IA@@ @@@@SI@ALCA @@@@LL@NZAR @@@@A@@LO.. @@@@@@@.@@@;5;11;0x1CE7;0x1D1E;pregunta;;3;1;2;1;4;0;1. TRAER UNA SILLA;2. RENDIRME;CON UNA SILLA PODRIA ALCANZARLO...;;;
H6;46U;2.@@1.@CON@ REN@TR@UNA@ DIR@AE@SILL ME@@R@@A@@@ @@@@UN@PODR @@@@A@@IA@@ @@@@SI@ALCA @@@@LL@NZAR @@@@A@@LO.. @@@@@@@.@@@;5;11;0x1D28;0x1D5F;pregunta;;3;1;2;1;4;0;1. TRAER UNA SILLA;2. RENDIRME;CON UNA SILLA PODRIA ALCANZARLO...;;;
H1B;307;@@@@@@@@@@@@@@@@@@@@@@@@@@@@@@@@@@@@@@@@@@@@@@@@@@@@@@@@@@@@@@@@@@@@@@@@@@@@@@@@@@@@@@@@@@@@@@@@@@@@@@@@@@@@@@@@@@@@@@@@@@@@@@@@EMPEZAR HISTORIA @@@@@@@@@@@@@@@@RELEER HISTORIAS DESDE EL INICIO;0;16;0x069;0x069;texto;no;;;;;;;;;;;;
H2B;307;@@@@@@@@@@@@@@@@@@@@@@@@@@@@@@@@@@@@@@@@@@@@@@@@@@@@@@@@@@@@@@@@@@@@@@@@@@@@@@@@@@@@@@@@@@@@@@@@@@@@@@@@@@@@@@@@@@@@@@@@@@@@@@@@EMPEZAR HISTORIA @@@@@@@@@@@@@@@@RELEER HISTORIAS DESDE EL INICIO;0;16;0x069;0x069;texto;no;;;;;;;;;;;;
H3B;307;@@@@@@@@@@@@@@@@@@@@@@@@@@@@@@@@@@@@@@@@@@@@@@@@@@@@@@@@@@@@@@@@@@@@@@@@@@@@@@@@@@@@@@@@@@@@@@@@@@@@@@@@@@@@@@@@@@@@@@@@@@@@@@@@EMPEZAR HISTORIA @@@@@@@@@@@@@@@@RELEER HISTORIAS DESDE EL INICIO;0;16;0x069;0x069;texto;no;;;;;;;;;;;;
H4B;307;@@@@@@@@@@@@@@@@@@@@@@@@@@@@@@@@@@@@@@@@@@@@@@@@@@@@@@@@@@@@@@@@@@@@@@@@@@@@@@@@@@@@@@@@@@@@@@@@@@@@@@@@@@@@@@@@@@@@@@@@@@@@@@@@EMPEZAR HISTORIA @@@@@@@@@@@@@@@@RELEER HISTORIAS DESDE EL INICIO;0;16;0x069;0x069;texto;no;;;;;;;;;;;;
H5B;307;@@@@@@@@@@@@@@@@@@@@@@@@@@@@@@@@@@@@@@@@@@@@@@@@@@@@@@@@@@@@@@@@@@@@@@@@@@@@@@@@@@@@@@@@@@@@@@@@@@@@@@@@@@@@@@@@@@@@@@@@@@@@@@@@EMPEZAR HISTORIA @@@@@@@@@@@@@@@@RELEER HISTORIAS DESDE EL INICIO;0;16;0x069;0x069;texto;no;;;;;;;;;;;;
H1;198K;SIN DARME CUENTA, ME DI VUELTA. EN EL VIDRIO HABIA......;8;8;0x5822;0x584A;texto;;;;;;;;;;;;;